{"english-450k": {"sft": 0.0, "sfb": 0.029882166940205263, "dsfb": 0.0, "sfT": 3.6835621332151476e-05, "roll-out": 0.23420146512222118, "roll-in": 0.2238296066014111, "bad-redirect": 0.0011325491828631335, "redirect": 0.042401600653919985, "oneh-out": 0.011260298625797447, "oneh-in": 0.004508270766373872, "dsfb-red": 0.022037348981261192, "dsfb-alt": 0.050609804940767736, "alternate": 0.2571184838224383, "sfR": 0.11328269117541298, "unknown": 0.009698877565995693}, "shai": {"sft": 0.0, "sfb": 0.017266207182054433, "dsfb": 0.0, "sfT": 3.318101468495027e-05, "roll-out": 0.23418092318848613, "roll-in": 0.23501362616123875, "bad-redirect": 0.0010165783542588275, "redirect": 0.03880089471466262, "oneh-out": 0.011485507796087048, "oneh-in": 0.00876731969236133, "dsfb-red": 0.01854831106196896, "dsfb-alt": 0.04708029519143506, "alternate": 0.2231021721353479, "sfR": 0.09728563198976478, "unknown": 0.06741935151764922}, "tr-quotes": {"sft": 0.0, "sfb": 0.018992857307967917, "dsfb": 0.0, "sfT": 4.391946556945054e-05, "roll-out": 0.24164143223688772, "roll-in": 0.23618848385381752, "bad-redirect": 0.0025403943505697972, "redirect": 0.03941772034858186, "oneh-out": 0.012919257529876795, "oneh-in": 0.010032130556390283, "dsfb-red": 0.01852592404244007, "dsfb-alt": 0.05171170338179885, "alternate": 0.22579459559418413, "sfR": 0.09591664547745082, "unknown": 0.04627493585446476}, "gutenberg": {"sft": 0.0, "sfb": 0.01691045285619513, "dsfb": 0.0, "sfT": 0.00011252544609519653, "roll-out": 0.24502624267684775, "roll-in": 0.22407472447367832, "bad-redirect": 0.0014067575129678947, "redirect": 0.03715234088920866, "oneh-out": 0.012312253945305055, "oneh-in": 0.00976148773036933, "dsfb-red": 0.025176337224743627, "dsfb-alt": 0.044062047364498716, "alternate": 0.2062491025432645, "sfR": 0.09761014138424484, "unknown": 0.08014558595258095}, "english-200": {"sft": 0.0, "sfb": 0.0200445434298441, "dsfb": 0.0, "sfT": 0.0, "roll-out": 0.24276169265033407, "roll-in": 0.2583518930957684, "bad-redirect": 0.0, "redirect": 0.026726057906458798, "oneh-out": 0.013363028953229399, "oneh-in": 0.011135857461024499, "dsfb-red": 0.0334075723830735, "dsfb-alt": 0.0556792873051225, "alternate": 0.23162583518930957, "sfR": 0.10690423162583519, "unknown": 0.0}, "monkeyracer": {"sft": 0.0, "sfb": 0.0190206766035316, "dsfb": 0.0, "sfT": 4.203356428984782e-05, "roll-out": 0.24126679387522093, "roll-in": 0.236838606753523, "bad-redirect": 0.0025630698969297903, "redirect": 0.03947929211567637, "oneh-out": 0.013000101662574096, "oneh-in": 0.010143774340366299, "dsfb-red": 0.01848890313902748, "dsfb-alt": 0.051562475561881226, "alternate": 0.225383971722164, "sfR": 0.09605353707555875, "unknown": 0.046156763689256614}, "chained-bigrams": {"sft": 0.0, "sfb": 0.0171526820504263, "dsfb": 0.0, "sfT": 4.155550029251176e-05, "roll-out": 0.2106104178340624, "roll-in": 0.19530241041380839, "bad-redirect": 0.002021285506415455, "redirect": 0.045576644250504346, "oneh-out": 0.00957724420803982, "oneh-in": 0.005696350063534464, "dsfb-red": 0.030569914207371037, "dsfb-alt": 0.049260149768620275, "alternate": 0.24427881403199384, "sfR": 0.11643721321023381, "unknown": 0.07347531895469736}, "english-5k": {"sft": 0.0, "sfb": 0.01779566101132451, "dsfb": 0.0, "sfT": 4.148172729912474e-05, "roll-out": 0.24706516779358692, "roll-in": 0.2507155597959099, "bad-redirect": 0.0011614883643754927, "redirect": 0.03799726220599826, "oneh-out": 0.011863774007549675, "oneh-in": 0.006139295640270461, "dsfb-red": 0.019040112830298255, "dsfb-alt": 0.04915584684946281, "alternate": 0.2495540714315344, "sfR": 0.10644211224955408, "unknown": 0.0030281660928361057}, "mt-quotes": {"sft": 0.0, "sfb": 0.01861530462222541, "dsfb": 0.0, "sfT": 3.585900240255316e-05, "roll-out": 0.2442192299876884, "roll-in": 0.24013279783889746, "bad-redirect": 0.002788037436798508, "redirect": 0.039483749895411244, "oneh-out": 0.013233466011642223, "oneh-in": 0.010405087197140842, "dsfb-red": 0.01858691624532339, "dsfb-alt": 0.05275755728475634, "alternate": 0.2268425550734512, "sfR": 0.09572710103871578, "unknown": 0.03717233836554667}, "english-1k": {"sft": 0.0, "sfb": 0.01799576570218772, "dsfb": 0.0, "sfT": 0.0, "roll-out": 0.2491178546224418, "roll-in": 0.2671136203246295, "bad-redirect": 0.0007057163020465773, "redirect": 0.03952011291460833, "oneh-out": 0.016937191249117856, "oneh-in": 0.008468595624558928, "dsfb-red": 0.024700070571630206, "dsfb-alt": 0.04551870148200424, "alternate": 0.22159491884262528, "sfR": 0.10832745236414962, "unknown": 0.0}, "english-10k": {"sft": 0.0, "sfb": 0.018370930703768742, "dsfb": 0.0, "sfT": 7.718878446961657e-05, "roll-out": 0.2469655159105382, "roll-in": 0.2506898747611972, "bad-redirect": 0.0008297794330483781, "redirect": 0.04083286698442716, "oneh-out": 0.012234422338434225, "oneh-in": 0.004959379402172864, "dsfb-red": 0.018120067154242487, "dsfb-alt": 0.049728874394550475, "alternate": 0.24399374770845797, "sfR": 0.10543987958549622, "unknown": 0.0077574728391964646}, "reddit": {"sft": 0.0, "sfb": 0.01891303456176793, "dsfb": 0.0, "sfT": 4.169010096083883e-05, "roll-out": 0.22594296696799282, "roll-in": 0.22279306071453386, "bad-redirect": 0.0014731251487761633, "redirect": 0.0375147980193269, "oneh-out": 0.011061286508570162, "oneh-in": 0.008803128892644618, "dsfb-red": 0.017593672094433136, "dsfb-alt": 0.04998706782807122, "alternate": 0.22313103895439879, "sfR": 0.1028716913164539, "unknown": 0.07987343889206965}, "akl": {"sft": 0.0, "sfb": 0.019906892670824294, "dsfb": 0.0, "sfT": 0.0002072369753884253, "roll-out": 0.2209137484045231, "roll-in": 0.21220384782994697, "bad-redirect": 0.0013725964692767002, "redirect": 0.033696918060916146, "oneh-out": 0.010994091918550974, "oneh-in": 0.007455636728017485, "dsfb-red": 0.017320054802253796, "dsfb-alt": 0.047583777948028066, "alternate": 0.21232187068140138, "sfR": 0.11706348985084018, "unknown": 0.09895983766003248}, "keymash": {"sft": 0.0, "sfb": 0.01885777852577654, "dsfb": 0.0, "sfT": 3.694384125641899e-05, "roll-out": 0.23937967185659223, "roll-in": 0.23870236810022455, "bad-redirect": 0.002635327342957888, "redirect": 0.03941497374934835, "oneh-out": 0.012786673945971685, "oneh-in": 0.010184185573019502, "dsfb-red": 0.01953508228214422, "dsfb-alt": 0.05138888318767882, "alternate": 0.22570634572046647, "sfR": 0.09899307508220005, "unknown": 0.0423786907923633}, "movie": {"sft": 0.0, "sfb": 0.016619491034831447, "dsfb": 0.0, "sfT": 1.7897306047486553e-05, "roll-out": 0.20578914683673669, "roll-in": 0.21121716288482992, "bad-redirect": 0.0040283414369089035, "redirect": 0.03867423599887826, "oneh-out": 0.011767741921899577, "oneh-in": 0.00981535638866053, "dsfb-red": 0.018972855182237344, "dsfb-alt": 0.05230356094539361, "alternate": 0.21317468073377377, "sfR": 0.1138359467128768, "unknown": 0.10378358261692566}}