{"english-450k": {"sft": 0.0, "sfb": 0.03247176958909572, "dsfb": 0.0, "sfT": 0.0001102145177954056, "roll-out": 0.1685355384812381, "roll-in": 0.2459382880557282, "bad-redirect": 0.0025834633786684332, "redirect": 0.0481011821895678, "oneh-out": 0.006467867352004121, "oneh-in": 0.010950119306484648, "dsfb-red": 0.026146567183203424, "dsfb-alt": 0.04807837918588599, "alternate": 0.2876350420189195, "sfR": 0.11328269117541298, "unknown": 0.009698877565995693}, "shai": {"sft": 0.0, "sfb": 0.020635475454951074, "dsfb": 0.0, "sfT": 7.59722544326244e-05, "roll-out": 0.20613195059624423, "roll-in": 0.21312651855489462, "bad-redirect": 0.001907596776475841, "redirect": 0.04295969542050134, "oneh-out": 0.008131473452246742, "oneh-in": 0.007515226962320486, "dsfb-red": 0.025857841277940868, "dsfb-alt": 0.05317836035859183, "alternate": 0.25577490538398634, "sfR": 0.09728563198976478, "unknown": 0.06741935151764922}, "tr-quotes": {"sft": 0.0, "sfb": 0.019627378007905504, "dsfb": 0.0, "sfT": 4.8542567208340074e-05, "roll-out": 0.22263123829777398, "roll-in": 0.19966135780495134, "bad-redirect": 0.0024802940292642335, "redirect": 0.04160213587295717, "oneh-out": 0.010212431520306974, "oneh-in": 0.008157462841820578, "dsfb-red": 0.025143894038510438, "dsfb-alt": 0.06636577980166894, "alternate": 0.2618779038857169, "sfR": 0.09591664547745082, "unknown": 0.04627493585446476}, "gutenberg": {"sft": 0.0, "sfb": 0.017567419602084258, "dsfb": 0.0, "sfT": 0.0001290064457758061, "roll-out": 0.2252369191063282, "roll-in": 0.19492191984323728, "bad-redirect": 0.002532201410697798, "redirect": 0.0354654063816704, "oneh-out": 0.013136682802891412, "oneh-in": 0.00937162684137284, "dsfb-red": 0.022523654023277235, "dsfb-alt": 0.05047277736669997, "alternate": 0.250886658839139, "sfR": 0.09761014138424484, "unknown": 0.08014558595258095}, "english-200": {"sft": 0.0, "sfb": 0.0200445434298441, "dsfb": 0.0, "sfT": 0.0, "roll-out": 0.24498886414253898, "roll-in": 0.1759465478841871, "bad-redirect": 0.0066815144766146995, "redirect": 0.0378619153674833, "oneh-out": 0.0022271714922048997, "oneh-in": 0.011135857461024499, "dsfb-red": 0.0378619153674833, "dsfb-alt": 0.06904231625835189, "alternate": 0.2873051224944321, "sfR": 0.10690423162583519, "unknown": 0.0}, "monkeyracer": {"sft": 0.0, "sfb": 0.019450787493939345, "dsfb": 0.0, "sfT": 4.789871279540798e-05, "roll-out": 0.22303693479518902, "roll-in": 0.1993720381000047, "bad-redirect": 0.0024799802931010214, "redirect": 0.041656239735990114, "oneh-out": 0.01032657146878959, "oneh-in": 0.008244443749315733, "dsfb-red": 0.025136071445328995, "dsfb-alt": 0.06679524375557189, "alternate": 0.2612434896851588, "sfR": 0.09605353707555875, "unknown": 0.046156763689256614}, "chained-bigrams": {"sft": 0.0, "sfb": 0.023384708484918925, "dsfb": 0.0, "sfT": 0.0001045380554233499, "roll-out": 0.19586795480060176, "roll-in": 0.19848919784249036, "bad-redirect": 0.002170625585591669, "redirect": 0.04914652144750794, "oneh-out": 0.007050150346501449, "oneh-in": 0.006353446411909806, "dsfb-red": 0.032416536751619526, "dsfb-alt": 0.05473248971339042, "alternate": 0.2403712983951136, "sfR": 0.11643721321023381, "unknown": 0.07347531895469736}, "english-5k": {"sft": 0.0, "sfb": 0.026257933380345957, "dsfb": 0.0, "sfT": 0.00012444518189737422, "roll-out": 0.1973700584892355, "roll-in": 0.24167254324470072, "bad-redirect": 0.0018251960011614883, "redirect": 0.04977807275894968, "oneh-out": 0.008918571369311817, "oneh-in": 0.00630522254946696, "dsfb-red": 0.0318579665657278, "dsfb-alt": 0.04202098975401336, "alternate": 0.2843987223627992, "sfR": 0.10644211224955408, "unknown": 0.0030281660928361057}, "mt-quotes": {"sft": 0.0, "sfb": 0.018915623767346793, "dsfb": 0.0, "sfT": 4.034137770287231e-05, "roll-out": 0.22821266779024874, "roll-in": 0.19965396062681537, "bad-redirect": 0.0026177071753863807, "redirect": 0.041092922628225816, "oneh-out": 0.010579899833853289, "oneh-in": 0.00828342955498978, "dsfb-red": 0.025108772307287745, "dsfb-alt": 0.06989965455827686, "alternate": 0.2626955809756039, "sfR": 0.09572710103871578, "unknown": 0.03717233836554667}, "english-1k": {"sft": 0.0, "sfb": 0.020465772759350742, "dsfb": 0.0, "sfT": 0.0, "roll-out": 0.2335920959774171, "roll-in": 0.2145377558221595, "bad-redirect": 0.0017642907551164433, "redirect": 0.04763585038814397, "oneh-out": 0.012350035285815103, "oneh-in": 0.008468595624558928, "dsfb-red": 0.037755822159491886, "dsfb-alt": 0.04410726887791108, "alternate": 0.2709950599858857, "sfR": 0.10832745236414962, "unknown": 0.0}, "english-10k": {"sft": 0.0, "sfb": 0.02632137550413925, "dsfb": 0.0, "sfT": 0.00015437756893923313, "roll-out": 0.17994635379479362, "roll-in": 0.24949344860191813, "bad-redirect": 0.0017174504544489686, "redirect": 0.04513614171860829, "oneh-out": 0.007275042936261362, "oneh-in": 0.008124119565427143, "dsfb-red": 0.029524710059628336, "dsfb-alt": 0.04656413423129619, "alternate": 0.2925454931398468, "sfR": 0.10543987958549622, "unknown": 0.0077574728391964646}, "reddit": {"sft": 0.0, "sfb": 0.022507972342195197, "dsfb": 0.0, "sfT": 0.0001225981136072107, "roll-out": 0.20472379184391046, "roll-in": 0.1920211214861903, "bad-redirect": 0.0019877900069989176, "redirect": 0.040524014228573005, "oneh-out": 0.0085962890566107, "oneh-in": 0.007819122646246384, "dsfb-red": 0.02276017310568965, "dsfb-alt": 0.06428785872262355, "alternate": 0.25190413823883107, "sfR": 0.1028716913164539, "unknown": 0.07987343889206965}, "akl": {"sft": 0.0, "sfb": 0.025402110979644187, "dsfb": 0.0, "sfT": 0.0010329013015473322, "roll-out": 0.19460183922351001, "roll-in": 0.18358092111352609, "bad-redirect": 0.002062642936205334, "redirect": 0.03577071276261323, "oneh-out": 0.0077947743074722655, "oneh-in": 0.0064196377138335545, "dsfb-red": 0.020088976219603538, "dsfb-alt": 0.06711467025902206, "alternate": 0.24010748567214973, "sfR": 0.11706348985084018, "unknown": 0.09895983766003248}, "keymash": {"sft": 0.0, "sfb": 0.018570437538226615, "dsfb": 0.0, "sfT": 3.694384125641899e-05, "roll-out": 0.22259074844117513, "roll-in": 0.2018939875950791, "bad-redirect": 0.0024588178791772196, "redirect": 0.040449401304528086, "oneh-out": 0.010175975830518076, "oneh-in": 0.0083205740251957, "dsfb-red": 0.024957617204336386, "dsfb-alt": 0.06504989471005242, "alternate": 0.2641238357558915, "sfR": 0.09899307508220005, "unknown": 0.0423786907923633}, "movie": {"sft": 0.0, "sfb": 0.016423278657502018, "dsfb": 0.0, "sfT": 2.0002871464837914e-05, "roll-out": 0.1950232592599806, "roll-in": 0.16851287467714116, "bad-redirect": 0.0021701799560963292, "redirect": 0.03831431591034976, "oneh-out": 0.008323958083982846, "oneh-in": 0.007200507335987311, "dsfb-red": 0.020094989951847036, "dsfb-alt": 0.0741069540377441, "alternate": 0.2521901499281015, "sfR": 0.1138359467128768, "unknown": 0.10378358261692566}}