{"english-450k": {"sft": 0.0, "sfb": 0.06756734633260461, "dsfb": 0.0, "sfT": 0.0002669120815575738, "roll-out": 0.2055337043011727, "roll-in": 0.20287890844944836, "bad-redirect": 0.006087817290640654, "redirect": 0.06679145951502104, "oneh-out": 0.014514988882073974, "oneh-in": 0.014527559768719073, "dsfb-red": 0.060290264696097357, "dsfb-alt": 0.06360722469319728, "alternate": 0.17495224524805866, "sfR": 0.11328269117541298, "unknown": 0.009698877565995693}, "shai": {"sft": 0.0, "sfb": 0.05203776249499556, "dsfb": 0.0, "sfT": 0.0003984276232005308, "roll-out": 0.20712940526059773, "roll-in": 0.21301244599618593, "bad-redirect": 0.002028129047480008, "redirect": 0.05790001526489233, "oneh-out": 0.007111028559591756, "oneh-in": 0.015501645233374814, "dsfb-red": 0.06583067642670236, "dsfb-alt": 0.0615236042299543, "alternate": 0.15282187635561068, "sfR": 0.09728563198976478, "unknown": 0.06741935151764922}, "tr-quotes": {"sft": 0.0, "sfb": 0.04760523335105522, "dsfb": 0.0, "sfT": 0.00032708444095143433, "roll-out": 0.2225191280830309, "roll-in": 0.21476156353297426, "bad-redirect": 0.0017718037031044128, "redirect": 0.05269873558170177, "oneh-out": 0.00581123876008414, "oneh-in": 0.016746029911467605, "dsfb-red": 0.07821247775132337, "dsfb-alt": 0.06675758766556483, "alternate": 0.15059753588682648, "sfR": 0.09591664547745082, "unknown": 0.04627493585446476}, "gutenberg": {"sft": 0.0, "sfb": 0.051475276795548086, "dsfb": 0.0, "sfT": 0.0002485410526547102, "roll-out": 0.22418137737965743, "roll-in": 0.19904633737250432, "bad-redirect": 0.0015490245331993635, "redirect": 0.04895804089030739, "oneh-out": 0.006312980624785226, "oneh-in": 0.015117812626567447, "dsfb-red": 0.07577831047399734, "dsfb-alt": 0.05639078230948438, "alternate": 0.1431857886044685, "sfR": 0.09761014138424484, "unknown": 0.08014558595258095}, "english-200": {"sft": 0.0, "sfb": 0.0334075723830735, "dsfb": 0.0, "sfT": 0.0, "roll-out": 0.23162583518930957, "roll-in": 0.22494432071269488, "bad-redirect": 0.0, "redirect": 0.04899777282850779, "oneh-out": 0.0, "oneh-in": 0.0200445434298441, "dsfb-red": 0.10244988864142539, "dsfb-alt": 0.06904231625835189, "alternate": 0.16258351893095768, "sfR": 0.10690423162583519, "unknown": 0.0}, "monkeyracer": {"sft": 0.0, "sfb": 0.04743536606346873, "dsfb": 0.0, "sfT": 0.00030694277179098175, "roll-out": 0.22224807232119118, "roll-in": 0.21482474936265386, "bad-redirect": 0.0017898478189467756, "redirect": 0.05250187684752178, "oneh-out": 0.005862215931307381, "oneh-in": 0.01683102116145581, "dsfb-red": 0.0785656192814802, "dsfb-alt": 0.06687051316139325, "alternate": 0.1505534745139747, "sfR": 0.09605353707555875, "unknown": 0.046156763689256614}, "chained-bigrams": {"sft": 0.0, "sfb": 0.04980231918649914, "dsfb": 0.0, "sfT": 0.00048697851905287224, "roll-out": 0.19717370653635555, "roll-in": 0.19398951632644182, "bad-redirect": 0.002788114347750711, "redirect": 0.056552490765264016, "oneh-out": 0.007856586774053006, "oneh-in": 0.012368605079250885, "dsfb-red": 0.06779909733661708, "dsfb-alt": 0.05549477342188118, "alternate": 0.16577527954190255, "sfR": 0.11643721321023381, "unknown": 0.07347531895469736}, "english-5k": {"sft": 0.0, "sfb": 0.059858132492636995, "dsfb": 0.0, "sfT": 0.00029037209109387317, "roll-out": 0.2072841913137263, "roll-in": 0.22296428423279546, "bad-redirect": 0.0030281660928361057, "redirect": 0.07387895631974116, "oneh-out": 0.010080059733687311, "oneh-in": 0.015265275646077903, "dsfb-red": 0.06226407267598623, "dsfb-alt": 0.06437964076824158, "alternate": 0.1712365702907869, "sfR": 0.10644211224955408, "unknown": 0.0030281660928361057}, "mt-quotes": {"sft": 0.0, "sfb": 0.046740715506627936, "dsfb": 0.0, "sfT": 0.00026595426781893597, "roll-out": 0.2271518389691732, "roll-in": 0.21688122303104193, "bad-redirect": 0.0016510082356175518, "redirect": 0.05187751760079368, "oneh-out": 0.005686640131004889, "oneh-in": 0.01693740213480594, "dsfb-red": 0.08146268870800015, "dsfb-alt": 0.0681276221895507, "alternate": 0.15031794982130264, "sfR": 0.09572710103871578, "unknown": 0.03717233836554667}, "english-1k": {"sft": 0.0, "sfb": 0.058927311220889206, "dsfb": 0.0, "sfT": 0.00035285815102328866, "roll-out": 0.22265349329569514, "roll-in": 0.23288637967537051, "bad-redirect": 0.0024700070571630206, "redirect": 0.05857445306986592, "oneh-out": 0.010938602681721948, "oneh-in": 0.021524347212420608, "dsfb-red": 0.06633733239237827, "dsfb-alt": 0.06563161609033169, "alternate": 0.15137614678899083, "sfR": 0.10832745236414962, "unknown": 0.0}, "english-10k": {"sft": 0.0, "sfb": 0.06275448177379826, "dsfb": 0.0, "sfT": 0.0003280523339958704, "roll-out": 0.20441519847166206, "roll-in": 0.23170143378167152, "bad-redirect": 0.00302965979043245, "redirect": 0.06777175276432335, "oneh-out": 0.011095887767507381, "oneh-in": 0.014415005499700893, "dsfb-red": 0.05978271357171803, "dsfb-alt": 0.06371934157966848, "alternate": 0.167789120240829, "sfR": 0.10543987958549622, "unknown": 0.0077574728391964646}, "reddit": {"sft": 0.0, "sfb": 0.04619941165640989, "dsfb": 0.0, "sfT": 0.0003302245553196363, "roll-out": 0.20625355260153908, "roll-in": 0.20409986371120184, "bad-redirect": 0.001925872902876486, "redirect": 0.05325567662415812, "oneh-out": 0.006438554765641139, "oneh-in": 0.017318697223675256, "dsfb-red": 0.07357298960912627, "dsfb-alt": 0.0579888702787974, "alternate": 0.1498711558627313, "sfR": 0.1028716913164539, "unknown": 0.07987343889206965}, "akl": {"sft": 0.0, "sfb": 0.0429251279138479, "dsfb": 0.0, "sfT": 0.0003606357051527724, "roll-out": 0.19908466308843684, "roll-in": 0.1979525110740129, "bad-redirect": 0.0014748829405371755, "redirect": 0.04821304729302664, "oneh-out": 0.006240651877690906, "oneh-in": 0.017355864360332873, "dsfb-red": 0.07199393938718075, "dsfb-alt": 0.054003167844850694, "alternate": 0.14437218100405788, "sfR": 0.11706348985084018, "unknown": 0.09895983766003248}, "keymash": {"sft": 0.0, "sfb": 0.048133720285863234, "dsfb": 0.0, "sfT": 0.0003078653438034916, "roll-out": 0.2235348688288392, "roll-in": 0.21486538074733286, "bad-redirect": 0.0020072820415987652, "redirect": 0.051832209282755844, "oneh-out": 0.005467688505950011, "oneh-in": 0.016472848329112156, "dsfb-red": 0.07821421681108973, "dsfb-alt": 0.06593654690020648, "alternate": 0.1518556070488849, "sfR": 0.09899307508220005, "unknown": 0.0423786907923633}, "movie": {"sft": 0.0, "sfb": 0.04320725514675857, "dsfb": 0.0, "sfT": 0.00031228167096092346, "roll-out": 0.2034923697599221, "roll-in": 0.18477284041695985, "bad-redirect": 0.001373618239144593, "redirect": 0.04392722692165415, "oneh-out": 0.005054672980029107, "oneh-in": 0.018241434395384917, "dsfb-red": 0.07451885527251347, "dsfb-alt": 0.06786197860771856, "alternate": 0.13961793725915128, "sfR": 0.1138359467128768, "unknown": 0.10378358261692566}}