{"english-450k": {"sft": 0.0, "sfb": 0.26516355892910076, "dsfb": 0.0, "sfT": 0.04072616457570919, "roll-out": 0.08863498296498687, "roll-in": 0.08324791951826023, "bad-redirect": 7.893347428318173e-06, "redirect": 0.0072294292057363, "oneh-out": 0.0012825227840011788, "oneh-in": 0.0016801136174275757, "dsfb-red": 0.04787549092235811, "dsfb-alt": 0.23239768906174996, "alternate": 0.1089258557411824, "sfR": 0.11328269117541298, "unknown": 0.009545688156646111}, "shai": {"sft": 0.0, "sfb": 0.23060255607990135, "dsfb": 0.0, "sfT": 0.031158594490457586, "roll-out": 0.08487416759117831, "roll-in": 0.07668894577185704, "bad-redirect": 6.191880006180268e-05, "redirect": 0.009436741728858975, "oneh-out": 0.0008023009115896451, "oneh-in": 0.0018868746077340677, "dsfb-red": 0.04901059578596082, "dsfb-alt": 0.23644573160479845, "alternate": 0.12126655335141795, "sfR": 0.09728563198976478, "unknown": 0.06047938728641923}, "tr-quotes": {"sft": 0.0, "sfb": 0.22323224151082963, "dsfb": 0.0, "sfT": 0.0229733478190518, "roll-out": 0.08548230507847715, "roll-in": 0.08443632833267839, "bad-redirect": 4.507524097917293e-05, "redirect": 0.011714939552946071, "oneh-out": 0.0007015556737014863, "oneh-in": 0.001331453272000185, "dsfb-red": 0.053529738101292156, "dsfb-alt": 0.24992025149672917, "alternate": 0.1283685074316359, "sfR": 0.09591664547745082, "unknown": 0.0423476110122281}, "gutenberg": {"sft": 0.0, "sfb": 0.22268861556950567, "dsfb": 0.0, "sfT": 0.02006836394442228, "roll-out": 0.07143869276499269, "roll-in": 0.0812678094250859, "bad-redirect": 6.402963094305795e-05, "redirect": 0.011689196382666838, "oneh-out": 0.0006211631948588374, "oneh-in": 0.0010727804734631278, "dsfb-red": 0.037591644777246976, "dsfb-alt": 0.25714754434999126, "alternate": 0.1254476864654621, "sfR": 0.09761014138424484, "unknown": 0.07329233163711642}, "english-200": {"sft": 0.0, "sfb": 0.26057906458797325, "dsfb": 0.0, "sfT": 0.024498886414253896, "roll-out": 0.0467706013363029, "roll-in": 0.08240534521158129, "bad-redirect": 0.0, "redirect": 0.0022271714922048997, "oneh-out": 0.0, "oneh-in": 0.0, "dsfb-red": 0.053452115812917596, "dsfb-alt": 0.2873051224944321, "alternate": 0.1358574610244989, "sfR": 0.10690423162583519, "unknown": 0.0}, "monkeyracer": {"sft": 0.0, "sfb": 0.22335072024023647, "dsfb": 0.0, "sfT": 0.022720607785789135, "roll-out": 0.08555101115160235, "roll-in": 0.08405930838168822, "bad-redirect": 4.789871279540798e-05, "redirect": 0.01159148849648873, "oneh-out": 0.0006715595038866384, "oneh-in": 0.0013128157404945493, "dsfb-red": 0.05375995120196443, "dsfb-alt": 0.2499305957426842, "alternate": 0.12868135821198992, "sfR": 0.09605353707555875, "unknown": 0.04226914775482115}, "chained-bigrams": {"sft": 0.0, "sfb": 0.22376598020010272, "dsfb": 0.0, "sfT": 0.025488455687227334, "roll-out": 0.08445571060230153, "roll-in": 0.07231306355589118, "bad-redirect": 0.00012791302433788778, "redirect": 0.0062703354113247825, "oneh-out": 0.0011700470551110345, "oneh-in": 0.0017537719732824105, "dsfb-red": 0.03919722565091172, "dsfb-alt": 0.2537800895910614, "alternate": 0.10781704411830591, "sfR": 0.11643721321023381, "unknown": 0.06742314991990826}, "english-5k": {"sft": 0.0, "sfb": 0.2562326295266935, "dsfb": 0.0, "sfT": 0.049861036213547934, "roll-out": 0.10192060397394948, "roll-in": 0.07292487659186128, "bad-redirect": 0.0, "redirect": 0.008005973368731075, "oneh-out": 0.0005807441821877463, "oneh-in": 0.003442983365827353, "dsfb-red": 0.05322105612477704, "dsfb-alt": 0.22275687559629984, "alternate": 0.12369851080598997, "sfR": 0.10644211224955408, "unknown": 0.0009125980005807441}, "mt-quotes": {"sft": 0.0, "sfb": 0.22424427152436618, "dsfb": 0.0, "sfT": 0.02176492033324966, "roll-out": 0.0847796464302363, "roll-in": 0.08399074837738014, "bad-redirect": 4.034137770287231e-05, "redirect": 0.01131052700780531, "oneh-out": 0.0005901794145420207, "oneh-in": 0.0011953000800851053, "dsfb-red": 0.055167581071227934, "dsfb-alt": 0.2563022196722487, "alternate": 0.13038333273568328, "sfR": 0.09572710103871578, "unknown": 0.03450383093675667}, "english-1k": {"sft": 0.0, "sfb": 0.25864502470007056, "dsfb": 0.0, "sfT": 0.032462949894142556, "roll-out": 0.07974594213126324, "roll-in": 0.07939308398023995, "bad-redirect": 0.0, "redirect": 0.012350035285815103, "oneh-out": 0.0, "oneh-in": 0.0035285815102328866, "dsfb-red": 0.05045871559633028, "dsfb-alt": 0.25335215243472126, "alternate": 0.12173606210303459, "sfR": 0.10832745236414962, "unknown": 0.0}, "english-10k": {"sft": 0.0, "sfb": 0.26581887651724206, "dsfb": 0.0, "sfT": 0.04860963701974103, "roll-out": 0.09814553945311746, "roll-in": 0.07354161440342719, "bad-redirect": 0.0, "redirect": 0.008934601802358118, "oneh-out": 0.001215723355396461, "oneh-in": 0.003048956986549854, "dsfb-red": 0.05052005943536404, "dsfb-alt": 0.22305628992107446, "alternate": 0.11391134868103664, "sfR": 0.10543987958549622, "unknown": 0.0077574728391964646}, "reddit": {"sft": 0.0, "sfb": 0.2214156767140559, "dsfb": 0.0, "sfT": 0.024037882929476867, "roll-out": 0.08381066251488697, "roll-in": 0.07978286686680162, "bad-redirect": 0.00010607939435857645, "redirect": 0.01041694408563364, "oneh-out": 0.001039218473546732, "oneh-in": 0.0018166096283906217, "dsfb-red": 0.05363058787349957, "dsfb-alt": 0.22792978308224693, "alternate": 0.1191922233915178, "sfR": 0.1028716913164539, "unknown": 0.07394977372913084}, "akl": {"sft": 0.0, "sfb": 0.21412777519428544, "dsfb": 0.0, "sfT": 0.021092387296850458, "roll-out": 0.07604698660090595, "roll-in": 0.07765234519769663, "bad-redirect": 0.00010699499446810477, "redirect": 0.011014412913447059, "oneh-out": 0.0009537857208086121, "oneh-in": 0.0013976259873804144, "dsfb-red": 0.05887698499876897, "dsfb-alt": 0.22076976672117402, "alternate": 0.11005695950087671, "sfR": 0.11706348985084018, "unknown": 0.09084048502249745}, "keymash": {"sft": 0.0, "sfb": 0.22554215087043794, "dsfb": 0.0, "sfT": 0.022716357501446967, "roll-out": 0.08473275235722232, "roll-in": 0.08421964345088316, "bad-redirect": 3.694384125641899e-05, "redirect": 0.012211991970871833, "oneh-out": 0.0006567794001141155, "oneh-in": 0.001313558800228231, "dsfb-red": 0.05285432222418344, "dsfb-alt": 0.25051618755977717, "alternate": 0.12738236465213268, "sfR": 0.09899307508220005, "unknown": 0.03882387228924565}, "movie": {"sft": 0.0, "sfb": 0.19783761063594787, "dsfb": 0.0, "sfT": 0.019812580990244785, "roll-out": 0.08566861374442042, "roll-in": 0.08085489640683946, "bad-redirect": 6.356175603629415e-05, "redirect": 0.013924498898460293, "oneh-out": 0.0012435995746231466, "oneh-in": 0.001042912870781845, "dsfb-red": 0.05658509662373901, "dsfb-alt": 0.21244049639231105, "alternate": 0.11816788436340006, "sfR": 0.1138359467128768, "unknown": 0.09852230103031896}}