{"english-450k": {"sft": 0.0, "sfb": 0.043169594124075235, "dsfb": 0.0, "sfT": 0.0016783595402212828, "roll-out": 0.18923072605348415, "roll-in": 0.18953388906397178, "bad-redirect": 0.0005320700859088546, "redirect": 0.02292812785585695, "oneh-out": 0.0037996235750315296, "oneh-in": 0.001144535377106135, "dsfb-red": 0.008436234323665835, "dsfb-alt": 0.0638013425706937, "alternate": 0.35276392868857587, "sfR": 0.11328269117541298, "unknown": 0.009698877565995693}, "shai": {"sft": 0.0, "sfb": 0.021735751399617233, "dsfb": 0.0, "sfT": 0.00016852146977690654, "roll-out": 0.22303479992927988, "roll-in": 0.1883728391120601, "bad-redirect": 0.0006041088879138899, "redirect": 0.016136059422231567, "oneh-out": 0.011465788063225759, "oneh-in": 0.0013113486888448316, "dsfb-red": 0.008444868194002229, "dsfb-alt": 0.06722104725211812, "alternate": 0.2967998840735155, "sfR": 0.09728563198976478, "unknown": 0.06741935151764922}, "tr-quotes": {"sft": 0.0, "sfb": 0.024081736436975566, "dsfb": 0.0, "sfT": 0.0001745220868680798, "roll-out": 0.24783523265758997, "roll-in": 0.17771202699891356, "bad-redirect": 0.0006819074917362058, "redirect": 0.016087237927925845, "oneh-out": 0.020191396407850025, "oneh-in": 0.002004114560458612, "dsfb-red": 0.009343288412195743, "dsfb-alt": 0.07334781905180185, "alternate": 0.28634913663576894, "sfR": 0.09591664547745082, "unknown": 0.04627493585446476}, "gutenberg": {"sft": 0.0, "sfb": 0.025629280560793482, "dsfb": 0.0, "sfT": 9.509726252489673e-05, "roll-out": 0.2543501314501802, "roll-in": 0.1770754598672503, "bad-redirect": 0.0005476617250188774, "redirect": 0.016083182446939705, "oneh-out": 0.014663353796294087, "oneh-in": 0.0017371352536918387, "dsfb-red": 0.010431146740380306, "dsfb-alt": 0.06758668532240056, "alternate": 0.2540451382377, "sfR": 0.09761014138424484, "unknown": 0.08014558595258095}, "english-200": {"sft": 0.0, "sfb": 0.011135857461024499, "dsfb": 0.0, "sfT": 0.0, "roll-out": 0.2828507795100223, "roll-in": 0.18040089086859687, "bad-redirect": 0.0, "redirect": 0.0066815144766146995, "oneh-out": 0.017817371937639197, "oneh-in": 0.004454342984409799, "dsfb-red": 0.0066815144766146995, "dsfb-alt": 0.08240534521158129, "alternate": 0.30066815144766146, "sfR": 0.10690423162583519, "unknown": 0.0}, "monkeyracer": {"sft": 0.0, "sfb": 0.02404710887279666, "dsfb": 0.0, "sfT": 0.00016226910865383112, "roll-out": 0.24850340960633124, "roll-in": 0.17755173060981905, "bad-redirect": 0.0006715595038866384, "redirect": 0.016104720271517273, "oneh-out": 0.02049380640317813, "oneh-in": 0.002049869402693276, "dsfb-red": 0.00938326008414533, "dsfb-alt": 0.07324104196318251, "alternate": 0.2855809234089807, "sfR": 0.09605353707555875, "unknown": 0.046156763689256614}, "chained-bigrams": {"sft": 0.0, "sfb": 0.022211414906347537, "dsfb": 0.0, "sfT": 5.648950821013318e-05, "roll-out": 0.20822162587193505, "roll-in": 0.16682130940082812, "bad-redirect": 0.0014057446583326245, "redirect": 0.021187461406952365, "oneh-out": 0.007293639606027885, "oneh-in": 0.0048516046591507486, "dsfb-red": 0.013027649341702438, "dsfb-alt": 0.06152941122998437, "alternate": 0.30348111724559756, "sfR": 0.11643721321023381, "unknown": 0.07347531895469736}, "english-5k": {"sft": 0.0, "sfb": 0.024017920106193223, "dsfb": 0.0, "sfT": 0.0003733355456921226, "roll-out": 0.194549301032895, "roll-in": 0.2140042311361845, "bad-redirect": 0.00020740863649562367, "redirect": 0.01709047164723939, "oneh-out": 0.004562990002903721, "oneh-in": 0.0009540797278798689, "dsfb-red": 0.008254863732525822, "dsfb-alt": 0.06678558095159083, "alternate": 0.3597295391380097, "sfR": 0.10644211224955408, "unknown": 0.0030281660928361057}, "mt-quotes": {"sft": 0.0, "sfb": 0.023635564958582853, "dsfb": 0.0, "sfT": 0.00013297713390946798, "roll-out": 0.2560004064020272, "roll-in": 0.17775606315965622, "bad-redirect": 0.0006917799213492547, "redirect": 0.016064833076343817, "oneh-out": 0.02206225122817083, "oneh-in": 0.0021590107696537217, "dsfb-red": 0.009466776634274034, "dsfb-alt": 0.07418779359558217, "alternate": 0.284943103716188, "sfR": 0.09572710103871578, "unknown": 0.03717233836554667}, "english-1k": {"sft": 0.0, "sfb": 0.019407198306280876, "dsfb": 0.0, "sfT": 0.0, "roll-out": 0.23747353563867327, "roll-in": 0.205363443895554, "bad-redirect": 0.00035285815102328866, "redirect": 0.013408609738884969, "oneh-out": 0.009880028228652082, "oneh-in": 0.0014114326040931546, "dsfb-red": 0.0077628793225123505, "dsfb-alt": 0.07374735356386733, "alternate": 0.3228652081863091, "sfR": 0.10832745236414962, "unknown": 0.0}, "english-10k": {"sft": 0.0, "sfb": 0.025703865228382316, "dsfb": 0.0, "sfT": 0.00036664672623067866, "roll-out": 0.19183342660311456, "roll-in": 0.21967928060052874, "bad-redirect": 0.0005596186874047201, "redirect": 0.02140059049420119, "oneh-out": 0.003994519596302658, "oneh-in": 0.0007139962563439532, "dsfb-red": 0.007989039192605315, "dsfb-alt": 0.06723143127303603, "alternate": 0.34733023291715714, "sfR": 0.10543987958549622, "unknown": 0.0077574728391964646}, "reddit": {"sft": 0.0, "sfb": 0.024092870412145792, "dsfb": 0.0, "sfT": 0.000188186044229339, "roll-out": 0.23232773288818945, "roll-in": 0.17046033475315658, "bad-redirect": 0.0004989702020658887, "redirect": 0.015253969689835762, "oneh-out": 0.014904304737033039, "oneh-in": 0.0013366677922619352, "dsfb-red": 0.009800844552296822, "dsfb-alt": 0.0663314228179699, "alternate": 0.282059565902292, "sfR": 0.1028716913164539, "unknown": 0.07987343889206965}, "akl": {"sft": 0.0, "sfb": 0.026919556491808223, "dsfb": 0.0, "sfT": 0.00020358167447723932, "roll-out": 0.22006138179543672, "roll-in": 0.16617790956686418, "bad-redirect": 0.0005011479503488706, "redirect": 0.017485100931531754, "oneh-out": 0.01638473144875931, "oneh-in": 0.0014825652678759392, "dsfb-red": 0.00795944871123383, "dsfb-alt": 0.06082625165247481, "alternate": 0.26597499699831645, "sfR": 0.11706348985084018, "unknown": 0.09895983766003248}, "keymash": {"sft": 0.0, "sfb": 0.023775414284130977, "dsfb": 0.0, "sfT": 0.00017650946378066853, "roll-out": 0.2491492654332897, "roll-in": 0.1801012261250426, "bad-redirect": 0.0006649891426155418, "redirect": 0.01637433141909504, "oneh-out": 0.01953508228214422, "oneh-in": 0.0017281507965502662, "dsfb-red": 0.009350896709124718, "dsfb-alt": 0.07467171292172421, "alternate": 0.28310065554793873, "sfR": 0.09899307508220005, "unknown": 0.0423786907923633}, "movie": {"sft": 0.0, "sfb": 0.01974849284285415, "dsfb": 0.0, "sfT": 9.92247702926828e-05, "roll-out": 0.22948925957660501, "roll-in": 0.1503336860594067, "bad-redirect": 0.0005606067923697994, "redirect": 0.014913719851099677, "oneh-out": 0.027239173412920197, "oneh-in": 0.0011847753407758929, "dsfb-red": 0.009700208279899128, "dsfb-alt": 0.06900016831363555, "alternate": 0.26011115543033875, "sfR": 0.1138359467128768, "unknown": 0.10378358261692566}}