{"english-450k": {"sft": 0.0, "sfb": 0.08320494462670606, "dsfb": 0.0, "sfT": 0.0001309710980698719, "roll-out": 0.20714073136833808, "roll-in": 0.21725737165563255, "bad-redirect": 0.007579952300793837, "redirect": 0.09241355761354288, "oneh-out": 0.011708757698206338, "oneh-in": 0.009866976631598766, "dsfb-red": 0.03157455909807689, "dsfb-alt": 0.0345716923512294, "alternate": 0.18156891681639664, "sfR": 0.11328269117541298, "unknown": 0.009698877565995693}, "shai": {"sft": 0.0, "sfb": 0.13202202463871282, "dsfb": 0.0, "sfT": 0.00037340930068524813, "roll-out": 0.18526940212711476, "roll-in": 0.1834924858335297, "bad-redirect": 0.005155663197645058, "redirect": 0.0833927570098522, "oneh-out": 0.010941831471253854, "oneh-in": 0.005791664254111845, "dsfb-red": 0.032413311357668194, "dsfb-alt": 0.03629312912643635, "alternate": 0.16050223430959493, "sfR": 0.09728563198976478, "unknown": 0.06706645538363028}, "tr-quotes": {"sft": 0.0, "sfb": 0.15836087931393172, "dsfb": 0.0, "sfT": 0.0010332632162918102, "roll-out": 0.17633549848593422, "roll-in": 0.19093525346154736, "bad-redirect": 0.0050160652781951415, "redirect": 0.08677215043572734, "oneh-out": 0.013706340583897737, "oneh-in": 0.0047895332978895545, "dsfb-red": 0.03435195672776866, "dsfb-alt": 0.03833822611590116, "alternate": 0.14909965095582625, "sfR": 0.09591664547745082, "unknown": 0.045344536649638244}, "gutenberg": {"sft": 0.0, "sfb": 0.16458551422423934, "dsfb": 0.0, "sfT": 0.0008575802937255129, "roll-out": 0.16669015682713098, "roll-in": 0.17411721514296982, "bad-redirect": 0.0070051826113708285, "redirect": 0.08139492150308232, "oneh-out": 0.012855179750875483, "oneh-in": 0.004441913569091192, "dsfb-red": 0.029853531272033867, "dsfb-alt": 0.03502799686141146, "alternate": 0.15036923122387905, "sfR": 0.09761014138424484, "unknown": 0.07519143533594529}, "english-200": {"sft": 0.0, "sfb": 0.155902004454343, "dsfb": 0.0, "sfT": 0.0, "roll-out": 0.16481069042316257, "roll-in": 0.23385300668151449, "bad-redirect": 0.0, "redirect": 0.0957683741648107, "oneh-out": 0.011135857461024499, "oneh-in": 0.011135857461024499, "dsfb-red": 0.035634743875278395, "dsfb-alt": 0.031180400890868598, "alternate": 0.15367483296213807, "sfR": 0.10690423162583519, "unknown": 0.0}, "monkeyracer": {"sft": 0.0, "sfb": 0.15873926677823483, "dsfb": 0.0, "sfT": 0.0010469290082424888, "roll-out": 0.1760629604141577, "roll-in": 0.19073071930181273, "bad-redirect": 0.004949207813941849, "redirect": 0.0868599167930932, "oneh-out": 0.01376745859205155, "oneh-in": 0.004768365735020411, "dsfb-red": 0.0345330168759873, "dsfb-alt": 0.03834731845410326, "alternate": 0.14889559253640303, "sfR": 0.09605353707555875, "unknown": 0.04524571062139293}, "chained-bigrams": {"sft": 0.0, "sfb": 0.13639294361632845, "dsfb": 0.0, "sfT": 0.0006298255513083814, "roll-out": 0.19778729947036217, "roll-in": 0.17769716299300894, "bad-redirect": 0.00713066412831819, "redirect": 0.07034307312014929, "oneh-out": 0.014348984390065898, "oneh-in": 0.007055344784038013, "dsfb-red": 0.031926961013798376, "dsfb-alt": 0.031105590578329196, "alternate": 0.13636697142864562, "sfR": 0.11643721321023381, "unknown": 0.07277796571541365}, "english-5k": {"sft": 0.0, "sfb": 0.09304351433193678, "dsfb": 0.0, "sfT": 8.296345459824948e-05, "roll-out": 0.20952420458787904, "roll-in": 0.20753308167752105, "bad-redirect": 0.006720039822458207, "redirect": 0.09341684987762891, "oneh-out": 0.009582279006097814, "oneh-in": 0.007383747459244203, "dsfb-red": 0.031484631020035674, "dsfb-alt": 0.03944912266146763, "alternate": 0.1923092877587423, "sfR": 0.10644211224955408, "unknown": 0.0030281660928361057}, "mt-quotes": {"sft": 0.0, "sfb": 0.16552366096508528, "dsfb": 0.0, "sfT": 0.0011101349493790416, "roll-out": 0.17553429913579804, "roll-in": 0.19186209822976058, "bad-redirect": 0.004748329568138081, "redirect": 0.08832371116768865, "oneh-out": 0.01400294043819701, "oneh-in": 0.004497316551320209, "dsfb-red": 0.03463680807066614, "dsfb-alt": 0.039025053489678586, "alternate": 0.14872820071478945, "sfR": 0.09572710103871578, "unknown": 0.03628034568078316}, "english-1k": {"sft": 0.0, "sfb": 0.10656316160903317, "dsfb": 0.0, "sfT": 0.0, "roll-out": 0.21065631616090333, "roll-in": 0.20465772759350742, "bad-redirect": 0.008821453775582216, "redirect": 0.09280169371912492, "oneh-out": 0.0067043048694424845, "oneh-in": 0.0067043048694424845, "dsfb-red": 0.03211009174311927, "dsfb-alt": 0.040578687367678196, "alternate": 0.18207480592801695, "sfR": 0.10832745236414962, "unknown": 0.0}, "english-10k": {"sft": 0.0, "sfb": 0.08336388722718589, "dsfb": 0.0, "sfT": 0.00013508037282182898, "roll-out": 0.21070608440593583, "roll-in": 0.20717469751645087, "bad-redirect": 0.006676829856621833, "redirect": 0.09561760676173751, "oneh-out": 0.010092433569402365, "oneh-in": 0.00773817564307906, "dsfb-red": 0.03095270257231624, "dsfb-alt": 0.03898033615715637, "alternate": 0.19536481349259952, "sfR": 0.10543987958549622, "unknown": 0.0077574728391964646}, "reddit": {"sft": 0.0, "sfb": 0.13981327854062922, "dsfb": 0.0, "sfT": 0.0006376750033758494, "roll-out": 0.17447629385865107, "roll-in": 0.18172789923656174, "bad-redirect": 0.004560028033128085, "redirect": 0.08116695574425352, "oneh-out": 0.011112415877673079, "oneh-in": 0.005477397541332851, "dsfb-red": 0.03254382470529912, "dsfb-alt": 0.03776965825916297, "alternate": 0.14946972476480022, "sfR": 0.1028716913164539, "unknown": 0.07837315711867839}, "akl": {"sft": 0.0, "sfb": 0.1389655572766447, "dsfb": 0.0, "sfT": 0.0007109870043520384, "roll-out": 0.16210949769846147, "roll-in": 0.17644385315305636, "bad-redirect": 0.005050324819951648, "redirect": 0.07946240064551376, "oneh-out": 0.011053939726690052, "oneh-in": 0.004441810149618281, "dsfb-red": 0.034677777790168625, "dsfb-alt": 0.03607534182329631, "alternate": 0.1352313266474782, "sfR": 0.11706348985084018, "unknown": 0.09871369341392838}, "keymash": {"sft": 0.0, "sfb": 0.15871895178007742, "dsfb": 0.0, "sfT": 0.001054951911433298, "roll-out": 0.17786817616465458, "roll-in": 0.18657871295866804, "bad-redirect": 0.0053117033984229085, "redirect": 0.08781551066650795, "oneh-out": 0.013619962809866468, "oneh-in": 0.004515358375784544, "dsfb-red": 0.03490372024481452, "dsfb-alt": 0.038364126709165766, "alternate": 0.15094843050247728, "sfR": 0.09899307508220005, "unknown": 0.04130731939592715}, "movie": {"sft": 0.0, "sfb": 0.14770409804881202, "dsfb": 0.0, "sfT": 0.0013308489416046436, "roll-out": 0.15406659034869347, "roll-in": 0.18445647921300282, "bad-redirect": 0.004520517353214784, "redirect": 0.07929493562825926, "oneh-out": 0.010794181112051743, "oneh-in": 0.0043569412398543, "dsfb-red": 0.03123974770588778, "dsfb-alt": 0.038104285759968964, "alternate": 0.12671582196865366, "sfR": 0.1138359467128768, "unknown": 0.10357960596711975}}