{"english-450k": {"sft": 0.0, "sfb": 0.0911190486352987, "dsfb": 0.0, "sfT": 0.0009732205032915259, "roll-out": 0.17933831530239414, "roll-in": 0.19808940063766553, "bad-redirect": 0.009773133501062094, "redirect": 0.05360576880911606, "oneh-out": 0.014929535795161203, "oneh-in": 0.025712725420846974, "dsfb-red": 0.0259536186905112, "dsfb-alt": 0.035117210362386506, "alternate": 0.24240645360085739, "sfR": 0.11328269117541298, "unknown": 0.009698877565995693}, "shai": {"sft": 0.0, "sfb": 0.09210209023749757, "dsfb": 0.0, "sfT": 0.0010429629310822622, "roll-out": 0.17926080532989352, "roll-in": 0.17000207531320122, "bad-redirect": 0.008846283772800192, "redirect": 0.051159640274916686, "oneh-out": 0.0081230978875928, "oneh-in": 0.01756608258585418, "dsfb-red": 0.021471696629307417, "dsfb-alt": 0.030336070692862007, "alternate": 0.2557371069715971, "sfR": 0.09728563198976478, "unknown": 0.06706645538363028}, "tr-quotes": {"sft": 0.0, "sfb": 0.09495619611197152, "dsfb": 0.0, "sfT": 0.0012239661588960033, "roll-out": 0.18809435750444972, "roll-in": 0.1729259610272532, "bad-redirect": 0.007233998289452394, "redirect": 0.04632116687085366, "oneh-out": 0.006758974596056494, "oneh-in": 0.015179954231293775, "dsfb-red": 0.020666420101245926, "dsfb-alt": 0.03248191211483784, "alternate": 0.2728959108666004, "sfR": 0.09591664547745082, "unknown": 0.045344536649638244}, "gutenberg": {"sft": 0.0, "sfb": 0.0849065110557198, "dsfb": 0.0, "sfT": 0.0008206401220275949, "roll-out": 0.18835433618890332, "roll-in": 0.16638175375264785, "bad-redirect": 0.006723111249021085, "redirect": 0.0416512749284592, "oneh-out": 0.006229060132158674, "oneh-in": 0.012121869983477324, "dsfb-red": 0.01932065698190083, "dsfb-alt": 0.03135481773719284, "alternate": 0.2693343911483013, "sfR": 0.09761014138424484, "unknown": 0.07519143533594529}, "english-200": {"sft": 0.0, "sfb": 0.12026726057906459, "dsfb": 0.0, "sfT": 0.0, "roll-out": 0.19821826280623608, "roll-in": 0.18930957683741648, "bad-redirect": 0.0022271714922048997, "redirect": 0.05790645879732739, "oneh-out": 0.0, "oneh-in": 0.015590200445434299, "dsfb-red": 0.022271714922048998, "dsfb-alt": 0.017817371937639197, "alternate": 0.26948775055679286, "sfR": 0.10690423162583519, "unknown": 0.0}, "monkeyracer": {"sft": 0.0, "sfb": 0.09463123856296042, "dsfb": 0.0, "sfT": 0.0012258160376620736, "roll-out": 0.18844233385989334, "roll-in": 0.17284690398360886, "bad-redirect": 0.007174054147051003, "redirect": 0.04613916824373993, "oneh-out": 0.006664763751818196, "oneh-in": 0.01507734175829332, "dsfb-red": 0.020600356601029136, "dsfb-alt": 0.032525181037583874, "alternate": 0.27337359431940816, "sfR": 0.09605353707555875, "unknown": 0.04524571062139293}, "chained-bigrams": {"sft": 0.0, "sfb": 0.08221755732873452, "dsfb": 0.0, "sfT": 0.001288869813759935, "roll-out": 0.18282926727913415, "roll-in": 0.15853228570185618, "bad-redirect": 0.006589144015131397, "redirect": 0.040912039342669904, "oneh-out": 0.012450417470451766, "oneh-in": 0.014605459743433745, "dsfb-red": 0.020249216126910496, "dsfb-alt": 0.0398491275617505, "alternate": 0.25126143669052, "sfR": 0.11643721321023381, "unknown": 0.07277796571541365}, "english-5k": {"sft": 0.0, "sfb": 0.09627908906126852, "dsfb": 0.0, "sfT": 0.00078815281868337, "roll-out": 0.18467664993570332, "roll-in": 0.18741444393744555, "bad-redirect": 0.013025262371925167, "redirect": 0.058572198946364125, "oneh-out": 0.01244451818973742, "oneh-in": 0.02592607956195296, "dsfb-red": 0.027212013108225828, "dsfb-alt": 0.034388351930974406, "alternate": 0.24980296179532915, "sfR": 0.10644211224955408, "unknown": 0.0030281660928361057}, "mt-quotes": {"sft": 0.0, "sfb": 0.09512795687357312, "dsfb": 0.0, "sfT": 0.0012909240864919138, "roll-out": 0.1914706374535327, "roll-in": 0.1736292896331624, "bad-redirect": 0.0071060589761059514, "redirect": 0.04624466597339262, "oneh-out": 0.006249925293744994, "oneh-in": 0.014679779108545201, "dsfb-red": 0.020007829215524558, "dsfb-alt": 0.03260031555922114, "alternate": 0.2795851711072065, "sfR": 0.09572710103871578, "unknown": 0.03628034568078316}, "english-1k": {"sft": 0.0, "sfb": 0.11326746647847566, "dsfb": 0.0, "sfT": 0.0014114326040931546, "roll-out": 0.19654199011997178, "roll-in": 0.1806633733239238, "bad-redirect": 0.01058574453069866, "redirect": 0.0561044460127029, "oneh-out": 0.009880028228652082, "oneh-in": 0.014114326040931546, "dsfb-red": 0.025052928722653495, "dsfb-alt": 0.027170077628793227, "alternate": 0.25688073394495414, "sfR": 0.10832745236414962, "unknown": 0.0}, "english-10k": {"sft": 0.0, "sfb": 0.09422820864128442, "dsfb": 0.0, "sfT": 0.0009841570019876113, "roll-out": 0.17736052951506145, "roll-in": 0.19775766581115764, "bad-redirect": 0.01188707280832095, "redirect": 0.05526716968024546, "oneh-out": 0.010420485903398237, "oneh-in": 0.02684239979930916, "dsfb-red": 0.029138766137280253, "dsfb-alt": 0.033538526852048396, "alternate": 0.24937766542521372, "sfR": 0.10543987958549622, "unknown": 0.0077574728391964646}, "reddit": {"sft": 0.0, "sfb": 0.0906748458674266, "dsfb": 0.0, "sfT": 0.001111211621836698, "roll-out": 0.18076730387345238, "roll-in": 0.1657208857105025, "bad-redirect": 0.007718100002678205, "redirect": 0.04910382202334833, "oneh-out": 0.006393493497486701, "oneh-in": 0.014274720534921827, "dsfb-red": 0.02087003457506531, "dsfb-alt": 0.03050629125348799, "alternate": 0.25161444260466115, "sfR": 0.1028716913164539, "unknown": 0.07837315711867839}, "akl": {"sft": 0.0, "sfb": 0.08860852111357564, "dsfb": 0.0, "sfT": 0.0012672742396323585, "roll-out": 0.1657281216920301, "roll-in": 0.1676920095493807, "bad-redirect": 0.007748432526428755, "redirect": 0.05073210720910837, "oneh-out": 0.005045244571227628, "oneh-in": 0.013735319784929529, "dsfb-red": 0.018920333150320472, "dsfb-alt": 0.02823620827086796, "alternate": 0.2365092446277299, "sfR": 0.11706348985084018, "unknown": 0.09871369341392838}, "keymash": {"sft": 0.0, "sfb": 0.09232265929979107, "dsfb": 0.0, "sfT": 0.0009933788426725995, "roll-out": 0.1876541892263549, "roll-in": 0.17359090032141142, "bad-redirect": 0.007380558508782372, "redirect": 0.04617569669927303, "oneh-out": 0.0068305057611868, "oneh-in": 0.014978675193852545, "dsfb-red": 0.02112777232742095, "dsfb-alt": 0.033056528181993575, "alternate": 0.27558874115913357, "sfR": 0.09899307508220005, "unknown": 0.04130731939592715}, "movie": {"sft": 0.0, "sfb": 0.08521947032133166, "dsfb": 0.0, "sfT": 0.0012845265024229136, "roll-out": 0.17043472951182861, "roll-in": 0.1597992553931097, "bad-redirect": 0.005517370980492068, "redirect": 0.03998784562362834, "oneh-out": 0.0063922334114015576, "oneh-in": 0.014294025629205455, "dsfb-red": 0.0179942936545233, "dsfb-alt": 0.030652426552285335, "alternate": 0.25100826973977447, "sfR": 0.1138359467128768, "unknown": 0.10357960596711975}}