{"english-450k": {"sft": 0.0, "sfb": 0.04292811616200891, "dsfb": 0.0, "sfT": 7.454828126744941e-05, "roll-out": 0.17342298227037228, "roll-in": 0.24047258348091943, "bad-redirect": 0.015702791496935334, "redirect": 0.05515461898227271, "oneh-out": 0.010589364094390402, "oneh-in": 0.015374194366956459, "dsfb-red": 0.02232355591208799, "dsfb-alt": 0.04184175767891149, "alternate": 0.25913333384006676, "sfR": 0.11328269117541298, "unknown": 0.00969946225839779}, "shai": {"sft": 0.0, "sfb": 0.019711465668080554, "dsfb": 0.0, "sfT": 1.6189920031161434e-05, "roll-out": 0.17817198579529006, "roll-in": 0.22733821846011606, "bad-redirect": 0.016321753895876093, "redirect": 0.04634551743185681, "oneh-out": 0.010453056895319066, "oneh-in": 0.021734210976912856, "dsfb-red": 0.02292007327148317, "dsfb-alt": 0.04098061606380663, "alternate": 0.21269972470556253, "sfR": 0.09728563198976478, "unknown": 0.10602155492590025}, "tr-quotes": {"sft": 0.0, "sfb": 0.01767642911629412, "dsfb": 0.0, "sfT": 1.5025080326390976e-05, "roll-out": 0.1720545063683225, "roll-in": 0.22002727629966945, "bad-redirect": 0.02091606758974596, "redirect": 0.04738332447238853, "oneh-out": 0.011395945539862694, "oneh-in": 0.022712142576454545, "dsfb-red": 0.021088278125794595, "dsfb-alt": 0.041142137259887655, "alternate": 0.21206513950209196, "sfR": 0.09591664547745082, "unknown": 0.11760708259171078}, "gutenberg": {"sft": 0.0, "sfb": 0.017042490290417947, "dsfb": 0.0, "sfT": 2.8604953468644234e-05, "roll-out": 0.1803218379307745, "roll-in": 0.20837420431817347, "bad-redirect": 0.017293304584407913, "redirect": 0.046294180918942655, "oneh-out": 0.01031369593805872, "oneh-in": 0.02913045109064436, "dsfb-red": 0.01917175967444153, "dsfb-alt": 0.03859736463132004, "alternate": 0.20121311523855964, "sfR": 0.09761014138424484, "unknown": 0.13460884904654574}, "english-200": {"sft": 0.0, "sfb": 0.013363028953229399, "dsfb": 0.0, "sfT": 0.0, "roll-out": 0.19376391982182628, "roll-in": 0.26280623608017817, "bad-redirect": 0.017817371937639197, "redirect": 0.035634743875278395, "oneh-out": 0.0066815144766146995, "oneh-in": 0.017817371937639197, "dsfb-red": 0.035634743875278395, "dsfb-alt": 0.0400890868596882, "alternate": 0.26948775055679286, "sfR": 0.10690423162583519, "unknown": 0.0}, "monkeyracer": {"sft": 0.0, "sfb": 0.017463479675305378, "dsfb": 0.0, "sfT": 1.4662871263900401e-05, "roll-out": 0.17171884042103946, "roll-in": 0.2203673147004082, "bad-redirect": 0.021124309867525847, "redirect": 0.04725550150929821, "oneh-out": 0.011350039883009838, "oneh-in": 0.02262872045920203, "dsfb-red": 0.02096008570937016, "dsfb-alt": 0.04117334250903233, "alternate": 0.2120348937235091, "sfR": 0.09605353707555875, "unknown": 0.1178552715954768}, "chained-bigrams": {"sft": 0.0, "sfb": 0.021499127659146203, "dsfb": 0.0, "sfT": 4.220480498458226e-05, "roll-out": 0.16596617512137127, "roll-in": 0.2163210526008224, "bad-redirect": 0.011869289771048673, "redirect": 0.05316896401488466, "oneh-out": 0.01066353095787376, "oneh-in": 0.017665632757161993, "dsfb-red": 0.027675313890120765, "dsfb-alt": 0.04255153369014791, "alternate": 0.20987605422733066, "sfR": 0.11643721321023381, "unknown": 0.10626390729487328}, "english-5k": {"sft": 0.0, "sfb": 0.027294976562824078, "dsfb": 0.0, "sfT": 4.148172729912474e-05, "roll-out": 0.19915377276309784, "roll-in": 0.2493881445223379, "bad-redirect": 0.015099348736881403, "redirect": 0.05546106939892977, "oneh-out": 0.011407475007259303, "oneh-in": 0.013647488281412039, "dsfb-red": 0.027834239017712696, "dsfb-alt": 0.04268469739079935, "alternate": 0.24843406479445804, "sfR": 0.10644211224955408, "unknown": 0.003111129547434355}, "mt-quotes": {"sft": 0.0, "sfb": 0.016693859743488602, "dsfb": 0.0, "sfT": 8.96475060063829e-06, "roll-out": 0.17386685552407932, "roll-in": 0.22224961451572417, "bad-redirect": 0.022023403975568068, "redirect": 0.047738791073499, "oneh-out": 0.011902200547447436, "oneh-in": 0.023275480809457214, "dsfb-red": 0.020810174394281684, "dsfb-alt": 0.04158448978616081, "alternate": 0.21379884294952248, "sfR": 0.09572710103871578, "unknown": 0.1103202208914548}, "english-1k": {"sft": 0.0, "sfb": 0.015172900494001412, "dsfb": 0.0, "sfT": 0.0, "roll-out": 0.19442484121383205, "roll-in": 0.25688073394495414, "bad-redirect": 0.019407198306280876, "redirect": 0.05187014820042343, "oneh-out": 0.008821453775582216, "oneh-in": 0.02081863091037403, "dsfb-red": 0.030345800988002825, "dsfb-alt": 0.040931545518701484, "alternate": 0.25299929428369794, "sfR": 0.10832745236414962, "unknown": 0.0}, "english-10k": {"sft": 0.0, "sfb": 0.029794870805271993, "dsfb": 0.0, "sfT": 1.929719611740414e-05, "roll-out": 0.18434611450956176, "roll-in": 0.25508963547596536, "bad-redirect": 0.015360568109453696, "redirect": 0.0517164855946431, "oneh-out": 0.011153779355859594, "oneh-in": 0.013816792420061366, "dsfb-red": 0.025935431581791166, "dsfb-alt": 0.04482738658072982, "alternate": 0.2547422859458521, "sfR": 0.10543987958549622, "unknown": 0.0077574728391964646}, "reddit": {"sft": 0.0, "sfb": 0.018003006706562557, "dsfb": 0.0, "sfT": 3.719521136937373e-05, "roll-out": 0.16278366264954638, "roll-in": 0.21948156318026174, "bad-redirect": 0.01744796275684314, "redirect": 0.0457047115994559, "oneh-out": 0.011180813114289872, "oneh-in": 0.018970644063365207, "dsfb-red": 0.023159581503304588, "dsfb-alt": 0.041360475724131394, "alternate": 0.20102858056818027, "sfR": 0.1028716913164539, "unknown": 0.13797011160623568}, "akl": {"sft": 0.0, "sfb": 0.022127085271727017, "dsfb": 0.0, "sfT": 8.741745060480361e-05, "roll-out": 0.16062209999887242, "roll-in": 0.2101192111340218, "bad-redirect": 0.01866817934170137, "redirect": 0.044125367652024274, "oneh-out": 0.011258884394727395, "oneh-in": 0.017681433958439352, "dsfb-red": 0.02353728797241202, "dsfb-alt": 0.04132776141565963, "alternate": 0.19405905801532525, "sfR": 0.11706348985084018, "unknown": 0.13932272354364447}, "keymash": {"sft": 0.0, "sfb": 0.017499066141790462, "dsfb": 0.0, "sfT": 2.873409875499255e-05, "roll-out": 0.17284791862503232, "roll-in": 0.22200785672357387, "bad-redirect": 0.020294483463526167, "redirect": 0.047103397601934216, "oneh-out": 0.01098463546690858, "oneh-in": 0.02307348130025902, "dsfb-red": 0.02118934539618165, "dsfb-alt": 0.04187789649977629, "alternate": 0.21373654115338672, "sfR": 0.09899307508220005, "unknown": 0.11036356844667566}, "movie": {"sft": 0.0, "sfb": 0.013939106258543167, "dsfb": 0.0, "sfT": 1.1975403311185856e-05, "roll-out": 0.13638484156080827, "roll-in": 0.1902549431767113, "bad-redirect": 0.025891216752299575, "redirect": 0.041890618771721046, "oneh-out": 0.008432131507299271, "oneh-in": 0.01732801379777018, "dsfb-red": 0.01916959395092111, "dsfb-alt": 0.036795940048762264, "alternate": 0.1800242640094782, "sfR": 0.1138359467128768, "unknown": 0.21604140804949762}}