{"english-450k": {"sft": 0.0, "sfb": 0.03497162195426419, "dsfb": 0.0, "sfT": 2.163361887761277e-05, "roll-out": 0.1554053935535324, "roll-in": 0.26948121997239083, "bad-redirect": 0.0028676238860878877, "redirect": 0.051890573647562624, "oneh-out": 0.0038958054751765917, "oneh-in": 0.014794764196477695, "dsfb-red": 0.02139594141616008, "dsfb-alt": 0.04346866428774818, "alternate": 0.2617647419957072, "sfR": 0.11328269117541298, "unknown": 0.026759324820601754}, "shai": {"sft": 0.0, "sfb": 0.019231128583340584, "dsfb": 0.0, "sfT": 6.043256308069679e-05, "roll-out": 0.13325220311409997, "roll-in": 0.30444289645294065, "bad-redirect": 0.003903229871629377, "redirect": 0.0418592027329421, "oneh-out": 0.005133923111387578, "oneh-in": 0.022237828570614678, "dsfb-red": 0.018503952306655275, "dsfb-alt": 0.04139702560631502, "alternate": 0.23845524398592657, "sfR": 0.09728563198976478, "unknown": 0.07423730111130274}, "tr-quotes": {"sft": 0.0, "sfb": 0.019986824160329163, "dsfb": 0.0, "sfT": 7.165807540278773e-05, "roll-out": 0.13871616467488038, "roll-in": 0.315191511985391, "bad-redirect": 0.0038776264996185942, "redirect": 0.043201729040012946, "oneh-out": 0.005849379348604979, "oneh-in": 0.028840063798802617, "dsfb-red": 0.020875615450405678, "dsfb-alt": 0.042362636092554494, "alternate": 0.23398095282124778, "sfR": 0.09591664547745082, "unknown": 0.05112919257529877}, "gutenberg": {"sft": 0.0, "sfb": 0.02089525548012183, "dsfb": 0.0, "sfT": 0.00010494797497767487, "roll-out": 0.1351792431849172, "roll-in": 0.31759473638546293, "bad-redirect": 0.0033937598767600097, "redirect": 0.03884306413230568, "oneh-out": 0.004877239284792811, "oneh-in": 0.017753635954797353, "dsfb-red": 0.018089128488525626, "dsfb-alt": 0.03966559862211265, "alternate": 0.22177931903540307, "sfR": 0.09761014138424484, "unknown": 0.08421393019557832}, "english-200": {"sft": 0.0, "sfb": 0.008908685968819599, "dsfb": 0.0, "sfT": 0.0, "roll-out": 0.155902004454343, "roll-in": 0.35634743875278396, "bad-redirect": 0.0022271714922048997, "redirect": 0.042316258351893093, "oneh-out": 0.0066815144766146995, "oneh-in": 0.015590200445434299, "dsfb-red": 0.0200445434298441, "dsfb-alt": 0.035634743875278395, "alternate": 0.24944320712694878, "sfR": 0.10690423162583519, "unknown": 0.0}, "monkeyracer": {"sft": 0.0, "sfb": 0.01988187590909802, "dsfb": 0.0, "sfT": 7.42918810704287e-05, "roll-out": 0.13895905344323317, "roll-in": 0.3151099910849743, "bad-redirect": 0.0038631778156622927, "redirect": 0.043362020426357194, "oneh-out": 0.005837777812534213, "oneh-in": 0.029147833023132147, "dsfb-red": 0.02103437759044059, "dsfb-alt": 0.042185080626241454, "alternate": 0.23354825844190374, "sfR": 0.09605353707555875, "unknown": 0.050942724869793704}, "chained-bigrams": {"sft": 0.0, "sfb": 0.019877164538354104, "dsfb": 0.0, "sfT": 4.155550029251176e-05, "roll-out": 0.10653726457023496, "roll-in": 0.2921299726188211, "bad-redirect": 0.004088022341275845, "redirect": 0.053343626977051625, "oneh-out": 0.004807451940089955, "oneh-in": 0.017618882819332916, "dsfb-red": 0.022388675087282782, "dsfb-alt": 0.0446422947986149, "alternate": 0.2389610086039365, "sfR": 0.11643721321023381, "unknown": 0.07912686699447896}, "english-5k": {"sft": 0.0, "sfb": 0.02260754137802298, "dsfb": 0.0, "sfT": 0.0, "roll-out": 0.14983199900443855, "roll-in": 0.29364914755050403, "bad-redirect": 0.0038163189115194758, "redirect": 0.0464595345750197, "oneh-out": 0.004770398639399345, "oneh-in": 0.024764591197577467, "dsfb-red": 0.019745302194383373, "dsfb-alt": 0.0467913883934127, "alternate": 0.26855270253453356, "sfR": 0.10644211224955408, "unknown": 0.012568963371634795}, "mt-quotes": {"sft": 0.0, "sfb": 0.019396732049581047, "dsfb": 0.0, "sfT": 7.022387970499993e-05, "roll-out": 0.1403850061557954, "roll-in": 0.3209171537514493, "bad-redirect": 0.003929549013279784, "redirect": 0.04362695879800624, "oneh-out": 0.00601235940282808, "oneh-in": 0.03043383416406689, "dsfb-red": 0.02129875330201647, "dsfb-alt": 0.042373387839016986, "alternate": 0.2343834044536881, "sfR": 0.09572710103871578, "unknown": 0.04144553615185092}, "english-1k": {"sft": 0.0, "sfb": 0.017290049400141144, "dsfb": 0.0, "sfT": 0.0, "roll-out": 0.17466478475652789, "roll-in": 0.3168666196189132, "bad-redirect": 0.0038814396612561752, "redirect": 0.043754410726887794, "oneh-out": 0.007057163020465773, "oneh-in": 0.016231474947071278, "dsfb-red": 0.019407198306280876, "dsfb-alt": 0.04163726182074806, "alternate": 0.24382498235709246, "sfR": 0.10832745236414962, "unknown": 0.007057163020465773}, "english-10k": {"sft": 0.0, "sfb": 0.024565330657455472, "dsfb": 0.0, "sfT": 1.929719611740414e-05, "roll-out": 0.15291098203431042, "roll-in": 0.29852762393624205, "bad-redirect": 0.004245383145828911, "redirect": 0.04463441461955578, "oneh-out": 0.004920785009938056, "oneh-in": 0.021998803573840722, "dsfb-red": 0.02101464657185311, "dsfb-alt": 0.0433222052835723, "alternate": 0.2604928503888385, "sfR": 0.10543987958549622, "unknown": 0.017907797996951042}, "reddit": {"sft": 0.0, "sfb": 0.019472910517798172, "dsfb": 0.0, "sfT": 0.00014039038490676006, "roll-out": 0.1304009797361013, "roll-in": 0.2956942141593892, "bad-redirect": 0.003411508827682227, "redirect": 0.042180231213374844, "oneh-out": 0.005831669755966826, "oneh-in": 0.024091971434227498, "dsfb-red": 0.016357689829020017, "dsfb-alt": 0.04165680132044873, "alternate": 0.22810680681732412, "sfR": 0.1028716913164539, "unknown": 0.08978313468730645}, "akl": {"sft": 0.0, "sfb": 0.021186247989739386, "dsfb": 0.0, "sfT": 0.00022842532982275755, "roll-out": 0.12550450896855958, "roll-in": 0.2798358980535337, "bad-redirect": 0.0038202850862112015, "redirect": 0.03776458647828609, "oneh-out": 0.006910005624207063, "oneh-in": 0.022964768722915925, "dsfb-red": 0.016265469512250278, "dsfb-alt": 0.03796451285185214, "alternate": 0.21888325972548567, "sfR": 0.11706348985084018, "unknown": 0.11160854180629606}, "keymash": {"sft": 0.0, "sfb": 0.01957202612340064, "dsfb": 0.0, "sfT": 7.388768251283799e-05, "roll-out": 0.1396189858505088, "roll-in": 0.317220345383867, "bad-redirect": 0.0037970059069097296, "redirect": 0.042317117723602596, "oneh-out": 0.005997216897292016, "oneh-in": 0.02803216577112059, "dsfb-red": 0.02088558492362887, "dsfb-alt": 0.04238279566361401, "alternate": 0.233628747234343, "sfR": 0.09899307508220005, "unknown": 0.04748104575699983}, "movie": {"sft": 0.0, "sfb": 0.016930061933890773, "dsfb": 0.0, "sfT": 4.8691200276250186e-05, "roll-out": 0.12000459539652338, "roll-in": 0.2814947514176048, "bad-redirect": 0.003768962097058933, "redirect": 0.04043251472020523, "oneh-out": 0.006780578633064299, "oneh-in": 0.037118486351132775, "dsfb-red": 0.019763100202937027, "dsfb-alt": 0.04063135905430635, "alternate": 0.21186896697933874, "sfR": 0.1138359467128768, "unknown": 0.10732198530078463}}