{"english-450k": {"sft": 0.0, "sfb": 0.044811118042964365, "dsfb": 0.0, "sfT": 6.080800981815482e-05, "roll-out": 0.1796207217326073, "roll-in": 0.25474784847813337, "bad-redirect": 0.002930478319313384, "redirect": 0.054445387098528274, "oneh-out": 0.0074381643932851585, "oneh-in": 0.011526333668751875, "dsfb-red": 0.03810001865168763, "dsfb-alt": 0.039381956743286706, "alternate": 0.24395559612021508, "sfR": 0.11328269117541298, "unknown": 0.009698877565995693}, "shai": {"sft": 0.0, "sfb": 0.0251835657488018, "dsfb": 0.0, "sfT": 7.414542147668171e-05, "roll-out": 0.15869324780865193, "roll-in": 0.28586752349260736, "bad-redirect": 0.0022437572628221224, "redirect": 0.037356187220033976, "oneh-out": 0.0062624027250155045, "oneh-in": 0.013248281615898772, "dsfb-red": 0.03586585534641243, "dsfb-alt": 0.041202553045500835, "alternate": 0.22929749680536457, "sfR": 0.09728563198976478, "unknown": 0.06741935151764922}, "tr-quotes": {"sft": 0.0, "sfb": 0.0288805159381429, "dsfb": 0.0, "sfT": 2.080395737500289e-05, "roll-out": 0.17553685767781604, "roll-in": 0.28883867686831094, "bad-redirect": 0.0020769284112711218, "redirect": 0.03813827697001919, "oneh-out": 0.009241580176140173, "oneh-in": 0.009987055315411109, "dsfb-red": 0.04337393957606158, "dsfb-alt": 0.04220198331060308, "alternate": 0.21951180046693328, "sfR": 0.09591664547745082, "unknown": 0.04627493585446476}, "gutenberg": {"sft": 0.0, "sfb": 0.027219223438027462, "dsfb": 0.0, "sfT": 3.447749358472352e-05, "roll-out": 0.15759056119887718, "roll-in": 0.3025983527335538, "bad-redirect": 0.0020154178804828215, "redirect": 0.032745473124036, "oneh-out": 0.006579897044899926, "oneh-in": 0.01054973416336952, "dsfb-red": 0.03870837458319173, "dsfb-alt": 0.040982563102337916, "alternate": 0.20322019790081317, "sfR": 0.09761014138424484, "unknown": 0.08014558595258095}, "english-200": {"sft": 0.0, "sfb": 0.015590200445434299, "dsfb": 0.0, "sfT": 0.0, "roll-out": 0.18485523385300667, "roll-in": 0.31625835189309576, "bad-redirect": 0.0, "redirect": 0.028953229398663696, "oneh-out": 0.008908685968819599, "oneh-in": 0.008908685968819599, "dsfb-red": 0.0556792873051225, "dsfb-alt": 0.044543429844097995, "alternate": 0.22939866369710468, "sfR": 0.10690423162583519, "unknown": 0.0}, "monkeyracer": {"sft": 0.0, "sfb": 0.028970901043214415, "dsfb": 0.0, "sfT": 2.4438118773167336e-05, "roll-out": 0.17598866853308726, "roll-in": 0.2889660916214399, "bad-redirect": 0.002100700689741464, "redirect": 0.038263251325523565, "oneh-out": 0.009307990678323975, "oneh-in": 0.009923831271407791, "dsfb-red": 0.0431352346841422, "dsfb-alt": 0.042308248744858216, "alternate": 0.21880034252467273, "sfR": 0.09605353707555875, "unknown": 0.046156763689256614}, "chained-bigrams": {"sft": 0.0, "sfb": 0.024022974997224222, "dsfb": 0.0, "sfT": 7.726725835638906e-05, "roll-out": 0.12865453029623228, "roll-in": 0.2731520950789847, "bad-redirect": 0.002706951261241899, "redirect": 0.053392974133648984, "oneh-out": 0.006232026434492623, "oneh-in": 0.013989269590658843, "dsfb-red": 0.03304051856069928, "dsfb-alt": 0.04381118479276467, "alternate": 0.23100767543076497, "sfR": 0.11643721321023381, "unknown": 0.07347531895469736}, "english-5k": {"sft": 0.0, "sfb": 0.028083129381507446, "dsfb": 0.0, "sfT": 4.148172729912474e-05, "roll-out": 0.16090762019330485, "roll-in": 0.2853113203633799, "bad-redirect": 0.0035259468204256023, "redirect": 0.04160617248102211, "oneh-out": 0.005600033185381839, "oneh-in": 0.022731986559920356, "dsfb-red": 0.035259468204256024, "dsfb-alt": 0.044924710664952086, "alternate": 0.2625378520761604, "sfR": 0.10644211224955408, "unknown": 0.0030281660928361057}, "mt-quotes": {"sft": 0.0, "sfb": 0.02853480116183168, "dsfb": 0.0, "sfT": 1.792950120127658e-05, "roll-out": 0.17923524700876156, "roll-in": 0.2939437133192288, "bad-redirect": 0.002090281015048828, "redirect": 0.03797169529410358, "oneh-out": 0.009683424773789459, "oneh-in": 0.00973273090209297, "dsfb-red": 0.044252997214950816, "dsfb-alt": 0.0426811776096389, "alternate": 0.2189565627950897, "sfR": 0.09572710103871578, "unknown": 0.03717233836554667}, "english-1k": {"sft": 0.0, "sfb": 0.021524347212420608, "dsfb": 0.0, "sfT": 0.0, "roll-out": 0.18489767113620326, "roll-in": 0.2974594213126323, "bad-redirect": 0.004234297812279464, "redirect": 0.03916725476358504, "oneh-out": 0.009527170077628794, "oneh-in": 0.013408609738884969, "dsfb-red": 0.04728299223712068, "dsfb-alt": 0.04269583627381793, "alternate": 0.23147494707127736, "sfR": 0.10832745236414962, "unknown": 0.0}, "english-10k": {"sft": 0.0, "sfb": 0.028038825958588216, "dsfb": 0.0, "sfT": 0.00011578317670442484, "roll-out": 0.16537697072615348, "roll-in": 0.2906350707242238, "bad-redirect": 0.0036664672623067866, "redirect": 0.04181702398641477, "oneh-out": 0.005692672854634221, "oneh-in": 0.02012697555045252, "dsfb-red": 0.03515949132591035, "dsfb-alt": 0.042009995947588814, "alternate": 0.2541633700623299, "sfR": 0.10543987958549622, "unknown": 0.0077574728391964646}, "reddit": {"sft": 0.0, "sfb": 0.027026010615056346, "dsfb": 0.0, "sfT": 0.00011784102212291014, "roll-out": 0.15939953519095884, "roll-in": 0.2767201614714171, "bad-redirect": 0.0014097097481232431, "redirect": 0.03953899663201669, "oneh-out": 0.008236548059640443, "oneh-in": 0.009387539454361606, "dsfb-red": 0.03536320674413234, "dsfb-alt": 0.03983977966051223, "alternate": 0.22021554119313472, "sfR": 0.1028716913164539, "unknown": 0.07987343889206965}, "akl": {"sft": 0.0, "sfb": 0.02761449734470268, "dsfb": 0.0, "sfT": 0.0001257051787931584, "roll-out": 0.16206396132270348, "roll-in": 0.2630088751945209, "bad-redirect": 0.00147785674466831, "redirect": 0.03643963282936027, "oneh-out": 0.0070482255620520785, "oneh-in": 0.007622231713613741, "dsfb-red": 0.03564513149232554, "dsfb-alt": 0.03448348925360118, "alternate": 0.20844706585278605, "sfR": 0.11706348985084018, "unknown": 0.09895983766003248}, "keymash": {"sft": 0.0, "sfb": 0.02792954398985276, "dsfb": 0.0, "sfT": 3.694384125641899e-05, "roll-out": 0.17493319322039463, "roll-in": 0.29204927487449356, "bad-redirect": 0.002356196097909389, "redirect": 0.037834598317823764, "oneh-out": 0.00921133108660047, "oneh-in": 0.010024095594241687, "dsfb-red": 0.04360194242507584, "dsfb-alt": 0.042785073046183904, "alternate": 0.21786604163160422, "sfR": 0.09899307508220005, "unknown": 0.0423786907923633}, "movie": {"sft": 0.0, "sfb": 0.023362827479576343, "dsfb": 0.0, "sfT": 3.053069855159471e-05, "roll-out": 0.17016403275786038, "roll-in": 0.24411714892229924, "bad-redirect": 0.0012497846730366161, "redirect": 0.03974570560063293, "oneh-out": 0.011806563284281993, "oneh-in": 0.006974817042814962, "dsfb-red": 0.0411144547197499, "dsfb-alt": 0.04126802939737797, "alternate": 0.2025465760940156, "sfR": 0.1138359467128768, "unknown": 0.10378358261692566}}