{"english-450k": {"sft": 0.0, "sfb": 0.04147106269598159, "dsfb": 0.0, "sfT": 6.110035601920364e-05, "roll-out": 0.16786080344921742, "roll-in": 0.2678803321754475, "bad-redirect": 0.0028676238860878877, "redirect": 0.053337687342754285, "oneh-out": 0.004645965827067867, "oneh-in": 0.015375071405559606, "dsfb-red": 0.03417497855640615, "dsfb-alt": 0.03454011896151613, "alternate": 0.2548036866025337, "sfR": 0.11328269117541298, "unknown": 0.009698877565995693}, "shai": {"sft": 0.0, "sfb": 0.023389054576789376, "dsfb": 0.0, "sfT": 0.0001123966716961339, "roll-out": 0.14057889472271307, "roll-in": 0.3074251741606554, "bad-redirect": 0.002053805339492134, "redirect": 0.03942733973178996, "oneh-out": 0.004913247882963792, "oneh-in": 0.0172027053847914, "dsfb-red": 0.030176814981764184, "dsfb-alt": 0.037028704190228426, "alternate": 0.23333977498372105, "sfR": 0.09728563198976478, "unknown": 0.06706645538363028}, "tr-quotes": {"sft": 0.0, "sfb": 0.025190125054899332, "dsfb": 0.0, "sfT": 7.974850327084441e-05, "roll-out": 0.14553177226601327, "roll-in": 0.323821686969788, "bad-redirect": 0.0019058736506322091, "redirect": 0.0439275559973186, "oneh-out": 0.006350985876424493, "oneh-in": 0.016917084672106515, "dsfb-red": 0.03355793902128938, "dsfb-alt": 0.03589491689974804, "alternate": 0.22556112896142022, "sfR": 0.09591664547745082, "unknown": 0.045344536649638244}, "gutenberg": {"sft": 0.0, "sfb": 0.024547785995545204, "dsfb": 0.0, "sfT": 0.00011896629654508993, "roll-out": 0.1438520377524766, "roll-in": 0.3212487823951098, "bad-redirect": 0.0019392642957517287, "redirect": 0.038759901386790876, "oneh-out": 0.005214436749522525, "oneh-in": 0.013371394970756645, "dsfb-red": 0.03221580789292124, "dsfb-alt": 0.03515586668651964, "alternate": 0.2107741788578705, "sfR": 0.09761014138424484, "unknown": 0.07519143533594529}, "english-200": {"sft": 0.0, "sfb": 0.011135857461024499, "dsfb": 0.0, "sfT": 0.0, "roll-out": 0.15812917594654788, "roll-in": 0.34966592427616927, "bad-redirect": 0.0, "redirect": 0.0400890868596882, "oneh-out": 0.0066815144766146995, "oneh-in": 0.013363028953229399, "dsfb-red": 0.042316258351893093, "dsfb-alt": 0.026726057906458798, "alternate": 0.24498886414253898, "sfR": 0.10690423162583519, "unknown": 0.0}, "monkeyracer": {"sft": 0.0, "sfb": 0.025237734019425372, "dsfb": 0.0, "sfT": 8.406712857969564e-05, "roll-out": 0.145708861848382, "roll-in": 0.32437008305050286, "bad-redirect": 0.0019345214820839264, "redirect": 0.044015984484727155, "oneh-out": 0.0063685737522874075, "oneh-in": 0.016873054725745656, "dsfb-red": 0.033292537967061324, "dsfb-alt": 0.035663035488058555, "alternate": 0.22515229835619438, "sfR": 0.09605353707555875, "unknown": 0.04524571062139293}, "chained-bigrams": {"sft": 0.0, "sfb": 0.022740598230384993, "dsfb": 0.0, "sfT": 8.96040475057285e-05, "roll-out": 0.11584764454983382, "roll-in": 0.28701085442653734, "bad-redirect": 0.0032608081635780327, "redirect": 0.052339801923110635, "oneh-out": 0.004786024885251628, "oneh-in": 0.017298775606142163, "dsfb-red": 0.032137985038721284, "dsfb-alt": 0.04177106945027917, "alternate": 0.23350165475300774, "sfR": 0.11643721321023381, "unknown": 0.07277796571541365}, "english-5k": {"sft": 0.0, "sfb": 0.0271705313809267, "dsfb": 0.0, "sfT": 4.148172729912474e-05, "roll-out": 0.15265275646077903, "roll-in": 0.29547434355166546, "bad-redirect": 0.0034015016385282285, "redirect": 0.04214543493591073, "oneh-out": 0.005102252457792342, "oneh-in": 0.024432737379184468, "dsfb-red": 0.03173352138383042, "dsfb-alt": 0.03861948811548513, "alternate": 0.26975567262620814, "sfR": 0.10644211224955408, "unknown": 0.0030281660928361057}, "mt-quotes": {"sft": 0.0, "sfb": 0.024514110517445405, "dsfb": 0.0, "sfT": 7.918863030563824e-05, "roll-out": 0.14716385173497806, "roll-in": 0.33160313646741013, "bad-redirect": 0.0019214448787368069, "redirect": 0.04457273998637358, "oneh-out": 0.006568173940067654, "oneh-in": 0.016837295753098815, "dsfb-red": 0.03363275600339465, "dsfb-alt": 0.03559155400963412, "alternate": 0.2255083013590562, "sfR": 0.09572710103871578, "unknown": 0.03628034568078316}, "english-1k": {"sft": 0.0, "sfb": 0.01834862385321101, "dsfb": 0.0, "sfT": 0.0, "roll-out": 0.17889908256880735, "roll-in": 0.3066337332392378, "bad-redirect": 0.0038814396612561752, "redirect": 0.043754410726887794, "oneh-out": 0.008115737473535639, "oneh-in": 0.015172900494001412, "dsfb-red": 0.043754410726887794, "dsfb-alt": 0.033168666196189134, "alternate": 0.2399435426958363, "sfR": 0.10832745236414962, "unknown": 0.0}, "english-10k": {"sft": 0.0, "sfb": 0.027556396055653114, "dsfb": 0.0, "sfT": 0.00011578317670442484, "roll-out": 0.15663534088496942, "roll-in": 0.3004959379402173, "bad-redirect": 0.0035892784778371704, "redirect": 0.04199069875147141, "oneh-out": 0.005036568186642481, "oneh-in": 0.022172478338897357, "dsfb-red": 0.03178248200536462, "dsfb-alt": 0.03699272495706374, "alternate": 0.2604349588004863, "sfR": 0.10543987958549622, "unknown": 0.0077574728391964646}, "reddit": {"sft": 0.0, "sfb": 0.023657427982972608, "dsfb": 0.0, "sfT": 0.00020837558997766976, "roll-out": 0.13659010558682938, "roll-in": 0.3060232456960964, "bad-redirect": 0.0013169651928860132, "redirect": 0.042727933510094865, "oneh-out": 0.005858414349036042, "oneh-in": 0.016062675242166858, "dsfb-red": 0.027459917290285775, "dsfb-alt": 0.037903755798641685, "alternate": 0.22094633532588043, "sfR": 0.1028716913164539, "unknown": 0.07837315711867839}, "akl": {"sft": 0.0, "sfb": 0.02717152443766913, "dsfb": 0.0, "sfT": 0.00022198208753863312, "roll-out": 0.13722507645464557, "roll-in": 0.2916932605296519, "bad-redirect": 0.0014049985434555182, "redirect": 0.04074601098250647, "oneh-out": 0.005306815426261986, "oneh-in": 0.01338453480596114, "dsfb-red": 0.026088502145661635, "dsfb-alt": 0.03745376199232982, "alternate": 0.20352634932954966, "sfR": 0.11706348985084018, "unknown": 0.09871369341392838}, "keymash": {"sft": 0.0, "sfb": 0.024932987976832105, "dsfb": 0.0, "sfT": 7.79925537635512e-05, "roll-out": 0.14595690706161002, "roll-in": 0.3248964546227008, "bad-redirect": 0.002163267149125868, "redirect": 0.0436224667813294, "oneh-out": 0.006362550438605493, "oneh-in": 0.016727350346656376, "dsfb-red": 0.03446039414973749, "dsfb-alt": 0.035823211404974284, "alternate": 0.22467602303653747, "sfR": 0.09899307508220005, "unknown": 0.04130731939592715}, "movie": {"sft": 0.0, "sfb": 0.02097590588333141, "dsfb": 0.0, "sfT": 5.316552678812182e-05, "roll-out": 0.12205291575409048, "roll-in": 0.2957639050553178, "bad-redirect": 0.0012280710296701802, "redirect": 0.04012470737575618, "oneh-out": 0.007300653291150085, "oneh-in": 0.019097346737538243, "dsfb-red": 0.03358903232029756, "dsfb-alt": 0.03798189977008542, "alternate": 0.20441684457597795, "sfR": 0.1138359467128768, "unknown": 0.10357960596711975}}