{"english-450k": {"sft": 0.0, "sfb": 0.04147106269598159, "dsfb": 0.0, "sfT": 6.110035601920364e-05, "roll-out": 0.16786138814161952, "roll-in": 0.2678797474830454, "bad-redirect": 0.0028676238860878877, "redirect": 0.053337687342754285, "oneh-out": 0.004645965827067867, "oneh-in": 0.015375071405559606, "dsfb-red": 0.03417497855640615, "dsfb-alt": 0.03454011896151613, "alternate": 0.2548036866025337, "sfR": 0.11328269117541298, "unknown": 0.009698877565995693}, "shai": {"sft": 0.0, "sfb": 0.02099531510236612, "dsfb": 0.0, "sfT": 6.255354710581667e-05, "roll-out": 0.1455171222241041, "roll-in": 0.3038854840472586, "bad-redirect": 0.002170010493452352, "redirect": 0.04047150636001057, "oneh-out": 0.006032883612472377, "oneh-in": 0.01592930605427923, "dsfb-red": 0.030013251505666434, "dsfb-alt": 0.03475737800548855, "alternate": 0.23546020554038183, "sfR": 0.09728563198976478, "unknown": 0.06741935151764922}, "tr-quotes": {"sft": 0.0, "sfb": 0.020241094750468088, "dsfb": 0.0, "sfT": 1.271352950694621e-05, "roll-out": 0.15678440165507038, "roll-in": 0.3150828690968771, "bad-redirect": 0.002733408843993435, "redirect": 0.04525554194308962, "oneh-out": 0.008790827766348442, "oneh-in": 0.01278172025611983, "dsfb-red": 0.03509049721458126, "dsfb-alt": 0.033180000462310164, "alternate": 0.22785534314971914, "sfR": 0.09591664547745082, "unknown": 0.04627493585446476}, "gutenberg": {"sft": 0.0, "sfb": 0.018776783992440715, "dsfb": 0.0, "sfT": 1.629156290267155e-05, "roll-out": 0.14869252630234944, "roll-in": 0.3183310771413081, "bad-redirect": 0.002455290078854953, "redirect": 0.038972828325193234, "oneh-out": 0.007389170960251238, "oneh-in": 0.012485209723562488, "dsfb-red": 0.03131465714026998, "dsfb-alt": 0.030396267640826355, "alternate": 0.21341416979521505, "sfR": 0.09761014138424484, "unknown": 0.08014558595258095}, "english-200": {"sft": 0.0, "sfb": 0.011135857461024499, "dsfb": 0.0, "sfT": 0.0, "roll-out": 0.15812917594654788, "roll-in": 0.34966592427616927, "bad-redirect": 0.0, "redirect": 0.0400890868596882, "oneh-out": 0.0066815144766146995, "oneh-in": 0.013363028953229399, "dsfb-red": 0.042316258351893093, "dsfb-alt": 0.026726057906458798, "alternate": 0.24498886414253898, "sfR": 0.10690423162583519, "unknown": 0.0}, "monkeyracer": {"sft": 0.0, "sfb": 0.020252357789699235, "dsfb": 0.0, "sfT": 1.5640396014827094e-05, "roll-out": 0.1569552841077936, "roll-in": 0.31568477563851916, "bad-redirect": 0.0028113611836651704, "redirect": 0.04531609240345966, "oneh-out": 0.00878599246132912, "oneh-in": 0.012736169979823889, "dsfb-red": 0.03484386974678199, "dsfb-alt": 0.033042291630824096, "alternate": 0.22734586389727388, "sfR": 0.09605353707555875, "unknown": 0.046156763689256614}, "chained-bigrams": {"sft": 0.0, "sfb": 0.02055568794156777, "dsfb": 0.0, "sfT": 7.01249067436136e-05, "roll-out": 0.1190389771113603, "roll-in": 0.2853012351723157, "bad-redirect": 0.003227044319590367, "redirect": 0.05273587778527364, "oneh-out": 0.005430135139785561, "oneh-in": 0.016334558138417474, "dsfb-red": 0.03244510615807063, "dsfb-alt": 0.04067374452068003, "alternate": 0.2342749766412637, "sfR": 0.11643721321023381, "unknown": 0.07347531895469736}, "english-5k": {"sft": 0.0, "sfb": 0.027212013108225828, "dsfb": 0.0, "sfT": 4.148172729912474e-05, "roll-out": 0.15265275646077903, "roll-in": 0.29543286182436634, "bad-redirect": 0.0034015016385282285, "redirect": 0.04214543493591073, "oneh-out": 0.005102252457792342, "oneh-in": 0.024432737379184468, "dsfb-red": 0.03173352138383042, "dsfb-alt": 0.03861948811548513, "alternate": 0.26975567262620814, "sfR": 0.10644211224955408, "unknown": 0.0030281660928361057}, "mt-quotes": {"sft": 0.0, "sfb": 0.019393743799380834, "dsfb": 0.0, "sfT": 1.1953000800851053e-05, "roll-out": 0.15891962802261508, "roll-in": 0.3225293147344641, "bad-redirect": 0.0028702143173043593, "redirect": 0.04572919281385592, "oneh-out": 0.008934868098636162, "oneh-in": 0.012407214831283394, "dsfb-red": 0.03561396588613572, "dsfb-alt": 0.033054529589653485, "alternate": 0.22763593550160768, "sfR": 0.09572710103871578, "unknown": 0.03717233836554667}, "english-1k": {"sft": 0.0, "sfb": 0.01834862385321101, "dsfb": 0.0, "sfT": 0.0, "roll-out": 0.17889908256880735, "roll-in": 0.3066337332392378, "bad-redirect": 0.0038814396612561752, "redirect": 0.043754410726887794, "oneh-out": 0.008115737473535639, "oneh-in": 0.015172900494001412, "dsfb-red": 0.043754410726887794, "dsfb-alt": 0.033168666196189134, "alternate": 0.2399435426958363, "sfR": 0.10832745236414962, "unknown": 0.0}, "english-10k": {"sft": 0.0, "sfb": 0.027556396055653114, "dsfb": 0.0, "sfT": 0.00011578317670442484, "roll-out": 0.15663534088496942, "roll-in": 0.3004959379402173, "bad-redirect": 0.0035892784778371704, "redirect": 0.04199069875147141, "oneh-out": 0.005036568186642481, "oneh-in": 0.022172478338897357, "dsfb-red": 0.03178248200536462, "dsfb-alt": 0.03699272495706374, "alternate": 0.2604349588004863, "sfR": 0.10543987958549622, "unknown": 0.0077574728391964646}, "reddit": {"sft": 0.0, "sfb": 0.020568914429850413, "dsfb": 0.0, "sfT": 0.00011754136281681246, "roll-out": 0.14564562253003477, "roll-in": 0.2982295191760418, "bad-redirect": 0.0015338436156742043, "redirect": 0.04402100087331959, "oneh-out": 0.007064655428318966, "oneh-in": 0.013067617935133873, "dsfb-red": 0.028634769057254966, "dsfb-alt": 0.036901769993877585, "alternate": 0.2214696153891535, "sfR": 0.1028716913164539, "unknown": 0.07987343889206965}, "akl": {"sft": 0.0, "sfb": 0.026478690029367556, "dsfb": 0.0, "sfT": 0.00015686816791733716, "roll-out": 0.1443972105221616, "roll-in": 0.28493089188970505, "bad-redirect": 0.0014227794139895925, "redirect": 0.04011321024510218, "oneh-out": 0.005913719286024323, "oneh-in": 0.011179149271461356, "dsfb-red": 0.02845719909036288, "dsfb-alt": 0.03719974955612876, "alternate": 0.2037272050169067, "sfR": 0.11706348985084018, "unknown": 0.09895983766003248}, "keymash": {"sft": 0.0, "sfb": 0.02026164449352046, "dsfb": 0.0, "sfT": 4.104871250713221e-06, "roll-out": 0.1558537516470796, "roll-in": 0.3173968548476477, "bad-redirect": 0.0030293949830263573, "redirect": 0.04466510407901056, "oneh-out": 0.008632544240249904, "oneh-in": 0.012909820083493081, "dsfb-red": 0.03578626756371786, "dsfb-alt": 0.032399748781879456, "alternate": 0.22768899853456095, "sfR": 0.09899307508220005, "unknown": 0.0423786907923633}, "movie": {"sft": 0.0, "sfb": 0.016255623011145415, "dsfb": 0.0, "sfT": 6.1850984134696174e-06, "roll-out": 0.14258573171490802, "roll-in": 0.277618405484261, "bad-redirect": 0.0029805594460994337, "redirect": 0.043095396983961774, "oneh-out": 0.009957745250008915, "oneh-in": 0.010183830336697017, "dsfb-red": 0.03739339423593571, "dsfb-alt": 0.036705663931493326, "alternate": 0.20559793517727348, "sfR": 0.1138359467128768, "unknown": 0.10378358261692566}}