{"english-450k": {"sft": 0.0, "sfb": 0.043241803635734294, "dsfb": 0.0, "sfT": 0.00024206265446842398, "roll-out": 0.14964646573907167, "roll-in": 0.25191413675136715, "bad-redirect": 0.005574165015397875, "redirect": 0.032622035536434814, "oneh-out": 0.006109743255719315, "oneh-in": 0.012234103821491071, "dsfb-red": 0.014694197103316901, "dsfb-alt": 0.052760888288084964, "alternate": 0.3079788294575048, "sfR": 0.11328269117541298, "unknown": 0.009698877565995693}, "shai": {"sft": 0.0, "sfb": 0.027717673339354657, "dsfb": 0.0, "sfT": 0.0002926416097432742, "roll-out": 0.13754079410880432, "roll-in": 0.28494408652624, "bad-redirect": 0.00342479702802145, "redirect": 0.021802790750528, "oneh-out": 0.009436869452349539, "oneh-in": 0.014081731577550763, "dsfb-red": 0.015443678120702879, "dsfb-alt": 0.0535880508714148, "alternate": 0.2670219031078763, "sfR": 0.09728563198976478, "unknown": 0.06741935151764922}, "tr-quotes": {"sft": 0.0, "sfb": 0.029282725780726288, "dsfb": 0.0, "sfT": 0.0002138184507986408, "roll-out": 0.1468551351101454, "roll-in": 0.3014343172834655, "bad-redirect": 0.003063960611174037, "redirect": 0.022532997387947572, "oneh-out": 0.01542497861815492, "oneh-in": 0.011645593028362728, "dsfb-red": 0.01826356302443309, "dsfb-alt": 0.0577922378123483, "alternate": 0.25129909156052793, "sfR": 0.09591664547745082, "unknown": 0.04627493585446476}, "gutenberg": {"sft": 0.0, "sfb": 0.02769452031387401, "dsfb": 0.0, "sfT": 0.00021084313384503995, "roll-out": 0.13578866129954387, "roll-in": 0.3093824626250709, "bad-redirect": 0.0028013910721477546, "redirect": 0.019363280256936892, "oneh-out": 0.008933080700446275, "oneh-in": 0.011829947908674802, "dsfb-red": 0.016673088573438768, "dsfb-alt": 0.05461803294154019, "alternate": 0.2349489638376557, "sfR": 0.09761014138424484, "unknown": 0.08014558595258095}, "english-200": {"sft": 0.0, "sfb": 0.013363028953229399, "dsfb": 0.0, "sfT": 0.0, "roll-out": 0.1714922048997773, "roll-in": 0.30957683741648107, "bad-redirect": 0.0, "redirect": 0.0200445434298441, "oneh-out": 0.0066815144766146995, "oneh-in": 0.008908685968819599, "dsfb-red": 0.015590200445434299, "dsfb-alt": 0.08685968819599109, "alternate": 0.26057906458797325, "sfR": 0.10690423162583519, "unknown": 0.0}, "monkeyracer": {"sft": 0.0, "sfb": 0.02922016985470072, "dsfb": 0.0, "sfT": 0.00021994306895850604, "roll-out": 0.14752412531085288, "roll-in": 0.30121154417629853, "bad-redirect": 0.003074315341664451, "redirect": 0.022544653330622333, "oneh-out": 0.01570100254938455, "oneh-in": 0.011569005427217418, "dsfb-red": 0.01826700502056712, "dsfb-alt": 0.05796819525470385, "alternate": 0.2504897399002143, "sfR": 0.09605353707555875, "unknown": 0.046156763689256614}, "chained-bigrams": {"sft": 0.0, "sfb": 0.02633514900568726, "dsfb": 0.0, "sfT": 0.0002493330017550706, "roll-out": 0.11272448898097473, "roll-in": 0.28088856048500466, "bad-redirect": 0.003516634212253808, "redirect": 0.033706055870071534, "oneh-out": 0.005119118192283793, "oneh-in": 0.014644418024957974, "dsfb-red": 0.018529207997615753, "dsfb-alt": 0.05006463828209562, "alternate": 0.26430986378236865, "sfR": 0.11643721321023381, "unknown": 0.07347531895469736}, "english-5k": {"sft": 0.0, "sfb": 0.0310283320197453, "dsfb": 0.0, "sfT": 0.00016592690919649896, "roll-out": 0.14190898909030572, "roll-in": 0.2708341975359854, "bad-redirect": 0.00543410627618534, "redirect": 0.02522089019786784, "oneh-out": 0.00472891691210022, "oneh-in": 0.022980876923715105, "dsfb-red": 0.015099348736881403, "dsfb-alt": 0.05284772057908491, "alternate": 0.3202804164765421, "sfR": 0.10644211224955408, "unknown": 0.0030281660928361057}, "mt-quotes": {"sft": 0.0, "sfb": 0.028630425168238487, "dsfb": 0.0, "sfT": 0.00022710701521617003, "roll-out": 0.15001912480128135, "roll-in": 0.3074969221022938, "bad-redirect": 0.003088356581919891, "redirect": 0.02228636999318679, "oneh-out": 0.016808907376196794, "oneh-in": 0.01126869150500233, "dsfb-red": 0.018476350987915516, "dsfb-alt": 0.059017941454202076, "alternate": 0.24978036361028436, "sfR": 0.09572710103871578, "unknown": 0.03717233836554667}, "english-1k": {"sft": 0.0, "sfb": 0.02611150317572336, "dsfb": 0.0, "sfT": 0.0, "roll-out": 0.17184191954834158, "roll-in": 0.29075511644318985, "bad-redirect": 0.0056457304163726185, "redirect": 0.024347212420606917, "oneh-out": 0.007410021171489062, "oneh-in": 0.012702893436838392, "dsfb-red": 0.01799576570218772, "dsfb-alt": 0.06104446012702894, "alternate": 0.273817925194072, "sfR": 0.10832745236414962, "unknown": 0.0}, "english-10k": {"sft": 0.0, "sfb": 0.03083691939561182, "dsfb": 0.0, "sfT": 0.00027016074564365796, "roll-out": 0.14415005499700895, "roll-in": 0.27996372127129926, "bad-redirect": 0.005576889677929797, "redirect": 0.02661083344590031, "oneh-out": 0.004843596225468439, "oneh-in": 0.02016556994268733, "dsfb-red": 0.015457054090040718, "dsfb-alt": 0.05144632484899944, "alternate": 0.3074815229347176, "sfR": 0.10543987958549622, "unknown": 0.0077574728391964646}, "reddit": {"sft": 0.0, "sfb": 0.030583977928593808, "dsfb": 0.0, "sfT": 0.0002720157351101632, "roll-out": 0.13880245278633524, "roll-in": 0.27878683679074623, "bad-redirect": 0.0022470702215999297, "redirect": 0.02198514176788128, "oneh-out": 0.011694541537181071, "oneh-in": 0.010366114375836823, "dsfb-red": 0.017549921835742874, "dsfb-alt": 0.053006659740790954, "alternate": 0.2519601370716581, "sfR": 0.1028716913164539, "unknown": 0.07987343889206965}, "akl": {"sft": 0.0, "sfb": 0.030879734280688204, "dsfb": 0.0, "sfT": 0.00029075130807111507, "roll-out": 0.1365539260348002, "roll-in": 0.2652876145642553, "bad-redirect": 0.0027975442821119114, "redirect": 0.02190250110557364, "oneh-out": 0.0139676482326744, "oneh-in": 0.008596524292076633, "dsfb-red": 0.017010903081121288, "dsfb-alt": 0.05236639844192489, "alternate": 0.23432312686582976, "sfR": 0.11706348985084018, "unknown": 0.09895983766003248}, "keymash": {"sft": 0.0, "sfb": 0.029251312532582417, "dsfb": 0.0, "sfT": 0.0002093484337863743, "roll-out": 0.14846498339579578, "roll-in": 0.3033499854277071, "bad-redirect": 0.003210009318057739, "redirect": 0.022293555762623506, "oneh-out": 0.014826794957576156, "oneh-in": 0.011715302549535534, "dsfb-red": 0.019173853612081456, "dsfb-alt": 0.0574681975099851, "alternate": 0.24866489062570551, "sfR": 0.09899307508220005, "unknown": 0.0423786907923633}, "movie": {"sft": 0.0, "sfb": 0.030298428366493137, "dsfb": 0.0, "sfT": 0.00029622673465361937, "roll-out": 0.1417627188324008, "roll-in": 0.2651025298500087, "bad-redirect": 0.0016647126580934184, "redirect": 0.023033832883115196, "oneh-out": 0.020669282919429616, "oneh-in": 0.008069579461999085, "dsfb-red": 0.018015875700051153, "dsfb-alt": 0.051673733689928385, "alternate": 0.2217935495740244, "sfR": 0.1138359467128768, "unknown": 0.10378358261692566}}