{"english-450k": {"sft": 0.0, "sfb": 0.03466407375076083, "dsfb": 0.0, "sfT": 1.6079041057685168e-05, "roll-out": 0.1526114409101088, "roll-in": 0.2762200922527672, "bad-redirect": 0.003088929960281845, "redirect": 0.04871920205858501, "oneh-out": 0.0037762358789476236, "oneh-in": 0.014825168201386773, "dsfb-red": 0.0192086071399128, "dsfb-alt": 0.04442463636517782, "alternate": 0.2794639656996049, "sfR": 0.11328269117541298, "unknown": 0.009698877565995693}, "shai": {"sft": 0.0, "sfb": 0.020115048675809294, "dsfb": 0.0, "sfT": 6.905583389815499e-05, "roll-out": 0.12969099352774757, "roll-in": 0.3040997034337957, "bad-redirect": 0.004048176681375252, "redirect": 0.033895623744245866, "oneh-out": 0.003998972174237754, "oneh-in": 0.0211412024214516, "dsfb-red": 0.012896171174867237, "dsfb-alt": 0.04488307572408382, "alternate": 0.26045699310107373, "sfR": 0.09728563198976478, "unknown": 0.06741935151764922}, "tr-quotes": {"sft": 0.0, "sfb": 0.02294329765839902, "dsfb": 0.0, "sfT": 8.552738031945632e-05, "roll-out": 0.1393980721666166, "roll-in": 0.3106400684219043, "bad-redirect": 0.004086821848778345, "redirect": 0.036158433693164745, "oneh-out": 0.003500843716049097, "oneh-in": 0.0250387184762257, "dsfb-red": 0.014354730588751993, "dsfb-alt": 0.04317052310395044, "alternate": 0.25843138161392476, "sfR": 0.09591664547745082, "unknown": 0.04627493585446476}, "gutenberg": {"sft": 0.0, "sfb": 0.02136638474685374, "dsfb": 0.0, "sfT": 3.7697918809670215e-05, "roll-out": 0.13117511800964082, "roll-in": 0.320734461543008, "bad-redirect": 0.003270815407878221, "redirect": 0.031013831536904367, "oneh-out": 0.0038472715231436805, "oneh-in": 0.017421742719849906, "dsfb-red": 0.010410877005140935, "dsfb-alt": 0.038687347100840604, "alternate": 0.24427872515110424, "sfR": 0.09761014138424484, "unknown": 0.08014558595258095}, "english-200": {"sft": 0.0, "sfb": 0.008908685968819599, "dsfb": 0.0, "sfT": 0.0, "roll-out": 0.15367483296213807, "roll-in": 0.3429844097995546, "bad-redirect": 0.0022271714922048997, "redirect": 0.031180400890868598, "oneh-out": 0.0066815144766146995, "oneh-in": 0.015590200445434299, "dsfb-red": 0.008908685968819599, "dsfb-alt": 0.031180400890868598, "alternate": 0.29175946547884185, "sfR": 0.10690423162583519, "unknown": 0.0}, "monkeyracer": {"sft": 0.0, "sfb": 0.023016797785319926, "dsfb": 0.0, "sfT": 9.579742559081596e-05, "roll-out": 0.13939405195739557, "roll-in": 0.3106837590127782, "bad-redirect": 0.0040762782113643115, "redirect": 0.036131269843752443, "oneh-out": 0.0034907408855592223, "oneh-in": 0.025336464019268968, "dsfb-red": 0.01436179364061498, "dsfb-alt": 0.043185088446439465, "alternate": 0.25801765800710075, "sfR": 0.09605353707555875, "unknown": 0.046156763689256614}, "chained-bigrams": {"sft": 0.0, "sfb": 0.020742687692884076, "dsfb": 0.0, "sfT": 5.584020351806268e-05, "roll-out": 0.1015012573785362, "roll-in": 0.29315976986044495, "bad-redirect": 0.003739345721633988, "redirect": 0.04458775320448098, "oneh-out": 0.0036588319398172466, "oneh-in": 0.01604951337859853, "dsfb-red": 0.018949308133385363, "dsfb-alt": 0.04688759042379468, "alternate": 0.26075556989797477, "sfR": 0.11643721321023381, "unknown": 0.07347531895469736}, "english-5k": {"sft": 0.0, "sfb": 0.019413448375990378, "dsfb": 0.0, "sfT": 0.0, "roll-out": 0.14344381300037334, "roll-in": 0.2993321441904841, "bad-redirect": 0.00394076409341685, "redirect": 0.039573567843365, "oneh-out": 0.004397063093707222, "oneh-in": 0.024598664288380968, "dsfb-red": 0.012983780644626042, "dsfb-alt": 0.046583979756917075, "alternate": 0.29626249637034885, "sfR": 0.10644211224955408, "unknown": 0.0030281660928361057}, "mt-quotes": {"sft": 0.0, "sfb": 0.02288103178302913, "dsfb": 0.0, "sfT": 7.918863030563824e-05, "roll-out": 0.14103046819904136, "roll-in": 0.3158401166612878, "bad-redirect": 0.004204468031699358, "redirect": 0.03596657940976082, "oneh-out": 0.0034917703589486143, "oneh-in": 0.026330966639174766, "dsfb-red": 0.014446695592928605, "dsfb-alt": 0.04316228589187315, "alternate": 0.2596669893976883, "sfR": 0.09572710103871578, "unknown": 0.03717233836554667}, "english-1k": {"sft": 0.0, "sfb": 0.014114326040931546, "dsfb": 0.0, "sfT": 0.0, "roll-out": 0.17678193366266762, "roll-in": 0.31545518701482006, "bad-redirect": 0.0038814396612561752, "redirect": 0.03987297106563162, "oneh-out": 0.0067043048694424845, "oneh-in": 0.016231474947071278, "dsfb-red": 0.008821453775582216, "dsfb-alt": 0.040931545518701484, "alternate": 0.26887791107974596, "sfR": 0.10832745236414962, "unknown": 0.0}, "english-10k": {"sft": 0.0, "sfb": 0.0223654503000714, "dsfb": 0.0, "sfT": 0.0, "roll-out": 0.14619555778545376, "roll-in": 0.3049535902433376, "bad-redirect": 0.004689218656529206, "redirect": 0.03803477354740356, "oneh-out": 0.0045927326759421854, "oneh-in": 0.021747940024314467, "dsfb-red": 0.014704463441461955, "dsfb-alt": 0.0461588931128307, "alternate": 0.28336002778796243, "sfR": 0.10543987958549622, "unknown": 0.0077574728391964646}, "reddit": {"sft": 0.0, "sfb": 0.02195618718742959, "dsfb": 0.0, "sfT": 0.00012424623979074792, "roll-out": 0.13202842942751775, "roll-in": 0.2902893341701319, "bad-redirect": 0.003689742493393917, "redirect": 0.035728229236372575, "oneh-out": 0.004206879540891977, "oneh-in": 0.021324655199828745, "dsfb-red": 0.012178154199809454, "dsfb-alt": 0.04280475866469566, "alternate": 0.2529242534316141, "sfR": 0.1028716913164539, "unknown": 0.07987343889206965}, "akl": {"sft": 0.0, "sfb": 0.021356188504983168, "dsfb": 0.0, "sfT": 8.766526761573148e-05, "roll-out": 0.1299227765021397, "roll-in": 0.2746322364580704, "bad-redirect": 0.004259478783828106, "redirect": 0.03290892192041828, "oneh-out": 0.006186503860803168, "oneh-in": 0.020628287989635303, "dsfb-red": 0.01358377968274714, "dsfb-alt": 0.039356129276717555, "alternate": 0.24105470424216877, "sfR": 0.11706348985084018, "unknown": 0.09895983766003248}, "keymash": {"sft": 0.0, "sfb": 0.022917496192731916, "dsfb": 0.0, "sfT": 8.209742501426443e-05, "roll-out": 0.1385640339390755, "roll-in": 0.31370657559325654, "bad-redirect": 0.0039324666581832665, "redirect": 0.0360161403537578, "oneh-out": 0.003948886143186119, "oneh-in": 0.02451429110925936, "dsfb-red": 0.014280847081231297, "dsfb-alt": 0.04256340999864539, "alternate": 0.2581019896310952, "sfR": 0.09899307508220005, "unknown": 0.0423786907923633}, "movie": {"sft": 0.0, "sfb": 0.024115830311956625, "dsfb": 0.0, "sfT": 0.00011277934766688218, "roll-out": 0.1283489511454868, "roll-in": 0.26597620790037096, "bad-redirect": 0.0038163373189493387, "redirect": 0.03708927163096702, "oneh-out": 0.00348089442839755, "oneh-in": 0.028772551428106325, "dsfb-red": 0.01635721654253262, "dsfb-alt": 0.040755982207445834, "alternate": 0.23355444840831757, "sfR": 0.1138359467128768, "unknown": 0.10378358261692566}}