{"english-450k": {"sft": 0.0, "sfb": 0.016434534038160534, "dsfb": 0.0, "sfT": 1.1109155639855206e-05, "roll-out": 0.2039526960459007, "roll-in": 0.2595844240282851, "bad-redirect": 0.02648276531440957, "redirect": 0.06378409414483181, "oneh-out": 0.0075170978675683404, "oneh-in": 0.0182415259068433, "dsfb-red": 0.024243685760576648, "dsfb-alt": 0.0267110876974287, "alternate": 0.2300554112989468, "sfR": 0.11328269117541298, "unknown": 0.009698877565995693}, "shai": {"sft": 0.0, "sfb": 0.012347211742015269, "dsfb": 0.0, "sfT": 9.060627012419058e-06, "roll-out": 0.1928372356859123, "roll-in": 0.2701692343990788, "bad-redirect": 0.020713255190295616, "redirect": 0.05718951657974761, "oneh-out": 0.009282409177761065, "oneh-in": 0.019144756540449025, "dsfb-red": 0.016411922809805326, "dsfb-alt": 0.022134430599390086, "alternate": 0.21540887927513747, "sfR": 0.09728563198976478, "unknown": 0.06706645538363028}, "tr-quotes": {"sft": 0.0, "sfb": 0.012937749936432352, "dsfb": 0.0, "sfT": 9.246203277779062e-06, "roll-out": 0.20330205034557686, "roll-in": 0.2720972700584822, "bad-redirect": 0.024145304084510297, "redirect": 0.05824299022214004, "oneh-out": 0.01012343681375835, "oneh-in": 0.02162802524213495, "dsfb-red": 0.015782113219759135, "dsfb-alt": 0.02089179630614179, "alternate": 0.21957883544069717, "sfR": 0.09591664547745082, "unknown": 0.045344536649638244}, "gutenberg": {"sft": 0.0, "sfb": 0.014063407520564309, "dsfb": 0.0, "sfT": 5.2095113932961354e-05, "roll-out": 0.1910587356307468, "roll-in": 0.26686811373632596, "bad-redirect": 0.021403324918551656, "redirect": 0.051035404597175954, "oneh-out": 0.009424100828861678, "oneh-in": 0.021041879546245874, "dsfb-red": 0.015315016312400948, "dsfb-alt": 0.02138949603376218, "alternate": 0.21554684904124152, "sfR": 0.09761014138424484, "unknown": 0.07519143533594529}, "english-200": {"sft": 0.0, "sfb": 0.008908685968819599, "dsfb": 0.0, "sfT": 0.0, "roll-out": 0.21603563474387527, "roll-in": 0.267260579064588, "bad-redirect": 0.0378619153674833, "redirect": 0.07349665924276169, "oneh-out": 0.0066815144766146995, "oneh-in": 0.0334075723830735, "dsfb-red": 0.004454342984409799, "dsfb-alt": 0.0200445434298441, "alternate": 0.22494432071269488, "sfR": 0.10690423162583519, "unknown": 0.0}, "monkeyracer": {"sft": 0.0, "sfb": 0.01297566354380093, "dsfb": 0.0, "sfT": 8.797722758340242e-06, "roll-out": 0.2034189905688412, "roll-in": 0.2716169823419929, "bad-redirect": 0.02420351283294493, "redirect": 0.05833085693729765, "oneh-out": 0.010265964934232135, "oneh-in": 0.021695184322067036, "dsfb-red": 0.01576063155919108, "dsfb-alt": 0.02070006412562366, "alternate": 0.21972410341429846, "sfR": 0.09605353707555875, "unknown": 0.04524571062139293}, "chained-bigrams": {"sft": 0.0, "sfb": 0.012707542128511683, "dsfb": 0.0, "sfT": 2.4024273606608363e-05, "roll-out": 0.17894902243932084, "roll-in": 0.23948369888105323, "bad-redirect": 0.023774940604853294, "redirect": 0.056836886220390896, "oneh-out": 0.007285847949723039, "oneh-in": 0.02111603789082461, "dsfb-red": 0.02269709481601627, "dsfb-alt": 0.03273664396481028, "alternate": 0.21517308190524176, "sfR": 0.11643721321023381, "unknown": 0.07277796571541365}, "english-5k": {"sft": 0.0, "sfb": 0.0119052557348488, "dsfb": 0.0, "sfT": 0.0, "roll-out": 0.20429750694818932, "roll-in": 0.27108308789978014, "bad-redirect": 0.023271249014808978, "redirect": 0.0620566640394906, "oneh-out": 0.009706724187995189, "oneh-in": 0.020491973285767618, "dsfb-red": 0.02269050483262123, "dsfb-alt": 0.027543866926618824, "alternate": 0.2374828887874891, "sfR": 0.10644211224955408, "unknown": 0.0030281660928361057}, "mt-quotes": {"sft": 0.0, "sfb": 0.012629839471199245, "dsfb": 0.0, "sfT": 7.470625500531909e-06, "roll-out": 0.20627144069518652, "roll-in": 0.2755121860843165, "bad-redirect": 0.024860747540670084, "redirect": 0.058837152317089206, "oneh-out": 0.010370722319838396, "oneh-in": 0.022283381742986576, "dsfb-red": 0.015376041405194774, "dsfb-alt": 0.02036641923955009, "alternate": 0.22147715183896918, "sfR": 0.09572710103871578, "unknown": 0.03628034568078316}, "english-1k": {"sft": 0.0, "sfb": 0.009880028228652082, "dsfb": 0.0, "sfT": 0.0, "roll-out": 0.22653493295695132, "roll-in": 0.2515878616796048, "bad-redirect": 0.022935779816513763, "redirect": 0.061750176429075515, "oneh-out": 0.009880028228652082, "oneh-in": 0.02364149611856034, "dsfb-red": 0.015172900494001412, "dsfb-alt": 0.022935779816513763, "alternate": 0.24735356386732535, "sfR": 0.10832745236414962, "unknown": 0.0}, "english-10k": {"sft": 0.0, "sfb": 0.013739603635591749, "dsfb": 0.0, "sfT": 0.0, "roll-out": 0.2030643947434438, "roll-in": 0.27376932131761256, "bad-redirect": 0.023851334401111517, "redirect": 0.06441404063989502, "oneh-out": 0.008876710214005904, "oneh-in": 0.01943227649022597, "dsfb-red": 0.021265510121379363, "dsfb-alt": 0.02473900542251211, "alternate": 0.23365045058952935, "sfR": 0.10543987958549622, "unknown": 0.0077574728391964646}, "reddit": {"sft": 0.0, "sfb": 0.013828715115208702, "dsfb": 0.0, "sfT": 2.7194082028363876e-05, "roll-out": 0.18862204851971112, "roll-in": 0.25876041807717237, "bad-redirect": 0.021379118278711997, "redirect": 0.058130721502821385, "oneh-out": 0.011608089827371892, "oneh-in": 0.020578615899885324, "dsfb-red": 0.014510926982953318, "dsfb-alt": 0.0216606107393775, "alternate": 0.20964869253962573, "sfR": 0.1028716913164539, "unknown": 0.07837315711867839}, "akl": {"sft": 0.0, "sfb": 0.015990268721614884, "dsfb": 0.0, "sfT": 4.8076500120005385e-05, "roll-out": 0.19295819289853094, "roll-in": 0.23780768185648643, "bad-redirect": 0.021154651320846082, "redirect": 0.05444645052314791, "oneh-out": 0.009459423124127451, "oneh-in": 0.019994805755450953, "dsfb-red": 0.012938216369280059, "dsfb-alt": 0.02325087346203214, "alternate": 0.19617417620359456, "sfR": 0.11706348985084018, "unknown": 0.09871369341392838}, "keymash": {"sft": 0.0, "sfb": 0.013032966221014478, "dsfb": 0.0, "sfT": 1.2314613752139664e-05, "roll-out": 0.20511631152688897, "roll-in": 0.27159059656093887, "bad-redirect": 0.023541436622840323, "redirect": 0.057932047961315694, "oneh-out": 0.01001588585174026, "oneh-in": 0.022211458337609243, "dsfb-red": 0.01610340991654797, "dsfb-alt": 0.020536670867318245, "alternate": 0.21960650704190662, "sfR": 0.09899307508220005, "unknown": 0.04130731939592715}, "movie": {"sft": 0.0, "sfb": 0.013800138940997977, "dsfb": 0.0, "sfT": 6.948365877259485e-05, "roll-out": 0.18620988881430217, "roll-in": 0.24509268369972584, "bad-redirect": 0.020533737145687625, "redirect": 0.04941880472578366, "oneh-out": 0.009577427496499827, "oneh-in": 0.019666244193738865, "dsfb-red": 0.013669593885122193, "dsfb-alt": 0.02161678735723773, "alternate": 0.20292965740213498, "sfR": 0.1138359467128768, "unknown": 0.10357960596711975}}