{"english-450k": {"sft": 0.0, "sfb": 0.016434534038160534, "dsfb": 0.0, "sfT": 1.1109155639855206e-05, "roll-out": 0.2039526960459007, "roll-in": 0.2595844240282851, "bad-redirect": 0.02648276531440957, "redirect": 0.06378409414483181, "oneh-out": 0.0075170978675683404, "oneh-in": 0.0182415259068433, "dsfb-red": 0.024243685760576648, "dsfb-alt": 0.0267110876974287, "alternate": 0.2300554112989468, "sfR": 0.11328269117541298, "unknown": 0.009698877565995693}, "shai": {"sft": 0.0, "sfb": 0.012450690991824769, "dsfb": 0.0, "sfT": 1.2989091949456796e-05, "roll-out": 0.19438231836248887, "roll-in": 0.2687323180373745, "bad-redirect": 0.02050303006564523, "redirect": 0.05738239840254295, "oneh-out": 0.009548437856561412, "oneh-in": 0.01868735936869607, "dsfb-red": 0.016405060574994124, "dsfb-alt": 0.021155952549407317, "alternate": 0.2163873573251202, "sfR": 0.09728563198976478, "unknown": 0.06706645538363028}, "tr-quotes": {"sft": 0.0, "sfb": 0.01306719678232126, "dsfb": 0.0, "sfT": 8.09042786805668e-06, "roll-out": 0.20740736460091075, "roll-in": 0.26801853863757197, "bad-redirect": 0.023988118628788056, "redirect": 0.05905550033517487, "oneh-out": 0.010701324518619541, "oneh-in": 0.019893206352141653, "dsfb-red": 0.016128845842675852, "dsfb-alt": 0.021058227965141812, "alternate": 0.21941240378169713, "sfR": 0.09591664547745082, "unknown": 0.045344536649638244}, "gutenberg": {"sft": 0.0, "sfb": 0.01579921671681058, "dsfb": 0.0, "sfT": 1.5154942235043302e-06, "roll-out": 0.19154142054093293, "roll-in": 0.265764265631281, "bad-redirect": 0.020375440961459844, "redirect": 0.05169237134306508, "oneh-out": 0.009519198091386575, "oneh-in": 0.02107995633861142, "dsfb-red": 0.014488693087035213, "dsfb-alt": 0.01890294888654745, "alternate": 0.21803339618845624, "sfR": 0.09761014138424484, "unknown": 0.07519143533594529}, "english-200": {"sft": 0.0, "sfb": 0.008908685968819599, "dsfb": 0.0, "sfT": 0.0, "roll-out": 0.21603563474387527, "roll-in": 0.267260579064588, "bad-redirect": 0.0378619153674833, "redirect": 0.07349665924276169, "oneh-out": 0.0066815144766146995, "oneh-in": 0.0334075723830735, "dsfb-red": 0.004454342984409799, "dsfb-alt": 0.0200445434298441, "alternate": 0.22494432071269488, "sfR": 0.10690423162583519, "unknown": 0.0}, "monkeyracer": {"sft": 0.0, "sfb": 0.01312326978119086, "dsfb": 0.0, "sfT": 7.820198007413547e-06, "roll-out": 0.20748158343369255, "roll-in": 0.2675592771008962, "bad-redirect": 0.02403440105103461, "redirect": 0.05913340475780847, "oneh-out": 0.01084074948777703, "oneh-in": 0.019954212740666593, "dsfb-red": 0.016141866212052488, "dsfb-alt": 0.02096692838262665, "alternate": 0.21945723915729545, "sfR": 0.09605353707555875, "unknown": 0.04524571062139293}, "chained-bigrams": {"sft": 0.0, "sfb": 0.012640014440536352, "dsfb": 0.0, "sfT": 2.0128445454185387e-05, "roll-out": 0.17979766367185698, "roll-in": 0.23865518609397127, "bad-redirect": 0.023387305703687206, "redirect": 0.05694921593211909, "oneh-out": 0.007511156677871502, "oneh-in": 0.020993319304023286, "dsfb-red": 0.02292110493478059, "dsfb-alt": 0.03141725683052304, "alternate": 0.216492469039529, "sfR": 0.11643721321023381, "unknown": 0.07277796571541365}, "english-5k": {"sft": 0.0, "sfb": 0.011863774007549675, "dsfb": 0.0, "sfT": 0.0, "roll-out": 0.20429750694818932, "roll-in": 0.27112456962707926, "bad-redirect": 0.023271249014808978, "redirect": 0.0620566640394906, "oneh-out": 0.009706724187995189, "oneh-in": 0.020491973285767618, "dsfb-red": 0.02269050483262123, "dsfb-alt": 0.027543866926618824, "alternate": 0.2374828887874891, "sfR": 0.10644211224955408, "unknown": 0.0030281660928361057}, "mt-quotes": {"sft": 0.0, "sfb": 0.012880852488017116, "dsfb": 0.0, "sfT": 4.482375300319145e-06, "roll-out": 0.21036982584477834, "roll-in": 0.2713136945530175, "bad-redirect": 0.02466053477725583, "redirect": 0.05968133299864931, "oneh-out": 0.010966878234780842, "oneh-in": 0.02037837224035094, "dsfb-red": 0.01589300868983158, "dsfb-alt": 0.02086993939828594, "alternate": 0.22097363168023332, "sfR": 0.09572710103871578, "unknown": 0.03628034568078316}, "english-1k": {"sft": 0.0, "sfb": 0.009880028228652082, "dsfb": 0.0, "sfT": 0.0, "roll-out": 0.22653493295695132, "roll-in": 0.2515878616796048, "bad-redirect": 0.022935779816513763, "redirect": 0.061750176429075515, "oneh-out": 0.009880028228652082, "oneh-in": 0.02364149611856034, "dsfb-red": 0.015172900494001412, "dsfb-alt": 0.022935779816513763, "alternate": 0.24735356386732535, "sfR": 0.10832745236414962, "unknown": 0.0}, "english-10k": {"sft": 0.0, "sfb": 0.013739603635591749, "dsfb": 0.0, "sfT": 0.0, "roll-out": 0.2030643947434438, "roll-in": 0.27376932131761256, "bad-redirect": 0.023851334401111517, "redirect": 0.06441404063989502, "oneh-out": 0.008876710214005904, "oneh-in": 0.01943227649022597, "dsfb-red": 0.021265510121379363, "dsfb-alt": 0.02473900542251211, "alternate": 0.23365045058952935, "sfR": 0.10543987958549622, "unknown": 0.0077574728391964646}, "reddit": {"sft": 0.0, "sfb": 0.014142458408692967, "dsfb": 0.0, "sfT": 3.1127110420895845e-05, "roll-out": 0.19099130482337237, "roll-in": 0.2565928324865149, "bad-redirect": 0.021221759685597457, "redirect": 0.05836280763539403, "oneh-out": 0.01189119295680767, "oneh-in": 0.0195805256661005, "dsfb-red": 0.01463183951296373, "dsfb-alt": 0.0229600458628568, "alternate": 0.20834925741614643, "sfR": 0.1028716913164539, "unknown": 0.07837315711867839}, "akl": {"sft": 0.0, "sfb": 0.016005447513534218, "dsfb": 0.0, "sfT": 4.603200977985052e-05, "roll-out": 0.19493143584804407, "roll-in": 0.23602544386814597, "bad-redirect": 0.021147526581781907, "redirect": 0.054627294986872514, "oneh-out": 0.009633824345567935, "oneh-in": 0.019185807123276943, "dsfb-red": 0.013194954792601323, "dsfb-alt": 0.02514407151701555, "alternate": 0.19428097814861114, "sfR": 0.11706348985084018, "unknown": 0.09871369341392838}, "keymash": {"sft": 0.0, "sfb": 0.013644592037370748, "dsfb": 0.0, "sfT": 4.104871250713221e-06, "roll-out": 0.20851104005122878, "roll-in": 0.2678838978215448, "bad-redirect": 0.02327872486279468, "redirect": 0.058597037103931236, "oneh-out": 0.010557728856834406, "oneh-in": 0.020512041639813967, "dsfb-red": 0.01656726036787856, "dsfb-alt": 0.020368371146039004, "alternate": 0.21977480676318586, "sfR": 0.09899307508220005, "unknown": 0.04130731939592715}, "movie": {"sft": 0.0, "sfb": 0.01341166212149665, "dsfb": 0.0, "sfT": 1.4344164405706134e-05, "roll-out": 0.1942239339884186, "roll-in": 0.2377068866070116, "bad-redirect": 0.02155072524226833, "redirect": 0.05059792135950042, "oneh-out": 0.010220414535823497, "oneh-in": 0.015781212803048436, "dsfb-red": 0.014530901738657483, "dsfb-alt": 0.025040173530173872, "alternate": 0.1995062712291988, "sfR": 0.1138359467128768, "unknown": 0.10357960596711975}}