{"english-450k": {"sft": 0.0, "sfb": 0.04504060981078769, "dsfb": 0.0, "sfT": 0.00031573389713272695, "roll-out": 0.17558137427271575, "roll-in": 0.24805253578171327, "bad-redirect": 0.0022355713994203358, "redirect": 0.0398789452850697, "oneh-out": 0.005528266661833209, "oneh-in": 0.0065269212846159825, "dsfb-red": 0.01891333747685349, "dsfb-alt": 0.04639738852985527, "alternate": 0.28870093626794346, "sfR": 0.11328269117541298, "unknown": 0.009545688156646111}, "shai": {"sft": 0.0, "sfb": 0.03264600033502259, "dsfb": 0.0, "sfT": 0.00017450512178937978, "roll-out": 0.13755974750072222, "roll-in": 0.30751854003225754, "bad-redirect": 0.002179318826628289, "redirect": 0.042594119827237334, "oneh-out": 0.003941790754553226, "oneh-in": 0.010341252396170092, "dsfb-red": 0.014159801593555676, "dsfb-alt": 0.03668871973998284, "alternate": 0.2537995454901532, "sfR": 0.09728563198976478, "unknown": 0.06111102639216282}, "tr-quotes": {"sft": 0.0, "sfb": 0.037250641455352396, "dsfb": 0.0, "sfT": 0.00023577818358336608, "roll-out": 0.11972099581609302, "roll-in": 0.3231790758419824, "bad-redirect": 0.0017891403342502484, "redirect": 0.049507639675458265, "oneh-out": 0.0035956172996463327, "oneh-in": 0.01145720163657798, "dsfb-red": 0.012186495920112804, "dsfb-alt": 0.03771410739465107, "alternate": 0.2650320149788493, "sfR": 0.09591664547745082, "unknown": 0.042414645985992004}, "gutenberg": {"sft": 0.0, "sfb": 0.035422404233078464, "dsfb": 0.0, "sfT": 0.0003707277744247468, "roll-out": 0.11268135256343953, "roll-in": 0.33768223344445697, "bad-redirect": 0.002079258074647941, "redirect": 0.03513976456039491, "oneh-out": 0.004037276611415536, "oneh-in": 0.011019916246211738, "dsfb-red": 0.011303692539562924, "dsfb-alt": 0.03605171320938864, "alternate": 0.2432910017909353, "sfR": 0.09761014138424484, "unknown": 0.07331051756779848}, "english-200": {"sft": 0.0, "sfb": 0.024498886414253896, "dsfb": 0.0, "sfT": 0.0, "roll-out": 0.10244988864142539, "roll-in": 0.40089086859688194, "bad-redirect": 0.0, "redirect": 0.0400890868596882, "oneh-out": 0.0, "oneh-in": 0.011135857461024499, "dsfb-red": 0.004454342984409799, "dsfb-alt": 0.028953229398663696, "alternate": 0.2806236080178174, "sfR": 0.10690423162583519, "unknown": 0.0}, "monkeyracer": {"sft": 0.0, "sfb": 0.03717233370348937, "dsfb": 0.0, "sfT": 0.00023753851447518652, "roll-out": 0.11924531179129455, "roll-in": 0.3236975460218653, "bad-redirect": 0.0017800725714375088, "redirect": 0.049933919326837356, "oneh-out": 0.0035855607863991114, "oneh-in": 0.011527949387678496, "dsfb-red": 0.012137924832256753, "dsfb-alt": 0.037520332514819274, "alternate": 0.26477137651125326, "sfR": 0.09605353707555875, "unknown": 0.042336596962635094}, "chained-bigrams": {"sft": 0.0, "sfb": 0.031080267695338448, "dsfb": 0.0, "sfT": 0.00024154134545022462, "roll-out": 0.11094734203877778, "roll-in": 0.27244370365993575, "bad-redirect": 0.0025952708542057736, "redirect": 0.04500850264494266, "oneh-out": 0.0028277219339670114, "oneh-in": 0.015482021077728914, "dsfb-red": 0.01803054199410561, "dsfb-alt": 0.04789660991527223, "alternate": 0.26936080498198506, "sfR": 0.11643721321023381, "unknown": 0.06764845864805673}, "english-5k": {"sft": 0.0, "sfb": 0.03596465756834115, "dsfb": 0.0, "sfT": 0.00029037209109387317, "roll-out": 0.1858381383000788, "roll-in": 0.2846061309992948, "bad-redirect": 0.0011200066370763678, "redirect": 0.03745799975110964, "oneh-out": 0.004770398639399345, "oneh-in": 0.00779856473223545, "dsfb-red": 0.01920603973949475, "dsfb-alt": 0.038909860206579, "alternate": 0.27668312108516196, "sfR": 0.10644211224955408, "unknown": 0.0009125980005807441}, "mt-quotes": {"sft": 0.0, "sfb": 0.0367569715877171, "dsfb": 0.0, "sfT": 0.00020320101361446792, "roll-out": 0.11592169589175362, "roll-in": 0.33148659470960185, "bad-redirect": 0.0017122673647219134, "redirect": 0.05151444520146783, "oneh-out": 0.003322934222636593, "oneh-in": 0.011864847419944776, "dsfb-red": 0.011551081148922436, "dsfb-alt": 0.03725302112095241, "alternate": 0.2681506317160923, "sfR": 0.09572710103871578, "unknown": 0.03453520756385891}, "english-1k": {"sft": 0.0, "sfb": 0.03705010585744531, "dsfb": 0.0, "sfT": 0.0007057163020465773, "roll-out": 0.14820042342978124, "roll-in": 0.3405081157374735, "bad-redirect": 0.0017642907551164433, "redirect": 0.038108680310515175, "oneh-out": 0.003175723359209598, "oneh-in": 0.01305575158786168, "dsfb-red": 0.01587861679604799, "dsfb-alt": 0.032462949894142556, "alternate": 0.2607621736062103, "sfR": 0.10832745236414962, "unknown": 0.0}, "english-10k": {"sft": 0.0, "sfb": 0.03562262403272805, "dsfb": 0.0, "sfT": 0.0002894579417610621, "roll-out": 0.18922830512726502, "roll-in": 0.27950058856448157, "bad-redirect": 0.0032226317516064916, "redirect": 0.03761023523282067, "oneh-out": 0.00563478126628201, "oneh-in": 0.0067540186410914495, "dsfb-red": 0.017676231643542192, "dsfb-alt": 0.03898033615715637, "alternate": 0.27228343721657244, "sfR": 0.10543987958549622, "unknown": 0.0077574728391964646}, "reddit": {"sft": 0.0, "sfb": 0.03234088044024447, "dsfb": 0.0, "sfT": 0.00021365708524764127, "roll-out": 0.12224796170803558, "roll-in": 0.301075758180184, "bad-redirect": 0.0017364882214227562, "redirect": 0.044512779252039135, "oneh-out": 0.0031662751430545436, "oneh-in": 0.00842080107547725, "dsfb-red": 0.012309292603640448, "dsfb-alt": 0.03450674298989193, "alternate": 0.25712266759710883, "sfR": 0.1028716913164539, "unknown": 0.07947500438719952}, "akl": {"sft": 0.0, "sfb": 0.035043493744045424, "dsfb": 0.0, "sfT": 0.0002754486076463195, "roll-out": 0.11325045341219862, "roll-in": 0.28587296825674735, "bad-redirect": 0.0016922184591209113, "redirect": 0.04239133007230929, "oneh-out": 0.0025899975354598264, "oneh-in": 0.006698307942621936, "dsfb-red": 0.015531311617376482, "dsfb-alt": 0.031942869257568736, "alternate": 0.2503506300933366, "sfR": 0.11706348985084018, "unknown": 0.09729748115072838}, "keymash": {"sft": 0.0, "sfb": 0.037699137566550224, "dsfb": 0.0, "sfT": 0.0002462922750427933, "roll-out": 0.11936144622823905, "roll-in": 0.32687910743679527, "bad-redirect": 0.0019416041015873537, "redirect": 0.047846379298313306, "oneh-out": 0.0033454700693312752, "oneh-in": 0.011653729480774835, "dsfb-red": 0.012848247014732382, "dsfb-alt": 0.037879751901581604, "alternate": 0.2624203141868455, "sfR": 0.09899307508220005, "unknown": 0.038885445358006344}, "movie": {"sft": 0.0, "sfb": 0.035830011913552326, "dsfb": 0.0, "sfT": 0.00015278509059655801, "roll-out": 0.09801670213447747, "roll-in": 0.28084742164960785, "bad-redirect": 0.0018034167799614391, "redirect": 0.05254978050138513, "oneh-out": 0.0023965282384616, "oneh-in": 0.009823778650329936, "dsfb-red": 0.012286763797276688, "dsfb-alt": 0.03804006601473975, "alternate": 0.25583304129579654, "sfR": 0.1138359467128768, "unknown": 0.0985837572209379}}