{"english-450k": {"sft": 0.0, "sfb": 0.046053881743622904, "dsfb": 0.0, "sfT": 0.00036484805890892887, "roll-out": 0.16109386593354036, "roll-in": 0.26478438590634046, "bad-redirect": 0.0012839845150064229, "redirect": 0.0419753598927908, "oneh-out": 0.004510901882183312, "oneh-in": 0.00664912199665439, "dsfb-red": 0.018785582186995154, "dsfb-alt": 0.046337457558640265, "alternate": 0.2853322309932579, "sfR": 0.11328269117541298, "unknown": 0.009545688156646111}, "shai": {"sft": 0.0, "sfb": 0.030106772193620762, "dsfb": 0.0, "sfT": 0.00011918149833123454, "roll-out": 0.14241119656629717, "roll-in": 0.30488522225280706, "bad-redirect": 0.0018126788709429214, "redirect": 0.04489774070304583, "oneh-out": 0.006891986643683663, "oneh-in": 0.006701349657995196, "dsfb-red": 0.014270441099654358, "dsfb-alt": 0.03759532429845744, "alternate": 0.25191144783323677, "sfR": 0.09728563198976478, "unknown": 0.06111102639216282}, "tr-quotes": {"sft": 0.0, "sfb": 0.03568572155058829, "dsfb": 0.0, "sfT": 0.0001941702688333603, "roll-out": 0.13878088809782482, "roll-in": 0.30614756940431337, "bad-redirect": 0.0015325581932918795, "redirect": 0.04906266614271515, "oneh-out": 0.00816324171886919, "oneh-in": 0.0067474168419592705, "dsfb-red": 0.013709807910126904, "dsfb-alt": 0.03832435681098449, "alternate": 0.26332031159705044, "sfR": 0.09591664547745082, "unknown": 0.042414645985992004}, "gutenberg": {"sft": 0.0, "sfb": 0.030470716294556003, "dsfb": 0.0, "sfT": 0.0002945741896936542, "roll-out": 0.13590308111341845, "roll-in": 0.31880201697126204, "bad-redirect": 0.0013040827793254764, "redirect": 0.0391419953678919, "oneh-out": 0.0074810477975511885, "oneh-in": 0.0054601362505081645, "dsfb-red": 0.011489908892276019, "dsfb-alt": 0.03712278875185032, "alternate": 0.24160899263962343, "sfR": 0.09761014138424484, "unknown": 0.07331051756779848}, "english-200": {"sft": 0.0, "sfb": 0.024498886414253896, "dsfb": 0.0, "sfT": 0.0, "roll-out": 0.1403118040089087, "roll-in": 0.36302895322939865, "bad-redirect": 0.0, "redirect": 0.0400890868596882, "oneh-out": 0.008908685968819599, "oneh-in": 0.004454342984409799, "dsfb-red": 0.0022271714922048997, "dsfb-alt": 0.035634743875278395, "alternate": 0.2739420935412027, "sfR": 0.10690423162583519, "unknown": 0.0}, "monkeyracer": {"sft": 0.0, "sfb": 0.035486103508140826, "dsfb": 0.0, "sfT": 0.00020039257393997216, "roll-out": 0.13885934591863866, "roll-in": 0.30617443733675337, "bad-redirect": 0.0015620845519808562, "redirect": 0.04937966279306192, "oneh-out": 0.00830407275912226, "oneh-in": 0.006807482365453493, "dsfb-red": 0.01361985235466162, "dsfb-alt": 0.03804037568231228, "alternate": 0.2631760561177409, "sfR": 0.09605353707555875, "unknown": 0.042336596962635094}, "chained-bigrams": {"sft": 0.0, "sfb": 0.028660309107991708, "dsfb": 0.0, "sfT": 0.00020063514984978336, "roll-out": 0.11969022971750701, "roll-in": 0.265814302753896, "bad-redirect": 0.002471253658020309, "redirect": 0.04350081714995497, "oneh-out": 0.004669150040678939, "oneh-in": 0.015446309319665036, "dsfb-red": 0.019003849727519288, "dsfb-alt": 0.050149697196756854, "alternate": 0.2663077743198696, "sfR": 0.11643721321023381, "unknown": 0.06764845864805673}, "english-5k": {"sft": 0.0, "sfb": 0.0353839133861534, "dsfb": 0.0, "sfT": 0.00029037209109387317, "roll-out": 0.17360102874683703, "roll-in": 0.29891732691749284, "bad-redirect": 0.00024889036379474843, "redirect": 0.03845356120628863, "oneh-out": 0.00543410627618534, "oneh-in": 0.006097813912971336, "dsfb-red": 0.0197867839216825, "dsfb-alt": 0.0397394947525615, "alternate": 0.274691998174804, "sfR": 0.10644211224955408, "unknown": 0.0009125980005807441}, "mt-quotes": {"sft": 0.0, "sfb": 0.035176187231804545, "dsfb": 0.0, "sfT": 0.00018228326221297856, "roll-out": 0.1377150046019053, "roll-in": 0.31165955463119016, "bad-redirect": 0.0015748078555121263, "redirect": 0.050416263252889636, "oneh-out": 0.00861363120211329, "oneh-in": 0.00678033970428276, "dsfb-red": 0.0132513955128435, "dsfb-alt": 0.037988130670204755, "alternate": 0.2663800934724663, "sfR": 0.09572710103871578, "unknown": 0.03453520756385891}, "english-1k": {"sft": 0.0, "sfb": 0.034227240649259, "dsfb": 0.0, "sfT": 0.0007057163020465773, "roll-out": 0.18136908962597037, "roll-in": 0.31157374735356386, "bad-redirect": 0.0, "redirect": 0.040578687367678196, "oneh-out": 0.008821453775582216, "oneh-in": 0.004234297812279464, "dsfb-red": 0.01834862385321101, "dsfb-alt": 0.03599153140437544, "alternate": 0.25582215949188425, "sfR": 0.10832745236414962, "unknown": 0.0}, "english-10k": {"sft": 0.0, "sfb": 0.035005113756971115, "dsfb": 0.0, "sfT": 0.0002894579417610621, "roll-out": 0.17037494452056115, "roll-in": 0.300959070647035, "bad-redirect": 0.0022577719457362844, "redirect": 0.039636440825148105, "oneh-out": 0.004901487813820652, "oneh-in": 0.0051137569711120975, "dsfb-red": 0.018467416684355763, "dsfb-alt": 0.03992589876690917, "alternate": 0.2698712877018969, "sfR": 0.10543987958549622, "unknown": 0.0077574728391964646}, "reddit": {"sft": 0.0, "sfb": 0.031435197644977514, "dsfb": 0.0, "sfT": 0.0001336105931063002, "roll-out": 0.13731310857761653, "roll-in": 0.28748399866127206, "bad-redirect": 0.001479155792311379, "redirect": 0.044512779252039135, "oneh-out": 0.007359482728105814, "oneh-in": 0.005541112601291869, "dsfb-red": 0.012681244717334186, "dsfb-alt": 0.036367627280758485, "alternate": 0.2533459864475333, "sfR": 0.1028716913164539, "unknown": 0.07947500438719952}, "akl": {"sft": 0.0, "sfb": 0.03478508255590039, "dsfb": 0.0, "sfT": 0.0002029001776971877, "roll-out": 0.12648456329252655, "roll-in": 0.27513233118612285, "bad-redirect": 0.0013709856587056691, "redirect": 0.04198800788702419, "oneh-out": 0.006471927103139334, "oneh-in": 0.004278808510680479, "dsfb-red": 0.015401455503650283, "dsfb-alt": 0.03419329553380466, "alternate": 0.24532967158917987, "sfR": 0.11706348985084018, "unknown": 0.09729748115072838}, "keymash": {"sft": 0.0, "sfb": 0.035503031447418655, "dsfb": 0.0, "sfT": 0.00023808253254136683, "roll-out": 0.13868307520534617, "roll-in": 0.30985620636008754, "bad-redirect": 0.0016624728565388547, "redirect": 0.04821171283962679, "oneh-out": 0.00806607200765148, "oneh-in": 0.006875659344944646, "dsfb-red": 0.013381880277325101, "dsfb-alt": 0.0385283215591943, "alternate": 0.26111496512911875, "sfR": 0.09899307508220005, "unknown": 0.038885445358006344}, "movie": {"sft": 0.0, "sfb": 0.038149687014280606, "dsfb": 0.0, "sfT": 0.0001222543920449633, "roll-out": 0.12076957363221484, "roll-in": 0.2565710419745782, "bad-redirect": 0.0022405847997390154, "redirect": 0.04799267894904387, "oneh-out": 0.007948641048339965, "oneh-in": 0.006356965190660923, "dsfb-red": 0.014691845895246278, "dsfb-alt": 0.037921101568659396, "alternate": 0.2548159216013772, "sfR": 0.1138359467128768, "unknown": 0.0985837572209379}}