{"english-450k": {"sft": 0.0, "sfb": 0.026216145579053045, "dsfb": 0.0, "sfT": 2.8649927702784482e-05, "roll-out": 0.17434153403406769, "roll-in": 0.21166800463778013, "bad-redirect": 0.0018900181897806292, "redirect": 0.03471055679672759, "oneh-out": 0.004688940718622044, "oneh-in": 0.001895280421399508, "dsfb-red": 0.009719634146270159, "dsfb-alt": 0.05555104043089491, "alternate": 0.35630862637629285, "sfR": 0.11328269117541298, "unknown": 0.009698877565995693}, "shai": {"sft": 0.0, "sfb": 0.014555918582699645, "dsfb": 0.0, "sfT": 5.1708661634309535e-06, "roll-out": 0.2021184179440822, "roll-in": 0.21213545006506931, "bad-redirect": 0.001071456880704402, "redirect": 0.03248093514030851, "oneh-out": 0.01243561961993824, "oneh-in": 0.0014484424391254362, "dsfb-red": 0.008011862338538156, "dsfb-alt": 0.04978794030157606, "alternate": 0.3009656863488824, "sfR": 0.09728563198976478, "unknown": 0.06769746748314746}, "tr-quotes": {"sft": 0.0, "sfb": 0.012270867525022537, "dsfb": 0.0, "sfT": 2.3115508194447656e-06, "roll-out": 0.21708813943274544, "roll-in": 0.20401863109960472, "bad-redirect": 0.001020549686784864, "redirect": 0.030885786274011236, "oneh-out": 0.0217597836388433, "oneh-in": 0.001147684981854326, "dsfb-red": 0.009024294399112365, "dsfb-alt": 0.05263516793416703, "alternate": 0.3088382145581471, "sfR": 0.09591664547745082, "unknown": 0.04539192344143686}, "gutenberg": {"sft": 0.0, "sfb": 0.012883026957232374, "dsfb": 0.0, "sfT": 1.6480999680609592e-05, "roll-out": 0.22771191061008872, "roll-in": 0.2009446833242214, "bad-redirect": 0.001270931343186319, "redirect": 0.027325308033672766, "oneh-out": 0.01381865520346836, "oneh-in": 0.0014988237870457828, "dsfb-red": 0.00674300211070458, "dsfb-alt": 0.050481112584929246, "alternate": 0.2844986157854636, "sfR": 0.09761014138424484, "unknown": 0.07519730787606137}, "english-200": {"sft": 0.0, "sfb": 0.008908685968819599, "dsfb": 0.0, "sfT": 0.0, "roll-out": 0.22048997772828507, "roll-in": 0.24944320712694878, "bad-redirect": 0.0, "redirect": 0.026726057906458798, "oneh-out": 0.017817371937639197, "oneh-in": 0.0022271714922048997, "dsfb-red": 0.008908685968819599, "dsfb-alt": 0.0556792873051225, "alternate": 0.3028953229398664, "sfR": 0.10690423162583519, "unknown": 0.0}, "monkeyracer": {"sft": 0.0, "sfb": 0.012219059386583669, "dsfb": 0.0, "sfT": 1.9550495018533868e-06, "roll-out": 0.21745331341789575, "roll-in": 0.20345711403412733, "bad-redirect": 0.001033243661729515, "redirect": 0.030793007178941772, "oneh-out": 0.022260193628102665, "oneh-in": 0.0011652095031046187, "dsfb-red": 0.008946306520481099, "dsfb-alt": 0.05267196615418302, "alternate": 0.3086534401051035, "sfR": 0.09605353707555875, "unknown": 0.04529165428468649}, "chained-bigrams": {"sft": 0.0, "sfb": 0.01593328783871791, "dsfb": 0.0, "sfT": 2.467357829867886e-05, "roll-out": 0.1867497690098558, "roll-in": 0.17489281602795645, "bad-redirect": 0.002611503471507536, "redirect": 0.036825315610778196, "oneh-out": 0.006222286864111566, "oneh-in": 0.004601622352703607, "dsfb-red": 0.01933694303455145, "dsfb-alt": 0.05989446201535086, "alternate": 0.303549943542957, "sfR": 0.11643721321023381, "unknown": 0.07292016344297708}, "english-5k": {"sft": 0.0, "sfb": 0.020782345376861494, "dsfb": 0.0, "sfT": 0.0, "roll-out": 0.17169286929107727, "roll-in": 0.25175260297838803, "bad-redirect": 0.0016177873646658647, "redirect": 0.03596465756834115, "oneh-out": 0.0053096610942879666, "oneh-in": 0.0016177873646658647, "dsfb-red": 0.009706724187995189, "dsfb-alt": 0.05376031857966566, "alternate": 0.33832496785166133, "sfR": 0.10644211224955408, "unknown": 0.0030281660928361057}, "mt-quotes": {"sft": 0.0, "sfb": 0.011458445392715842, "dsfb": 0.0, "sfT": 0.0, "roll-out": 0.22262314579075076, "roll-in": 0.2031965312391676, "bad-redirect": 0.0009607224393684034, "redirect": 0.0305533641720754, "oneh-out": 0.023994154982608384, "oneh-in": 0.0011444998266814884, "dsfb-red": 0.009081292358446588, "dsfb-alt": 0.053634608718518786, "alternate": 0.3113278588589665, "sfR": 0.09572710103871578, "unknown": 0.03629827518198444}, "english-1k": {"sft": 0.0, "sfb": 0.012350035285815103, "dsfb": 0.0, "sfT": 0.0, "roll-out": 0.1958362738179252, "roll-in": 0.26534932956951307, "bad-redirect": 0.0, "redirect": 0.03352152434721242, "oneh-out": 0.009880028228652082, "oneh-in": 0.0024700070571630206, "dsfb-red": 0.009880028228652082, "dsfb-alt": 0.048341566690190546, "alternate": 0.3140437544107269, "sfR": 0.10832745236414962, "unknown": 0.0}, "english-10k": {"sft": 0.0, "sfb": 0.020300650315509157, "dsfb": 0.0, "sfT": 0.0, "roll-out": 0.17465892205862488, "roll-in": 0.24493931031821076, "bad-redirect": 0.0012929121398660775, "redirect": 0.0377453156056425, "oneh-out": 0.004862893421585844, "oneh-in": 0.0018525308272707975, "dsfb-red": 0.00912757376353216, "dsfb-alt": 0.05418652669767083, "alternate": 0.3378360124273943, "sfR": 0.10543987958549622, "unknown": 0.0077574728391964646}, "reddit": {"sft": 0.0, "sfb": 0.013629966080439421, "dsfb": 0.0, "sfT": 1.4833135651834843e-05, "roll-out": 0.2028624206066715, "roll-in": 0.19514922752513064, "bad-redirect": 0.0010600447953205204, "redirect": 0.02893424107628633, "oneh-out": 0.01634487939368434, "oneh-in": 0.0009259847132550735, "dsfb-red": 0.00848286800925273, "dsfb-alt": 0.05393571596193353, "alternate": 0.2923044680888123, "sfR": 0.1028716913164539, "unknown": 0.0834836592971079}, "akl": {"sft": 0.0, "sfb": 0.0182001769165641, "dsfb": 0.0, "sfT": 9.869312460202137e-05, "roll-out": 0.1832227635784826, "roll-in": 0.18870875070364543, "bad-redirect": 0.0010101640907947008, "redirect": 0.026172883837882573, "oneh-out": 0.016855335952511322, "oneh-in": 0.0016030662894396127, "dsfb-red": 0.01025423423242584, "dsfb-alt": 0.05416815201987592, "alternate": 0.27772579815973564, "sfR": 0.11706348985084018, "unknown": 0.10491649124320006}, "keymash": {"sft": 0.0, "sfb": 0.01234745272214537, "dsfb": 0.0, "sfT": 0.0, "roll-out": 0.21757049090155287, "roll-in": 0.20622052189333082, "bad-redirect": 0.0010467421689318716, "redirect": 0.03130785302918974, "oneh-out": 0.02110314309991667, "oneh-in": 0.0013997610964932084, "dsfb-red": 0.009014297266566234, "dsfb-alt": 0.052644973790397065, "alternate": 0.3069910062270897, "sfR": 0.09899307508220005, "unknown": 0.04136068272218642}, "movie": {"sft": 0.0, "sfb": 0.011064088278988471, "dsfb": 0.0, "sfT": 2.763554610273659e-06, "roll-out": 0.1901674306140526, "roll-in": 0.17806621976918002, "bad-redirect": 0.0007827439439003678, "redirect": 0.025142688246431167, "oneh-out": 0.029057065955125926, "oneh-in": 0.0007957721299202293, "dsfb-red": 0.010088553501561869, "dsfb-alt": 0.05470008918385521, "alternate": 0.28269505530333366, "sfR": 0.1138359467128768, "unknown": 0.10360158280616336}}