{"english-450k": {"sft": 0.0, "sfb": 0.03434190823720503, "dsfb": 0.0, "sfT": 3.537389032690737e-05, "roll-out": 0.10461667273772278, "roll-in": 0.2703930477734621, "bad-redirect": 0.006640643956823974, "redirect": 0.01709085125951514, "oneh-out": 0.0006355606410801374, "oneh-in": 0.005412497566217876, "dsfb-red": 0.00607144590338192, "dsfb-alt": 0.06316812069922195, "alternate": 0.36861230859363353, "sfR": 0.11328269117541298, "unknown": 0.009698877565995693}, "shai": {"sft": 0.0, "sfb": 0.023415156613770048, "dsfb": 0.0, "sfT": 3.309586569124108e-05, "roll-out": 0.08858728298230789, "roll-in": 0.32084740742988443, "bad-redirect": 0.009295173785999833, "redirect": 0.019239310627554275, "oneh-out": 0.00030907923593795334, "oneh-in": 0.012057620014410306, "dsfb-red": 0.006836910726389036, "dsfb-alt": 0.06129547459417216, "alternate": 0.295648812883693, "sfR": 0.09728563198976478, "unknown": 0.06514904325042505}, "tr-quotes": {"sft": 0.0, "sfb": 0.027186149187489888, "dsfb": 0.0, "sfT": 3.467326229167148e-05, "roll-out": 0.08733501306026213, "roll-in": 0.33719169690945655, "bad-redirect": 0.010288712697348651, "redirect": 0.01958230276692633, "oneh-out": 0.00017221053604863504, "oneh-in": 0.0200711957652389, "dsfb-red": 0.008040729525438616, "dsfb-alt": 0.06333418090196713, "alternate": 0.28732345530616493, "sfR": 0.09591664547745082, "unknown": 0.04352303460391577}, "gutenberg": {"sft": 0.0, "sfb": 0.021105530303633057, "dsfb": 0.0, "sfT": 0.0001454874454564157, "roll-out": 0.0879486762726268, "roll-in": 0.34896092032933207, "bad-redirect": 0.009217425304131275, "redirect": 0.017983801639992074, "oneh-out": 0.0003860721534377281, "oneh-in": 0.014766596840270318, "dsfb-red": 0.008446796491479324, "dsfb-alt": 0.055511416786295995, "alternate": 0.26018762576234095, "sfR": 0.09761014138424484, "unknown": 0.07772950928675916}, "english-200": {"sft": 0.0, "sfb": 0.028953229398663696, "dsfb": 0.0, "sfT": 0.0, "roll-out": 0.08685968819599109, "roll-in": 0.3674832962138085, "bad-redirect": 0.008908685968819599, "redirect": 0.011135857461024499, "oneh-out": 0.0, "oneh-in": 0.017817371937639197, "dsfb-red": 0.008908685968819599, "dsfb-alt": 0.07126948775055679, "alternate": 0.29175946547884185, "sfR": 0.10690423162583519, "unknown": 0.0}, "monkeyracer": {"sft": 0.0, "sfb": 0.027323771837902935, "dsfb": 0.0, "sfT": 3.616841578428766e-05, "roll-out": 0.08736138699031859, "roll-in": 0.33770058807889014, "bad-redirect": 0.010244459389711748, "redirect": 0.01957688818680889, "oneh-out": 0.00016911178191031796, "oneh-in": 0.02041364937360214, "dsfb-red": 0.008102702660431362, "dsfb-alt": 0.06319013247415424, "alternate": 0.28642941489278506, "sfR": 0.09605353707555875, "unknown": 0.043398188842141486}, "chained-bigrams": {"sft": 0.0, "sfb": 0.025591045828574473, "dsfb": 0.0, "sfT": 0.00014998938386828466, "roll-out": 0.070294375268244, "roll-in": 0.30056314195943273, "bad-redirect": 0.007180660589607619, "redirect": 0.018614266912276987, "oneh-out": 0.0013570468064273372, "oneh-in": 0.011782282942311225, "dsfb-red": 0.01075378431007156, "dsfb-alt": 0.06456036553256944, "alternate": 0.3013319187148442, "sfR": 0.11643721321023381, "unknown": 0.0713839085415383}, "english-5k": {"sft": 0.0, "sfb": 0.025262371925166963, "dsfb": 0.0, "sfT": 0.0, "roll-out": 0.10926286970589455, "roll-in": 0.2969262040071349, "bad-redirect": 0.008545235823619695, "redirect": 0.017629734102128012, "oneh-out": 0.00029037209109387317, "oneh-in": 0.006554112913261708, "dsfb-red": 0.005226697639689717, "dsfb-alt": 0.06384037831335297, "alternate": 0.35699174513626747, "sfR": 0.10644211224955408, "unknown": 0.0030281660928361057}, "mt-quotes": {"sft": 0.0, "sfb": 0.027454548714454765, "dsfb": 0.0, "sfT": 2.689425180191487e-05, "roll-out": 0.08722104684381014, "roll-in": 0.34534609913818864, "bad-redirect": 0.010557487957351694, "redirect": 0.01979566345130945, "oneh-out": 0.00016435376101170198, "oneh-in": 0.021769402708549983, "dsfb-red": 0.008398477187697971, "dsfb-alt": 0.06388729515544878, "alternate": 0.28470404370017094, "sfR": 0.09572710103871578, "unknown": 0.03494758609148827}, "english-1k": {"sft": 0.0, "sfb": 0.02117148906139732, "dsfb": 0.0, "sfT": 0.0, "roll-out": 0.11926605504587157, "roll-in": 0.312985179957657, "bad-redirect": 0.0067043048694424845, "redirect": 0.017642907551164433, "oneh-out": 0.00035285815102328866, "oneh-in": 0.008821453775582216, "dsfb-red": 0.0045871559633027525, "dsfb-alt": 0.06422018348623854, "alternate": 0.3359209597741708, "sfR": 0.10832745236414962, "unknown": 0.0}, "english-10k": {"sft": 0.0, "sfb": 0.026572239053665504, "dsfb": 0.0, "sfT": 3.859439223480828e-05, "roll-out": 0.10536269080102661, "roll-in": 0.3042588911831111, "bad-redirect": 0.00773817564307906, "redirect": 0.021226915729144556, "oneh-out": 0.00027016074564365796, "oneh-in": 0.005518998089577585, "dsfb-red": 0.005152351363346906, "dsfb-alt": 0.06408598830589915, "alternate": 0.3465776422685784, "sfR": 0.10543987958549622, "unknown": 0.0077574728391964646}, "reddit": {"sft": 0.0, "sfb": 0.027743732110573533, "dsfb": 0.0, "sfT": 6.3565230305969e-05, "roll-out": 0.08740987044042614, "roll-in": 0.3095721483156244, "bad-redirect": 0.010406643296986533, "redirect": 0.0200180282530031, "oneh-out": 0.00021298285180892148, "oneh-in": 0.015320119481656824, "dsfb-red": 0.007909245182555258, "dsfb-alt": 0.0629126472521148, "alternate": 0.27621954314316766, "sfR": 0.1028716913164539, "unknown": 0.07933978312532296}, "akl": {"sft": 0.0, "sfb": 0.028206222412545688, "dsfb": 0.0, "sfT": 0.00027972345108482515, "roll-out": 0.08919634306349654, "roll-in": 0.28206048940638034, "bad-redirect": 0.010967079864359837, "redirect": 0.023439462207348244, "oneh-out": 0.00032420660454637656, "oneh-in": 0.017993125803933873, "dsfb-red": 0.0076924878362117895, "dsfb-alt": 0.05960315079504034, "alternate": 0.26417906712012224, "sfR": 0.11706348985084018, "unknown": 0.0989951515840897}, "keymash": {"sft": 0.0, "sfb": 0.02703878692844799, "dsfb": 0.0, "sfT": 4.5153583757845434e-05, "roll-out": 0.08923579611925472, "roll-in": 0.3375107239761425, "bad-redirect": 0.009740859477942475, "redirect": 0.019288790007101427, "oneh-out": 0.00014777536502567597, "oneh-in": 0.019260055908346434, "dsfb-red": 0.00795113561263151, "dsfb-alt": 0.06315754906347362, "alternate": 0.2875954895674697, "sfR": 0.09899307508220005, "unknown": 0.04003480930820605}, "movie": {"sft": 0.0, "sfb": 0.027390247731615157, "dsfb": 0.0, "sfT": 3.4478633709128505e-05, "roll-out": 0.07417749047922537, "roll-in": 0.29706935561407566, "bad-redirect": 0.008650978712865229, "redirect": 0.020521893340215022, "oneh-out": 0.00011475331524564907, "oneh-in": 0.027235883466955584, "dsfb-red": 0.00975429499155734, "dsfb-alt": 0.061760313223911484, "alternate": 0.26909455028346835, "sfR": 0.1138359467128768, "unknown": 0.09035981349427924}}