{"english-450k": {"sft": 0.0, "sfb": 0.027542520293211546, "dsfb": 0.0, "sfT": 2.4849427089149805e-05, "roll-out": 0.19125639288055143, "roll-in": 0.23010189434491354, "bad-redirect": 0.0027202814007592814, "redirect": 0.030511295964862326, "oneh-out": 0.007266264827068452, "oneh-in": 0.004400687364387906, "dsfb-red": 0.012029169134555847, "dsfb-alt": 0.05202446820764298, "alternate": 0.3191406074135488, "sfR": 0.11328269117541298, "unknown": 0.009698877565995693}, "shai": {"sft": 0.0, "sfb": 0.023702700895117185, "dsfb": 0.0, "sfT": 7.564714009300747e-05, "roll-out": 0.2167027685498631, "roll-in": 0.22261720991208597, "bad-redirect": 0.004976741939409214, "redirect": 0.02904307548257031, "oneh-out": 0.010355541945478016, "oneh-in": 0.010366715815697945, "dsfb-red": 0.013228163230930573, "dsfb-alt": 0.043892103994478626, "alternate": 0.26005623162136376, "sfR": 0.09728563198976478, "unknown": 0.06769746748314746}, "tr-quotes": {"sft": 0.0, "sfb": 0.02493701024017013, "dsfb": 0.0, "sfT": 8.783893113890109e-05, "roll-out": 0.2334342710524491, "roll-in": 0.21239453549386283, "bad-redirect": 0.0049351609995145745, "redirect": 0.031643974942789116, "oneh-out": 0.012773629828251774, "oneh-in": 0.017310048311412127, "dsfb-red": 0.015348697441113243, "dsfb-alt": 0.041183745174637666, "alternate": 0.2646425186657729, "sfR": 0.09591664547745082, "unknown": 0.04539192344143686}, "gutenberg": {"sft": 0.0, "sfb": 0.02158310042081486, "dsfb": 0.0, "sfT": 5.171624037708527e-05, "roll-out": 0.24607382805884512, "roll-in": 0.20951499259491635, "bad-redirect": 0.004195835194549677, "redirect": 0.032204631123022895, "oneh-out": 0.013604781081176312, "oneh-in": 0.00873038334805257, "dsfb-red": 0.01663387516040559, "dsfb-alt": 0.03588159898280028, "alternate": 0.23871780853473304, "sfR": 0.09761014138424484, "unknown": 0.07519730787606137}, "english-200": {"sft": 0.0, "sfb": 0.013363028953229399, "dsfb": 0.0, "sfT": 0.0, "roll-out": 0.2583518930957684, "roll-in": 0.2383073496659243, "bad-redirect": 0.004454342984409799, "redirect": 0.028953229398663696, "oneh-out": 0.011135857461024499, "oneh-in": 0.004454342984409799, "dsfb-red": 0.013363028953229399, "dsfb-alt": 0.04899777282850779, "alternate": 0.2717149220489978, "sfR": 0.10690423162583519, "unknown": 0.0}, "monkeyracer": {"sft": 0.0, "sfb": 0.025008993227708526, "dsfb": 0.0, "sfT": 9.970752459452273e-05, "roll-out": 0.23349938220435743, "roll-in": 0.21250312807920296, "bad-redirect": 0.004900331576395515, "redirect": 0.031682554702285065, "oneh-out": 0.01276842829660447, "oneh-in": 0.01763747908097033, "dsfb-red": 0.0153256330450287, "dsfb-alt": 0.04129455557814724, "alternate": 0.26393461532446, "sfR": 0.09605353707555875, "unknown": 0.04529165428468649}, "chained-bigrams": {"sft": 0.0, "sfb": 0.021879620208699515, "dsfb": 0.0, "sfT": 7.207282081982508e-05, "roll-out": 0.19405769331910924, "roll-in": 0.196256888311152, "bad-redirect": 0.004139317411949414, "redirect": 0.034831300901429704, "oneh-out": 0.008825998679314256, "oneh-in": 0.006638491171728754, "dsfb-red": 0.0185766072401369, "dsfb-alt": 0.052432003189384645, "alternate": 0.27293263009306484, "sfR": 0.11643721321023381, "unknown": 0.07292016344297708}, "english-5k": {"sft": 0.0, "sfb": 0.02372754801509935, "dsfb": 0.0, "sfT": 0.0, "roll-out": 0.2014352677645497, "roll-in": 0.2561496660720952, "bad-redirect": 0.0022400132741527356, "redirect": 0.0270046044717302, "oneh-out": 0.00866968100551707, "oneh-in": 0.004355581366408097, "dsfb-red": 0.01323267100842079, "dsfb-alt": 0.04861658439457419, "alternate": 0.30509810428506245, "sfR": 0.10644211224955408, "unknown": 0.0030281660928361057}, "mt-quotes": {"sft": 0.0, "sfb": 0.024679958403557214, "dsfb": 0.0, "sfT": 8.217688050585099e-05, "roll-out": 0.2387806146233012, "roll-in": 0.21307269815087077, "bad-redirect": 0.005059107588960208, "redirect": 0.03189807676217114, "oneh-out": 0.013200595259439882, "oneh-in": 0.018923094392847326, "dsfb-red": 0.015855655562328923, "dsfb-alt": 0.040882250989110816, "alternate": 0.2655403951662065, "sfR": 0.09572710103871578, "unknown": 0.03629827518198444}, "english-1k": {"sft": 0.0, "sfb": 0.019407198306280876, "dsfb": 0.0, "sfT": 0.0, "roll-out": 0.239590684544813, "roll-in": 0.24417784050811575, "bad-redirect": 0.0014114326040931546, "redirect": 0.03352152434721242, "oneh-out": 0.015525758645024701, "oneh-in": 0.0035285815102328866, "dsfb-red": 0.01587861679604799, "dsfb-alt": 0.037755822159491886, "alternate": 0.28087508821453777, "sfR": 0.10832745236414962, "unknown": 0.0}, "english-10k": {"sft": 0.0, "sfb": 0.024854788599216533, "dsfb": 0.0, "sfT": 0.0, "roll-out": 0.20395206576484437, "roll-in": 0.2566527083614751, "bad-redirect": 0.005248837343933927, "redirect": 0.02693888577989618, "oneh-out": 0.009031087782945138, "oneh-in": 0.0037822504390112115, "dsfb-red": 0.011867775612203547, "dsfb-alt": 0.04924644449161537, "alternate": 0.29522780340016597, "sfR": 0.10543987958549622, "unknown": 0.0077574728391964646}, "reddit": {"sft": 0.0, "sfb": 0.02402252539003936, "dsfb": 0.0, "sfT": 0.00014110207575874204, "roll-out": 0.22448388834919, "roll-in": 0.20045724264369177, "bad-redirect": 0.005045625938659365, "redirect": 0.02830454450193533, "oneh-out": 0.011964497114561812, "oneh-in": 0.012466089335556057, "dsfb-red": 0.01316335908343208, "dsfb-alt": 0.04338291383839785, "alternate": 0.25021286111521585, "sfR": 0.1028716913164539, "unknown": 0.0834836592971079}, "akl": {"sft": 0.0, "sfb": 0.023133036473335943, "dsfb": 0.0, "sfT": 0.0004290332001688625, "roll-out": 0.21306643689073412, "roll-in": 0.19350568262992335, "bad-redirect": 0.005023312765760512, "redirect": 0.02617214038684979, "oneh-out": 0.009610839317804376, "oneh-in": 0.013388499878135986, "dsfb-red": 0.014929488006338167, "dsfb-alt": 0.037769480864251914, "alternate": 0.24099206849265675, "sfR": 0.11706348985084018, "unknown": 0.10491649124320006}, "keymash": {"sft": 0.0, "sfb": 0.025602081990698362, "dsfb": 0.0, "sfT": 8.209742501426443e-05, "roll-out": 0.23197037924905486, "roll-in": 0.21557552347370626, "bad-redirect": 0.00476575552207805, "redirect": 0.03168550118425536, "oneh-out": 0.012610164482191016, "oneh-in": 0.016493372685365725, "dsfb-red": 0.015914585839015158, "dsfb-alt": 0.04179169420351131, "alternate": 0.2631550861407232, "sfR": 0.09899307508220005, "unknown": 0.04136068272218642}, "movie": {"sft": 0.0, "sfb": 0.02545615429793935, "dsfb": 0.0, "sfT": 0.00011672728282441598, "roll-out": 0.20689219991975163, "roll-in": 0.17616818414327637, "bad-redirect": 0.005276415338043921, "redirect": 0.02957766700456605, "oneh-out": 0.011176604430978183, "oneh-in": 0.023736960134671962, "dsfb-red": 0.0190316794160846, "dsfb-alt": 0.04173862326815599, "alternate": 0.24339125524466737, "sfR": 0.1138359467128768, "unknown": 0.10360158280616336}}