{"english-450k": {"sft": 0.0, "sfb": 0.021272278973116426, "dsfb": 0.0, "sfT": 6.168504842130127e-05, "roll-out": 0.20409009876039363, "roll-in": 0.22679048892563355, "bad-redirect": 0.02539114459969327, "redirect": 0.058913314089157405, "oneh-out": 0.012299881716727055, "oneh-in": 0.012677593008482133, "dsfb-red": 0.019687762563431816, "dsfb-alt": 0.029629287476298033, "alternate": 0.2662048960972367, "sfR": 0.11328269117541298, "unknown": 0.009698877565995693}, "shai": {"sft": 0.0, "sfb": 0.010331634430289758, "dsfb": 0.0, "sfT": 1.7269764087746193e-05, "roll-out": 0.2350608451486593, "roll-in": 0.21449519186854976, "bad-redirect": 0.02586202131945023, "redirect": 0.051326930954693616, "oneh-out": 0.013891566781736501, "oneh-in": 0.0113514213534479, "dsfb-red": 0.01483368234099664, "dsfb-alt": 0.024040653380740164, "alternate": 0.2344366952839533, "sfR": 0.09728563198976478, "unknown": 0.06706645538363028}, "tr-quotes": {"sft": 0.0, "sfb": 0.010613485587480641, "dsfb": 0.0, "sfT": 1.1557754097223828e-05, "roll-out": 0.26568618386075216, "roll-in": 0.2004808025704445, "bad-redirect": 0.02850720048080257, "redirect": 0.05789394604840387, "oneh-out": 0.017850951203162203, "oneh-in": 0.010384642056355609, "dsfb-red": 0.015627239314856337, "dsfb-alt": 0.021593351979843276, "alternate": 0.23008945701671252, "sfR": 0.09591664547745082, "unknown": 0.045344536649638244}, "gutenberg": {"sft": 0.0, "sfb": 0.009416523357744157, "dsfb": 0.0, "sfT": 1.2313390565972684e-05, "roll-out": 0.2500171440284034, "roll-in": 0.1997639238873336, "bad-redirect": 0.02514015480015746, "redirect": 0.05386540062279235, "oneh-out": 0.02625139093954201, "oneh-in": 0.010364654431324054, "dsfb-red": 0.022345394015237538, "dsfb-alt": 0.019064349021350662, "alternate": 0.21095717478535866, "sfR": 0.09761014138424484, "unknown": 0.07519143533594529}, "english-200": {"sft": 0.0, "sfb": 0.0, "dsfb": 0.0, "sfT": 0.0, "roll-out": 0.29175946547884185, "roll-in": 0.20044543429844097, "bad-redirect": 0.026726057906458798, "redirect": 0.06904231625835189, "oneh-out": 0.015590200445434299, "oneh-in": 0.008908685968819599, "dsfb-red": 0.022271714922048998, "dsfb-alt": 0.015590200445434299, "alternate": 0.24276169265033407, "sfR": 0.10690423162583519, "unknown": 0.0}, "monkeyracer": {"sft": 0.0, "sfb": 0.010454627211160987, "dsfb": 0.0, "sfT": 1.4662871263900401e-05, "roll-out": 0.2657840921532133, "roll-in": 0.20023616997982388, "bad-redirect": 0.028732385003988302, "redirect": 0.058385598323349545, "oneh-out": 0.01805683719911788, "oneh-in": 0.010602233448550918, "dsfb-red": 0.015619867995057634, "dsfb-alt": 0.02148110640161409, "alternate": 0.22933317171590784, "sfR": 0.09605353707555875, "unknown": 0.04524571062139293}, "chained-bigrams": {"sft": 0.0, "sfb": 0.01053237141007552, "dsfb": 0.0, "sfT": 1.4284703225550919e-05, "roll-out": 0.21028966131617957, "roll-in": 0.19276557698188895, "bad-redirect": 0.03091274708478426, "redirect": 0.05659339696086446, "oneh-out": 0.013758117120281747, "oneh-in": 0.01051808670684997, "dsfb-red": 0.022552299869684548, "dsfb-alt": 0.032514581760122174, "alternate": 0.23033369716039578, "sfR": 0.11643721321023381, "unknown": 0.07277796571541365}, "english-5k": {"sft": 0.0, "sfb": 0.013191189281121667, "dsfb": 0.0, "sfT": 4.148172729912474e-05, "roll-out": 0.21595387231924337, "roll-in": 0.2522503837059775, "bad-redirect": 0.027917202472310946, "redirect": 0.04878251130377069, "oneh-out": 0.012320073007840047, "oneh-in": 0.010163023188285561, "dsfb-red": 0.016966026465342017, "dsfb-alt": 0.02696312274443108, "alternate": 0.2659808354419878, "sfR": 0.10644211224955408, "unknown": 0.0030281660928361057}, "mt-quotes": {"sft": 0.0, "sfb": 0.009903061163505098, "dsfb": 0.0, "sfT": 1.4941251001063817e-05, "roll-out": 0.27409426136431553, "roll-in": 0.20007380977994527, "bad-redirect": 0.02945069984819689, "redirect": 0.060068311399576864, "oneh-out": 0.018424056609411793, "oneh-in": 0.010644147213157863, "dsfb-red": 0.01574658443002116, "dsfb-alt": 0.021233011797611792, "alternate": 0.22833966842375777, "sfR": 0.09572710103871578, "unknown": 0.03628034568078316}, "english-1k": {"sft": 0.0, "sfb": 0.009527170077628794, "dsfb": 0.0, "sfT": 0.00035285815102328866, "roll-out": 0.2491178546224418, "roll-in": 0.22759350741002118, "bad-redirect": 0.025052928722653495, "redirect": 0.05187014820042343, "oneh-out": 0.021877205363443897, "oneh-in": 0.011644318983768526, "dsfb-red": 0.022935779816513763, "dsfb-alt": 0.017290049400141144, "alternate": 0.2544107268877911, "sfR": 0.10832745236414962, "unknown": 0.0}, "english-10k": {"sft": 0.0, "sfb": 0.013160687752069624, "dsfb": 0.0, "sfT": 1.929719611740414e-05, "roll-out": 0.20759923583103376, "roll-in": 0.2524073252156462, "bad-redirect": 0.023658362439937478, "redirect": 0.04698867254587909, "oneh-out": 0.011481831689855464, "oneh-in": 0.013488740086065494, "dsfb-red": 0.01570791763956697, "dsfb-alt": 0.028772119411049575, "alternate": 0.2735184577680863, "sfR": 0.10543987958549622, "unknown": 0.0077574728391964646}, "reddit": {"sft": 0.0, "sfb": 0.010688510331784657, "dsfb": 0.0, "sfT": 1.123722397866276e-05, "roll-out": 0.2489314804649289, "roll-in": 0.19514641821913598, "bad-redirect": 0.02656715730259428, "redirect": 0.05415712673172645, "oneh-out": 0.014624348030311289, "oneh-in": 0.011227260306735012, "dsfb-red": 0.015428333948571345, "dsfb-alt": 0.02325172673992962, "alternate": 0.2187215522651715, "sfR": 0.1028716913164539, "unknown": 0.07837315711867839}, "akl": {"sft": 0.0, "sfb": 0.015622198506134277, "dsfb": 0.0, "sfT": 5.3590428613150336e-05, "roll-out": 0.2414697357812202, "roll-in": 0.18405022457797074, "bad-redirect": 0.02204493393260443, "redirect": 0.05470405630600742, "oneh-out": 0.011642381219138263, "oneh-in": 0.01170278661555193, "dsfb-red": 0.014044905185831161, "dsfb-alt": 0.023728664659101062, "alternate": 0.20515933952305881, "sfR": 0.11706348985084018, "unknown": 0.09871369341392838}, "keymash": {"sft": 0.0, "sfb": 0.010409953491808729, "dsfb": 0.0, "sfT": 8.209742501426442e-06, "roll-out": 0.263286442020746, "roll-in": 0.20223058703763758, "bad-redirect": 0.026993633344690144, "redirect": 0.05698382270240094, "oneh-out": 0.019030183118306496, "oneh-in": 0.009987151752985268, "dsfb-red": 0.01669451137665067, "dsfb-alt": 0.021554678937495124, "alternate": 0.23252043199665043, "sfR": 0.09899307508220005, "unknown": 0.04130731939592715}, "movie": {"sft": 0.0, "sfb": 0.012501136676330774, "dsfb": 0.0, "sfT": 1.1054218441094636e-05, "roll-out": 0.2606511013620508, "roll-in": 0.1611415533466712, "bad-redirect": 0.02887309217678485, "redirect": 0.05112497070303119, "oneh-out": 0.019088924475868838, "oneh-in": 0.008714540468901523, "dsfb-red": 0.014657498859375733, "dsfb-alt": 0.02223634998129337, "alternate": 0.20358422505125406, "sfR": 0.1138359467128768, "unknown": 0.10357960596711975}}