{"english-450k": {"sft": 0.0, "sfb": 0.03592467056968335, "dsfb": 0.0, "sfT": 5.7299855405568964e-05, "roll-out": 0.18264562787485947, "roll-in": 0.22002676721816802, "bad-redirect": 0.0004654151520697234, "redirect": 0.0415651981727193, "oneh-out": 0.007655377620664433, "oneh-in": 0.00881920784703979, "dsfb-red": 0.021093947790476648, "dsfb-alt": 0.04884637265604125, "alternate": 0.3099185465014638, "sfR": 0.11328269117541298, "unknown": 0.009698877565995693}, "shai": {"sft": 0.0, "sfb": 0.01611733825484196, "dsfb": 0.0, "sfT": 4.0089694401809744e-05, "roll-out": 0.2224974439820252, "roll-in": 0.20474485026626865, "bad-redirect": 0.0011980037669914816, "redirect": 0.0290338639096145, "oneh-out": 0.011487125626967522, "oneh-in": 0.01064549362110184, "dsfb-red": 0.024819290612896266, "dsfb-alt": 0.042737290119341735, "alternate": 0.27197422663813503, "sfR": 0.09728563198976478, "unknown": 0.06741935151764922}, "tr-quotes": {"sft": 0.0, "sfb": 0.016683618039342596, "dsfb": 0.0, "sfT": 2.6582834423614803e-05, "roll-out": 0.2525970273456462, "roll-in": 0.19064168650747787, "bad-redirect": 0.0011673331638196065, "redirect": 0.02988026166755276, "oneh-out": 0.01821964355886364, "oneh-in": 0.008393241025403944, "dsfb-red": 0.03748526386352604, "dsfb-alt": 0.043395899308846304, "alternate": 0.25931786135318186, "sfR": 0.09591664547745082, "unknown": 0.04627493585446476}, "gutenberg": {"sft": 0.0, "sfb": 0.015525480572690112, "dsfb": 0.0, "sfT": 7.38803433958361e-06, "roll-out": 0.2618372412246254, "roll-in": 0.18679261939158212, "bad-redirect": 0.0009324078210110392, "redirect": 0.02601933088656791, "oneh-out": 0.019094848342598687, "oneh-in": 0.007163362320949093, "dsfb-red": 0.027891155689373694, "dsfb-alt": 0.034439037918802096, "alternate": 0.24254140046063447, "sfR": 0.09761014138424484, "unknown": 0.08014558595258095}, "english-200": {"sft": 0.0, "sfb": 0.013363028953229399, "dsfb": 0.0, "sfT": 0.0, "roll-out": 0.289532293986637, "roll-in": 0.18262806236080179, "bad-redirect": 0.0022271714922048997, "redirect": 0.024498886414253896, "oneh-out": 0.015590200445434299, "oneh-in": 0.0066815144766146995, "dsfb-red": 0.0334075723830735, "dsfb-alt": 0.062360801781737196, "alternate": 0.26280623608017817, "sfR": 0.10690423162583519, "unknown": 0.0}, "monkeyracer": {"sft": 0.0, "sfb": 0.016611078092497303, "dsfb": 0.0, "sfT": 2.6393168275020725e-05, "roll-out": 0.2531095062326978, "roll-in": 0.19023804682734566, "bad-redirect": 0.0011749847506138855, "redirect": 0.029781269061732642, "oneh-out": 0.0181819603672365, "oneh-in": 0.008319713155137088, "dsfb-red": 0.037974881524000186, "dsfb-alt": 0.04328479597103398, "alternate": 0.2590890251341164, "sfR": 0.09605353707555875, "unknown": 0.04615480863975476}, "chained-bigrams": {"sft": 0.0, "sfb": 0.016775436024333342, "dsfb": 0.0, "sfT": 5.1944375365639704e-05, "roll-out": 0.1968841166436921, "roll-in": 0.19090661764849112, "bad-redirect": 0.0018245461847180946, "redirect": 0.04079061936525272, "oneh-out": 0.011741376746710785, "oneh-in": 0.007478691443267976, "dsfb-red": 0.0322983632976627, "dsfb-alt": 0.05242161431431152, "alternate": 0.2589141417912628, "sfR": 0.11643721321023381, "unknown": 0.07347531895469736}, "english-5k": {"sft": 0.0, "sfb": 0.018376405193512257, "dsfb": 0.0, "sfT": 0.0, "roll-out": 0.16912100219853154, "roll-in": 0.24772887543037292, "bad-redirect": 0.00029037209109387317, "redirect": 0.031775003111129546, "oneh-out": 0.007508192641141577, "oneh-in": 0.020160119467374622, "dsfb-red": 0.020284564649271995, "dsfb-alt": 0.05027585348653918, "alternate": 0.3250093333886423, "sfR": 0.10644211224955408, "unknown": 0.0030281660928361057}, "mt-quotes": {"sft": 0.0, "sfb": 0.016090233203045624, "dsfb": 0.0, "sfT": 1.4941251001063817e-05, "roll-out": 0.26134489188510773, "roll-in": 0.1902768314985477, "bad-redirect": 0.0011728882035835096, "redirect": 0.02929381671268572, "oneh-out": 0.01896941227095062, "oneh-in": 0.008228146926285844, "dsfb-red": 0.04034436595307252, "dsfb-alt": 0.04385854818852273, "alternate": 0.25750648450293445, "sfR": 0.09572710103871578, "unknown": 0.03717233836554667}, "english-1k": {"sft": 0.0, "sfb": 0.014114326040931546, "dsfb": 0.0, "sfT": 0.0, "roll-out": 0.2244177840508116, "roll-in": 0.23465067043048696, "bad-redirect": 0.0007057163020465773, "redirect": 0.030698659139026113, "oneh-out": 0.014820042342978124, "oneh-in": 0.01058574453069866, "dsfb-red": 0.022935779816513763, "dsfb-alt": 0.045871559633027525, "alternate": 0.2928722653493296, "sfR": 0.10832745236414962, "unknown": 0.0}, "english-10k": {"sft": 0.0, "sfb": 0.019027035371760485, "dsfb": 0.0, "sfT": 1.929719611740414e-05, "roll-out": 0.17487119121591632, "roll-in": 0.25406688408174294, "bad-redirect": 0.00025086354952625386, "redirect": 0.03382798479380946, "oneh-out": 0.0074873120935528064, "oneh-in": 0.017946392389185852, "dsfb-red": 0.019181412940699718, "dsfb-alt": 0.04693078095752687, "alternate": 0.3131934929854692, "sfR": 0.10543987958549622, "unknown": 0.0077574728391964646}, "reddit": {"sft": 0.0, "sfb": 0.01965225661249763, "dsfb": 0.0, "sfT": 7.255500948889921e-05, "roll-out": 0.23108763030731747, "roll-in": 0.18768493895471716, "bad-redirect": 0.0012054919310176787, "redirect": 0.02939916248969687, "oneh-out": 0.01484699489474186, "oneh-in": 0.008345923706366094, "dsfb-red": 0.03189259011832235, "dsfb-alt": 0.042038642191243696, "alternate": 0.25105381750036565, "sfR": 0.1028716913164539, "unknown": 0.0798483049677707}, "akl": {"sft": 0.0, "sfb": 0.018718176423656068, "dsfb": 0.0, "sfT": 0.00020320994896084752, "roll-out": 0.22188735948620594, "roll-in": 0.181719319727436, "bad-redirect": 0.0018164986901012346, "redirect": 0.027855685250588225, "oneh-out": 0.011406955058756794, "oneh-in": 0.009656809373331495, "dsfb-red": 0.03560857848321368, "dsfb-alt": 0.03968399118217512, "alternate": 0.23542535497618416, "sfR": 0.11706348985084018, "unknown": 0.09895457154855027}, "keymash": {"sft": 0.0, "sfb": 0.015401476932676007, "dsfb": 0.0, "sfT": 8.209742501426442e-06, "roll-out": 0.2543378226941912, "roll-in": 0.19198072352460666, "bad-redirect": 0.0010590567826840112, "redirect": 0.02976442143892157, "oneh-out": 0.01771251944682755, "oneh-in": 0.00841088119271139, "dsfb-red": 0.03709572149269538, "dsfb-alt": 0.04242794924737186, "alternate": 0.2604294516302496, "sfR": 0.09899307508220005, "unknown": 0.0423786907923633}, "movie": {"sft": 0.0, "sfb": 0.015042159341558111, "dsfb": 0.0, "sfT": 2.645116555547645e-05, "roll-out": 0.23969059242583377, "roll-in": 0.1582649561930535, "bad-redirect": 0.001484950010587046, "redirect": 0.032688508310864096, "oneh-out": 0.0213774108888526, "oneh-in": 0.0058595253608116635, "dsfb-red": 0.043550857103302594, "dsfb-alt": 0.041498720408416526, "alternate": 0.22289633946136214, "sfR": 0.1138359467128768, "unknown": 0.10378358261692566}}