{"english-450k": {"sft": 0.0, "sfb": 0.045515672387492025, "dsfb": 0.0, "sfT": 0.0023937306941877482, "roll-out": 0.19259972367437078, "roll-in": 0.2076839106098868, "bad-redirect": 0.003080451920451429, "redirect": 0.02446060664175487, "oneh-out": 0.005919425878836532, "oneh-in": 0.004198091447061073, "dsfb-red": 0.011665490460451114, "dsfb-alt": 0.0414538142701197, "alternate": 0.33804751327397925, "sfR": 0.11328269117541298, "unknown": 0.009698877565995693}, "shai": {"sft": 0.0, "sfb": 0.023921139027251702, "dsfb": 0.0, "sfT": 0.0002738507749951775, "roll-out": 0.22436097228384774, "roll-in": 0.2111719892012498, "bad-redirect": 0.002133082923044197, "redirect": 0.022683397773059662, "oneh-out": 0.012568111454149744, "oneh-in": 0.004812992683688828, "dsfb-red": 0.009364159952539499, "dsfb-alt": 0.03951940127562482, "alternate": 0.2842078031776366, "sfR": 0.09728563198976478, "unknown": 0.06769746748314746}, "tr-quotes": {"sft": 0.0, "sfb": 0.021674256258523844, "dsfb": 0.0, "sfT": 0.00023693395899308846, "roll-out": 0.2506853748179654, "roll-in": 0.20015140657867364, "bad-redirect": 0.0020364762719308383, "redirect": 0.027093687154712096, "oneh-out": 0.021615311712628003, "oneh-in": 0.004693603938882596, "dsfb-red": 0.012050114421765562, "dsfb-alt": 0.03728878204387324, "alternate": 0.28116548392316404, "sfR": 0.09591664547745082, "unknown": 0.04539192344143686}, "gutenberg": {"sft": 0.0, "sfb": 0.021620040592512775, "dsfb": 0.0, "sfT": 0.00016310506580465356, "roll-out": 0.2624023311332146, "roll-in": 0.19264337427819853, "bad-redirect": 0.002276082886925566, "redirect": 0.02477264745095766, "oneh-out": 0.016735981583714196, "oneh-in": 0.004076490024448711, "dsfb-red": 0.015181273947176692, "dsfb-alt": 0.032671971654196046, "alternate": 0.25464925212254436, "sfR": 0.09761014138424484, "unknown": 0.07519730787606137}, "english-200": {"sft": 0.0, "sfb": 0.011135857461024499, "dsfb": 0.0, "sfT": 0.0, "roll-out": 0.2828507795100223, "roll-in": 0.20935412026726058, "bad-redirect": 0.0, "redirect": 0.0378619153674833, "oneh-out": 0.011135857461024499, "oneh-in": 0.0022271714922048997, "dsfb-red": 0.0066815144766146995, "dsfb-alt": 0.031180400890868598, "alternate": 0.30066815144766146, "sfR": 0.10690423162583519, "unknown": 0.0}, "monkeyracer": {"sft": 0.0, "sfb": 0.021565173530193785, "dsfb": 0.0, "sfT": 0.0002209205937094327, "roll-out": 0.25083676118679327, "roll-in": 0.20022639473231463, "bad-redirect": 0.0020615996997043963, "redirect": 0.02697968312557674, "oneh-out": 0.022010924816616356, "oneh-in": 0.0047507702895037305, "dsfb-red": 0.01207340819869559, "dsfb-alt": 0.03729452429735521, "alternate": 0.2806346481692916, "sfR": 0.09605353707555875, "unknown": 0.04529165428468649}, "chained-bigrams": {"sft": 0.0, "sfb": 0.02383662455059999, "dsfb": 0.0, "sfT": 0.00025193022052335254, "roll-out": 0.20558025438459226, "roll-in": 0.18342338107237866, "bad-redirect": 0.0037224637996401554, "redirect": 0.0315808816129248, "oneh-out": 0.007436486638283394, "oneh-in": 0.005756735399897021, "dsfb-red": 0.017487073966842608, "dsfb-alt": 0.04910236872844714, "alternate": 0.2824644229726597, "sfR": 0.11643721321023381, "unknown": 0.07292016344297708}, "english-5k": {"sft": 0.0, "sfb": 0.032272783838719045, "dsfb": 0.0, "sfT": 0.000622225909486871, "roll-out": 0.19811672958061974, "roll-in": 0.23835400506077073, "bad-redirect": 0.003442983365827353, "redirect": 0.02161197992284399, "oneh-out": 0.008088936823329323, "oneh-in": 0.0019081594557597379, "dsfb-red": 0.007425229186543328, "dsfb-alt": 0.041647654208321234, "alternate": 0.33703903430538845, "sfR": 0.10644211224955408, "unknown": 0.0030281660928361057}, "mt-quotes": {"sft": 0.0, "sfb": 0.0205098552491603, "dsfb": 0.0, "sfT": 0.00018377738731308494, "roll-out": 0.2579816162847683, "roll-in": 0.20113015622572047, "bad-redirect": 0.0019169625034364877, "redirect": 0.02766671447866987, "oneh-out": 0.023625106082882107, "oneh-in": 0.004873836076547017, "dsfb-red": 0.012647768972400521, "dsfb-alt": 0.03706774960853922, "alternate": 0.2803710809098624, "sfR": 0.09572710103871578, "unknown": 0.03629827518198444}, "english-1k": {"sft": 0.0, "sfb": 0.02364149611856034, "dsfb": 0.0, "sfT": 0.0, "roll-out": 0.24629498941425548, "roll-in": 0.21877205363443897, "bad-redirect": 0.0017642907551164433, "redirect": 0.02328863796753705, "oneh-out": 0.013408609738884969, "oneh-in": 0.002117148906139732, "dsfb-red": 0.010232886379675371, "dsfb-alt": 0.03705010585744531, "alternate": 0.31510232886379674, "sfR": 0.10832745236414962, "unknown": 0.0}, "english-10k": {"sft": 0.0, "sfb": 0.034078848343335716, "dsfb": 0.0, "sfT": 0.0006175102757569325, "roll-out": 0.18739507149611162, "roll-in": 0.24953204299415294, "bad-redirect": 0.0022963663379710927, "redirect": 0.021593562455375234, "oneh-out": 0.006734721444974045, "oneh-in": 0.006329480326508558, "dsfb-red": 0.008162713957661952, "dsfb-alt": 0.04422917350109029, "alternate": 0.32583315644236893, "sfR": 0.10543987958549622, "unknown": 0.0077574728391964646}, "reddit": {"sft": 0.0, "sfb": 0.022113433408304347, "dsfb": 0.0, "sfT": 0.00023440849219490516, "roll-out": 0.23531526125515673, "roll-in": 0.19244615075447657, "bad-redirect": 0.0021763506253608786, "redirect": 0.02514171544090091, "oneh-out": 0.015555314579530235, "oneh-in": 0.005286439648522109, "dsfb-red": 0.011379637063885678, "dsfb-alt": 0.03948086272663374, "alternate": 0.2645150753914721, "sfR": 0.1028716913164539, "unknown": 0.0834836592971079}, "akl": {"sft": 0.0, "sfb": 0.02682111118421713, "dsfb": 0.0, "sfT": 0.00034353633139874983, "roll-out": 0.22164945515571519, "roll-in": 0.18744692843825347, "bad-redirect": 0.0016836687722439, "redirect": 0.024575579293947034, "oneh-out": 0.015829869161291827, "oneh-in": 0.00596848684543938, "dsfb-red": 0.011990006531217323, "dsfb-alt": 0.03556050198309368, "alternate": 0.24615087520914206, "sfR": 0.11706348985084018, "unknown": 0.10491649124320006}, "keymash": {"sft": 0.0, "sfb": 0.02264246981893413, "dsfb": 0.0, "sfT": 0.0002586068887949329, "roll-out": 0.2542023619429177, "roll-in": 0.20034234626230948, "bad-redirect": 0.002072959981610177, "redirect": 0.02620960293580392, "oneh-out": 0.021094933357415243, "oneh-in": 0.004326534298251736, "dsfb-red": 0.012273565039632532, "dsfb-alt": 0.03682479999014831, "alternate": 0.2793980616797954, "sfR": 0.09899307508220005, "unknown": 0.04136068272218642}, "movie": {"sft": 0.0, "sfb": 0.01653790037490908, "dsfb": 0.0, "sfT": 0.00013067665371436872, "roll-out": 0.23285961182059162, "roll-in": 0.16352084226827826, "bad-redirect": 0.001869742090608007, "redirect": 0.02597754493441098, "oneh-out": 0.027616727611819013, "oneh-in": 0.0040443963732162075, "dsfb-red": 0.01367775295111443, "dsfb-alt": 0.040006006125352996, "alternate": 0.2563212692769449, "sfR": 0.1138359467128768, "unknown": 0.10360158280616336}}