{"english-450k": {"sft": 0.0, "sfb": 0.03504529319692849, "dsfb": 0.0, "sfT": 0.00013535629108560424, "roll-out": 0.21536501469624353, "roll-in": 0.21804524466745911, "bad-redirect": 0.005585566517238779, "redirect": 0.05807457283834834, "oneh-out": 0.011782136594669593, "oneh-in": 0.009550658042063941, "dsfb-red": 0.033643200816698346, "dsfb-alt": 0.04340990270133737, "alternate": 0.2463814848965182, "sfR": 0.11328269117541298, "unknown": 0.009698877565995693}, "shai": {"sft": 0.0, "sfb": 0.0241893893207061, "dsfb": 0.0, "sfT": 8.612820713684805e-05, "roll-out": 0.21105631429329585, "roll-in": 0.21640517668725828, "bad-redirect": 0.008558766584314688, "redirect": 0.044824977017512514, "oneh-out": 0.014447167836097785, "oneh-in": 0.011233849945179529, "dsfb-red": 0.032169843291791976, "dsfb-alt": 0.04575962655818788, "alternate": 0.2269166728851235, "sfR": 0.09728563198976478, "unknown": 0.06706645538363028}, "tr-quotes": {"sft": 0.0, "sfb": 0.027618409190726056, "dsfb": 0.0, "sfT": 0.00010286401146529206, "roll-out": 0.23674441182589398, "roll-in": 0.2137352349691408, "bad-redirect": 0.006884954115716234, "redirect": 0.04313584984165877, "oneh-out": 0.015804072952543862, "oneh-in": 0.010291024248168096, "dsfb-red": 0.039714754628880515, "dsfb-alt": 0.0424400730450059, "alternate": 0.22226716904371144, "sfR": 0.09591664547745082, "unknown": 0.045344536649638244}, "gutenberg": {"sft": 0.0, "sfb": 0.02641373825823491, "dsfb": 0.0, "sfT": 0.00017276634147949367, "roll-out": 0.23441494156064838, "roll-in": 0.20655599012352416, "bad-redirect": 0.007872045307215306, "redirect": 0.037369435436725655, "oneh-out": 0.01629156290267155, "oneh-in": 0.011398979238865759, "dsfb-red": 0.041142258306139684, "dsfb-alt": 0.042615887001719706, "alternate": 0.20295081880258528, "sfR": 0.09761014138424484, "unknown": 0.07519143533594529}, "english-200": {"sft": 0.0, "sfb": 0.013363028953229399, "dsfb": 0.0, "sfT": 0.0, "roll-out": 0.22717149220489977, "roll-in": 0.2583518930957684, "bad-redirect": 0.011135857461024499, "redirect": 0.0400890868596882, "oneh-out": 0.0200445434298441, "oneh-in": 0.013363028953229399, "dsfb-red": 0.053452115812917596, "dsfb-alt": 0.0400890868596882, "alternate": 0.21603563474387527, "sfR": 0.10690423162583519, "unknown": 0.0}, "monkeyracer": {"sft": 0.0, "sfb": 0.02743814223376136, "dsfb": 0.0, "sfT": 0.00010850524735286297, "roll-out": 0.2364945180411968, "roll-in": 0.21397821292835134, "bad-redirect": 0.006885684345527629, "redirect": 0.0431938861691978, "oneh-out": 0.01571859799490123, "oneh-in": 0.010273785132239548, "dsfb-red": 0.039729538451913606, "dsfb-alt": 0.04227305785382486, "alternate": 0.22260682390478126, "sfR": 0.09605353707555875, "unknown": 0.04524571062139293}, "chained-bigrams": {"sft": 0.0, "sfb": 0.024866421792223797, "dsfb": 0.0, "sfT": 0.0001253158055696058, "roll-out": 0.2195760170221718, "roll-in": 0.1963932422964868, "bad-redirect": 0.007146247440927882, "redirect": 0.054340309679379833, "oneh-out": 0.009755153693667137, "oneh-in": 0.008174096768475478, "dsfb-red": 0.03659935757793766, "dsfb-alt": 0.04477150643233693, "alternate": 0.20903715256517558, "sfR": 0.11643721321023381, "unknown": 0.07277796571541365}, "english-5k": {"sft": 0.0, "sfb": 0.025511262288961712, "dsfb": 0.0, "sfT": 8.296345459824948e-05, "roll-out": 0.18762185257394118, "roll-in": 0.23014062305554403, "bad-redirect": 0.005682996639980089, "redirect": 0.05160326876011117, "oneh-out": 0.011365993279960178, "oneh-in": 0.011780810552951425, "dsfb-red": 0.03173352138383042, "dsfb-alt": 0.05160326876011117, "alternate": 0.2834031609076202, "sfR": 0.10644211224955408, "unknown": 0.0030281660928361057}, "mt-quotes": {"sft": 0.0, "sfb": 0.027367889458648594, "dsfb": 0.0, "sfT": 0.00011056525740787225, "roll-out": 0.2425487981257695, "roll-in": 0.21699477653865004, "bad-redirect": 0.006967105341796058, "redirect": 0.042700601235940286, "oneh-out": 0.01596920906993701, "oneh-in": 0.010367734069638182, "dsfb-red": 0.040737320854400495, "dsfb-alt": 0.04182205567707773, "alternate": 0.22240649765123535, "sfR": 0.09572710103871578, "unknown": 0.03628034568078316}, "english-1k": {"sft": 0.0, "sfb": 0.015525758645024701, "dsfb": 0.0, "sfT": 0.0, "roll-out": 0.21312632321806635, "roll-in": 0.24064925899788286, "bad-redirect": 0.006351446718419196, "redirect": 0.0497529992942837, "oneh-out": 0.01834862385321101, "oneh-in": 0.014467184191954835, "dsfb-red": 0.040931545518701484, "dsfb-alt": 0.046224417784050814, "alternate": 0.24629498941425548, "sfR": 0.10832745236414962, "unknown": 0.0}, "english-10k": {"sft": 0.0, "sfb": 0.02846336427317111, "dsfb": 0.0, "sfT": 1.929719611740414e-05, "roll-out": 0.18955635746126087, "roll-in": 0.23828177765770633, "bad-redirect": 0.0056154840701646055, "redirect": 0.053047992126743986, "oneh-out": 0.011404642905385847, "oneh-in": 0.01235020551513865, "dsfb-red": 0.03089481098396403, "dsfb-alt": 0.051041083730533954, "alternate": 0.2661276316551205, "sfR": 0.10543987958549622, "unknown": 0.0077574728391964646}, "reddit": {"sft": 0.0, "sfb": 0.02768140297490522, "dsfb": 0.0, "sfT": 0.00011274681391924969, "roll-out": 0.221212694991588, "roll-in": 0.20411698174906268, "bad-redirect": 0.007682440545252582, "redirect": 0.0442564956304991, "oneh-out": 0.014893179885294164, "oneh-in": 0.009465900362906149, "dsfb-red": 0.03474006521710223, "dsfb-alt": 0.04438047966839701, "alternate": 0.21021276372594133, "sfR": 0.1028716913164539, "unknown": 0.07837315711867839}, "akl": {"sft": 0.0, "sfb": 0.031182690576547514, "dsfb": 0.0, "sfT": 0.0002997346747172501, "roll-out": 0.20763596077601915, "roll-in": 0.19200000842577838, "bad-redirect": 0.00817473973947741, "redirect": 0.04630733447899137, "oneh-out": 0.012077485936074859, "oneh-in": 0.00970234574908949, "dsfb-red": 0.039776364972998475, "dsfb-alt": 0.04316086384549303, "alternate": 0.19390528756004452, "sfR": 0.11706348985084018, "unknown": 0.09871369341392838}, "keymash": {"sft": 0.0, "sfb": 0.027408225341012178, "dsfb": 0.0, "sfT": 0.00013135588002282308, "roll-out": 0.23488483783706124, "roll-in": 0.21314543969328403, "bad-redirect": 0.007076798036229594, "redirect": 0.04248952231613255, "oneh-out": 0.01581196405774733, "oneh-in": 0.00988863484296815, "dsfb-red": 0.03959969295563045, "dsfb-alt": 0.04448448974397918, "alternate": 0.2247786448178053, "sfR": 0.09899307508220005, "unknown": 0.04130731939592715}, "movie": {"sft": 0.0, "sfb": 0.028678327375679852, "dsfb": 0.0, "sfT": 8.251184479245639e-05, "roll-out": 0.2263924992390355, "roll-in": 0.17651362846956056, "bad-redirect": 0.0062432646581239495, "redirect": 0.04127868882230331, "oneh-out": 0.01644815064899448, "oneh-in": 0.00817920046153994, "dsfb-red": 0.038174559005773066, "dsfb-alt": 0.03982598028216945, "alternate": 0.20076763651203086, "sfR": 0.1138359467128768, "unknown": 0.10357960596711975}}