{"english-450k": {"sft": 0.0, "sfb": 0.03143043242095982, "dsfb": 0.0, "sfT": 1.4909656253489883e-05, "roll-out": 0.20318879542256013, "roll-in": 0.21879394328834514, "bad-redirect": 0.0015295553238874326, "redirect": 0.04333623145867306, "oneh-out": 0.0069160340782119635, "oneh-in": 0.009534871347207305, "dsfb-red": 0.026362318679577456, "dsfb-alt": 0.046436562920795815, "alternate": 0.2894747766621197, "sfR": 0.11328269117541298, "unknown": 0.009698877565995693}, "shai": {"sft": 0.0, "sfb": 0.01915149879258727, "dsfb": 0.0, "sfT": 7.694372704267017e-06, "roll-out": 0.22765840189891545, "roll-in": 0.22242057766315862, "bad-redirect": 0.0008455798228467445, "redirect": 0.03033009865207595, "oneh-out": 0.007493355282163639, "oneh-in": 0.01083055721811116, "dsfb-red": 0.026322696727460983, "dsfb-alt": 0.04166133582360596, "alternate": 0.24857322023895595, "sfR": 0.09728563198976478, "unknown": 0.06741935151764922}, "tr-quotes": {"sft": 0.0, "sfb": 0.01929913779154435, "dsfb": 0.0, "sfT": 2.3115508194447656e-06, "roll-out": 0.2614687593906752, "roll-in": 0.21074177665795982, "bad-redirect": 0.0007951734818889993, "redirect": 0.03162894986246273, "oneh-out": 0.012626846351217032, "oneh-in": 0.00899308846304986, "dsfb-red": 0.0346432121310187, "dsfb-alt": 0.04162178405492245, "alternate": 0.23598737893252583, "sfR": 0.09591664547745082, "unknown": 0.04627493585446476}, "gutenberg": {"sft": 0.0, "sfb": 0.01750831532736759, "dsfb": 0.0, "sfT": 3.788735558760826e-06, "roll-out": 0.25782023434844925, "roll-in": 0.20331453741622632, "bad-redirect": 0.0007240273652791939, "redirect": 0.028411349081591555, "oneh-out": 0.013694763550696881, "oneh-in": 0.007721632505532501, "dsfb-red": 0.033492043465889826, "dsfb-alt": 0.03800783737837685, "alternate": 0.22154574348820547, "sfR": 0.09761014138424484, "unknown": 0.08014558595258095}, "english-200": {"sft": 0.0, "sfb": 0.015590200445434299, "dsfb": 0.0, "sfT": 0.0, "roll-out": 0.29175946547884185, "roll-in": 0.21603563474387527, "bad-redirect": 0.0, "redirect": 0.017817371937639197, "oneh-out": 0.011135857461024499, "oneh-in": 0.008908685968819599, "dsfb-red": 0.0400890868596882, "dsfb-alt": 0.051224944320712694, "alternate": 0.24053452115812918, "sfR": 0.10690423162583519, "unknown": 0.0}, "monkeyracer": {"sft": 0.0, "sfb": 0.019326641850571657, "dsfb": 0.0, "sfT": 1.9550495018533868e-06, "roll-out": 0.2618651954267482, "roll-in": 0.21090585263618875, "bad-redirect": 0.0007927725730015484, "redirect": 0.03156525173217386, "oneh-out": 0.012667743247259021, "oneh-in": 0.008957059292741293, "dsfb-red": 0.03469137588563742, "dsfb-alt": 0.041571195082659496, "alternate": 0.23544465645870152, "sfR": 0.09605353707555875, "unknown": 0.046156763689256614}, "chained-bigrams": {"sft": 0.0, "sfb": 0.019612897528681412, "dsfb": 0.0, "sfT": 4.480202375286425e-05, "roll-out": 0.19694644989413088, "roll-in": 0.2024980050113336, "bad-redirect": 0.0013563975017352667, "redirect": 0.04196910738136067, "oneh-out": 0.00910390108752043, "oneh-in": 0.007918920024491773, "dsfb-red": 0.033970972184436295, "dsfb-alt": 0.05253134680727144, "alternate": 0.2441346683903542, "sfR": 0.11643721321023381, "unknown": 0.07347531895469736}, "english-5k": {"sft": 0.0, "sfb": 0.02372754801509935, "dsfb": 0.0, "sfT": 0.0, "roll-out": 0.18741444393744555, "roll-in": 0.24984444352262827, "bad-redirect": 0.0012859335462728667, "redirect": 0.03484465093126478, "oneh-out": 0.004977807275894968, "oneh-in": 0.01970382046708425, "dsfb-red": 0.026216451653046834, "dsfb-alt": 0.044426929937362594, "alternate": 0.29808769237151034, "sfR": 0.10644211224955408, "unknown": 0.0030281660928361057}, "mt-quotes": {"sft": 0.0, "sfb": 0.018963435770550197, "dsfb": 0.0, "sfT": 0.0, "roll-out": 0.2710507285353988, "roll-in": 0.21171603255997418, "bad-redirect": 0.0007844156775558504, "redirect": 0.031297438471928375, "oneh-out": 0.01319760700923967, "oneh-in": 0.008876597219732014, "dsfb-red": 0.03620115705047752, "dsfb-alt": 0.041717466920070286, "alternate": 0.23329568138081067, "sfR": 0.09572710103871578, "unknown": 0.03717233836554667}, "english-1k": {"sft": 0.0, "sfb": 0.016584333098094567, "dsfb": 0.0, "sfT": 0.0, "roll-out": 0.23535638673253353, "roll-in": 0.23429781227946367, "bad-redirect": 0.0007057163020465773, "redirect": 0.03211009174311927, "oneh-out": 0.011291460832745237, "oneh-in": 0.011644318983768526, "dsfb-red": 0.027170077628793227, "dsfb-alt": 0.04763585038814397, "alternate": 0.27487649964714184, "sfR": 0.10832745236414962, "unknown": 0.0}, "english-10k": {"sft": 0.0, "sfb": 0.02306014936029795, "dsfb": 0.0, "sfT": 0.0, "roll-out": 0.18531097431543198, "roll-in": 0.26151560178306094, "bad-redirect": 0.0014472897088053105, "redirect": 0.03533316609096698, "oneh-out": 0.004747110244881419, "oneh-in": 0.017174504544489686, "dsfb-red": 0.024333764304046622, "dsfb-alt": 0.047278130487640145, "alternate": 0.2866019567356863, "sfR": 0.10543987958549622, "unknown": 0.0077574728391964646}, "reddit": {"sft": 0.0, "sfb": 0.021399570026353162, "dsfb": 0.0, "sfT": 3.494776657364118e-05, "roll-out": 0.24026979076476238, "roll-in": 0.20797367193336627, "bad-redirect": 0.0008082186059586878, "redirect": 0.030441040439585218, "oneh-out": 0.009037387555186476, "oneh-in": 0.008029932968086097, "dsfb-red": 0.03153082642103593, "dsfb-alt": 0.042052463976737446, "alternate": 0.22567701933383114, "sfR": 0.1028716913164539, "unknown": 0.07987343889206965}, "akl": {"sft": 0.0, "sfb": 0.022616276051298616, "dsfb": 0.0, "sfT": 8.308065291356601e-05, "roll-out": 0.2324819703831412, "roll-in": 0.19667860772933823, "bad-redirect": 0.0007476639219693622, "redirect": 0.03046519837565862, "oneh-out": 0.006803258446749886, "oneh-in": 0.006592428124703007, "dsfb-red": 0.033572637829935824, "dsfb-alt": 0.04169335346103096, "alternate": 0.21224219751238807, "sfR": 0.11706348985084018, "unknown": 0.09895983766003248}, "keymash": {"sft": 0.0, "sfb": 0.018792100585765126, "dsfb": 0.0, "sfT": 2.052435625356611e-05, "roll-out": 0.2605279685402667, "roll-in": 0.21261591130194202, "bad-redirect": 0.0008456034776469236, "redirect": 0.03134479687044616, "oneh-out": 0.012585535254686737, "oneh-in": 0.008878836515292698, "dsfb-red": 0.03463279874226745, "dsfb-alt": 0.0425962489686511, "alternate": 0.23578790951221815, "sfR": 0.09899307508220005, "unknown": 0.0423786907923633}, "movie": {"sft": 0.0, "sfb": 0.016374324261548598, "dsfb": 0.0, "sfT": 4.8691200276250184e-06, "roll-out": 0.2517781170954936, "roll-in": 0.1767081300749884, "bad-redirect": 0.0008867062363820912, "redirect": 0.03243123453643148, "oneh-out": 0.015188627735902615, "oneh-in": 0.006175754966930121, "dsfb-red": 0.03276075552424697, "dsfb-alt": 0.04243016990991733, "alternate": 0.2076417812083287, "sfR": 0.1138359467128768, "unknown": 0.10378358261692566}}