{"english-450k": {"sft": 0.0, "sfb": 0.03147106854290561, "dsfb": 0.0, "sfT": 1.4324963851392241e-05, "roll-out": 0.2041234262273132, "roll-in": 0.217367878519629, "bad-redirect": 0.0015663909452195842, "redirect": 0.0429550120125054, "oneh-out": 0.008942285597681343, "oneh-in": 0.008797574228162177, "dsfb-red": 0.025869130638408094, "dsfb-alt": 0.04707475467768539, "alternate": 0.2888365849052301, "sfR": 0.11328269117541298, "unknown": 0.009698877565995693}, "shai": {"sft": 0.0, "sfb": 0.018548659398761408, "dsfb": 0.0, "sfT": 6.978347075348809e-06, "roll-out": 0.23239966816663069, "roll-in": 0.21793023386867796, "bad-redirect": 0.0008597842231609598, "redirect": 0.029034142579048454, "oneh-out": 0.009363231054426309, "oneh-in": 0.01083107198248222, "dsfb-red": 0.026086690809760737, "dsfb-alt": 0.04354492445426462, "alternate": 0.2466896316082973, "sfR": 0.09728563198976478, "unknown": 0.06741935151764922}, "tr-quotes": {"sft": 0.0, "sfb": 0.018190749173620582, "dsfb": 0.0, "sfT": 2.3115508194447656e-06, "roll-out": 0.2672407017868288, "roll-in": 0.20580545988303553, "bad-redirect": 0.000788238829430665, "redirect": 0.03077252028385844, "oneh-out": 0.014498046739557569, "oneh-in": 0.00851690899424424, "dsfb-red": 0.034384318439240884, "dsfb-alt": 0.04361087353505467, "alternate": 0.23399828945239362, "sfR": 0.09591664547745082, "unknown": 0.04627493585446476}, "gutenberg": {"sft": 0.0, "sfb": 0.0175422245106185, "dsfb": 0.0, "sfT": 3.788735558760826e-06, "roll-out": 0.2622566542509802, "roll-in": 0.19877676883749848, "bad-redirect": 0.0007134189057146635, "redirect": 0.027195164967229332, "oneh-out": 0.01532164659962878, "oneh-in": 0.007529354175925389, "dsfb-red": 0.033351670813437734, "dsfb-alt": 0.041215759775979646, "alternate": 0.21833782109060268, "sfR": 0.09761014138424484, "unknown": 0.08014558595258095}, "english-200": {"sft": 0.0, "sfb": 0.013363028953229399, "dsfb": 0.0, "sfT": 0.0, "roll-out": 0.2984409799554566, "roll-in": 0.20935412026726058, "bad-redirect": 0.0, "redirect": 0.017817371937639197, "oneh-out": 0.011135857461024499, "oneh-in": 0.011135857461024499, "dsfb-red": 0.0400890868596882, "dsfb-alt": 0.051224944320712694, "alternate": 0.24053452115812918, "sfR": 0.10690423162583519, "unknown": 0.0}, "monkeyracer": {"sft": 0.0, "sfb": 0.018222038882024495, "dsfb": 0.0, "sfT": 1.9550495018533868e-06, "roll-out": 0.26768831036801854, "roll-in": 0.2059312291787228, "bad-redirect": 0.0007917950482506217, "redirect": 0.03072164787212412, "oneh-out": 0.014539703145283639, "oneh-in": 0.008422353253984391, "dsfb-red": 0.03445481489591316, "dsfb-alt": 0.04359467131707775, "alternate": 0.2334211802242833, "sfR": 0.09605353707555875, "unknown": 0.046156763689256614}, "chained-bigrams": {"sft": 0.0, "sfb": 0.01910124543132986, "dsfb": 0.0, "sfT": 3.830897683215928e-05, "roll-out": 0.20300511197584067, "roll-in": 0.19638155481202954, "bad-redirect": 0.0016641679257766821, "redirect": 0.041421094221253174, "oneh-out": 0.010287583541164944, "oneh-in": 0.00754881635001159, "dsfb-red": 0.033973569403204576, "dsfb-alt": 0.053654643924553394, "alternate": 0.24301137127307224, "sfR": 0.11643721321023381, "unknown": 0.07347531895469736}, "english-5k": {"sft": 0.0, "sfb": 0.024266810469987972, "dsfb": 0.0, "sfT": 0.0, "roll-out": 0.19318040403202388, "roll-in": 0.24320736715476832, "bad-redirect": 0.001244451818973742, "redirect": 0.0320238934749243, "oneh-out": 0.00866968100551707, "oneh-in": 0.019579375285186874, "dsfb-red": 0.02584311610735471, "dsfb-alt": 0.044883228937652966, "alternate": 0.29763139337121997, "sfR": 0.10644211224955408, "unknown": 0.0030281660928361057}, "mt-quotes": {"sft": 0.0, "sfb": 0.01792950120127658, "dsfb": 0.0, "sfT": 0.0, "roll-out": 0.2769405696800182, "roll-in": 0.20667485447221526, "bad-redirect": 0.0007590155508540419, "redirect": 0.030498081543371462, "oneh-out": 0.015065263384372647, "oneh-in": 0.00828342955498978, "dsfb-red": 0.03593669690775869, "dsfb-alt": 0.04372557105461326, "alternate": 0.23128757724626767, "sfR": 0.09572710103871578, "unknown": 0.03717233836554667}, "english-1k": {"sft": 0.0, "sfb": 0.015525758645024701, "dsfb": 0.0, "sfT": 0.0, "roll-out": 0.2392378263937897, "roll-in": 0.23076923076923078, "bad-redirect": 0.001058574453069866, "redirect": 0.030345800988002825, "oneh-out": 0.013761467889908258, "oneh-in": 0.011291460832745237, "dsfb-red": 0.027170077628793227, "dsfb-alt": 0.04904728299223712, "alternate": 0.2734650670430487, "sfR": 0.10832745236414962, "unknown": 0.0}, "english-10k": {"sft": 0.0, "sfb": 0.023272418517589395, "dsfb": 0.0, "sfT": 0.0, "roll-out": 0.18924760232338242, "roll-in": 0.2571544354605276, "bad-redirect": 0.0013315065321008858, "redirect": 0.03405955114721831, "oneh-out": 0.006599641072152216, "oneh-in": 0.017078018563902665, "dsfb-red": 0.02417938673510739, "dsfb-alt": 0.04791493795951448, "alternate": 0.28596514926381195, "sfR": 0.10543987958549622, "unknown": 0.0077574728391964646}, "reddit": {"sft": 0.0, "sfb": 0.020755677092375788, "dsfb": 0.0, "sfT": 3.7120296542849315e-05, "roll-out": 0.24545292286750733, "roll-in": 0.20307371787488362, "bad-redirect": 0.0008170960129018314, "redirect": 0.028511946199168182, "oneh-out": 0.011676487063988687, "oneh-in": 0.007930071504329048, "dsfb-red": 0.03127034756921053, "dsfb-alt": 0.04409112115094645, "alternate": 0.22363836215962216, "sfR": 0.1028716913164539, "unknown": 0.07987343889206965}, "akl": {"sft": 0.0, "sfb": 0.021417709077946007, "dsfb": 0.0, "sfT": 8.617836555016429e-05, "roll-out": 0.23688258095469272, "roll-in": 0.19327831052239702, "bad-redirect": 0.0007923329381891094, "redirect": 0.028468722581371026, "oneh-out": 0.009332478860279655, "oneh-in": 0.006272868089111528, "dsfb-red": 0.033509940126171076, "dsfb-alt": 0.042911621886752335, "alternate": 0.2110239290866667, "sfR": 0.11706348985084018, "unknown": 0.09895983766003248}, "keymash": {"sft": 0.0, "sfb": 0.017614002536810433, "dsfb": 0.0, "sfT": 2.052435625356611e-05, "roll-out": 0.26592176936370393, "roll-in": 0.2081703357374196, "bad-redirect": 0.0008866521901540558, "redirect": 0.030293949830263574, "oneh-out": 0.014646180622544774, "oneh-in": 0.008353412995201405, "dsfb-red": 0.0343372480122161, "dsfb-alt": 0.045153583757845436, "alternate": 0.2332305747230238, "sfR": 0.09899307508220005, "unknown": 0.0423786907923633}, "movie": {"sft": 0.0, "sfb": 0.015284825755907854, "dsfb": 0.0, "sfT": 4.8691200276250184e-06, "roll-out": 0.2564143089488241, "roll-in": 0.17299180711336326, "bad-redirect": 0.0009032875640437331, "redirect": 0.03163598879786559, "oneh-out": 0.01664515261335542, "oneh-in": 0.005718847271364876, "dsfb-red": 0.032709432367199025, "dsfb-alt": 0.04405448203156532, "alternate": 0.20601746908668073, "sfR": 0.1138359467128768, "unknown": 0.10378358261692566}}