{"english-450k": {"sft": 0.0, "sfb": 0.027426751197596213, "dsfb": 0.0, "sfT": 1.4324963851392241e-05, "roll-out": 0.18974028548191224, "roll-in": 0.2271798940654306, "bad-redirect": 0.0012059280793263877, "redirect": 0.04487309543758672, "oneh-out": 0.0038765106259073694, "oneh-in": 0.011644149187774549, "dsfb-red": 0.024802067004579896, "dsfb-alt": 0.04658624417573281, "alternate": 0.2996691810388932, "sfR": 0.11328269117541298, "unknown": 0.009698877565995693}, "shai": {"sft": 0.0, "sfb": 0.019094061925921613, "dsfb": 0.0, "sfT": 8.936773930660232e-06, "roll-out": 0.20874451524368248, "roll-in": 0.2329500673915581, "bad-redirect": 0.002036640076442122, "redirect": 0.03493533166152315, "oneh-out": 0.0075691224049296004, "oneh-in": 0.016775439345585088, "dsfb-red": 0.02231466392621081, "dsfb-alt": 0.04275374709758044, "alternate": 0.24811249064522192, "sfR": 0.09728563198976478, "unknown": 0.06741935151764922}, "tr-quotes": {"sft": 0.0, "sfb": 0.017842860775294143, "dsfb": 0.0, "sfT": 3.4673262291671484e-06, "roll-out": 0.23193176301981, "roll-in": 0.231627794087053, "bad-redirect": 0.0020803957375002888, "redirect": 0.04220313908601281, "oneh-out": 0.011406347518550195, "oneh-in": 0.020342802986523658, "dsfb-red": 0.027460067959594093, "dsfb-alt": 0.04104042902383209, "alternate": 0.23186935114768498, "sfR": 0.09591664547745082, "unknown": 0.04627493585446476}, "gutenberg": {"sft": 0.0, "sfb": 0.01784873321732225, "dsfb": 0.0, "sfT": 3.788735558760826e-06, "roll-out": 0.24485859112837258, "roll-in": 0.20987056542710605, "bad-redirect": 0.001903839618277315, "redirect": 0.03807508743454486, "oneh-out": 0.011943609975437627, "oneh-in": 0.011880906401940136, "dsfb-red": 0.029405702728988337, "dsfb-alt": 0.03878869577703746, "alternate": 0.21766475221858883, "sfR": 0.09761014138424484, "unknown": 0.08014558595258095}, "english-200": {"sft": 0.0, "sfb": 0.008908685968819599, "dsfb": 0.0, "sfT": 0.0, "roll-out": 0.2650334075723831, "roll-in": 0.24053452115812918, "bad-redirect": 0.0022271714922048997, "redirect": 0.042316258351893093, "oneh-out": 0.008908685968819599, "oneh-in": 0.008908685968819599, "dsfb-red": 0.028953229398663696, "dsfb-alt": 0.0378619153674833, "alternate": 0.24944320712694878, "sfR": 0.10690423162583519, "unknown": 0.0}, "monkeyracer": {"sft": 0.0, "sfb": 0.017775310070850994, "dsfb": 0.0, "sfT": 2.9325742527800804e-06, "roll-out": 0.23194902794938768, "roll-in": 0.23174961290019863, "bad-redirect": 0.0020909254422321975, "redirect": 0.04224079953704428, "oneh-out": 0.011364702754273738, "oneh-in": 0.02057885105650875, "dsfb-red": 0.02742543441199931, "dsfb-alt": 0.040902568153025634, "alternate": 0.23170953438541064, "sfR": 0.09605353707555875, "unknown": 0.046156763689256614}, "chained-bigrams": {"sft": 0.0, "sfb": 0.019250585510506076, "dsfb": 0.0, "sfT": 2.9868015835242832e-05, "roll-out": 0.18230527839263325, "roll-in": 0.21232977665866506, "bad-redirect": 0.0023680142119811, "redirect": 0.043636521830597706, "oneh-out": 0.008620169091927908, "oneh-in": 0.009925271522989606, "dsfb-red": 0.03317817115541822, "dsfb-alt": 0.052374215071790374, "alternate": 0.24606959637272427, "sfR": 0.11643721321023381, "unknown": 0.07347531895469736}, "english-5k": {"sft": 0.0, "sfb": 0.02322976728750985, "dsfb": 0.0, "sfT": 0.0, "roll-out": 0.17816401874974075, "roll-in": 0.2515866760691915, "bad-redirect": 0.0012859335462728667, "redirect": 0.03442983365827353, "oneh-out": 0.004936325548595843, "oneh-in": 0.020699381922263244, "dsfb-red": 0.024308292197287095, "dsfb-alt": 0.046583979756917075, "alternate": 0.30530551292155805, "sfR": 0.10644211224955408, "unknown": 0.0030281660928361057}, "mt-quotes": {"sft": 0.0, "sfb": 0.017373686664037005, "dsfb": 0.0, "sfT": 1.4941251001063816e-06, "roll-out": 0.23934240566094117, "roll-in": 0.23373495416024193, "bad-redirect": 0.0020738456389476577, "redirect": 0.043156309391472726, "oneh-out": 0.011981389177753075, "oneh-in": 0.02153482506783328, "dsfb-red": 0.02823149376651008, "dsfb-alt": 0.040495272588183265, "alternate": 0.22917488435471725, "sfR": 0.09572710103871578, "unknown": 0.03717233836554667}, "english-1k": {"sft": 0.0, "sfb": 0.013761467889908258, "dsfb": 0.0, "sfT": 0.0, "roll-out": 0.2304163726182075, "roll-in": 0.23782639378969656, "bad-redirect": 0.0007057163020465773, "redirect": 0.038108680310515175, "oneh-out": 0.008468595624558928, "oneh-in": 0.012350035285815103, "dsfb-red": 0.02399435426958363, "dsfb-alt": 0.043401552575864505, "alternate": 0.2826393789696542, "sfR": 0.10832745236414962, "unknown": 0.0}, "english-10k": {"sft": 0.0, "sfb": 0.02358117365546786, "dsfb": 0.0, "sfT": 0.0, "roll-out": 0.1766272360626001, "roll-in": 0.2647768279269022, "bad-redirect": 0.0016016672777445437, "redirect": 0.03564192122884545, "oneh-out": 0.0045927326759421854, "oneh-in": 0.018467416684355763, "dsfb-red": 0.022519827869010633, "dsfb-alt": 0.04835877347021478, "alternate": 0.2906350707242238, "sfR": 0.10543987958549622, "unknown": 0.0077574728391964646}, "reddit": {"sft": 0.0, "sfb": 0.01970743138223286, "dsfb": 0.0, "sfT": 4.491143850138883e-05, "roll-out": 0.2175575256906351, "roll-in": 0.22418190668347007, "bad-redirect": 0.0021318512184053742, "redirect": 0.03975553793808552, "oneh-out": 0.00962056202226581, "oneh-in": 0.016630641999461737, "dsfb-red": 0.02429866144060837, "dsfb-alt": 0.04370448573125392, "alternate": 0.2196213542465563, "sfR": 0.1028716913164539, "unknown": 0.07987343889206965}, "akl": {"sft": 0.0, "sfb": 0.022625445280702948, "dsfb": 0.0, "sfT": 9.565736621815505e-05, "roll-out": 0.21404215441700986, "roll-in": 0.20988824567983702, "bad-redirect": 0.0025191218703344577, "redirect": 0.03920824447544635, "oneh-out": 0.0062430061392947205, "oneh-in": 0.016606403765034285, "dsfb-red": 0.027506449127938135, "dsfb-alt": 0.04350551535344096, "alternate": 0.20173642901387046, "sfR": 0.11706348985084018, "unknown": 0.09895983766003248}, "keymash": {"sft": 0.0, "sfb": 0.01833645987693596, "dsfb": 0.0, "sfT": 1.2314613752139664e-05, "roll-out": 0.23215920332658765, "roll-in": 0.23204016206031697, "bad-redirect": 0.002081169724111603, "redirect": 0.04127037555467073, "oneh-out": 0.010894328299392889, "oneh-in": 0.019506348183389227, "dsfb-red": 0.027732510169818522, "dsfb-alt": 0.04209134980481337, "alternate": 0.23250401251164757, "sfR": 0.09899307508220005, "unknown": 0.0423786907923633}, "movie": {"sft": 0.0, "sfb": 0.017477114148886374, "dsfb": 0.0, "sfT": 1.1975403311185856e-05, "roll-out": 0.20885827162820347, "roll-in": 0.21374226221158854, "bad-redirect": 0.003334294436214462, "redirect": 0.04261045894877804, "oneh-out": 0.01112633405663892, "oneh-in": 0.023941331577993632, "dsfb-red": 0.02653670415055635, "dsfb-alt": 0.041752704236884534, "alternate": 0.19298901987114203, "sfR": 0.1138359467128768, "unknown": 0.10378358261692566}}