{"english-450k": {"sft": 0.0, "sfb": 0.046815151251154034, "dsfb": 0.0, "sfT": 0.0002327075760348617, "roll-out": 0.2258055745743001, "roll-in": 0.23491128169836772, "bad-redirect": 0.02012043494098407, "redirect": 0.0730637472585235, "oneh-out": 0.020838729556961026, "oneh-in": 0.0185134078738187, "dsfb-red": 0.030856849174502033, "dsfb-alt": 0.03637809952751007, "alternate": 0.16963563723578481, "sfR": 0.11328269117541298, "unknown": 0.009545688156646111}, "shai": {"sft": 0.0, "sfb": 0.036166760278954296, "dsfb": 0.0, "sfT": 0.00019963955656881137, "roll-out": 0.20970006112149583, "roll-in": 0.22533137666106334, "bad-redirect": 0.0227980586339067, "redirect": 0.07411280167127349, "oneh-out": 0.022380546024888898, "oneh-in": 0.021578988231789803, "dsfb-red": 0.030575397421316913, "dsfb-alt": 0.03120682365457623, "alternate": 0.16853747778772388, "sfR": 0.09728563198976478, "unknown": 0.06012643696667702}, "tr-quotes": {"sft": 0.0, "sfb": 0.032336284413212825, "dsfb": 0.0, "sfT": 0.0002276877557153094, "roll-out": 0.22065139502091954, "roll-in": 0.22843323085458034, "bad-redirect": 0.022969880492822635, "redirect": 0.07845056748572618, "oneh-out": 0.026501930144934235, "oneh-in": 0.0209750121356418, "dsfb-red": 0.03599315780957444, "dsfb-alt": 0.029442222787267977, "alternate": 0.16666512563278704, "sfR": 0.09591664547745082, "unknown": 0.041436859989366866}, "gutenberg": {"sft": 0.0, "sfb": 0.032359211533820334, "dsfb": 0.0, "sfT": 0.00026862135111614254, "roll-out": 0.21349543817295047, "roll-in": 0.21075106757096207, "bad-redirect": 0.021952123264238163, "redirect": 0.0786081170628358, "oneh-out": 0.022708923192100636, "oneh-in": 0.02089525548012183, "dsfb-red": 0.03164162501899104, "dsfb-alt": 0.029119653194301893, "alternate": 0.1723075256033277, "sfR": 0.09761014138424484, "unknown": 0.06828229717098905}, "english-200": {"sft": 0.0, "sfb": 0.0200445434298441, "dsfb": 0.0, "sfT": 0.0, "roll-out": 0.21158129175946547, "roll-in": 0.24498886414253898, "bad-redirect": 0.026726057906458798, "redirect": 0.10244988864142539, "oneh-out": 0.028953229398663696, "oneh-in": 0.0334075723830735, "dsfb-red": 0.028953229398663696, "dsfb-alt": 0.0400890868596882, "alternate": 0.155902004454343, "sfR": 0.10690423162583519, "unknown": 0.0}, "monkeyracer": {"sft": 0.0, "sfb": 0.03225049658257347, "dsfb": 0.0, "sfT": 0.00021896554420757934, "roll-out": 0.22056379717534447, "roll-in": 0.2284485118163192, "bad-redirect": 0.022853551151915168, "redirect": 0.07852945086569592, "oneh-out": 0.026771470353629354, "oneh-in": 0.020998209174656304, "dsfb-red": 0.036100966576473714, "dsfb-alt": 0.029492899260209267, "alternate": 0.16633854419193894, "sfR": 0.09605353707555875, "unknown": 0.04137960023147786}, "chained-bigrams": {"sft": 0.0, "sfb": 0.033248296062161835, "dsfb": 0.0, "sfT": 0.0002824475410506659, "roll-out": 0.21796639069052906, "roll-in": 0.21086689318743024, "bad-redirect": 0.017589014803497675, "redirect": 0.0699203757656114, "oneh-out": 0.020824500084084957, "oneh-in": 0.017602000897339085, "dsfb-red": 0.036102639488503736, "dsfb-alt": 0.03677726706356498, "alternate": 0.15558119587639577, "sfR": 0.11643721321023381, "unknown": 0.06680176532959681}, "english-5k": {"sft": 0.0, "sfb": 0.04189654457211598, "dsfb": 0.0, "sfT": 0.0003733355456921226, "roll-out": 0.22980876923715104, "roll-in": 0.22715393869000705, "bad-redirect": 0.02916165429128469, "redirect": 0.0736300659559464, "oneh-out": 0.027129049653627578, "oneh-in": 0.018542332102708756, "dsfb-red": 0.0318579665657278, "dsfb-alt": 0.03646243829593064, "alternate": 0.17662919483967313, "sfR": 0.10644211224955408, "unknown": 0.0009125980005807441}, "mt-quotes": {"sft": 0.0, "sfb": 0.031421450855237204, "dsfb": 0.0, "sfT": 0.00020021276341425514, "roll-out": 0.2236122566070212, "roll-in": 0.2314145778797767, "bad-redirect": 0.022948267412533918, "redirect": 0.07932758393994813, "oneh-out": 0.02770854998147285, "oneh-in": 0.02131668280321775, "dsfb-red": 0.0373441627520589, "dsfb-alt": 0.029211639832179868, "alternate": 0.16614222875652931, "sfR": 0.09572710103871578, "unknown": 0.033625285377894124}, "english-1k": {"sft": 0.0, "sfb": 0.031051517290049402, "dsfb": 0.0, "sfT": 0.0, "roll-out": 0.21841919548341568, "roll-in": 0.2364149611856034, "bad-redirect": 0.02646436132674665, "redirect": 0.08009880028228653, "oneh-out": 0.027875793930839804, "oneh-in": 0.02364149611856034, "dsfb-red": 0.03211009174311927, "dsfb-alt": 0.03881439661256175, "alternate": 0.17678193366266762, "sfR": 0.10832745236414962, "unknown": 0.0}, "english-10k": {"sft": 0.0, "sfb": 0.04556068003319118, "dsfb": 0.0, "sfT": 0.0003859439223480828, "roll-out": 0.21377433858860306, "roll-in": 0.24260434958800486, "bad-redirect": 0.025472298874973466, "redirect": 0.07365739758013161, "oneh-out": 0.025588082051677893, "oneh-in": 0.02068659423785724, "dsfb-red": 0.03247718106559117, "dsfb-alt": 0.03322977171416993, "alternate": 0.1733660099187588, "sfR": 0.10543987958549622, "unknown": 0.0077574728391964646}, "reddit": {"sft": 0.0, "sfb": 0.034051822705822396, "dsfb": 0.0, "sfT": 0.00017567526819976115, "roll-out": 0.20518253278413273, "roll-in": 0.2188983137983559, "bad-redirect": 0.020618021098637168, "redirect": 0.07798603475261345, "oneh-out": 0.023082082115265076, "oneh-in": 0.02219456616543029, "dsfb-red": 0.033987620699490975, "dsfb-alt": 0.029756019265845937, "alternate": 0.1583382168435874, "sfR": 0.1028716913164539, "unknown": 0.07285740318616503}, "akl": {"sft": 0.0, "sfb": 0.03743331708892827, "dsfb": 0.0, "sfT": 0.0005539329736765053, "roll-out": 0.19061638409951537, "roll-in": 0.21264582946893681, "bad-redirect": 0.017894618542090047, "redirect": 0.0712044563446173, "oneh-out": 0.022461514327974167, "oneh-in": 0.0230775254628881, "dsfb-red": 0.033818720121787195, "dsfb-alt": 0.03355491891365448, "alternate": 0.14884187056740555, "sfR": 0.11706348985084018, "unknown": 0.090833422237686}, "keymash": {"sft": 0.0, "sfb": 0.032834865134455056, "dsfb": 0.0, "sfT": 0.00022576791878922716, "roll-out": 0.21777573446408854, "roll-in": 0.23107551731639936, "bad-redirect": 0.02311453001276615, "redirect": 0.07839072627487038, "oneh-out": 0.02537220920065842, "oneh-in": 0.021361749988711605, "dsfb-red": 0.03622138391629347, "dsfb-alt": 0.030302159572765, "alternate": 0.1665715704826918, "sfR": 0.09899307508220005, "unknown": 0.037760710635310925}, "movie": {"sft": 0.0, "sfb": 0.026345097697577376, "dsfb": 0.0, "sfT": 0.0001244915553008991, "roll-out": 0.19819700433312204, "roll-in": 0.21215242872364967, "bad-redirect": 0.019628475614065125, "redirect": 0.07653309178988721, "oneh-out": 0.026604608635265932, "oneh-in": 0.0208345698046917, "dsfb-red": 0.03508293098390835, "dsfb-alt": 0.026194023378882415, "alternate": 0.1461096586365227, "sfR": 0.1138359467128768, "unknown": 0.0983576721342498}}