{"english-450k": {"sft": 0.0, "sfb": 0.02855871568805725, "dsfb": 0.0, "sfT": 2.8649927702784482e-05, "roll-out": 0.18806280298029412, "roll-in": 0.1968729480951014, "bad-redirect": 0.0011845868066498236, "redirect": 0.033086865996102444, "oneh-out": 0.005521542699209086, "oneh-in": 0.0012521187790921014, "dsfb-red": 0.010590533479194598, "dsfb-alt": 0.058809238841584024, "alternate": 0.3530504279656037, "sfR": 0.11328269117541298, "unknown": 0.009698877565995693}, "shai": {"sft": 0.0, "sfb": 0.016514008712445037, "dsfb": 0.0, "sfT": 7.2608869181111294e-06, "roll-out": 0.21514614431423013, "roll-in": 0.19730325396105378, "bad-redirect": 0.0008629966624690793, "redirect": 0.03082803061524328, "oneh-out": 0.012969600570715, "oneh-in": 0.0008655433914627451, "dsfb-red": 0.009766434762092163, "dsfb-alt": 0.05651056946718094, "alternate": 0.2942430571832775, "sfR": 0.09728563198976478, "unknown": 0.06769746748314746}, "tr-quotes": {"sft": 0.0, "sfb": 0.01903446522271792, "dsfb": 0.0, "sfT": 9.246203277779062e-06, "roll-out": 0.23011603985113613, "roll-in": 0.1852627077506299, "bad-redirect": 0.0009049721458126257, "redirect": 0.029057349575830425, "oneh-out": 0.020621344860266753, "oneh-in": 0.0006853748179653729, "dsfb-red": 0.011526548161161323, "dsfb-alt": 0.06418598737893252, "alternate": 0.2972873951133816, "sfR": 0.09591664547745082, "unknown": 0.04539192344143686}, "gutenberg": {"sft": 0.0, "sfb": 0.014666005911185219, "dsfb": 0.0, "sfT": 2.178522946287475e-05, "roll-out": 0.23605110701169923, "roll-in": 0.19151300502424223, "bad-redirect": 0.0008361739378185143, "redirect": 0.02631352620270569, "oneh-out": 0.01231092788785949, "oneh-in": 0.001302188411546096, "dsfb-red": 0.009198102752781595, "dsfb-alt": 0.057925220210782516, "alternate": 0.27705450815961036, "sfR": 0.09761014138424484, "unknown": 0.07519730787606137}, "english-200": {"sft": 0.0, "sfb": 0.013363028953229399, "dsfb": 0.0, "sfT": 0.0, "roll-out": 0.24944320712694878, "roll-in": 0.21603563474387527, "bad-redirect": 0.0, "redirect": 0.026726057906458798, "oneh-out": 0.013363028953229399, "oneh-in": 0.0, "dsfb-red": 0.015590200445434299, "dsfb-alt": 0.07349665924276169, "alternate": 0.28507795100222716, "sfR": 0.10690423162583519, "unknown": 0.0}, "monkeyracer": {"sft": 0.0, "sfb": 0.018989395811501948, "dsfb": 0.0, "sfT": 8.797722758340242e-06, "roll-out": 0.23058147082284122, "roll-in": 0.18458990881649123, "bad-redirect": 0.000921805840123872, "redirect": 0.029025642429266307, "oneh-out": 0.02105881570921376, "oneh-in": 0.0007047953454181459, "dsfb-red": 0.011448769882853434, "dsfb-alt": 0.06425172435366064, "alternate": 0.29707368190562583, "sfR": 0.09605353707555875, "unknown": 0.04529165428468649}, "chained-bigrams": {"sft": 0.0, "sfb": 0.016846210235769026, "dsfb": 0.0, "sfT": 2.7270797066960846e-05, "roll-out": 0.19860477407767893, "roll-in": 0.1623586382522276, "bad-redirect": 0.00159599093310928, "redirect": 0.03694803419757952, "oneh-out": 0.006791727079057392, "oneh-in": 0.004247751295525187, "dsfb-red": 0.01977782092046732, "dsfb-alt": 0.06389742544196547, "alternate": 0.2995469801163424, "sfR": 0.11643721321023381, "unknown": 0.07292016344297708}, "english-5k": {"sft": 0.0, "sfb": 0.020574936740365868, "dsfb": 0.0, "sfT": 0.0, "roll-out": 0.18666777284606131, "roll-in": 0.2368191811507031, "bad-redirect": 0.0007051893640851205, "redirect": 0.03579873065914465, "oneh-out": 0.0065126311859625835, "oneh-in": 0.0009540797278798689, "dsfb-red": 0.010411913552080309, "dsfb-alt": 0.05736922885468951, "alternate": 0.33471605757663747, "sfR": 0.10644211224955408, "unknown": 0.0030281660928361057}, "mt-quotes": {"sft": 0.0, "sfb": 0.018619786997525728, "dsfb": 0.0, "sfT": 2.9882502002127633e-06, "roll-out": 0.2358820119290948, "roll-in": 0.18384761119278994, "bad-redirect": 0.0009173928114653184, "redirect": 0.02884259093245359, "oneh-out": 0.022483594506400834, "oneh-in": 0.0006798269205484037, "dsfb-red": 0.011736352661335629, "dsfb-alt": 0.06617778893391185, "alternate": 0.29878467864357344, "sfR": 0.09572710103871578, "unknown": 0.03629827518198444}, "english-1k": {"sft": 0.0, "sfb": 0.014114326040931546, "dsfb": 0.0, "sfT": 0.0, "roll-out": 0.21947776993648554, "roll-in": 0.24135497529992944, "bad-redirect": 0.00035285815102328866, "redirect": 0.030698659139026113, "oneh-out": 0.01058574453069866, "oneh-in": 0.002117148906139732, "dsfb-red": 0.01058574453069866, "dsfb-alt": 0.05716302046577276, "alternate": 0.30522230063514466, "sfR": 0.10832745236414962, "unknown": 0.0}, "english-10k": {"sft": 0.0, "sfb": 0.01993400358927848, "dsfb": 0.0, "sfT": 0.0, "roll-out": 0.1905019200710137, "roll-in": 0.22944366183593523, "bad-redirect": 0.000964859805870207, "redirect": 0.03724358850658999, "oneh-out": 0.006097913973099708, "oneh-in": 0.0011578317670442484, "dsfb-red": 0.009436328901410626, "dsfb-alt": 0.05802666872503425, "alternate": 0.33399587040003087, "sfR": 0.10543987958549622, "unknown": 0.0077574728391964646}, "reddit": {"sft": 0.0, "sfb": 0.01951445078910596, "dsfb": 0.0, "sfT": 1.681837855473193e-05, "roll-out": 0.21601641533678803, "roll-in": 0.17625233710847873, "bad-redirect": 0.0007038247951969108, "redirect": 0.028104334628048823, "oneh-out": 0.01575990697076842, "oneh-in": 0.0007073832494568207, "dsfb-red": 0.010328994079293973, "dsfb-alt": 0.061414762753172314, "alternate": 0.2848254212975735, "sfR": 0.1028716913164539, "unknown": 0.0834836592971079}, "akl": {"sft": 0.0, "sfb": 0.019901812422100273, "dsfb": 0.0, "sfT": 9.441828116351573e-05, "roll-out": 0.19700021225526987, "roll-in": 0.17258007618142732, "bad-redirect": 0.0005836090607351169, "redirect": 0.028656196150137953, "oneh-out": 0.016789478581857243, "oneh-in": 0.0011227969222614145, "dsfb-red": 0.009397468871395486, "dsfb-alt": 0.06020993074629721, "alternate": 0.2716840194333144, "sfR": 0.11706348985084018, "unknown": 0.10491649124320006}, "keymash": {"sft": 0.0, "sfb": 0.01747033204303547, "dsfb": 0.0, "sfT": 1.2314613752139664e-05, "roll-out": 0.229807112099929, "roll-in": 0.18971072972296224, "bad-redirect": 0.0009030716751569087, "redirect": 0.029353934313850246, "oneh-out": 0.02008513502973979, "oneh-in": 0.0008456034776469236, "dsfb-red": 0.011822029202054078, "dsfb-alt": 0.0638348528198413, "alternate": 0.29580112719764545, "sfR": 0.09899307508220005, "unknown": 0.04136068272218642}, "movie": {"sft": 0.0, "sfb": 0.020545844146837394, "dsfb": 0.0, "sfT": 1.2501794665523695e-05, "roll-out": 0.20099424799007332, "roll-in": 0.1589999301215477, "bad-redirect": 0.0009297387295992095, "redirect": 0.02266785929401181, "oneh-out": 0.027780303725179496, "oneh-in": 0.0006649638783672761, "dsfb-red": 0.012571936313489213, "dsfb-alt": 0.06378455117701765, "alternate": 0.27361059331017124, "sfR": 0.1138359467128768, "unknown": 0.10360158280616336}}