{"english-450k": {"sft": 0.0, "sfb": 0.038777677145718795, "dsfb": 0.0, "sfT": 5.3499354791934286e-05, "roll-out": 0.22194309656604305, "roll-in": 0.23016884162495374, "bad-redirect": 0.0011834174218456283, "redirect": 0.049963135144047745, "oneh-out": 0.008570421229947243, "oneh-in": 0.007063084217339521, "dsfb-red": 0.01877944291677313, "dsfb-alt": 0.046126383601483016, "alternate": 0.2543894320356475, "sfR": 0.11328269117541298, "unknown": 0.009698877565995693}, "shai": {"sft": 0.0, "sfb": 0.019478312241669564, "dsfb": 0.0, "sfT": 1.2149213238779763e-05, "roll-out": 0.2141867202867942, "roll-in": 0.25086327146149423, "bad-redirect": 0.002229339990023634, "redirect": 0.04120329616399139, "oneh-out": 0.013277863150395107, "oneh-in": 0.013371217410770821, "dsfb-red": 0.012811358906724076, "dsfb-alt": 0.04502946232590514, "alternate": 0.223184921475598, "sfR": 0.09728563198976478, "unknown": 0.06706645538363028}, "tr-quotes": {"sft": 0.0, "sfb": 0.023915304777975543, "dsfb": 0.0, "sfT": 6.934652458334297e-06, "roll-out": 0.21368091352488383, "roll-in": 0.253014262268556, "bad-redirect": 0.001853863757194702, "redirect": 0.04000254270590139, "oneh-out": 0.014354730588751993, "oneh-in": 0.020704560689766765, "dsfb-red": 0.012706594854487876, "dsfb-alt": 0.048663923626360926, "alternate": 0.22983518642657358, "sfR": 0.09591664547745082, "unknown": 0.045344536649638244}, "gutenberg": {"sft": 0.0, "sfb": 0.018580527490496903, "dsfb": 0.0, "sfT": 1.3639448011538974e-05, "roll-out": 0.2194971741715835, "roll-in": 0.26550303231450445, "bad-redirect": 0.0018282543438800365, "redirect": 0.03878983239770509, "oneh-out": 0.015026125226045435, "oneh-in": 0.012097243202345379, "dsfb-red": 0.009614105917133534, "dsfb-alt": 0.041056254008955816, "alternate": 0.2051922347591482, "sfR": 0.09761014138424484, "unknown": 0.07519143533594529}, "english-200": {"sft": 0.0, "sfb": 0.011135857461024499, "dsfb": 0.0, "sfT": 0.0, "roll-out": 0.21603563474387527, "roll-in": 0.3051224944320713, "bad-redirect": 0.0022271714922048997, "redirect": 0.0378619153674833, "oneh-out": 0.013363028953229399, "oneh-in": 0.011135857461024499, "dsfb-red": 0.0066815144766146995, "dsfb-alt": 0.0556792873051225, "alternate": 0.23385300668151449, "sfR": 0.10690423162583519, "unknown": 0.0}, "monkeyracer": {"sft": 0.0, "sfb": 0.02382227818008352, "dsfb": 0.0, "sfT": 6.842673256486854e-06, "roll-out": 0.21375044966138543, "roll-in": 0.2528592598964606, "bad-redirect": 0.0018631621752662776, "redirect": 0.04010686300577131, "oneh-out": 0.014429242848428923, "oneh-in": 0.021087163926990633, "dsfb-red": 0.012708799286797941, "dsfb-alt": 0.048858642100817994, "alternate": 0.22920804854778923, "sfR": 0.09605353707555875, "unknown": 0.04524571062139293}, "chained-bigrams": {"sft": 0.0, "sfb": 0.019408366550679207, "dsfb": 0.0, "sfT": 4.0256890908370774e-05, "roll-out": 0.1838467277316086, "roll-in": 0.21586913653514134, "bad-redirect": 0.002797204613439698, "redirect": 0.049038736868624234, "oneh-out": 0.007661795366431856, "oneh-in": 0.013091281201525347, "dsfb-red": 0.025107963137674022, "dsfb-alt": 0.05680117446232702, "alternate": 0.23712217771599284, "sfR": 0.11643721321023381, "unknown": 0.07277796571541365}, "english-5k": {"sft": 0.0, "sfb": 0.02136308955904924, "dsfb": 0.0, "sfT": 0.0, "roll-out": 0.23984734724353923, "roll-in": 0.25656448334508647, "bad-redirect": 0.0005392624548886216, "redirect": 0.04641805284772058, "oneh-out": 0.010080059733687311, "oneh-in": 0.006844485004355581, "dsfb-red": 0.016302318828556022, "dsfb-alt": 0.04384618575517484, "alternate": 0.2487244368855519, "sfR": 0.10644211224955408, "unknown": 0.0030281660928361057}, "mt-quotes": {"sft": 0.0, "sfb": 0.023767047967392214, "dsfb": 0.0, "sfT": 1.4941251001063816e-06, "roll-out": 0.2144368343672679, "roll-in": 0.2565756445655682, "bad-redirect": 0.00180042074562819, "redirect": 0.039657068407023585, "oneh-out": 0.01478287374045254, "oneh-in": 0.022419347127096256, "dsfb-red": 0.012556627341294032, "dsfb-alt": 0.049876884091751235, "alternate": 0.23211831080192682, "sfR": 0.09572710103871578, "unknown": 0.03628034568078316}, "english-1k": {"sft": 0.0, "sfb": 0.012702893436838392, "dsfb": 0.0, "sfT": 0.0, "roll-out": 0.25299929428369794, "roll-in": 0.2801693719124912, "bad-redirect": 0.00035285815102328866, "redirect": 0.04940014114326041, "oneh-out": 0.016584333098094567, "oneh-in": 0.007057163020465773, "dsfb-red": 0.012702893436838392, "dsfb-alt": 0.03987297106563162, "alternate": 0.21983062808750883, "sfR": 0.10832745236414962, "unknown": 0.0}, "english-10k": {"sft": 0.0, "sfb": 0.022770691418536885, "dsfb": 0.0, "sfT": 0.0, "roll-out": 0.24405163929681017, "roll-in": 0.25146176260589337, "bad-redirect": 0.001756044846683777, "redirect": 0.04415198471662068, "oneh-out": 0.0125817718685475, "oneh-in": 0.0059821307963952835, "dsfb-red": 0.01593948399297582, "dsfb-alt": 0.044923872561316844, "alternate": 0.243183265471527, "sfR": 0.10543987958549622, "unknown": 0.0077574728391964646}, "reddit": {"sft": 0.0, "sfb": 0.021639185098991515, "dsfb": 0.0, "sfT": 5.9557287086912625e-05, "roll-out": 0.2002302507193228, "roll-in": 0.23781539376075614, "bad-redirect": 0.0022198761395715656, "redirect": 0.03886790961601095, "oneh-out": 0.012879881379863681, "oneh-in": 0.016115115620733953, "dsfb-red": 0.011921346174483748, "dsfb-alt": 0.05153634389800946, "alternate": 0.225470291870037, "sfR": 0.1028716913164539, "unknown": 0.07837315711867839}, "akl": {"sft": 0.0, "sfb": 0.02349224723067588, "dsfb": 0.0, "sfT": 0.0001631255474432657, "roll-out": 0.1881074846808817, "roll-in": 0.2244382638881919, "bad-redirect": 0.0028388058144314006, "redirect": 0.035081347792464655, "oneh-out": 0.013012313655547489, "oneh-in": 0.0168004444845908, "dsfb-red": 0.013608685292345392, "dsfb-alt": 0.049190623446884324, "alternate": 0.21748947490177464, "sfR": 0.11706348985084018, "unknown": 0.09871369341392838}, "keymash": {"sft": 0.0, "sfb": 0.023221256665284695, "dsfb": 0.0, "sfT": 2.462922750427933e-05, "roll-out": 0.21541953836617914, "roll-in": 0.25730564460845684, "bad-redirect": 0.0017856189940602513, "redirect": 0.04009638237696675, "oneh-out": 0.015130555430128935, "oneh-in": 0.019925045050961977, "dsfb-red": 0.012437759889661061, "dsfb-alt": 0.047624716250774794, "alternate": 0.22672845866189406, "sfR": 0.09899307508220005, "unknown": 0.04130731939592715}, "movie": {"sft": 0.0, "sfb": 0.027053488862677524, "dsfb": 0.0, "sfT": 1.5396947114381815e-05, "roll-out": 0.17666812433205872, "roll-in": 0.2204155886062065, "bad-redirect": 0.0021554409981748694, "redirect": 0.033588111135427465, "oneh-out": 0.012261891805784225, "oneh-in": 0.027123762108481626, "dsfb-red": 0.01450629294284219, "dsfb-alt": 0.048220869601149324, "alternate": 0.22057547998008661, "sfR": 0.1138359467128768, "unknown": 0.10357960596711975}}