{"english-450k": {"sft": 0.0, "sfb": 0.025050268929270345, "dsfb": 0.0, "sfT": 7.601001227269352e-06, "roll-out": 0.1597432264846948, "roll-in": 0.26249619219073134, "bad-redirect": 0.015035657466141925, "redirect": 0.04194349415687648, "oneh-out": 0.006474591314628244, "oneh-in": 0.014236382952474447, "dsfb-red": 0.00986054501517569, "dsfb-alt": 0.047423231349335584, "alternate": 0.2949004298073848, "sfR": 0.11328269117541298, "unknown": 0.009545688156646111}, "shai": {"sft": 0.0, "sfb": 0.016106621092861016, "dsfb": 0.0, "sfT": 1.518361374187098e-05, "roll-out": 0.15172939928468654, "roll-in": 0.28198821274739266, "bad-redirect": 0.01565927150236575, "redirect": 0.03919011463531615, "oneh-out": 0.0067388345672712655, "oneh-in": 0.010603592575379309, "dsfb-red": 0.006228207663223654, "dsfb-alt": 0.0476312556256392, "alternate": 0.2663442874159386, "sfR": 0.09728563198976478, "unknown": 0.06047938728641923}, "tr-quotes": {"sft": 0.0, "sfb": 0.013242874644599062, "dsfb": 0.0, "sfT": 5.778877048611914e-06, "roll-out": 0.1571311342779871, "roll-in": 0.28939229328956795, "bad-redirect": 0.01469684011002982, "redirect": 0.04292896604331846, "oneh-out": 0.0073322391992787965, "oneh-in": 0.00895957097616791, "dsfb-red": 0.0074304801091051986, "dsfb-alt": 0.048740204803402604, "alternate": 0.2718557129978503, "sfR": 0.09591664547745082, "unknown": 0.04236725919419338}, "gutenberg": {"sft": 0.0, "sfb": 0.015212720452314405, "dsfb": 0.0, "sfT": 1.875424101586609e-05, "roll-out": 0.1463692736577173, "roll-in": 0.2965221680811911, "bad-redirect": 0.01668407590655917, "redirect": 0.03567643895229338, "oneh-out": 0.006831090212445769, "oneh-in": 0.008327640758156295, "dsfb-red": 0.010152674676811385, "dsfb-alt": 0.043971117711088456, "alternate": 0.24931925893847964, "sfR": 0.09761014138424484, "unknown": 0.0733046450276824}, "english-200": {"sft": 0.0, "sfb": 0.0022271714922048997, "dsfb": 0.0, "sfT": 0.0, "roll-out": 0.18262806236080179, "roll-in": 0.27839643652561247, "bad-redirect": 0.015590200445434299, "redirect": 0.044543429844097995, "oneh-out": 0.011135857461024499, "oneh-in": 0.011135857461024499, "dsfb-red": 0.008908685968819599, "dsfb-alt": 0.0467706013363029, "alternate": 0.29175946547884185, "sfR": 0.10690423162583519, "unknown": 0.0}, "monkeyracer": {"sft": 0.0, "sfb": 0.013242527800803917, "dsfb": 0.0, "sfT": 4.887623754633467e-06, "roll-out": 0.15744404648325697, "roll-in": 0.2891176079578335, "bad-redirect": 0.014625725323365188, "redirect": 0.04312741448613479, "oneh-out": 0.007437008305050284, "oneh-in": 0.008960969391744998, "dsfb-red": 0.00743505325554843, "dsfb-alt": 0.04877946259599293, "alternate": 0.2714811064016141, "sfR": 0.09605353707555875, "unknown": 0.04229065329934154}, "chained-bigrams": {"sft": 0.0, "sfb": 0.016939710111427177, "dsfb": 0.0, "sfT": 5.9086726978415166e-05, "roll-out": 0.11897404664215325, "roll-in": 0.26704083931721717, "bad-redirect": 0.016148207691793242, "redirect": 0.03794276898583152, "oneh-out": 0.009264279346461842, "oneh-in": 0.012104338069578191, "dsfb-red": 0.013636697142864564, "dsfb-alt": 0.04657137903875635, "alternate": 0.2773758221009032, "sfR": 0.11643721321023381, "unknown": 0.06750561161580122}, "english-5k": {"sft": 0.0, "sfb": 0.021238644377151866, "dsfb": 0.0, "sfT": 0.0, "roll-out": 0.16671506201518232, "roll-in": 0.2765586759032646, "bad-redirect": 0.014311195918198034, "redirect": 0.03696021902352014, "oneh-out": 0.007466710913842453, "oneh-in": 0.012900817190027792, "dsfb-red": 0.006429667731364334, "dsfb-alt": 0.05077363421412868, "alternate": 0.299290662463185, "sfR": 0.10644211224955408, "unknown": 0.0009125980005807441}, "mt-quotes": {"sft": 0.0, "sfb": 0.012223437443970309, "dsfb": 0.0, "sfT": 1.4941251001063816e-06, "roll-out": 0.15891663977241485, "roll-in": 0.2945473398596718, "bad-redirect": 0.014608061103740093, "redirect": 0.04399003119733209, "oneh-out": 0.00760210850934127, "oneh-in": 0.00872569058462127, "dsfb-red": 0.0072868481132188235, "dsfb-alt": 0.04884743189777794, "alternate": 0.27300653829143806, "sfR": 0.09572710103871578, "unknown": 0.03451727806265763}, "english-1k": {"sft": 0.0, "sfb": 0.01799576570218772, "dsfb": 0.0, "sfT": 0.0, "roll-out": 0.20606916019760058, "roll-in": 0.25864502470007056, "bad-redirect": 0.016937191249117856, "redirect": 0.035638673253352154, "oneh-out": 0.007410021171489062, "oneh-in": 0.014467184191954835, "dsfb-red": 0.0056457304163726185, "dsfb-alt": 0.048694424841213835, "alternate": 0.2801693719124912, "sfR": 0.10832745236414962, "unknown": 0.0}, "english-10k": {"sft": 0.0, "sfb": 0.021728642828197062, "dsfb": 0.0, "sfT": 0.0, "roll-out": 0.15993516142104552, "roll-in": 0.28625460720557305, "bad-redirect": 0.013836089616178769, "redirect": 0.03842071746975165, "oneh-out": 0.005847050423573454, "oneh-in": 0.013604523262769919, "dsfb-red": 0.005518998089577585, "dsfb-alt": 0.05055865382759885, "alternate": 0.2910982034310415, "sfR": 0.10543987958549622, "unknown": 0.0077574728391964646}, "reddit": {"sft": 0.0, "sfb": 0.01455621299558733, "dsfb": 0.0, "sfT": 2.472189275305807e-05, "roll-out": 0.15044271853169935, "roll-in": 0.26931232122278975, "bad-redirect": 0.01484530931114506, "redirect": 0.04014805417166021, "oneh-out": 0.00835536297450817, "oneh-in": 0.008503656873613256, "dsfb-red": 0.006520511585858852, "dsfb-alt": 0.047940057650704755, "alternate": 0.26211907449474164, "sfR": 0.1028716913164539, "unknown": 0.07436030697848466}, "akl": {"sft": 0.0, "sfb": 0.018988606736831098, "dsfb": 0.0, "sfT": 7.781454143134893e-05, "roll-out": 0.14132613821423806, "roll-in": 0.2575345354688716, "bad-redirect": 0.0104568865931121, "redirect": 0.04373437436303284, "oneh-out": 0.008818692242373463, "oneh-in": 0.006967932850511451, "dsfb-red": 0.008386747192326198, "dsfb-alt": 0.04791597665117686, "alternate": 0.24764725627537723, "sfR": 0.11706348985084018, "unknown": 0.09108154901987753}, "keymash": {"sft": 0.0, "sfb": 0.01357070435485791, "dsfb": 0.0, "sfT": 2.462922750427933e-05, "roll-out": 0.15704005943853572, "roll-in": 0.28837131023385454, "bad-redirect": 0.015237282082647477, "redirect": 0.04184505752977058, "oneh-out": 0.007725367693842283, "oneh-in": 0.00933858209537258, "dsfb-red": 0.008025023295144347, "dsfb-alt": 0.04888080685349304, "alternate": 0.27211602008103014, "sfR": 0.09899307508220005, "unknown": 0.038832082031747074}, "movie": {"sft": 0.0, "sfb": 0.012036859501804798, "dsfb": 0.0, "sfT": 2.0134469303422374e-05, "roll-out": 0.1466364447843763, "roll-in": 0.24381815863303535, "bad-redirect": 0.0124517874868616, "redirect": 0.04572998571242266, "oneh-out": 0.007857706941878104, "oneh-in": 0.0070002154256617625, "dsfb-red": 0.009571505593763525, "dsfb-alt": 0.05002533916381944, "alternate": 0.2524541351923019, "sfR": 0.1138359467128768, "unknown": 0.0985617803818943}}