{"english-450k": {"sft": 0.0, "sfb": 0.029084938849945126, "dsfb": 0.0, "sfT": 0.00010436759377442917, "roll-out": 0.19215214164056502, "roll-in": 0.25973498232182524, "bad-redirect": 0.007102550954481112, "redirect": 0.05506603808335492, "oneh-out": 0.015470376267101522, "oneh-in": 0.020745178772625404, "dsfb-red": 0.025377696674445026, "dsfb-alt": 0.0367183905055309, "alternate": 0.23546176959494264, "sfR": 0.11328269117541298, "unknown": 0.009698877565995693}, "shai": {"sft": 0.0, "sfb": 0.02012397383851354, "dsfb": 0.0, "sfT": 8.677456540727693e-05, "roll-out": 0.1620275198451341, "roll-in": 0.2737606796190155, "bad-redirect": 0.012851336359270542, "redirect": 0.0435929446163078, "oneh-out": 0.008436693890606146, "oneh-in": 0.02470050776667194, "dsfb-red": 0.02201799322090157, "dsfb-alt": 0.0419835821902984, "alternate": 0.22606590671447807, "sfR": 0.09728563198976478, "unknown": 0.06706645538363028}, "tr-quotes": {"sft": 0.0, "sfb": 0.023726913386190797, "dsfb": 0.0, "sfT": 0.0001271352950694621, "roll-out": 0.16637964910658562, "roll-in": 0.2756374101384619, "bad-redirect": 0.021277825292989067, "redirect": 0.045708605903700794, "oneh-out": 0.008288065463119207, "oneh-in": 0.02925845449712212, "dsfb-red": 0.02524329072374656, "dsfb-alt": 0.042388063151568386, "alternate": 0.22070340491435705, "sfR": 0.09591664547745082, "unknown": 0.045344536649638244}, "gutenberg": {"sft": 0.0, "sfb": 0.024213430082484562, "dsfb": 0.0, "sfT": 0.00017882831837351097, "roll-out": 0.1539340525111171, "roll-in": 0.2739320217488576, "bad-redirect": 0.015498959423778786, "redirect": 0.04211425841373977, "oneh-out": 0.00800218837365874, "oneh-in": 0.02513996536337952, "dsfb-red": 0.02401073273009086, "dsfb-alt": 0.04058057825955339, "alternate": 0.21959340805477603, "sfR": 0.09761014138424484, "unknown": 0.07519143533594529}, "english-200": {"sft": 0.0, "sfb": 0.013363028953229399, "dsfb": 0.0, "sfT": 0.0, "roll-out": 0.18040089086859687, "roll-in": 0.29175946547884185, "bad-redirect": 0.004454342984409799, "redirect": 0.031180400890868598, "oneh-out": 0.004454342984409799, "oneh-in": 0.044543429844097995, "dsfb-red": 0.022271714922048998, "dsfb-alt": 0.051224944320712694, "alternate": 0.24944320712694878, "sfR": 0.10690423162583519, "unknown": 0.0}, "monkeyracer": {"sft": 0.0, "sfb": 0.023697155011964902, "dsfb": 0.0, "sfT": 0.0001368534651297371, "roll-out": 0.16665135211223547, "roll-in": 0.2753315763955143, "bad-redirect": 0.021493814223376137, "redirect": 0.04562205765049971, "oneh-out": 0.00827767959084724, "oneh-in": 0.029155653221139558, "dsfb-red": 0.02512043104931417, "dsfb-alt": 0.04236396765566104, "alternate": 0.220850211927366, "sfR": 0.09605353707555875, "unknown": 0.04524571062139293}, "chained-bigrams": {"sft": 0.0, "sfb": 0.021499776963838275, "dsfb": 0.0, "sfT": 0.00015063868856035514, "roll-out": 0.15668761107168389, "roll-in": 0.26419298893779597, "bad-redirect": 0.0073319485828600445, "redirect": 0.047648575522901304, "oneh-out": 0.010899877865787421, "oneh-in": 0.019422651253904757, "dsfb-red": 0.021895203521309206, "dsfb-alt": 0.03349503184514862, "alternate": 0.2275605168205627, "sfR": 0.11643721321023381, "unknown": 0.07277796571541365}, "english-5k": {"sft": 0.0, "sfb": 0.022317169286929107, "dsfb": 0.0, "sfT": 8.296345459824948e-05, "roll-out": 0.19251669639523789, "roll-in": 0.26689343344256855, "bad-redirect": 0.006346704276766085, "redirect": 0.05894553449205625, "oneh-out": 0.014269714190898909, "oneh-in": 0.02136308955904924, "dsfb-red": 0.026340896834944207, "dsfb-alt": 0.04256025220890198, "alternate": 0.23889326751565934, "sfR": 0.10644211224955408, "unknown": 0.0030281660928361057}, "mt-quotes": {"sft": 0.0, "sfb": 0.023787965718793703, "dsfb": 0.0, "sfT": 0.00013447125900957436, "roll-out": 0.16844915791109358, "roll-in": 0.27957770048170594, "bad-redirect": 0.022904937784630833, "redirect": 0.045896534825067836, "oneh-out": 0.008172864297581907, "oneh-in": 0.030194774148049868, "dsfb-red": 0.025198419813294126, "dsfb-alt": 0.04222248120390624, "alternate": 0.22145324583736747, "sfR": 0.09572710103871578, "unknown": 0.03628034568078316}, "english-1k": {"sft": 0.0, "sfb": 0.015172900494001412, "dsfb": 0.0, "sfT": 0.0, "roll-out": 0.17678193366266762, "roll-in": 0.27875793930839804, "bad-redirect": 0.010232886379675371, "redirect": 0.05081157374735357, "oneh-out": 0.008468595624558928, "oneh-in": 0.03352152434721242, "dsfb-red": 0.026817219477769938, "dsfb-alt": 0.04763585038814397, "alternate": 0.24347212420606917, "sfR": 0.10832745236414962, "unknown": 0.0}, "english-10k": {"sft": 0.0, "sfb": 0.024912680187568745, "dsfb": 0.0, "sfT": 1.929719611740414e-05, "roll-out": 0.18521448833484494, "roll-in": 0.2792497250149553, "bad-redirect": 0.005190945755581714, "redirect": 0.05518998089577584, "oneh-out": 0.013083498967600008, "oneh-in": 0.020995349375735706, "dsfb-red": 0.024816194206981727, "dsfb-alt": 0.04357306883309855, "alternate": 0.23455741880704734, "sfR": 0.10543987958549622, "unknown": 0.0077574728391964646}, "reddit": {"sft": 0.0, "sfb": 0.024379644368081266, "dsfb": 0.0, "sfT": 0.00011188529341421887, "roll-out": 0.16117164541239395, "roll-in": 0.2603128405698246, "bad-redirect": 0.017687577829481493, "redirect": 0.04147981504278479, "oneh-out": 0.008359633119620062, "oneh-in": 0.02846647289946786, "dsfb-red": 0.02402046523230994, "dsfb-alt": 0.04020360351552806, "alternate": 0.21256156828196143, "sfR": 0.1028716913164539, "unknown": 0.07837315711867839}, "akl": {"sft": 0.0, "sfb": 0.029305228901758025, "dsfb": 0.0, "sfT": 0.00027631596718456704, "roll-out": 0.1549386027160001, "roll-in": 0.24108369883244732, "bad-redirect": 0.016276187597972905, "redirect": 0.039652332559029085, "oneh-out": 0.008178395040388597, "oneh-in": 0.027502731872774216, "dsfb-red": 0.0247809576417535, "dsfb-alt": 0.04284099403863789, "alternate": 0.19938737156728523, "sfR": 0.11706348985084018, "unknown": 0.09871369341392838}, "keymash": {"sft": 0.0, "sfb": 0.023603009691601024, "dsfb": 0.0, "sfT": 0.00014777536502567597, "roll-out": 0.1638336213584661, "roll-in": 0.27865097511216563, "bad-redirect": 0.02075833391485676, "redirect": 0.04645072307307081, "oneh-out": 0.008074281750152906, "oneh-in": 0.028463177252445477, "dsfb-red": 0.0257375427419719, "dsfb-alt": 0.044094526975161426, "alternate": 0.21988563828695512, "sfR": 0.09899307508220005, "unknown": 0.04130731939592715}, "movie": {"sft": 0.0, "sfb": 0.02542009649016721, "dsfb": 0.0, "sfT": 0.00028333014647234227, "roll-out": 0.15375167672096088, "roll-in": 0.24231741688181815, "bad-redirect": 0.02789992616045277, "redirect": 0.0435871781067519, "oneh-out": 0.00719103229160923, "oneh-in": 0.027667524377512614, "dsfb-red": 0.02594872500776098, "dsfb-alt": 0.038145081089930144, "alternate": 0.19037246004656722, "sfR": 0.1138359467128768, "unknown": 0.10357960596711975}}