{"english-450k": {"sft": 0.0, "sfb": 0.029501824532640747, "dsfb": 0.0, "sfT": 1.8710156867124557e-05, "roll-out": 0.19681740231690212, "roll-in": 0.23508376595698652, "bad-redirect": 0.001797052097847104, "redirect": 0.05392354912965613, "oneh-out": 0.006448864848935948, "oneh-in": 0.013126052080891024, "dsfb-red": 0.03544522279996328, "dsfb-alt": 0.04286292295917502, "alternate": 0.2619930643787263, "sfR": 0.11328269117541298, "unknown": 0.009698877565995693}, "shai": {"sft": 0.0, "sfb": 0.01614798028135085, "dsfb": 0.0, "sfT": 7.752428836341467e-06, "roll-out": 0.20803618398746854, "roll-in": 0.23574384457924477, "bad-redirect": 0.0008998584359275497, "redirect": 0.04113369460245173, "oneh-out": 0.006855740265225182, "oneh-in": 0.013823830757240838, "dsfb-red": 0.02921468940898238, "dsfb-alt": 0.04014345438011068, "alternate": 0.22881618824801456, "sfR": 0.09728563198976478, "unknown": 0.08189115063538178}, "tr-quotes": {"sft": 0.0, "sfb": 0.013289105660987956, "dsfb": 0.0, "sfT": 4.623101638889531e-06, "roll-out": 0.24144263886641548, "roll-in": 0.22471510136150344, "bad-redirect": 0.0007743695245139965, "redirect": 0.04522202445620767, "oneh-out": 0.008681029102424817, "oneh-in": 0.011058459120223758, "dsfb-red": 0.03539562192274797, "dsfb-alt": 0.039796814682970805, "alternate": 0.21501467834770346, "sfR": 0.09591664547745082, "unknown": 0.06868888837521094}, "gutenberg": {"sft": 0.0, "sfb": 0.015330550128191867, "dsfb": 0.0, "sfT": 2.6900022467201863e-05, "roll-out": 0.23757152659142997, "roll-in": 0.20799078427962686, "bad-redirect": 0.0009257775337832078, "redirect": 0.04000222777650855, "oneh-out": 0.010725342056518084, "oneh-in": 0.007482942165330569, "dsfb-red": 0.03696688228360732, "dsfb-alt": 0.03625933591800873, "alternate": 0.199719974554852, "sfR": 0.09761014138424484, "unknown": 0.10938761530543081}, "english-200": {"sft": 0.0, "sfb": 0.0066815144766146995, "dsfb": 0.0, "sfT": 0.0, "roll-out": 0.2516703786191537, "roll-in": 0.23608017817371937, "bad-redirect": 0.0, "redirect": 0.0467706013363029, "oneh-out": 0.0066815144766146995, "oneh-in": 0.011135857461024499, "dsfb-red": 0.0467706013363029, "dsfb-alt": 0.0378619153674833, "alternate": 0.24944320712694878, "sfR": 0.10690423162583519, "unknown": 0.0}, "monkeyracer": {"sft": 0.0, "sfb": 0.013174101068239049, "dsfb": 0.0, "sfT": 5.865148505560161e-06, "roll-out": 0.2417751067457028, "roll-in": 0.22479550182210614, "bad-redirect": 0.0007741996027339413, "redirect": 0.045224205076872546, "oneh-out": 0.008710723055507765, "oneh-in": 0.011017681467694763, "dsfb-red": 0.03537271063703333, "dsfb-alt": 0.039803830332984035, "alternate": 0.21472504183805935, "sfR": 0.09605353707555875, "unknown": 0.06856749612900198}, "chained-bigrams": {"sft": 0.0, "sfb": 0.016890362954829822, "dsfb": 0.0, "sfT": 3.376384398766581e-05, "roll-out": 0.18856392631950075, "roll-in": 0.20502380026348785, "bad-redirect": 0.0022680212894022438, "redirect": 0.050049054969485925, "oneh-out": 0.006609272460585582, "oneh-in": 0.009123380228282544, "dsfb-red": 0.03897581275091568, "dsfb-alt": 0.04704017702643125, "alternate": 0.23234394448704604, "sfR": 0.11643721321023381, "unknown": 0.08664127019581082}, "english-5k": {"sft": 0.0, "sfb": 0.022275687559629984, "dsfb": 0.0, "sfT": 0.0, "roll-out": 0.1747210353839134, "roll-in": 0.268386775625337, "bad-redirect": 0.0019081594557597379, "redirect": 0.045090637574148586, "oneh-out": 0.005724478367279214, "oneh-in": 0.022441614468826483, "dsfb-red": 0.03231426556601817, "dsfb-alt": 0.04380470402787572, "alternate": 0.2738623636288215, "sfR": 0.10644211224955408, "unknown": 0.0030281660928361057}, "mt-quotes": {"sft": 0.0, "sfb": 0.012531227214592223, "dsfb": 0.0, "sfT": 5.9765004004255265e-06, "roll-out": 0.25066040329424705, "roll-in": 0.22576080850097416, "bad-redirect": 0.0006947681715494675, "redirect": 0.045759075315858044, "oneh-out": 0.008936362223736269, "oneh-in": 0.010714371092862864, "dsfb-red": 0.03639987568879167, "dsfb-alt": 0.039928999175242945, "alternate": 0.2136852894419144, "sfR": 0.09572710103871578, "unknown": 0.059195742341114736}, "english-1k": {"sft": 0.0, "sfb": 0.013761467889908258, "dsfb": 0.0, "sfT": 0.0, "roll-out": 0.21242060691601977, "roll-in": 0.2589978828510939, "bad-redirect": 0.00035285815102328866, "redirect": 0.05045871559633028, "oneh-out": 0.012702893436838392, "oneh-in": 0.012702893436838392, "dsfb-red": 0.038461538461538464, "dsfb-alt": 0.04481298517995766, "alternate": 0.24700070571630206, "sfR": 0.10832745236414962, "unknown": 0.0}, "english-10k": {"sft": 0.0, "sfb": 0.02232685590783659, "dsfb": 0.0, "sfT": 0.0, "roll-out": 0.17483259682368152, "roll-in": 0.2783041624052025, "bad-redirect": 0.0013893981204530983, "redirect": 0.04617819030894811, "oneh-out": 0.004997973794407673, "oneh-in": 0.020493622276683197, "dsfb-red": 0.03089481098396403, "dsfb-alt": 0.045329113679782325, "alternate": 0.26205592327434823, "sfR": 0.10543987958549622, "unknown": 0.0077574728391964646}, "reddit": {"sft": 0.0, "sfb": 0.01643522667447279, "dsfb": 0.0, "sfT": 7.948463094240791e-05, "roll-out": 0.2206779529598567, "roll-in": 0.22188591708014968, "bad-redirect": 0.0010660005240292116, "redirect": 0.0425593002355884, "oneh-out": 0.007643260090980311, "oneh-in": 0.012377877127323553, "dsfb-red": 0.030296379909566566, "dsfb-alt": 0.042062727307971295, "alternate": 0.21180803749936555, "sfR": 0.1028716913164539, "unknown": 0.09023614464329961}, "akl": {"sft": 0.0, "sfb": 0.02235693554936261, "dsfb": 0.0, "sfT": 0.00011950975351996185, "roll-out": 0.21567892381993567, "roll-in": 0.20920049152025946, "bad-redirect": 0.0010082435089600098, "redirect": 0.0404774392969134, "oneh-out": 0.005481278601955202, "oneh-in": 0.011437188734089993, "dsfb-red": 0.032158222240065044, "dsfb-alt": 0.045758605662544354, "alternate": 0.19428426172400595, "sfR": 0.11706348985084018, "unknown": 0.10497540973754815}, "keymash": {"sft": 0.0, "sfb": 0.013595333582362189, "dsfb": 0.0, "sfT": 8.209742501426442e-06, "roll-out": 0.23927294520407366, "roll-in": 0.22507830041910734, "bad-redirect": 0.0008784424476526294, "redirect": 0.04478004047403053, "oneh-out": 0.009157967760341197, "oneh-in": 0.010541309371831552, "dsfb-red": 0.036172125461284906, "dsfb-alt": 0.040293416197000984, "alternate": 0.21561657218621338, "sfR": 0.09899307508220005, "unknown": 0.06561226207140013}, "movie": {"sft": 0.0, "sfb": 0.010919462254384149, "dsfb": 0.0, "sfT": 3.816337318949339e-06, "roll-out": 0.23186749571550336, "roll-in": 0.19089411387871602, "bad-redirect": 0.0006420658544535801, "redirect": 0.04340478350247384, "oneh-out": 0.009951165358079692, "oneh-in": 0.00963243539302813, "dsfb-red": 0.03571473220695234, "dsfb-alt": 0.04193180889519798, "alternate": 0.18835901311622497, "sfR": 0.1138359467128768, "unknown": 0.12284316077479017}}