{"english-450k": {"sft": 0.0, "sfb": 0.027460078664515778, "dsfb": 0.0, "sfT": 1.7248425861880453e-05, "roll-out": 0.18792159976518752, "roll-in": 0.23941165911731327, "bad-redirect": 0.00246272439763527, "redirect": 0.05205224109674262, "oneh-out": 0.011781259556066447, "oneh-in": 0.020173934295776005, "dsfb-red": 0.03558584132266777, "dsfb-alt": 0.03523064068839345, "alternate": 0.2649212039284313, "sfR": 0.11328269117541298, "unknown": 0.009698877565995693}, "shai": {"sft": 0.0, "sfb": 0.01976721890691605, "dsfb": 0.0, "sfT": 1.4003139056357178e-05, "roll-out": 0.18512704075045058, "roll-in": 0.24902622449671527, "bad-redirect": 0.007235384794495226, "redirect": 0.043036650758770424, "oneh-out": 0.008688742652802965, "oneh-in": 0.0197786443537083, "dsfb-red": 0.02871805016235591, "dsfb-alt": 0.03508097901526273, "alternate": 0.23917497359607112, "sfR": 0.09728563198976478, "unknown": 0.06706645538363028}, "tr-quotes": {"sft": 0.0, "sfb": 0.01962506645708606, "dsfb": 0.0, "sfT": 9.246203277779062e-06, "roll-out": 0.20117889091791682, "roll-in": 0.24980351818034718, "bad-redirect": 0.013761817803564412, "redirect": 0.045278657451284066, "oneh-out": 0.008734194771272047, "oneh-in": 0.022683248191211484, "dsfb-red": 0.035298536788331294, "dsfb-alt": 0.033701255172094956, "alternate": 0.22866438593652483, "sfR": 0.09591664547745082, "unknown": 0.045344536649638244}, "gutenberg": {"sft": 0.0, "sfb": 0.018723931131396, "dsfb": 0.0, "sfT": 4.1297217590493e-05, "roll-out": 0.19467584146869577, "roll-in": 0.2531720241281835, "bad-redirect": 0.0063785257499517885, "redirect": 0.043307520677971494, "oneh-out": 0.009017380066628703, "oneh-in": 0.019499295863496403, "dsfb-red": 0.0366724975306916, "dsfb-alt": 0.031636889099542584, "alternate": 0.2140732203456615, "sfR": 0.09761014138424484, "unknown": 0.07519143533594529}, "english-200": {"sft": 0.0, "sfb": 0.011135857461024499, "dsfb": 0.0, "sfT": 0.0, "roll-out": 0.21380846325167038, "roll-in": 0.26057906458797325, "bad-redirect": 0.004454342984409799, "redirect": 0.035634743875278395, "oneh-out": 0.0066815144766146995, "oneh-in": 0.0334075723830735, "dsfb-red": 0.044543429844097995, "dsfb-alt": 0.031180400890868598, "alternate": 0.2516703786191537, "sfR": 0.10690423162583519, "unknown": 0.0}, "monkeyracer": {"sft": 0.0, "sfb": 0.0196834383846599, "dsfb": 0.0, "sfT": 1.0752772260193629e-05, "roll-out": 0.20151086225503229, "roll-in": 0.24925219356554107, "bad-redirect": 0.01411643492813238, "redirect": 0.04517532883932621, "oneh-out": 0.008726363451522593, "oneh-in": 0.02271963026103821, "dsfb-red": 0.035276913211442516, "dsfb-alt": 0.03386341242160251, "alternate": 0.22836542221249043, "sfR": 0.09605353707555875, "unknown": 0.04524571062139293}, "chained-bigrams": {"sft": 0.0, "sfb": 0.019359668698773917, "dsfb": 0.0, "sfT": 2.792010175903134e-05, "roll-out": 0.16105093860239764, "roll-in": 0.2284539600768517, "bad-redirect": 0.0030893917248714215, "redirect": 0.04599739369096603, "oneh-out": 0.014306779585081315, "oneh-in": 0.02099786443686778, "dsfb-red": 0.03443847156272705, "dsfb-alt": 0.03579486906446232, "alternate": 0.24726756352959434, "sfR": 0.11643721321023381, "unknown": 0.07277796571541365}, "english-5k": {"sft": 0.0, "sfb": 0.022524577923424733, "dsfb": 0.0, "sfT": 0.0, "roll-out": 0.20363379931140332, "roll-in": 0.23026506823744142, "bad-redirect": 0.002488903637947484, "redirect": 0.04973659103165056, "oneh-out": 0.011324511552661053, "oneh-in": 0.01779566101132451, "dsfb-red": 0.03090388683784793, "dsfb-alt": 0.04044468411664662, "alternate": 0.2814120379972622, "sfR": 0.10644211224955408, "unknown": 0.0030281660928361057}, "mt-quotes": {"sft": 0.0, "sfb": 0.01982106357801126, "dsfb": 0.0, "sfT": 8.96475060063829e-06, "roll-out": 0.20599054517636653, "roll-in": 0.2524772594159764, "bad-redirect": 0.015269958523087221, "redirect": 0.04496420076260145, "oneh-out": 0.008728678834821481, "oneh-in": 0.02346672882227083, "dsfb-red": 0.03638642856289071, "dsfb-alt": 0.03381055689030731, "alternate": 0.22706816796356724, "sfR": 0.09572710103871578, "unknown": 0.03628034568078316}, "english-1k": {"sft": 0.0, "sfb": 0.013761467889908258, "dsfb": 0.0, "sfT": 0.0, "roll-out": 0.22512350035285816, "roll-in": 0.2459421312632322, "bad-redirect": 0.002117148906139732, "redirect": 0.04516584333098095, "oneh-out": 0.006351446718419196, "oneh-in": 0.02399435426958363, "dsfb-red": 0.03458009880028229, "dsfb-alt": 0.038461538461538464, "alternate": 0.25617501764290757, "sfR": 0.10832745236414962, "unknown": 0.0}, "english-10k": {"sft": 0.0, "sfb": 0.0232917157137068, "dsfb": 0.0, "sfT": 0.0, "roll-out": 0.1934543910769765, "roll-in": 0.2529476467069335, "bad-redirect": 0.002064799984562243, "redirect": 0.048764014588680266, "oneh-out": 0.00997665039269794, "oneh-in": 0.01821655313482951, "dsfb-red": 0.029756276413037186, "dsfb-alt": 0.04046622025819648, "alternate": 0.2678643793056869, "sfR": 0.10543987958549622, "unknown": 0.0077574728391964646}, "reddit": {"sft": 0.0, "sfb": 0.02223827896670729, "dsfb": 0.0, "sfT": 2.2287160891014472e-05, "roll-out": 0.18976461199644828, "roll-in": 0.23611557634691707, "bad-redirect": 0.01035270462188895, "redirect": 0.04239984402733118, "oneh-out": 0.009389674526917552, "oneh-in": 0.02287666566093512, "dsfb-red": 0.030669530660484695, "dsfb-alt": 0.03402125745660044, "alternate": 0.22090472013974613, "sfR": 0.1028716913164539, "unknown": 0.07837315711867839}, "akl": {"sft": 0.0, "sfb": 0.023271442273939156, "dsfb": 0.0, "sfT": 7.360165224557526e-05, "roll-out": 0.18759809681491948, "roll-in": 0.22031458882635227, "bad-redirect": 0.01271388002013761, "redirect": 0.03578415683545607, "oneh-out": 0.014158157559825194, "oneh-in": 0.02050270671934761, "dsfb-red": 0.03177001689244655, "dsfb-alt": 0.033983084754285096, "alternate": 0.20405308438627684, "sfR": 0.11706348985084018, "unknown": 0.09871369341392838}, "keymash": {"sft": 0.0, "sfb": 0.020446363699802555, "dsfb": 0.0, "sfT": 1.2314613752139664e-05, "roll-out": 0.19664796213666758, "roll-in": 0.25388628685661274, "bad-redirect": 0.013041175963515905, "redirect": 0.044480384872728464, "oneh-out": 0.008821368317782713, "oneh-in": 0.02213346578384569, "dsfb-red": 0.03583552601872642, "dsfb-alt": 0.035178746618612304, "alternate": 0.22921601063982627, "sfR": 0.09899307508220005, "unknown": 0.04130731939592715}, "movie": {"sft": 0.0, "sfb": 0.01813299777639132, "dsfb": 0.0, "sfT": 4.8691200276250184e-06, "roll-out": 0.18565599351170017, "roll-in": 0.2143878812076839, "bad-redirect": 0.02116382759683002, "redirect": 0.044624432270474614, "oneh-out": 0.007806120589152995, "oneh-in": 0.02148426833378318, "dsfb-red": 0.03580250796528817, "dsfb-alt": 0.028794396669311346, "alternate": 0.20472715227936011, "sfR": 0.1138359467128768, "unknown": 0.10357960596711975}}