{"english-450k": {"sft": 0.0, "sfb": 0.2997981057135557, "dsfb": 0.0, "sfT": 0.016500896625798615, "roll-out": 0.14660898871017441, "roll-in": 0.13394162781872898, "bad-redirect": 0.010186511029345128, "redirect": 0.039023247954599806, "oneh-out": 0.011636255840346232, "oneh-in": 0.008387997200492778, "dsfb-red": 0.036959283775195126, "dsfb-alt": 0.04029992381458001, "alternate": 0.13367559277577457, "sfR": 0.11328269117541298, "unknown": 0.009698877565995693}, "shai": {"sft": 0.0, "sfb": 0.32630224548733555, "dsfb": 0.0, "sfT": 0.016429157740213828, "roll-out": 0.1252973248043973, "roll-in": 0.12766759411982723, "bad-redirect": 0.008378595184034842, "redirect": 0.03207325724006412, "oneh-out": 0.011670184352215871, "oneh-in": 0.0042515898865289024, "dsfb-red": 0.026220777252399886, "dsfb-alt": 0.04557733804429172, "alternate": 0.11114883641577851, "sfR": 0.09728563198976478, "unknown": 0.06769746748314746}, "tr-quotes": {"sft": 0.0, "sfb": 0.3516007489424655, "dsfb": 0.0, "sfT": 0.013990661334689443, "roll-out": 0.12781951411201775, "roll-in": 0.1370495365340607, "bad-redirect": 0.006423799727237003, "redirect": 0.03594923834400499, "oneh-out": 0.01294584036430041, "oneh-in": 0.004248630406139479, "dsfb-red": 0.02222556112896142, "dsfb-alt": 0.04522549178243684, "alternate": 0.10121240840479878, "sfR": 0.09591664547745082, "unknown": 0.04539192344143686}, "gutenberg": {"sft": 0.0, "sfb": 0.3476606262855653, "dsfb": 0.0, "sfT": 0.013361733695081805, "roll-out": 0.1191284544270049, "roll-in": 0.1273022725214755, "bad-redirect": 0.004653893323603861, "redirect": 0.026965378155590487, "oneh-out": 0.010493092566766045, "oneh-in": 0.004685908139075389, "dsfb-red": 0.020835772331849287, "dsfb-alt": 0.04683597010384545, "alternate": 0.10526944918983573, "sfR": 0.09761014138424484, "unknown": 0.07519730787606137}, "english-200": {"sft": 0.0, "sfb": 0.38084632516703787, "dsfb": 0.0, "sfT": 0.0200445434298441, "roll-out": 0.1291759465478842, "roll-in": 0.1447661469933185, "bad-redirect": 0.0066815144766146995, "redirect": 0.035634743875278395, "oneh-out": 0.0200445434298441, "oneh-in": 0.0, "dsfb-red": 0.011135857461024499, "dsfb-alt": 0.053452115812917596, "alternate": 0.09131403118040089, "sfR": 0.10690423162583519, "unknown": 0.0}, "monkeyracer": {"sft": 0.0, "sfb": 0.3520985501352894, "dsfb": 0.0, "sfT": 0.013973716314497083, "roll-out": 0.12793257425278007, "roll-in": 0.1371320596837512, "bad-redirect": 0.006348045732517947, "redirect": 0.03566792311181319, "oneh-out": 0.012958068098284248, "oneh-in": 0.00426298543879131, "dsfb-red": 0.022144845707493314, "dsfb-alt": 0.045192924284842895, "alternate": 0.10094311587969407, "sfR": 0.09605353707555875, "unknown": 0.04529165428468649}, "chained-bigrams": {"sft": 0.0, "sfb": 0.32282844915522213, "dsfb": 0.0, "sfT": 0.021360176455043116, "roll-out": 0.13445022397765352, "roll-in": 0.11531326678825979, "bad-redirect": 0.008068909408360058, "redirect": 0.027600643850532656, "oneh-out": 0.010866114021799756, "oneh-in": 0.008678606514214253, "dsfb-red": 0.025480664030922487, "dsfb-alt": 0.03268275167536843, "alternate": 0.10331281746941288, "sfR": 0.11643721321023381, "unknown": 0.07292016344297708}, "english-5k": {"sft": 0.0, "sfb": 0.2900817190027793, "dsfb": 0.0, "sfT": 0.01775417928402539, "roll-out": 0.14033268345293898, "roll-in": 0.15003940764093418, "bad-redirect": 0.011448956734558428, "redirect": 0.038495042933587756, "oneh-out": 0.010743767370473306, "oneh-in": 0.005019289003194093, "dsfb-red": 0.039573567843365, "dsfb-alt": 0.042767660845397605, "alternate": 0.14427344754635582, "sfR": 0.10644211224955408, "unknown": 0.0030281660928361057}, "mt-quotes": {"sft": 0.0, "sfb": 0.36142288521533333, "dsfb": 0.0, "sfT": 0.013937198933792328, "roll-out": 0.12828408697003382, "roll-in": 0.1383186311423483, "bad-redirect": 0.006110971659435101, "redirect": 0.0359620970344605, "oneh-out": 0.013148300880936159, "oneh-in": 0.003890701760677018, "dsfb-red": 0.021370471306821577, "dsfb-alt": 0.046379137232402196, "alternate": 0.09915014164305949, "sfR": 0.09572710103871578, "unknown": 0.03629827518198444}, "english-1k": {"sft": 0.0, "sfb": 0.3119266055045872, "dsfb": 0.0, "sfT": 0.016584333098094567, "roll-out": 0.1587861679604799, "roll-in": 0.13902611150317573, "bad-redirect": 0.00529287226534933, "redirect": 0.040931545518701484, "oneh-out": 0.009880028228652082, "oneh-in": 0.003175723359209598, "dsfb-red": 0.030698659139026113, "dsfb-alt": 0.048341566690190546, "alternate": 0.12702893436838392, "sfR": 0.10832745236414962, "unknown": 0.0}, "english-10k": {"sft": 0.0, "sfb": 0.29472607630111347, "dsfb": 0.0, "sfT": 0.020937457787383495, "roll-out": 0.14609907180486675, "roll-in": 0.13847667933849211, "bad-redirect": 0.010536269080102661, "redirect": 0.03666467262306787, "oneh-out": 0.011057293375272573, "oneh-in": 0.004997973794407673, "dsfb-red": 0.03984870998243955, "dsfb-alt": 0.04503965573802127, "alternate": 0.1384187877501399, "sfR": 0.10543987958549622, "unknown": 0.0077574728391964646}, "reddit": {"sft": 0.0, "sfb": 0.32886114293430513, "dsfb": 0.0, "sfT": 0.013962512995381314, "roll-out": 0.12099238921548632, "roll-in": 0.12677184333736563, "bad-redirect": 0.007833843409658432, "redirect": 0.03255300177154836, "oneh-out": 0.012100018035744486, "oneh-in": 0.003403155824524754, "dsfb-red": 0.021365671067350864, "dsfb-alt": 0.046254511511318604, "alternate": 0.09954655928375433, "sfR": 0.1028716913164539, "unknown": 0.0834836592971079}, "akl": {"sft": 0.0, "sfb": 0.31332892466870893, "dsfb": 0.0, "sfT": 0.013291417564104995, "roll-out": 0.11416149069862218, "roll-in": 0.12236708365596011, "bad-redirect": 0.007913850381223103, "redirect": 0.03208889543125798, "oneh-out": 0.011568779566892689, "oneh-in": 0.0038560326900375455, "dsfb-red": 0.021267284152312795, "dsfb-alt": 0.042715598631108395, "alternate": 0.09546066146573105, "sfR": 0.11706348985084018, "unknown": 0.10491649124320006}, "keymash": {"sft": 0.0, "sfb": 0.3540040966615082, "dsfb": 0.0, "sfT": 0.014867843670083288, "roll-out": 0.12786673945971685, "roll-in": 0.13532118565101206, "bad-redirect": 0.005939748699782032, "redirect": 0.03486267153230739, "oneh-out": 0.012240726069626826, "oneh-in": 0.0045276729895366834, "dsfb-red": 0.023323878446552523, "dsfb-alt": 0.04425461695393924, "alternate": 0.10243706206154844, "sfR": 0.09899307508220005, "unknown": 0.04136068272218642}, "movie": {"sft": 0.0, "sfb": 0.31870259270113643, "dsfb": 0.0, "sfT": 0.011996722161036538, "roll-out": 0.11651738427187376, "roll-in": 0.12895640676839268, "bad-redirect": 0.006504617965552686, "redirect": 0.034457051663600656, "oneh-out": 0.012713009196451753, "oneh-in": 0.004622637275956324, "dsfb-red": 0.020744030491745592, "dsfb-alt": 0.042120520195728095, "alternate": 0.08522749778948531, "sfR": 0.1138359467128768, "unknown": 0.10360158280616336}}