{"english-450k": {"sft": 0.0, "sfb": 0.029001035490244114, "dsfb": 0.0, "sfT": 3.040400490907741e-05, "roll-out": 0.26456044871633705, "roll-in": 0.19751757146841403, "bad-redirect": 0.011370513143592853, "redirect": 0.06759248810589481, "oneh-out": 0.02817077227926546, "oneh-in": 0.02520287364621783, "dsfb-red": 0.03937494043446153, "dsfb-alt": 0.03440739378623996, "alternate": 0.17978940549061248, "sfR": 0.11328269117541298, "unknown": 0.00969946225839779}, "shai": {"sft": 0.0, "sfb": 0.018151694790089153, "dsfb": 0.0, "sfT": 4.687065062810542e-06, "roll-out": 0.2534981567565107, "roll-in": 0.19426898892227074, "bad-redirect": 0.007453250106126609, "redirect": 0.05569759009769841, "oneh-out": 0.039038851318400576, "oneh-in": 0.027425085915334654, "dsfb-red": 0.027645544400865363, "dsfb-alt": 0.02403119023121203, "alternate": 0.14947785475934883, "sfR": 0.09728563198976478, "unknown": 0.10602147364731535}, "tr-quotes": {"sft": 0.0, "sfb": 0.01695175793439819, "dsfb": 0.0, "sfT": 0.0, "roll-out": 0.2657335706525508, "roll-in": 0.19299137791544346, "bad-redirect": 0.007551836527126049, "redirect": 0.05107371535563209, "oneh-out": 0.04456554402348536, "oneh-in": 0.02156099026837105, "dsfb-red": 0.023684149696031068, "dsfb-alt": 0.018973209126002637, "alternate": 0.1433901204317977, "sfR": 0.09591664547745082, "unknown": 0.11760708259171078}, "gutenberg": {"sft": 0.0, "sfb": 0.01795330231874405, "dsfb": 0.0, "sfT": 5.304229782265156e-06, "roll-out": 0.25261526943782364, "roll-in": 0.1847160134318253, "bad-redirect": 0.011128274083192297, "redirect": 0.048663656137391674, "oneh-out": 0.05224704222886766, "oneh-in": 0.021142659912108914, "dsfb-red": 0.02079655891881611, "dsfb-alt": 0.01885729462306438, "alternate": 0.1396556342475931, "sfR": 0.09761014138424484, "unknown": 0.13460884904654574}, "english-200": {"sft": 0.0, "sfb": 0.017817371937639197, "dsfb": 0.0, "sfT": 0.0, "roll-out": 0.36302895322939865, "roll-in": 0.20489977728285078, "bad-redirect": 0.0022271714922048997, "redirect": 0.060133630289532294, "oneh-out": 0.0400890868596882, "oneh-in": 0.022271714922048998, "dsfb-red": 0.031180400890868598, "dsfb-alt": 0.022271714922048998, "alternate": 0.1291759465478842, "sfR": 0.10690423162583519, "unknown": 0.0}, "monkeyracer": {"sft": 0.0, "sfb": 0.01690726809202809, "dsfb": 0.0, "sfT": 0.0, "roll-out": 0.2661838997763423, "roll-in": 0.19266817335814942, "bad-redirect": 0.007574839294930948, "redirect": 0.05104634249339193, "oneh-out": 0.04434247775153667, "oneh-in": 0.021372601154261227, "dsfb-red": 0.023661964120931543, "dsfb-alt": 0.019016766504527896, "alternate": 0.14331685878286438, "sfR": 0.09605353707555875, "unknown": 0.1178552715954768}, "chained-bigrams": {"sft": 0.0, "sfb": 0.018141573096449665, "dsfb": 0.0, "sfT": 2.7270797066960846e-05, "roll-out": 0.2369423203162893, "roll-in": 0.1874828340072034, "bad-redirect": 0.015498253695030677, "redirect": 0.05205800368675204, "oneh-out": 0.04213662799191486, "oneh-in": 0.01925513064335057, "dsfb-red": 0.03584746274452003, "dsfb-alt": 0.03372748292490986, "alternate": 0.13618191959140555, "sfR": 0.11643721321023381, "unknown": 0.10626390729487328}, "english-5k": {"sft": 0.0, "sfb": 0.023686066287800223, "dsfb": 0.0, "sfT": 0.0, "roll-out": 0.273696436719625, "roll-in": 0.216161280955739, "bad-redirect": 0.00850375409632057, "redirect": 0.06500186667772846, "oneh-out": 0.023105322105612478, "oneh-in": 0.03932467747957025, "dsfb-red": 0.033060936657402416, "dsfb-alt": 0.033060936657402416, "alternate": 0.17484548056581076, "sfR": 0.10644211224955408, "unknown": 0.003111129547434355}, "mt-quotes": {"sft": 0.0, "sfb": 0.01672374224549073, "dsfb": 0.0, "sfT": 0.0, "roll-out": 0.2708251156452827, "roll-in": 0.19518652657749727, "bad-redirect": 0.007582684883039887, "redirect": 0.05075692377571389, "oneh-out": 0.045990664706374536, "oneh-in": 0.02102981078399732, "dsfb-red": 0.023100668172744768, "dsfb-alt": 0.018407621233310623, "alternate": 0.14434892004637764, "sfR": 0.09572710103871578, "unknown": 0.1103202208914548}, "english-1k": {"sft": 0.0, "sfb": 0.022935779816513763, "dsfb": 0.0, "sfT": 0.0, "roll-out": 0.30628087508821455, "roll-in": 0.22194777699364857, "bad-redirect": 0.008468595624558928, "redirect": 0.061750176429075515, "oneh-out": 0.027875793930839804, "oneh-in": 0.029640084685956247, "dsfb-red": 0.028228652081863093, "dsfb-alt": 0.025758645024700072, "alternate": 0.1587861679604799, "sfR": 0.10832745236414962, "unknown": 0.0}, "english-10k": {"sft": 0.0, "sfb": 0.024295169911811815, "dsfb": 0.0, "sfT": 0.0, "roll-out": 0.2634839157870361, "roll-in": 0.21871442079465853, "bad-redirect": 0.00866444105671446, "redirect": 0.06912255649254163, "oneh-out": 0.02041643349221358, "oneh-in": 0.03614364832789796, "dsfb-red": 0.035005113756971115, "dsfb-alt": 0.03070183902278999, "alternate": 0.18025510893267208, "sfR": 0.10543987958549622, "unknown": 0.0077574728391964646}, "reddit": {"sft": 0.0, "sfb": 0.016802234409615917, "dsfb": 0.0, "sfT": 7.90351419832614e-06, "roll-out": 0.24927886051552264, "roll-in": 0.187221927869383, "bad-redirect": 0.0074754134221523515, "redirect": 0.050137833916451616, "oneh-out": 0.0382669054202188, "oneh-in": 0.02309893795123307, "dsfb-red": 0.024918094683725522, "dsfb-alt": 0.02263180655044006, "alternate": 0.13932715623131225, "sfR": 0.1028716913164539, "unknown": 0.13796123419929254}, "akl": {"sft": 0.0, "sfb": 0.02019132464511675, "dsfb": 0.0, "sfT": 0.000746177019903795, "roll-out": 0.24748530785873588, "roll-in": 0.18368834978776333, "bad-redirect": 0.007415366463741707, "redirect": 0.04337287129834182, "oneh-out": 0.03193487715896631, "oneh-in": 0.020372850605621405, "dsfb-red": 0.02739511733577879, "dsfb-alt": 0.023486795256435468, "alternate": 0.13755250468033403, "sfR": 0.11706348985084018, "unknown": 0.13929496803842056}, "keymash": {"sft": 0.0, "sfb": 0.017129627729226275, "dsfb": 0.0, "sfT": 4.104871250713221e-06, "roll-out": 0.2654784432686269, "roll-in": 0.19511684516015154, "bad-redirect": 0.007647375140078731, "redirect": 0.05204566258779293, "oneh-out": 0.04503043762032404, "oneh-in": 0.02219503885260639, "dsfb-red": 0.023311563832800385, "dsfb-alt": 0.02033963704728401, "alternate": 0.14251702495351234, "sfR": 0.09899307508220005, "unknown": 0.11019116385414572}, "movie": {"sft": 0.0, "sfb": 0.01192539613252376, "dsfb": 0.0, "sfT": 9.211848700912197e-07, "roll-out": 0.23876559121842358, "roll-in": 0.1632510666991801, "bad-redirect": 0.00731644503178022, "redirect": 0.04345873861629347, "oneh-out": 0.032558489646342656, "oneh-in": 0.016577511324323006, "dsfb-red": 0.02009341077778402, "dsfb-alt": 0.01667331455081249, "alternate": 0.11950176005529214, "sfR": 0.1138359467128768, "unknown": 0.21604140804949762}}