{"english-450k": {"sft": 0.0, "sfb": 0.03974183491677781, "dsfb": 0.0, "sfT": 6.840901104542417e-05, "roll-out": 0.17791605103429162, "roll-in": 0.18772952831109846, "bad-redirect": 0.0004519672268214776, "redirect": 0.022474114205628132, "oneh-out": 0.00423346533738798, "oneh-in": 0.0010179494720519956, "dsfb-red": 0.007378525768271199, "dsfb-alt": 0.06669878576928856, "alternate": 0.3693072155135266, "sfR": 0.11328269117541298, "unknown": 0.00969946225839779}, "shai": {"sft": 0.0, "sfb": 0.027668221126053643, "dsfb": 0.0, "sfT": 2.2556742515326045e-05, "roll-out": 0.21635335578376863, "roll-in": 0.186258864397286, "bad-redirect": 0.000605889275964173, "redirect": 0.020106526035620766, "oneh-out": 0.012347467188996398, "oneh-in": 0.0012709609729650397, "dsfb-red": 0.007130020655597711, "dsfb-alt": 0.05887113179732806, "alternate": 0.29634988325298883, "sfR": 0.09728563198976478, "unknown": 0.07572949078115068}, "tr-quotes": {"sft": 0.0, "sfb": 0.02581539955155914, "dsfb": 0.0, "sfT": 6.934652458334297e-06, "roll-out": 0.2400649545780264, "roll-in": 0.17487228681722566, "bad-redirect": 0.0007997965835278888, "redirect": 0.020273456461940315, "oneh-out": 0.021307875453641847, "oneh-in": 0.002002958785048889, "dsfb-red": 0.008476456854903955, "dsfb-alt": 0.059471579482674924, "alternate": 0.2822519128083031, "sfR": 0.09591664547745082, "unknown": 0.06873974249323872}, "gutenberg": {"sft": 0.0, "sfb": 0.023087986184754657, "dsfb": 0.0, "sfT": 4.167609114636908e-05, "roll-out": 0.2525067221640651, "roll-in": 0.17766726036152872, "bad-redirect": 0.0005131842314341538, "redirect": 0.01896887288526989, "oneh-out": 0.016499375048069583, "oneh-in": 0.0015452357976406027, "dsfb-red": 0.010649188471786992, "dsfb-alt": 0.04914293118557492, "alternate": 0.2650911967592672, "sfR": 0.09761014138424484, "unknown": 0.08667622943521698}, "english-200": {"sft": 0.0, "sfb": 0.017817371937639197, "dsfb": 0.0, "sfT": 0.0, "roll-out": 0.2873051224944321, "roll-in": 0.18262806236080179, "bad-redirect": 0.0, "redirect": 0.015590200445434299, "oneh-out": 0.015590200445434299, "oneh-in": 0.004454342984409799, "dsfb-red": 0.0066815144766146995, "dsfb-alt": 0.066815144766147, "alternate": 0.2962138084632517, "sfR": 0.10690423162583519, "unknown": 0.0}, "monkeyracer": {"sft": 0.0, "sfb": 0.025689350454353506, "dsfb": 0.0, "sfT": 5.865148505560161e-06, "roll-out": 0.24057666140106668, "roll-in": 0.1748029310102132, "bad-redirect": 0.0008084129690163755, "redirect": 0.02029536887874001, "oneh-out": 0.021705937094327228, "oneh-in": 0.0020332514819275224, "dsfb-red": 0.00840475780846771, "dsfb-alt": 0.059548852776952314, "alternate": 0.28153494846489513, "sfR": 0.09605353707555875, "unknown": 0.06854012543597604}, "chained-bigrams": {"sft": 0.0, "sfb": 0.027417539927368777, "dsfb": 0.0, "sfT": 0.00017985739970352747, "roll-out": 0.2060789203881024, "roll-in": 0.1644052466416338, "bad-redirect": 0.0012044602037907706, "redirect": 0.022071814397552382, "oneh-out": 0.007650757186666658, "oneh-in": 0.004152303505790824, "dsfb-red": 0.013184781077183499, "dsfb-alt": 0.06165083120740156, "alternate": 0.29339287024489824, "sfR": 0.11643721321023381, "unknown": 0.08217340460967373}, "english-5k": {"sft": 0.0, "sfb": 0.03384908947608578, "dsfb": 0.0, "sfT": 0.0, "roll-out": 0.17480399883851164, "roll-in": 0.2210146430497366, "bad-redirect": 0.00016592690919649896, "redirect": 0.022234205832330857, "oneh-out": 0.00472891691210022, "oneh-in": 0.00078815281868337, "dsfb-red": 0.007176338822748579, "dsfb-alt": 0.06396482349525034, "alternate": 0.36172066204836767, "sfR": 0.10644211224955408, "unknown": 0.003111129547434355}, "mt-quotes": {"sft": 0.0, "sfb": 0.025311973320902213, "dsfb": 0.0, "sfT": 4.482375300319145e-06, "roll-out": 0.2481278612495667, "roll-in": 0.1751772032368726, "bad-redirect": 0.000814298179557978, "redirect": 0.020441125494555408, "oneh-out": 0.023403975568066362, "oneh-in": 0.0021709637704545727, "dsfb-red": 0.008562830948709674, "dsfb-alt": 0.060270018288091226, "alternate": 0.27937898184339177, "sfR": 0.09572710103871578, "unknown": 0.06060918468581537}, "english-1k": {"sft": 0.0, "sfb": 0.03175723359209598, "dsfb": 0.0, "sfT": 0.0, "roll-out": 0.22230063514467185, "roll-in": 0.1958362738179252, "bad-redirect": 0.00035285815102328866, "redirect": 0.01799576570218772, "oneh-out": 0.011644318983768526, "oneh-in": 0.001058574453069866, "dsfb-red": 0.004940014114326041, "dsfb-alt": 0.06422018348623854, "alternate": 0.3415666901905434, "sfR": 0.10832745236414962, "unknown": 0.0}, "english-10k": {"sft": 0.0, "sfb": 0.03477354740356226, "dsfb": 0.0, "sfT": 3.859439223480828e-05, "roll-out": 0.17736052951506145, "roll-in": 0.2208950039559252, "bad-redirect": 0.0003280523339958704, "redirect": 0.0256266764439127, "oneh-out": 0.004631327068176994, "oneh-in": 0.0006175102757569325, "dsfb-red": 0.006252291542038942, "dsfb-alt": 0.06514733409235637, "alternate": 0.3511317805522858, "sfR": 0.10543987958549622, "unknown": 0.0077574728391964646}, "reddit": {"sft": 0.0, "sfb": 0.030057663814846508, "dsfb": 0.0, "sfT": 2.1051066253361567e-05, "roll-out": 0.22673219466542757, "roll-in": 0.16504923683329784, "bad-redirect": 0.0005181483976561399, "redirect": 0.02064161926899236, "oneh-out": 0.016148115601817958, "oneh-in": 0.0012528006439678488, "dsfb-red": 0.008882913182893125, "dsfb-alt": 0.05637580423407362, "alternate": 0.26818755001735217, "sfR": 0.1028716913164539, "unknown": 0.10326121095696761}, "akl": {"sft": 0.0, "sfb": 0.03331162456317605, "dsfb": 0.0, "sfT": 0.0001006137064367123, "roll-out": 0.20874438431164674, "roll-in": 0.15985225645442502, "bad-redirect": 0.00040443736183427213, "redirect": 0.024811686951108552, "oneh-out": 0.01752407015650016, "oneh-in": 0.001319067994916282, "dsfb-red": 0.008766650670078611, "dsfb-alt": 0.0553980678451109, "alternate": 0.2480567119316828, "sfR": 0.11706348985084018, "unknown": 0.1246469382022437}, "keymash": {"sft": 0.0, "sfb": 0.02516696563812276, "dsfb": 0.0, "sfT": 4.104871250713221e-06, "roll-out": 0.2419862651007951, "roll-in": 0.17673112682820705, "bad-redirect": 0.0008045547651397913, "redirect": 0.020187756811007623, "oneh-out": 0.020475097798557548, "oneh-in": 0.001760989766555972, "dsfb-red": 0.009141548275338343, "dsfb-alt": 0.059861337449150905, "alternate": 0.28323611629921225, "sfR": 0.09899307508220005, "unknown": 0.06165106131446187}, "movie": {"sft": 0.0, "sfb": 0.020575716856196066, "dsfb": 0.0, "sfT": 3.1583481260270388e-06, "roll-out": 0.22007211824750106, "roll-in": 0.1386937256387726, "bad-redirect": 0.0008993396288861993, "redirect": 0.019374754981274285, "oneh-out": 0.028010468344863718, "oneh-in": 0.001173326328819045, "dsfb-red": 0.00974745190395095, "dsfb-alt": 0.05334331546804943, "alternate": 0.2438422410374963, "sfR": 0.1138359467128768, "unknown": 0.1504284365031875}}