{"english-450k": {"sft": 0.0, "sfb": 0.032404237616653446, "dsfb": 0.0, "sfT": 0.0001806699522481715, "roll-out": 0.18777484197226102, "roll-in": 0.192044265892378, "bad-redirect": 0.0014430208483769817, "redirect": 0.031091018481542138, "oneh-out": 0.004959068608391155, "oneh-in": 0.004355958395627436, "dsfb-red": 0.013235974252485381, "dsfb-alt": 0.05061886767300025, "alternate": 0.3589105075656273, "sfR": 0.11328269117541298, "unknown": 0.009698877565995693}, "shai": {"sft": 0.0, "sfb": 0.018864384126617482, "dsfb": 0.0, "sfT": 3.7914524653420375e-05, "roll-out": 0.20787497759033302, "roll-in": 0.19212685311303174, "bad-redirect": 0.001331347091140077, "redirect": 0.02778873791542259, "oneh-out": 0.01406227503248821, "oneh-in": 0.0034883143069197025, "dsfb-red": 0.008924191231635297, "dsfb-alt": 0.0453438478923147, "alternate": 0.31517405770253154, "sfR": 0.09728563198976478, "unknown": 0.06769746748314746}, "tr-quotes": {"sft": 0.0, "sfb": 0.01870853655717621, "dsfb": 0.0, "sfT": 3.1205936062504334e-05, "roll-out": 0.21011303483507085, "roll-in": 0.19772081089202745, "bad-redirect": 0.0014574327916599247, "redirect": 0.026792029772774555, "oneh-out": 0.022776865999398998, "oneh-in": 0.003538984304569936, "dsfb-red": 0.009707357666258293, "dsfb-alt": 0.04674418067081205, "alternate": 0.32110099165530154, "sfR": 0.09591664547745082, "unknown": 0.04539192344143686}, "gutenberg": {"sft": 0.0, "sfb": 0.016916135959533275, "dsfb": 0.0, "sfT": 0.00019985580072463357, "roll-out": 0.22035645939631046, "roll-in": 0.1986687898740738, "bad-redirect": 0.0016623077264063123, "redirect": 0.024335616804254598, "oneh-out": 0.014143539277632101, "oneh-in": 0.0030253053436705194, "dsfb-red": 0.006925240291080975, "dsfb-alt": 0.04161963898654355, "alternate": 0.2993396612794636, "sfR": 0.09761014138424484, "unknown": 0.07519730787606137}, "english-200": {"sft": 0.0, "sfb": 0.015590200445434299, "dsfb": 0.0, "sfT": 0.0, "roll-out": 0.2182628062360802, "roll-in": 0.22717149220489977, "bad-redirect": 0.0022271714922048997, "redirect": 0.028953229398663696, "oneh-out": 0.017817371937639197, "oneh-in": 0.004454342984409799, "dsfb-red": 0.0022271714922048997, "dsfb-alt": 0.04899777282850779, "alternate": 0.3273942093541203, "sfR": 0.10690423162583519, "unknown": 0.0}, "monkeyracer": {"sft": 0.0, "sfb": 0.018512363733049722, "dsfb": 0.0, "sfT": 3.03032672787275e-05, "roll-out": 0.21039362966670316, "roll-in": 0.19739059542987628, "bad-redirect": 0.0014750848491483805, "redirect": 0.0267548524328636, "oneh-out": 0.023243583527534917, "oneh-in": 0.0035855607863991114, "dsfb-red": 0.009690202855936312, "dsfb-alt": 0.046844941113909, "alternate": 0.32073369097705556, "sfR": 0.09605353707555875, "unknown": 0.04529165428468649}, "chained-bigrams": {"sft": 0.0, "sfb": 0.019488231027803875, "dsfb": 0.0, "sfT": 4.934715659735772e-05, "roll-out": 0.18582905495649985, "roll-in": 0.16600253618412722, "bad-redirect": 0.0035802660720767165, "redirect": 0.03011475161822962, "oneh-out": 0.007009244150901007, "oneh-in": 0.007165077276997927, "dsfb-red": 0.01707151896391749, "dsfb-alt": 0.06203651819449143, "alternate": 0.3122960777451466, "sfR": 0.11643721321023381, "unknown": 0.07292016344297708}, "english-5k": {"sft": 0.0, "sfb": 0.023520139378603724, "dsfb": 0.0, "sfT": 8.296345459824948e-05, "roll-out": 0.20939975940598166, "roll-in": 0.20064711494586634, "bad-redirect": 0.0014518604554693657, "redirect": 0.0316920396565313, "oneh-out": 0.005019289003194093, "oneh-in": 0.004480026548305471, "dsfb-red": 0.011075621188866304, "dsfb-alt": 0.04782843157589082, "alternate": 0.35533247604430246, "sfR": 0.10644211224955408, "unknown": 0.0030281660928361057}, "mt-quotes": {"sft": 0.0, "sfb": 0.018105807963089134, "dsfb": 0.0, "sfT": 1.6435376101170198e-05, "roll-out": 0.21177579756397844, "roll-in": 0.20042343505337015, "bad-redirect": 0.0014627484730041476, "redirect": 0.026296601761872318, "oneh-out": 0.025074407429985297, "oneh-in": 0.0036606064952606353, "dsfb-red": 0.009638601020786269, "dsfb-alt": 0.04735629504787177, "alternate": 0.32416388759398046, "sfR": 0.09572710103871578, "unknown": 0.03629827518198444}, "english-1k": {"sft": 0.0, "sfb": 0.016231474947071278, "dsfb": 0.0, "sfT": 0.0, "roll-out": 0.22759350741002118, "roll-in": 0.22865208186309105, "bad-redirect": 0.00035285815102328866, "redirect": 0.03211009174311927, "oneh-out": 0.0077628793225123505, "oneh-in": 0.0056457304163726185, "dsfb-red": 0.01058574453069866, "dsfb-alt": 0.04551870148200424, "alternate": 0.3172194777699365, "sfR": 0.10832745236414962, "unknown": 0.0}, "english-10k": {"sft": 0.0, "sfb": 0.022963663379710928, "dsfb": 0.0, "sfT": 7.718878446961657e-05, "roll-out": 0.21080257038652284, "roll-in": 0.19685069759363966, "bad-redirect": 0.000675401864109145, "redirect": 0.03020011192373748, "oneh-out": 0.008587252272244843, "oneh-in": 0.004419057910885548, "dsfb-red": 0.010555566276220065, "dsfb-alt": 0.04924644449161537, "alternate": 0.3524246926921518, "sfR": 0.10543987958549622, "unknown": 0.0077574728391964646}, "reddit": {"sft": 0.0, "sfb": 0.01774413852350743, "dsfb": 0.0, "sfT": 8.536544482457476e-05, "roll-out": 0.19513184728537697, "roll-in": 0.18830444711266084, "bad-redirect": 0.0014245054263618158, "redirect": 0.026227081447586686, "oneh-out": 0.017683008025063503, "oneh-in": 0.0034098232440854274, "dsfb-red": 0.009002926734985242, "dsfb-alt": 0.047415279290901204, "alternate": 0.3072162268510845, "sfR": 0.1028716913164539, "unknown": 0.0834836592971079}, "akl": {"sft": 0.0, "sfb": 0.026582649265451792, "dsfb": 0.0, "sfT": 0.00013722866980130403, "roll-out": 0.176656356239927, "roll-in": 0.18046796773075574, "bad-redirect": 0.001617067950557037, "redirect": 0.023043140852621862, "oneh-out": 0.018742772261990656, "oneh-in": 0.00324473007833124, "dsfb-red": 0.010755506091280174, "dsfb-alt": 0.047568908927372394, "alternate": 0.28920369083787056, "sfR": 0.11706348985084018, "unknown": 0.10491649124320006}, "keymash": {"sft": 0.0, "sfb": 0.019034287989557207, "dsfb": 0.0, "sfT": 5.74681975099851e-05, "roll-out": 0.21310028610952617, "roll-in": 0.19762492149433733, "bad-redirect": 0.0015146974915131786, "redirect": 0.02714140870971582, "oneh-out": 0.02219503885260639, "oneh-in": 0.0035507136318669364, "dsfb-red": 0.009987151752985268, "dsfb-alt": 0.046754483545623594, "alternate": 0.31868578442037165, "sfR": 0.09899307508220005, "unknown": 0.04136068272218642}, "movie": {"sft": 0.0, "sfb": 0.018849811203160875, "dsfb": 0.0, "sfT": 2.0529262819175754e-05, "roll-out": 0.18087675480782833, "roll-in": 0.17664009399244024, "bad-redirect": 0.0012387304545955216, "redirect": 0.023236493554535262, "oneh-out": 0.029401325900862873, "oneh-in": 0.0021096449503474777, "dsfb-red": 0.010134875940743599, "dsfb-alt": 0.047929643584361914, "alternate": 0.2921245668292646, "sfR": 0.1138359467128768, "unknown": 0.10360158280616336}}