{"english-450k": {"sft": 0.0, "sfb": 0.032473231320100965, "dsfb": 0.0, "sfT": 0.00038794340879178576, "roll-out": 0.20535361904132665, "roll-in": 0.19397725897371282, "bad-redirect": 0.0008475116368405328, "redirect": 0.0597707654968336, "oneh-out": 0.006385133377107305, "oneh-in": 0.006264394396074142, "dsfb-red": 0.02480411342798724, "dsfb-alt": 0.037348688914992156, "alternate": 0.30940577126482416, "sfR": 0.11328269117541298, "unknown": 0.009698877565995693}, "shai": {"sft": 0.0, "sfb": 0.017629816607645513, "dsfb": 0.0, "sfT": 6.912163084783937e-05, "roll-out": 0.18698480601356254, "roll-in": 0.19697080906716027, "bad-redirect": 0.0004086145391751942, "redirect": 0.05191144783323678, "oneh-out": 0.007013424590348191, "oneh-in": 0.005611388352794264, "dsfb-red": 0.023398351298738896, "dsfb-alt": 0.031910173694658185, "alternate": 0.31373995899843726, "sfR": 0.09728563198976478, "unknown": 0.06706645538363028}, "tr-quotes": {"sft": 0.0, "sfb": 0.01779778553431497, "dsfb": 0.0, "sfT": 6.241187212500867e-05, "roll-out": 0.19230831464829753, "roll-in": 0.21418945470516168, "bad-redirect": 0.0011603985113612723, "redirect": 0.048654677423083145, "oneh-out": 0.008848616536834563, "oneh-in": 0.005499179399459097, "dsfb-red": 0.022342294445343382, "dsfb-alt": 0.028315341762788656, "alternate": 0.3195603430341416, "sfR": 0.09591664547745082, "unknown": 0.045344536649638244}, "gutenberg": {"sft": 0.0, "sfb": 0.015857373807637562, "dsfb": 0.0, "sfT": 3.2961999361219184e-05, "roll-out": 0.18591079119028053, "roll-in": 0.1954559421202446, "bad-redirect": 0.0008651577648430346, "redirect": 0.04465517391622272, "oneh-out": 0.007421564649278643, "oneh-in": 0.005526439122786478, "dsfb-red": 0.022505468092595182, "dsfb-alt": 0.029363837201064027, "alternate": 0.31960371341549587, "sfR": 0.09761014138424484, "unknown": 0.07519143533594529}, "english-200": {"sft": 0.0, "sfb": 0.008908685968819599, "dsfb": 0.0, "sfT": 0.0, "roll-out": 0.22494432071269488, "roll-in": 0.20489977728285078, "bad-redirect": 0.0, "redirect": 0.04899777282850779, "oneh-out": 0.0022271714922048997, "oneh-in": 0.008908685968819599, "dsfb-red": 0.015590200445434299, "dsfb-alt": 0.0400890868596882, "alternate": 0.33853006681514475, "sfR": 0.10690423162583519, "unknown": 0.0}, "monkeyracer": {"sft": 0.0, "sfb": 0.01759544551668048, "dsfb": 0.0, "sfT": 6.0606534557455e-05, "roll-out": 0.19214617514115456, "roll-in": 0.21480910896663905, "bad-redirect": 0.001202355443639833, "redirect": 0.04862599121009744, "oneh-out": 0.008862239391901403, "oneh-in": 0.005504441872468211, "dsfb-red": 0.022308092340898072, "dsfb-alt": 0.028157600450443406, "alternate": 0.3194286954345684, "sfR": 0.09605353707555875, "unknown": 0.04524571062139293}, "chained-bigrams": {"sft": 0.0, "sfb": 0.019451869965047927, "dsfb": 0.0, "sfT": 0.0001253158055696058, "roll-out": 0.17451492069717142, "roll-in": 0.17208002810190706, "bad-redirect": 0.0017680566765079615, "redirect": 0.04730184681733566, "oneh-out": 0.006505383709854303, "oneh-in": 0.0068241923136609164, "dsfb-red": 0.025199515099255963, "dsfb-alt": 0.04451308316489287, "alternate": 0.31250060872314883, "sfR": 0.11643721321023381, "unknown": 0.07277796571541365}, "english-5k": {"sft": 0.0, "sfb": 0.020533455013066745, "dsfb": 0.0, "sfT": 0.00020740863649562367, "roll-out": 0.2128012610445099, "roll-in": 0.20267971958352346, "bad-redirect": 0.0005392624548886216, "redirect": 0.06504334840502758, "oneh-out": 0.006844485004355581, "oneh-in": 0.0059318870037748375, "dsfb-red": 0.021777906832040485, "dsfb-alt": 0.03749948147840876, "alternate": 0.31667150620151824, "sfR": 0.10644211224955408, "unknown": 0.0030281660928361057}, "mt-quotes": {"sft": 0.0, "sfb": 0.016858213504500306, "dsfb": 0.0, "sfT": 4.6317878103297835e-05, "roll-out": 0.19313658694015132, "roll-in": 0.2190925281791994, "bad-redirect": 0.0012505827087890414, "redirect": 0.04856803050405804, "oneh-out": 0.008954291724937545, "oneh-in": 0.005605957375599144, "dsfb-red": 0.02263300701641147, "dsfb-alt": 0.02748891359175721, "alternate": 0.3243581238569943, "sfR": 0.09572710103871578, "unknown": 0.03628034568078316}, "english-1k": {"sft": 0.0, "sfb": 0.014820042342978124, "dsfb": 0.0, "sfT": 0.0, "roll-out": 0.2364149611856034, "roll-in": 0.17925194071983064, "bad-redirect": 0.0, "redirect": 0.05010585744530699, "oneh-out": 0.012702893436838392, "oneh-in": 0.0045871559633027525, "dsfb-red": 0.01799576570218772, "dsfb-alt": 0.03458009880028229, "alternate": 0.3412138320395201, "sfR": 0.10832745236414962, "unknown": 0.0}, "english-10k": {"sft": 0.0, "sfb": 0.022635611045715057, "dsfb": 0.0, "sfT": 0.00015437756893923313, "roll-out": 0.20732907508539009, "roll-in": 0.21361996101966385, "bad-redirect": 0.0004824299029351035, "redirect": 0.06308253410779414, "oneh-out": 0.0062329943459215375, "oneh-in": 0.005808456031338646, "dsfb-red": 0.02450743906910326, "dsfb-alt": 0.03724358850658999, "alternate": 0.3057061808919164, "sfR": 0.10543987958549622, "unknown": 0.0077574728391964646}, "reddit": {"sft": 0.0, "sfb": 0.01686722302162585, "dsfb": 0.0, "sfT": 0.00011907711676056304, "roll-out": 0.1860272611307981, "roll-in": 0.2008247373252073, "bad-redirect": 0.0005377386247922753, "redirect": 0.04782420187148474, "oneh-out": 0.0085705183562863, "oneh-in": 0.005696411036676988, "dsfb-red": 0.023066125257215374, "dsfb-alt": 0.030165391335388623, "alternate": 0.2990564664886316, "sfR": 0.1028716913164539, "unknown": 0.07837315711867839}, "akl": {"sft": 0.0, "sfb": 0.02342453123243984, "dsfb": 0.0, "sfT": 0.00021845069513291108, "roll-out": 0.17594183784316925, "roll-in": 0.19201816102182884, "bad-redirect": 0.0003805849745324653, "redirect": 0.044901592484503074, "oneh-out": 0.00826203328157675, "oneh-in": 0.0079789643008444, "dsfb-red": 0.021695326084437947, "dsfb-alt": 0.03094491015456223, "alternate": 0.2784564246622037, "sfR": 0.11706348985084018, "unknown": 0.09871369341392838}, "keymash": {"sft": 0.0, "sfb": 0.017618107408061145, "dsfb": 0.0, "sfT": 4.925845500855866e-05, "roll-out": 0.19670953520542828, "roll-in": 0.21250097490692205, "bad-redirect": 0.0012560906027182458, "redirect": 0.04874124123096879, "oneh-out": 0.00856276142898778, "oneh-in": 0.005607254128474261, "dsfb-red": 0.022761511085204814, "dsfb-alt": 0.028257933689909816, "alternate": 0.31763493738018905, "sfR": 0.09899307508220005, "unknown": 0.04130731939592715}, "movie": {"sft": 0.0, "sfb": 0.017800844831804146, "dsfb": 0.0, "sfT": 7.343159393012865e-05, "roll-out": 0.17718701460959724, "roll-in": 0.20439420974774142, "bad-redirect": 0.002220187134758424, "redirect": 0.04317922480714008, "oneh-out": 0.00999472424265115, "oneh-in": 0.00621852426447007, "dsfb-red": 0.02138188521536447, "dsfb-alt": 0.026378655146416415, "alternate": 0.2737557457261299, "sfR": 0.1138359467128768, "unknown": 0.10357960596711975}}