{"english-450k": {"sft": 0.0, "sfb": 0.039743296647783054, "dsfb": 0.0, "sfT": 0.001735074703224754, "roll-out": 0.20392667723400734, "roll-in": 0.23324023081317266, "bad-redirect": 0.030414237026114118, "redirect": 0.06497043502868793, "oneh-out": 0.017459207472836653, "oneh-in": 0.027680800046307637, "dsfb-red": 0.02923725122069156, "dsfb-alt": 0.029555908579834776, "alternate": 0.19905531248593084, "sfR": 0.11328269117541298, "unknown": 0.009698877565995693}, "shai": {"sft": 0.0, "sfb": 0.019109106204946505, "dsfb": 0.0, "sfT": 0.00020036719342414447, "roll-out": 0.20121154632740004, "roll-in": 0.22508465358138216, "bad-redirect": 0.025223190994147014, "redirect": 0.06101390622401988, "oneh-out": 0.020845894100041708, "oneh-in": 0.02750768043923257, "dsfb-red": 0.026533881713495, "dsfb-alt": 0.02692407310675857, "alternate": 0.20136260064224015, "sfR": 0.09728563198976478, "unknown": 0.06769746748314746}, "tr-quotes": {"sft": 0.0, "sfb": 0.019748734425926354, "dsfb": 0.0, "sfT": 0.00019879337047224983, "roll-out": 0.21580869605418276, "roll-in": 0.23251427382631007, "bad-redirect": 0.023825154296017198, "redirect": 0.06314463373477266, "oneh-out": 0.023679526594392177, "oneh-in": 0.027227757102239892, "dsfb-red": 0.024255102748433923, "dsfb-alt": 0.02850142160375396, "alternate": 0.19978733732461107, "sfR": 0.09591664547745082, "unknown": 0.04539192344143686}, "gutenberg": {"sft": 0.0, "sfb": 0.020420148041053222, "dsfb": 0.0, "sfT": 8.922472240881744e-05, "roll-out": 0.19590168685873283, "roll-in": 0.2352471373261302, "bad-redirect": 0.023119243253114437, "redirect": 0.06132201107598953, "oneh-out": 0.027021072568304272, "oneh-in": 0.024043505292674138, "dsfb-red": 0.020639705266683413, "dsfb-alt": 0.027538045535297186, "alternate": 0.19185077079930576, "sfR": 0.09761014138424484, "unknown": 0.07519730787606137}, "english-200": {"sft": 0.0, "sfb": 0.011135857461024499, "dsfb": 0.0, "sfT": 0.0, "roll-out": 0.2182628062360802, "roll-in": 0.23162583518930957, "bad-redirect": 0.0200445434298441, "redirect": 0.0801781737193764, "oneh-out": 0.017817371937639197, "oneh-in": 0.022271714922048998, "dsfb-red": 0.026726057906458798, "dsfb-alt": 0.017817371937639197, "alternate": 0.24721603563474387, "sfR": 0.10690423162583519, "unknown": 0.0}, "monkeyracer": {"sft": 0.0, "sfb": 0.019678550760905265, "dsfb": 0.0, "sfT": 0.0001808420789214383, "roll-out": 0.21665174312213586, "roll-in": 0.2319353426028747, "bad-redirect": 0.02356812174484258, "redirect": 0.06327028950373023, "oneh-out": 0.023700087586217684, "oneh-in": 0.027390243520965953, "dsfb-red": 0.024233816100223658, "dsfb-alt": 0.028471385895490874, "alternate": 0.19957438572344652, "sfR": 0.09605353707555875, "unknown": 0.04529165428468649}, "chained-bigrams": {"sft": 0.0, "sfb": 0.020170000954477896, "dsfb": 0.0, "sfT": 8.376030527709402e-05, "roll-out": 0.17934055316863937, "roll-in": 0.254245641055276, "bad-redirect": 0.0200576712427497, "redirect": 0.06470905630705359, "oneh-out": 0.015146979856620538, "oneh-in": 0.021186162797568225, "dsfb-red": 0.033346341070664476, "dsfb-alt": 0.031573089956619955, "alternate": 0.1707833666318423, "sfR": 0.11643721321023381, "unknown": 0.07292016344297708}, "english-5k": {"sft": 0.0, "sfb": 0.023603102833201973, "dsfb": 0.0, "sfT": 0.00045629900029037207, "roll-out": 0.21275977931721077, "roll-in": 0.2388103040610611, "bad-redirect": 0.03463724229476915, "redirect": 0.06413075040444684, "oneh-out": 0.016343800555855145, "oneh-in": 0.028000165926909196, "dsfb-red": 0.031318704110839174, "dsfb-alt": 0.023976438378894096, "alternate": 0.21649313477413198, "sfR": 0.10644211224955408, "unknown": 0.0030281660928361057}, "mt-quotes": {"sft": 0.0, "sfb": 0.018897694266145515, "dsfb": 0.0, "sfT": 0.00014941251001063816, "roll-out": 0.22050597052390003, "roll-in": 0.2341234266862696, "bad-redirect": 0.02343385807006849, "redirect": 0.06432507380977995, "oneh-out": 0.024611228648952318, "oneh-in": 0.028270341019112848, "dsfb-red": 0.023971743106106787, "dsfb-alt": 0.028389871027121358, "alternate": 0.20129600411183227, "sfR": 0.09572710103871578, "unknown": 0.03629827518198444}, "english-1k": {"sft": 0.0, "sfb": 0.021524347212420608, "dsfb": 0.0, "sfT": 0.0, "roll-out": 0.22230063514467185, "roll-in": 0.24029640084685958, "bad-redirect": 0.03705010585744531, "redirect": 0.06951305575158787, "oneh-out": 0.019760056457304165, "oneh-in": 0.02081863091037403, "dsfb-red": 0.030345800988002825, "dsfb-alt": 0.019760056457304165, "alternate": 0.21030345800988004, "sfR": 0.10832745236414962, "unknown": 0.0}, "english-10k": {"sft": 0.0, "sfb": 0.025819648405086743, "dsfb": 0.0, "sfT": 0.0004824299029351035, "roll-out": 0.21313753111672873, "roll-in": 0.2325505104108373, "bad-redirect": 0.03276663900735223, "redirect": 0.06163524439898883, "oneh-out": 0.01528337932498408, "oneh-in": 0.032612261438413, "dsfb-red": 0.031203566121842496, "dsfb-alt": 0.02666872503425252, "alternate": 0.21464271241388627, "sfR": 0.10543987958549622, "unknown": 0.0077574728391964646}, "reddit": {"sft": 0.0, "sfb": 0.018110584397451623, "dsfb": 0.0, "sfT": 0.00021159692751821977, "roll-out": 0.19951837258027452, "roll-in": 0.21728742028360132, "bad-redirect": 0.021258168291288324, "redirect": 0.05999145596403489, "oneh-out": 0.023177186487537825, "oneh-in": 0.02826521421801001, "dsfb-red": 0.023591765137523955, "dsfb-alt": 0.028815163959525766, "alternate": 0.19341772113967176, "sfR": 0.1028716913164539, "unknown": 0.0834836592971079}, "akl": {"sft": 0.0, "sfb": 0.02278869473665168, "dsfb": 0.0, "sfT": 0.00026361534537451407, "roll-out": 0.18911238266019417, "roll-in": 0.2084473756240497, "bad-redirect": 0.019316096916772267, "redirect": 0.053255441968628595, "oneh-out": 0.022057944325678144, "oneh-in": 0.03176598986601897, "dsfb-red": 0.023941167745971704, "dsfb-alt": 0.023128265995875582, "alternate": 0.18394304372074444, "sfR": 0.11706348985084018, "unknown": 0.10491649124320006}, "keymash": {"sft": 0.0, "sfb": 0.020356056532286865, "dsfb": 0.0, "sfT": 0.0002134533050370875, "roll-out": 0.2131988030195433, "roll-in": 0.23544310032715823, "bad-redirect": 0.023377241772811797, "redirect": 0.062435091723348095, "oneh-out": 0.023479863554079626, "oneh-in": 0.02821278010615197, "dsfb-red": 0.024883729521823546, "dsfb-alt": 0.028245619076157677, "alternate": 0.19980050325721535, "sfR": 0.09899307508220005, "unknown": 0.04136068272218642}, "movie": {"sft": 0.0, "sfb": 0.017925731180620796, "dsfb": 0.0, "sfT": 0.00016805043987235536, "roll-out": 0.20660097390296422, "roll-in": 0.201630260343952, "bad-redirect": 0.020446750974383296, "redirect": 0.04942762178096882, "oneh-out": 0.026351809187345185, "oneh-in": 0.024374288466936504, "dsfb-red": 0.02236505266742897, "dsfb-alt": 0.03297460201194671, "alternate": 0.18029732952454094, "sfR": 0.1138359467128768, "unknown": 0.10360158280616336}}