{"english-450k": {"sft": 0.0, "sfb": 0.03353357099130504, "dsfb": 0.0, "sfT": 4.531366116256729e-05, "roll-out": 0.16153618573572723, "roll-in": 0.2602638365995225, "bad-redirect": 0.0018821248423523112, "redirect": 0.02942376809696071, "oneh-out": 0.004128805397412502, "oneh-in": 0.006080508635614433, "dsfb-red": 0.008642630741606303, "dsfb-alt": 0.05850315236908591, "alternate": 0.3131317235971914, "sfR": 0.11328269117541298, "unknown": 0.009545688156646111}, "shai": {"sft": 0.0, "sfb": 0.027226975170243802, "dsfb": 0.0, "sfT": 1.786580704371054e-05, "roll-out": 0.15513247557849452, "roll-in": 0.2870696802082466, "bad-redirect": 0.002490813197660539, "redirect": 0.028401841633399212, "oneh-out": 0.004823524066047133, "oneh-in": 0.012325939975223191, "dsfb-red": 0.00945153056090274, "dsfb-alt": 0.045384669093980645, "alternate": 0.2720723531125673, "sfR": 0.09728563198976478, "unknown": 0.05831669960642587}, "tr-quotes": {"sft": 0.0, "sfb": 0.027816046785788584, "dsfb": 0.0, "sfT": 3.4673262291671484e-06, "roll-out": 0.15346154735211853, "roll-in": 0.29280992117611704, "bad-redirect": 0.0017382862162224637, "redirect": 0.028610064492267863, "oneh-out": 0.005590485656827166, "oneh-in": 0.020718429994683433, "dsfb-red": 0.00925544948105684, "dsfb-alt": 0.043017960749867086, "alternate": 0.281240609324796, "sfR": 0.09591664547745082, "unknown": 0.03982108596657497}, "gutenberg": {"sft": 0.0, "sfb": 0.026336826926392068, "dsfb": 0.0, "sfT": 4.091834403461692e-05, "roll-out": 0.1518724120568174, "roll-in": 0.30705371631387857, "bad-redirect": 0.0017392190582491572, "redirect": 0.02863431616922463, "oneh-out": 0.004964001329088434, "oneh-in": 0.010685939206706971, "dsfb-red": 0.008528633179548557, "dsfb-alt": 0.04488647622208507, "alternate": 0.24936491320196272, "sfR": 0.09761014138424484, "unknown": 0.06828248660776698}, "english-200": {"sft": 0.0, "sfb": 0.013363028953229399, "dsfb": 0.0, "sfT": 0.0, "roll-out": 0.1603563474387528, "roll-in": 0.3363028953229399, "bad-redirect": 0.0022271714922048997, "redirect": 0.028953229398663696, "oneh-out": 0.0066815144766146995, "oneh-in": 0.004454342984409799, "dsfb-red": 0.0022271714922048997, "dsfb-alt": 0.0467706013363029, "alternate": 0.29175946547884185, "sfR": 0.10690423162583519, "unknown": 0.0}, "monkeyracer": {"sft": 0.0, "sfb": 0.027788096094593116, "dsfb": 0.0, "sfT": 3.9100990037067735e-06, "roll-out": 0.15415174312213586, "roll-in": 0.29242261914071666, "bad-redirect": 0.0017008930666124467, "redirect": 0.028556430548821496, "oneh-out": 0.0057410028621924705, "oneh-in": 0.02115168056055179, "dsfb-red": 0.009312878302078609, "dsfb-alt": 0.042910403991429064, "alternate": 0.28084286094123906, "sfR": 0.09605353707555875, "unknown": 0.039363944195067016}, "chained-bigrams": {"sft": 0.0, "sfb": 0.02650331892093352, "dsfb": 0.0, "sfT": 0.0001220692821092533, "roll-out": 0.13083554475689707, "roll-in": 0.2504712328802702, "bad-redirect": 0.003601693126915043, "redirect": 0.03433718003076405, "oneh-out": 0.004211390232769239, "oneh-in": 0.01587355180704742, "dsfb-red": 0.011561519347007257, "dsfb-alt": 0.05493637138670055, "alternate": 0.28629726856995186, "sfR": 0.11643721321023381, "unknown": 0.06481164644840073}, "english-5k": {"sft": 0.0, "sfb": 0.0276683121085162, "dsfb": 0.0, "sfT": 0.0, "roll-out": 0.17754179284025387, "roll-in": 0.2863483635458581, "bad-redirect": 0.0016177873646658647, "redirect": 0.02671423238063633, "oneh-out": 0.005226697639689717, "oneh-in": 0.006885966731654706, "dsfb-red": 0.0076326378230389515, "dsfb-alt": 0.05093956112332518, "alternate": 0.30206993819222633, "sfR": 0.10644211224955408, "unknown": 0.0009125980005807441}, "mt-quotes": {"sft": 0.0, "sfb": 0.027225947574138487, "dsfb": 0.0, "sfT": 0.0, "roll-out": 0.15471814824111593, "roll-in": 0.2962670778498942, "bad-redirect": 0.00158974910651319, "redirect": 0.02842573002952391, "oneh-out": 0.00592570014702191, "oneh-in": 0.022592665638708598, "dsfb-red": 0.009553435890080205, "dsfb-alt": 0.04268416585983911, "alternate": 0.28349679061928496, "sfR": 0.09572710103871578, "unknown": 0.0317934880051637}, "english-1k": {"sft": 0.0, "sfb": 0.02117148906139732, "dsfb": 0.0, "sfT": 0.0, "roll-out": 0.19865913902611151, "roll-in": 0.2981651376146789, "bad-redirect": 0.0014114326040931546, "redirect": 0.03634438955539873, "oneh-out": 0.008468595624558928, "oneh-in": 0.004940014114326041, "dsfb-red": 0.0045871559633027525, "dsfb-alt": 0.0497529992942837, "alternate": 0.2681721947776994, "sfR": 0.10832745236414962, "unknown": 0.0}, "english-10k": {"sft": 0.0, "sfb": 0.03268945022288262, "dsfb": 0.0, "sfT": 0.0, "roll-out": 0.17975338183361958, "roll-in": 0.2790374558576639, "bad-redirect": 0.002315663534088497, "redirect": 0.027382721290596476, "oneh-out": 0.005017270990525077, "oneh-in": 0.005345323324520947, "dsfb-red": 0.010536269080102661, "dsfb-alt": 0.049188552903263155, "alternate": 0.29553655853804445, "sfR": 0.10543987958549622, "unknown": 0.0077574728391964646}, "reddit": {"sft": 0.0, "sfb": 0.02848696210452229, "dsfb": 0.0, "sfT": 3.116456783415805e-05, "roll-out": 0.14999757463249128, "roll-in": 0.27134206353264234, "bad-redirect": 0.0030359233449020555, "redirect": 0.025949372185660666, "oneh-out": 0.0055121205634269185, "oneh-in": 0.01471020042150827, "dsfb-red": 0.008670117618150513, "dsfb-alt": 0.043867275649291486, "alternate": 0.2711654143716978, "sfR": 0.1028716913164539, "unknown": 0.07436011969141834}, "akl": {"sft": 0.0, "sfb": 0.028543191593154847, "dsfb": 0.0, "sfT": 0.0001226694204092921, "roll-out": 0.15208083890023272, "roll-in": 0.24842558755244892, "bad-redirect": 0.004390573982608946, "redirect": 0.023691925787231005, "oneh-out": 0.005239471153542339, "oneh-in": 0.014959659727418636, "dsfb-red": 0.010867705242977765, "dsfb-alt": 0.04392153816053611, "alternate": 0.25811919775190323, "sfR": 0.11706348985084018, "unknown": 0.09257415087669604}, "keymash": {"sft": 0.0, "sfb": 0.02772840529856781, "dsfb": 0.0, "sfT": 1.2314613752139664e-05, "roll-out": 0.15648179694843872, "roll-in": 0.2949678383337507, "bad-redirect": 0.0018184579640659572, "redirect": 0.028898293605021077, "oneh-out": 0.005767344107252076, "oneh-in": 0.02017133732600477, "dsfb-red": 0.008981458296560529, "dsfb-alt": 0.04234174695110688, "alternate": 0.2781624954333307, "sfR": 0.09899307508220005, "unknown": 0.035675436039948605}, "movie": {"sft": 0.0, "sfb": 0.02940856378198502, "dsfb": 0.0, "sfT": 1.8423697401824393e-05, "roll-out": 0.13844711128926535, "roll-in": 0.2524920353698143, "bad-redirect": 0.0017770972122445473, "redirect": 0.025147294170781622, "oneh-out": 0.0049395248712677045, "oneh-in": 0.029385139366716984, "dsfb-red": 0.009893920298295453, "dsfb-alt": 0.03795084268017948, "alternate": 0.2725038554876759, "sfR": 0.1138359467128768, "unknown": 0.08420024506149501}}