{"english-450k": {"sft": 0.0, "sfb": 0.038762182797063206, "dsfb": 0.0, "sfT": 2.6895850496491555e-05, "roll-out": 0.20125550999502426, "roll-in": 0.1795721922632332, "bad-redirect": 0.006723085585519742, "redirect": 0.021402080686382104, "oneh-out": 0.003595565926699452, "oneh-in": 0.0026854922028344717, "dsfb-red": 0.012157801463017329, "dsfb-alt": 0.05021923041616651, "alternate": 0.36061839407215457, "sfR": 0.11328269117541298, "unknown": 0.009698877565995693}, "shai": {"sft": 0.0, "sfb": 0.022791602792020024, "dsfb": 0.0, "sfT": 2.2769614999599025e-05, "roll-out": 0.2620945708072713, "roll-in": 0.15106037590029578, "bad-redirect": 0.007214976128866655, "redirect": 0.01845854854096425, "oneh-out": 0.006791719833182284, "oneh-in": 0.006999061503272973, "dsfb-red": 0.009028669046916475, "dsfb-alt": 0.03725475928689111, "alternate": 0.3135779630379055, "sfR": 0.09728563198976478, "unknown": 0.06741935151764922}, "tr-quotes": {"sft": 0.0, "sfb": 0.023275005200989345, "dsfb": 0.0, "sfT": 1.271352950694621e-05, "roll-out": 0.2818508587411294, "roll-in": 0.1516412010818058, "bad-redirect": 0.006263146945285592, "redirect": 0.022795358405954556, "oneh-out": 0.009132937287626269, "oneh-in": 0.014281916737939484, "dsfb-red": 0.009465800605626315, "dsfb-alt": 0.03096553477728208, "alternate": 0.30812394535493864, "sfR": 0.09591664547745082, "unknown": 0.04627493585446476}, "gutenberg": {"sft": 0.0, "sfb": 0.021003234443546515, "dsfb": 0.0, "sfT": 3.087819480390073e-05, "roll-out": 0.3022689221767195, "roll-in": 0.1353222679522604, "bad-redirect": 0.006139267099416043, "redirect": 0.019412344382422845, "oneh-out": 0.010189235974953427, "oneh-in": 0.006626309055494746, "dsfb-red": 0.009719053892111208, "dsfb-alt": 0.029413090763327918, "alternate": 0.28211966872811767, "sfR": 0.09761014138424484, "unknown": 0.08014558595258095}, "english-200": {"sft": 0.0, "sfb": 0.017817371937639197, "dsfb": 0.0, "sfT": 0.0, "roll-out": 0.33853006681514475, "roll-in": 0.12249443207126949, "bad-redirect": 0.004454342984409799, "redirect": 0.0200445434298441, "oneh-out": 0.008908685968819599, "oneh-in": 0.004454342984409799, "dsfb-red": 0.0066815144766146995, "dsfb-alt": 0.042316258351893093, "alternate": 0.3273942093541203, "sfR": 0.10690423162583519, "unknown": 0.0}, "monkeyracer": {"sft": 0.0, "sfb": 0.02325433629979511, "dsfb": 0.0, "sfT": 1.1730297011120321e-05, "roll-out": 0.2818633967812065, "roll-in": 0.15193960461078876, "bad-redirect": 0.006292326821715126, "redirect": 0.022695192142265043, "oneh-out": 0.009100755431127516, "oneh-in": 0.014655051065892988, "dsfb-red": 0.009511315826516728, "dsfb-alt": 0.030825265495722353, "alternate": 0.3076407244631434, "sfR": 0.09605353707555875, "unknown": 0.046156763689256614}, "chained-bigrams": {"sft": 0.0, "sfb": 0.022078307444473085, "dsfb": 0.0, "sfT": 3.701036744801829e-05, "roll-out": 0.2444028312281793, "roll-in": 0.13747598384270204, "bad-redirect": 0.005510648921602302, "redirect": 0.02365222201805197, "oneh-out": 0.008840932687231878, "oneh-in": 0.0061313842072216965, "dsfb-red": 0.014566501461909515, "dsfb-alt": 0.047427162622905264, "alternate": 0.2999644830333437, "sfR": 0.11643721321023381, "unknown": 0.07347531895469736}, "english-5k": {"sft": 0.0, "sfb": 0.02555274401626084, "dsfb": 0.0, "sfT": 0.0, "roll-out": 0.23574065624092588, "roll-in": 0.17264694901895716, "bad-redirect": 0.007549674368440702, "redirect": 0.017712697556726262, "oneh-out": 0.004894843821296718, "oneh-in": 0.002530385365246609, "dsfb-red": 0.008462272369021445, "dsfb-alt": 0.04496619239225121, "alternate": 0.37047330650848304, "sfR": 0.10644211224955408, "unknown": 0.0030281660928361057}, "mt-quotes": {"sft": 0.0, "sfb": 0.022606112764609554, "dsfb": 0.0, "sfT": 4.482375300319145e-06, "roll-out": 0.28997382292824614, "roll-in": 0.15214078244343243, "bad-redirect": 0.0062484311686448885, "redirect": 0.022922867285832108, "oneh-out": 0.009590789017582865, "oneh-in": 0.015861632062729347, "dsfb-red": 0.009780542905296374, "dsfb-alt": 0.030215691899451357, "alternate": 0.3077554057446122, "sfR": 0.09572710103871578, "unknown": 0.03717233836554667}, "english-1k": {"sft": 0.0, "sfb": 0.0187014820042343, "dsfb": 0.0, "sfT": 0.0, "roll-out": 0.29957657021877204, "roll-in": 0.14079040225829217, "bad-redirect": 0.0077628793225123505, "redirect": 0.01834862385321101, "oneh-out": 0.009527170077628794, "oneh-in": 0.0028228652081863093, "dsfb-red": 0.008821453775582216, "dsfb-alt": 0.03705010585744531, "alternate": 0.3482709950599859, "sfR": 0.10832745236414962, "unknown": 0.0}, "english-10k": {"sft": 0.0, "sfb": 0.031068485749020668, "dsfb": 0.0, "sfT": 0.0, "roll-out": 0.22259315721425676, "roll-in": 0.18438470890179656, "bad-redirect": 0.00796974199648791, "redirect": 0.01906562976399529, "oneh-out": 0.004997973794407673, "oneh-in": 0.0018525308272707975, "dsfb-red": 0.011115184963624786, "dsfb-alt": 0.0461395959167133, "alternate": 0.35761563844773353, "sfR": 0.10543987958549622, "unknown": 0.0077574728391964646}, "reddit": {"sft": 0.0, "sfb": 0.025249068387310402, "dsfb": 0.0, "sfT": 5.2889867526239384e-05, "roll-out": 0.2651510273538379, "roll-in": 0.1422643792922684, "bad-redirect": 0.0065172527909050405, "redirect": 0.023174676840849256, "oneh-out": 0.009233214911721304, "oneh-in": 0.01023789765024028, "dsfb-red": 0.0092128006214934, "dsfb-alt": 0.034555325254893014, "alternate": 0.29160633682043124, "sfR": 0.1028716913164539, "unknown": 0.07987343889206965}, "akl": {"sft": 0.0, "sfb": 0.025964655594450436, "dsfb": 0.0, "sfT": 0.00010526027539160974, "roll-out": 0.25825165594424415, "roll-in": 0.1341393829430773, "bad-redirect": 0.006857716234901284, "redirect": 0.0245226084078612, "oneh-out": 0.005777543838519462, "oneh-in": 0.011754580370835854, "dsfb-red": 0.012068006935406867, "dsfb-alt": 0.030772863194725563, "alternate": 0.27376239874971364, "sfR": 0.11706348985084018, "unknown": 0.09895983766003248}, "keymash": {"sft": 0.0, "sfb": 0.022806664668962657, "dsfb": 0.0, "sfT": 2.462922750427933e-05, "roll-out": 0.28508741323328396, "roll-in": 0.15156005631883357, "bad-redirect": 0.006415913764864765, "redirect": 0.02210883655634141, "oneh-out": 0.008603810141494911, "oneh-in": 0.013628172552367895, "dsfb-red": 0.009363211322876859, "dsfb-alt": 0.030716751569087035, "alternate": 0.30831277476981933, "sfR": 0.09899307508220005, "unknown": 0.0423786907923633}, "movie": {"sft": 0.0, "sfb": 0.022332548001298608, "dsfb": 0.0, "sfT": 3.4741829386297425e-05, "roll-out": 0.254299794878449, "roll-in": 0.13885098505588106, "bad-redirect": 0.004884253779062231, "redirect": 0.030270661222551818, "oneh-out": 0.006749784738835535, "oneh-in": 0.022577319981065703, "dsfb-red": 0.008741123232295584, "dsfb-alt": 0.026238766644001134, "alternate": 0.2674004913073706, "sfR": 0.1138359467128768, "unknown": 0.10378358261692566}}