{"english-450k": {"sft": 0.0, "sfb": 0.03196951881569385, "dsfb": 0.0, "sfT": 0.000217505573580323, "roll-out": 0.21702291000239138, "roll-in": 0.2171474494840382, "bad-redirect": 0.004617608245566131, "redirect": 0.03703734021087516, "oneh-out": 0.005282988199153248, "oneh-in": 0.005184759875600844, "dsfb-red": 0.01983539739496147, "dsfb-alt": 0.044448024061261734, "alternate": 0.294254929395469, "sfR": 0.11328269117541298, "unknown": 0.009698877565995693}, "shai": {"sft": 0.0, "sfb": 0.016644460841216326, "dsfb": 0.0, "sfT": 2.559888383602719e-05, "roll-out": 0.24866314918753926, "roll-in": 0.21028264279563652, "bad-redirect": 0.0053994138033640355, "redirect": 0.029394156394859726, "oneh-out": 0.0072157618218540625, "oneh-in": 0.004770445279695866, "dsfb-red": 0.013858281266013817, "dsfb-alt": 0.03936182145153954, "alternate": 0.2594011688015326, "sfR": 0.09728563198976478, "unknown": 0.06769746748314746}, "tr-quotes": {"sft": 0.0, "sfb": 0.015515129100113266, "dsfb": 0.0, "sfT": 2.080395737500289e-05, "roll-out": 0.27705092346455235, "roll-in": 0.19948567994267355, "bad-redirect": 0.0044243082684172815, "redirect": 0.03381105383601859, "oneh-out": 0.00980328702526525, "oneh-in": 0.004450891102840896, "dsfb-red": 0.0160849263771064, "dsfb-alt": 0.03858787360440119, "alternate": 0.25945655440234855, "sfR": 0.09591664547745082, "unknown": 0.04539192344143686}, "gutenberg": {"sft": 0.0, "sfb": 0.018425947079699464, "dsfb": 0.0, "sfT": 0.0001668938013634144, "roll-out": 0.2724655916508392, "roll-in": 0.19136391828000499, "bad-redirect": 0.004657113748828807, "redirect": 0.031126356982999565, "oneh-out": 0.012511541435695874, "oneh-in": 0.0031086575259632577, "dsfb-red": 0.021414312251672063, "dsfb-alt": 0.03329086160771962, "alternate": 0.2386613563749075, "sfR": 0.09761014138424484, "unknown": 0.07519730787606137}, "english-200": {"sft": 0.0, "sfb": 0.004454342984409799, "dsfb": 0.0, "sfT": 0.0, "roll-out": 0.3051224944320713, "roll-in": 0.2026726057906459, "bad-redirect": 0.004454342984409799, "redirect": 0.0400890868596882, "oneh-out": 0.0066815144766146995, "oneh-in": 0.0022271714922048997, "dsfb-red": 0.022271714922048998, "dsfb-alt": 0.035634743875278395, "alternate": 0.26948775055679286, "sfR": 0.10690423162583519, "unknown": 0.0}, "monkeyracer": {"sft": 0.0, "sfb": 0.015489857203184385, "dsfb": 0.0, "sfT": 1.8572970267607176e-05, "roll-out": 0.27744987253077247, "roll-in": 0.1993612853277445, "bad-redirect": 0.004436007319705335, "redirect": 0.03387905281761734, "oneh-out": 0.009894505528879992, "oneh-in": 0.00450834415127391, "dsfb-red": 0.01612427076653581, "dsfb-alt": 0.03855553122605064, "alternate": 0.25893750879772276, "sfR": 0.09605353707555875, "unknown": 0.04529165428468649}, "chained-bigrams": {"sft": 0.0, "sfb": 0.017653295968012652, "dsfb": 0.0, "sfT": 6.298255513083814e-05, "roll-out": 0.21673206247090304, "roll-in": 0.18824771493446243, "bad-redirect": 0.0043659247494820174, "redirect": 0.039234236018359736, "oneh-out": 0.008330579199264467, "oneh-in": 0.00548078090576706, "dsfb-red": 0.023148361577005262, "dsfb-alt": 0.04809594645573787, "alternate": 0.2592907385126637, "sfR": 0.11643721321023381, "unknown": 0.07292016344297708}, "english-5k": {"sft": 0.0, "sfb": 0.021321607831750113, "dsfb": 0.0, "sfT": 0.0, "roll-out": 0.21723980586551625, "roll-in": 0.24980296179532915, "bad-redirect": 0.005558551458082714, "redirect": 0.030240179201061933, "oneh-out": 0.004604471730202846, "oneh-in": 0.006637076367859957, "dsfb-red": 0.016302318828556022, "dsfb-alt": 0.046708424938814455, "alternate": 0.2921143236404364, "sfR": 0.10644211224955408, "unknown": 0.0030281660928361057}, "mt-quotes": {"sft": 0.0, "sfb": 0.014790344365953072, "dsfb": 0.0, "sfT": 7.470625500531909e-06, "roll-out": 0.2857947550232486, "roll-in": 0.199353641481694, "bad-redirect": 0.004464445799117868, "redirect": 0.034763808704175184, "oneh-out": 0.010107756302219672, "oneh-in": 0.00442261029631489, "dsfb-red": 0.01641445834976871, "dsfb-alt": 0.03852302745604284, "alternate": 0.25933230537526447, "sfR": 0.09572710103871578, "unknown": 0.03629827518198444}, "english-1k": {"sft": 0.0, "sfb": 0.019407198306280876, "dsfb": 0.0, "sfT": 0.0, "roll-out": 0.24664784756527877, "roll-in": 0.23253352152434723, "bad-redirect": 0.0045871559633027525, "redirect": 0.029640084685956247, "oneh-out": 0.009527170077628794, "oneh-in": 0.005998588567395907, "dsfb-red": 0.022935779816513763, "dsfb-alt": 0.04128440366972477, "alternate": 0.2791107974594213, "sfR": 0.10832745236414962, "unknown": 0.0}, "english-10k": {"sft": 0.0, "sfb": 0.02186372320101889, "dsfb": 0.0, "sfT": 5.789158835221242e-05, "roll-out": 0.22378958337353583, "roll-in": 0.24337623743270104, "bad-redirect": 0.007197854151791745, "redirect": 0.031531618455838364, "oneh-out": 0.0052295401478165224, "oneh-in": 0.005576889677929797, "dsfb-red": 0.01439570830358349, "dsfb-alt": 0.0456571660137782, "alternate": 0.28812643522896125, "sfR": 0.10543987958549622, "unknown": 0.0077574728391964646}, "reddit": {"sft": 0.0, "sfb": 0.014664015430955968, "dsfb": 0.0, "sfT": 3.4348447961445834e-05, "roll-out": 0.2583698870865006, "roll-in": 0.19359961433847306, "bad-redirect": 0.004358881723910022, "redirect": 0.03138170845883908, "oneh-out": 0.007565273756568391, "oneh-in": 0.005299474828337357, "dsfb-red": 0.012691358218914983, "dsfb-alt": 0.04035257164807187, "alternate": 0.24532751544790546, "sfR": 0.1028716913164539, "unknown": 0.0834836592971079}, "akl": {"sft": 0.0, "sfb": 0.021577736912752676, "dsfb": 0.0, "sfT": 0.000252897259651884, "roll-out": 0.24813508406138873, "roll-in": 0.1836571248443864, "bad-redirect": 0.003844323336271204, "redirect": 0.03111447894428962, "oneh-out": 0.005408854080511534, "oneh-in": 0.0072101739786934365, "dsfb-red": 0.011774839411479205, "dsfb-alt": 0.04197735175555429, "alternate": 0.22306715432098076, "sfR": 0.11706348985084018, "unknown": 0.10491649124320006}, "keymash": {"sft": 0.0, "sfb": 0.016464638586610732, "dsfb": 0.0, "sfT": 2.873409875499255e-05, "roll-out": 0.2758104042066721, "roll-in": 0.20027666832229807, "bad-redirect": 0.0047164970670694915, "redirect": 0.03283897000570577, "oneh-out": 0.010028200465492399, "oneh-in": 0.004219807645733192, "dsfb-red": 0.01690796468168776, "dsfb-alt": 0.03813835879037654, "alternate": 0.2602159983252125, "sfR": 0.09899307508220005, "unknown": 0.04136068272218642}, "movie": {"sft": 0.0, "sfb": 0.013221766440419277, "dsfb": 0.0, "sfT": 2.474039365387847e-05, "roll-out": 0.2584281506726821, "roll-in": 0.1649369666092856, "bad-redirect": 0.0032032229889843397, "redirect": 0.030814028698067052, "oneh-out": 0.010198437696779894, "oneh-in": 0.004937814099366106, "dsfb-red": 0.01570541244802379, "dsfb-alt": 0.0399559989466909, "alternate": 0.24113593148700688, "sfR": 0.1138359467128768, "unknown": 0.10360158280616336}}