{"english-450k": {"sft": 0.0, "sfb": 0.06290442442587592, "dsfb": 0.0, "sfT": 0.0008141841699209671, "roll-out": 0.15714456110357183, "roll-in": 0.1871381119463767, "bad-redirect": 0.005200254224256432, "redirect": 0.014615848321435818, "oneh-out": 0.0009887148519471135, "oneh-in": 0.004013620994199267, "dsfb-red": 0.006056828593329479, "dsfb-alt": 0.06265300669297393, "alternate": 0.37548887593470387, "sfR": 0.11328269117541298, "unknown": 0.009698877565995693}, "shai": {"sft": 0.0, "sfb": 0.05688674998057055, "dsfb": 0.0, "sfT": 0.00041530647599897575, "roll-out": 0.13768903850685202, "roll-in": 0.22112868164896754, "bad-redirect": 0.007097064124623448, "redirect": 0.013356606617532085, "oneh-out": 0.0025019406229748087, "oneh-in": 0.0026164621491048673, "dsfb-red": 0.009508398477474067, "dsfb-alt": 0.05316551834217696, "alternate": 0.3312821456803296, "sfR": 0.09728563198976478, "unknown": 0.06706645538363028}, "tr-quotes": {"sft": 0.0, "sfb": 0.0595062527449666, "dsfb": 0.0, "sfT": 0.000359446152423661, "roll-out": 0.1310591525854696, "roll-in": 0.24483599546936038, "bad-redirect": 0.007875453641848317, "redirect": 0.016097639906613347, "oneh-out": 0.003282402163611567, "oneh-in": 0.00155220637525716, "dsfb-red": 0.01585145974434248, "dsfb-alt": 0.0538417974619172, "alternate": 0.32521555211391323, "sfR": 0.09591664547745082, "unknown": 0.04460599616282564}, "gutenberg": {"sft": 0.0, "sfb": 0.050015666421535473, "dsfb": 0.0, "sfT": 0.00040766794612266487, "roll-out": 0.12277227085064311, "roll-in": 0.2648394352813875, "bad-redirect": 0.005334539666735243, "redirect": 0.015061928777075725, "oneh-out": 0.002721448751857901, "oneh-in": 0.0022277765085513654, "dsfb-red": 0.008548713478009989, "dsfb-alt": 0.05528181941143508, "alternate": 0.2999994695770218, "sfR": 0.09761014138424484, "unknown": 0.07517912194537932}, "english-200": {"sft": 0.0, "sfb": 0.042316258351893093, "dsfb": 0.0, "sfT": 0.0, "roll-out": 0.12249443207126949, "roll-in": 0.267260579064588, "bad-redirect": 0.004454342984409799, "redirect": 0.013363028953229399, "oneh-out": 0.004454342984409799, "oneh-in": 0.0022271714922048997, "dsfb-red": 0.0066815144766146995, "dsfb-alt": 0.044543429844097995, "alternate": 0.38530066815144765, "sfR": 0.10690423162583519, "unknown": 0.0}, "monkeyracer": {"sft": 0.0, "sfb": 0.059126562084551984, "dsfb": 0.0, "sfT": 0.0003724369301030702, "roll-out": 0.1311408104853215, "roll-in": 0.2452648701065111, "bad-redirect": 0.007892534838982123, "redirect": 0.016203450271360872, "oneh-out": 0.0032766629651062766, "oneh-in": 0.0015376464332076888, "dsfb-red": 0.016217135617873843, "dsfb-alt": 0.05415389367658789, "alternate": 0.323994713546147, "sfR": 0.09605353707555875, "unknown": 0.044765745968687924}, "chained-bigrams": {"sft": 0.0, "sfb": 0.05334752280520405, "dsfb": 0.0, "sfT": 0.0006648880046801882, "roll-out": 0.115269114069199, "roll-in": 0.20903065951825486, "bad-redirect": 0.0033354782031661395, "redirect": 0.015209313107059306, "oneh-out": 0.002908235715783753, "oneh-in": 0.010130451805683883, "dsfb-red": 0.009283758487223957, "dsfb-alt": 0.0568037716810953, "alternate": 0.33488993311512366, "sfR": 0.11643721321023381, "unknown": 0.07268966027729207}, "english-5k": {"sft": 0.0, "sfb": 0.06396482349525034, "dsfb": 0.0, "sfT": 0.000622225909486871, "roll-out": 0.1651802381051147, "roll-in": 0.19110631766706765, "bad-redirect": 0.006720039822458207, "redirect": 0.012485999917036545, "oneh-out": 0.0008296345459824947, "oneh-in": 0.002862239183639607, "dsfb-red": 0.006056332185672211, "dsfb-alt": 0.06114406603890986, "alternate": 0.3795578047869913, "sfR": 0.10644211224955408, "unknown": 0.0030281660928361057}, "mt-quotes": {"sft": 0.0, "sfb": 0.05816330189694123, "dsfb": 0.0, "sfT": 0.000309283895722021, "roll-out": 0.12927319778630425, "roll-in": 0.25363520636855885, "bad-redirect": 0.008210217425084567, "redirect": 0.016556400234278814, "oneh-out": 0.0033094870967356354, "oneh-in": 0.00143286597100202, "dsfb-red": 0.017319898160433177, "dsfb-alt": 0.053918492487538994, "alternate": 0.32591350808620506, "sfR": 0.09572710103871578, "unknown": 0.03623103955247965}, "english-1k": {"sft": 0.0, "sfb": 0.0652787579393084, "dsfb": 0.0, "sfT": 0.00035285815102328866, "roll-out": 0.15455187014820043, "roll-in": 0.22829922371206776, "bad-redirect": 0.0067043048694424845, "redirect": 0.014467184191954835, "oneh-out": 0.002117148906139732, "oneh-in": 0.0024700070571630206, "dsfb-red": 0.005998588567395907, "dsfb-alt": 0.056457304163726185, "alternate": 0.3549752999294284, "sfR": 0.10832745236414962, "unknown": 0.0}, "english-10k": {"sft": 0.0, "sfb": 0.06528241446517821, "dsfb": 0.0, "sfT": 0.0007139962563439532, "roll-out": 0.17548870149167325, "roll-in": 0.18297601358522605, "bad-redirect": 0.008278497134366377, "redirect": 0.014318519519113873, "oneh-out": 0.0015437756893923313, "oneh-in": 0.002720904652553984, "dsfb-red": 0.005152351363346906, "dsfb-alt": 0.05937747245325254, "alternate": 0.3709500009648598, "sfR": 0.10543987958549622, "unknown": 0.0077574728391964646}, "reddit": {"sft": 0.0, "sfb": 0.06006206318803416, "dsfb": 0.0, "sfT": 0.000520508214691659, "roll-out": 0.12574386208779756, "roll-in": 0.2251804838636273, "bad-redirect": 0.008089415340346484, "redirect": 0.01420388856644299, "oneh-out": 0.0035326461021722116, "oneh-in": 0.001899053394980744, "dsfb-red": 0.012802794023370055, "dsfb-alt": 0.05095328180316991, "alternate": 0.3162833181349879, "sfR": 0.1028716913164539, "unknown": 0.07785699396392513}, "akl": {"sft": 0.0, "sfb": 0.06660199881766504, "dsfb": 0.0, "sfT": 0.0010484518189830556, "roll-out": 0.11037732494175372, "roll-in": 0.21724184375360497, "bad-redirect": 0.007130067129911005, "redirect": 0.015054697551109471, "oneh-out": 0.00385869672290502, "oneh-in": 0.0017875040998226745, "dsfb-red": 0.01680670186411673, "dsfb-alt": 0.047161126035890594, "alternate": 0.29742836570504994, "sfR": 0.11706348985084018, "unknown": 0.09843973170834763}, "keymash": {"sft": 0.0, "sfb": 0.060739779896803535, "dsfb": 0.0, "sfT": 0.00045564070882916756, "roll-out": 0.13076477856272037, "roll-in": 0.24788496508807, "bad-redirect": 0.007754101792597275, "redirect": 0.01585301277025446, "oneh-out": 0.0027338442529750056, "oneh-in": 0.0018389823203195231, "dsfb-red": 0.015586196138958102, "dsfb-alt": 0.05425818819192736, "alternate": 0.3218383255409194, "sfR": 0.09899307508220005, "unknown": 0.041299109653425724}, "movie": {"sft": 0.0, "sfb": 0.064166053311074, "dsfb": 0.0, "sfT": 0.0003815021340563494, "roll-out": 0.10910776797037575, "roll-in": 0.2152886684127945, "bad-redirect": 0.010368725299908184, "redirect": 0.014708822016423673, "oneh-out": 0.003331794077281357, "oneh-in": 0.0014317844837989243, "dsfb-red": 0.023280842026138227, "dsfb-alt": 0.04701727576945585, "alternate": 0.29354055957243336, "sfR": 0.1138359467128768, "unknown": 0.103540258213383}}