{"english-450k": {"sft": 0.0, "sfb": 0.03681457240567596, "dsfb": 0.0, "sfT": 7.133247305591238e-05, "roll-out": 0.15367879689013805, "roll-in": 0.30094351812926495, "bad-redirect": 0.0009404777287740579, "redirect": 0.06170697438637994, "oneh-out": 0.0063380656387384444, "oneh-in": 0.015584098939309513, "dsfb-red": 0.035729383307382734, "dsfb-alt": 0.04088987844829653, "alternate": 0.22432133291157522, "sfR": 0.11328269117541298, "unknown": 0.009698877565995693}, "shai": {"sft": 0.0, "sfb": 0.022402649929574043, "dsfb": 0.0, "sfT": 0.00010569312364593748, "roll-out": 0.12938136856416813, "roll-in": 0.3393144553885844, "bad-redirect": 0.0009325324270590497, "redirect": 0.04962035934113876, "oneh-out": 0.008522671151799601, "oneh-in": 0.0158969958815754, "dsfb-red": 0.030346184071069374, "dsfb-alt": 0.03493941881322119, "alternate": 0.20355457183525186, "sfR": 0.09728563198976478, "unknown": 0.06769746748314746}, "tr-quotes": {"sft": 0.0, "sfb": 0.01958692586856522, "dsfb": 0.0, "sfT": 5.432144425695199e-05, "roll-out": 0.13526964240308822, "roll-in": 0.3562226948059453, "bad-redirect": 0.0014146691015001964, "redirect": 0.05572686715517441, "oneh-out": 0.011931069554564157, "oneh-in": 0.013547999352765771, "dsfb-red": 0.03124754397725434, "dsfb-alt": 0.0353401447030813, "alternate": 0.19834955271491644, "sfR": 0.09591664547745082, "unknown": 0.04539192344143686}, "gutenberg": {"sft": 0.0, "sfb": 0.02406339615435763, "dsfb": 0.0, "sfT": 3.087819480390073e-05, "roll-out": 0.1268739559665576, "roll-in": 0.35518467623170846, "bad-redirect": 0.0010447438303282978, "redirect": 0.04935983629631398, "oneh-out": 0.009822296936087441, "oneh-in": 0.010906254179448913, "dsfb-red": 0.02978173473319535, "dsfb-alt": 0.031164244338587173, "alternate": 0.18896053387830505, "sfR": 0.09761014138424484, "unknown": 0.07519730787606137}, "english-200": {"sft": 0.0, "sfb": 0.008908685968819599, "dsfb": 0.0, "sfT": 0.0, "roll-out": 0.14253897550111358, "roll-in": 0.40311804008908686, "bad-redirect": 0.0, "redirect": 0.051224944320712694, "oneh-out": 0.008908685968819599, "oneh-in": 0.0066815144766146995, "dsfb-red": 0.028953229398663696, "dsfb-alt": 0.028953229398663696, "alternate": 0.21380846325167038, "sfR": 0.10690423162583519, "unknown": 0.0}, "monkeyracer": {"sft": 0.0, "sfb": 0.019272877989270687, "dsfb": 0.0, "sfT": 4.9853762297261364e-05, "roll-out": 0.1354995933497036, "roll-in": 0.3567779611179755, "bad-redirect": 0.0014613995026354068, "redirect": 0.0556739446642789, "oneh-out": 0.011996183743372382, "oneh-in": 0.013491796612290222, "dsfb-red": 0.0310686691587031, "dsfb-alt": 0.0352251043996434, "alternate": 0.19813742433958428, "sfR": 0.09605353707555875, "unknown": 0.04529165428468649}, "chained-bigrams": {"sft": 0.0, "sfb": 0.02296201113038103, "dsfb": 0.0, "sfT": 6.557977389912012e-05, "roll-out": 0.10344527562659526, "roll-in": 0.3117818284290268, "bad-redirect": 0.002784218519598288, "redirect": 0.058287432902476385, "oneh-out": 0.005868415806933145, "oneh-in": 0.017237091660395467, "dsfb-red": 0.03412161087299665, "dsfb-alt": 0.038874521218952685, "alternate": 0.2152146374055343, "sfR": 0.11643721321023381, "unknown": 0.07292016344297708}, "english-5k": {"sft": 0.0, "sfb": 0.02891276392748994, "dsfb": 0.0, "sfT": 4.148172729912474e-05, "roll-out": 0.14336084954577508, "roll-in": 0.3364582901232007, "bad-redirect": 0.0003318538183929979, "redirect": 0.04604471730202846, "oneh-out": 0.007923009914132825, "oneh-in": 0.024059401833492346, "dsfb-red": 0.037001700750819266, "dsfb-alt": 0.03986393993445887, "alternate": 0.22653171278052017, "sfR": 0.10644211224955408, "unknown": 0.0030281660928361057}, "mt-quotes": {"sft": 0.0, "sfb": 0.018108796213289348, "dsfb": 0.0, "sfT": 3.137662710223402e-05, "roll-out": 0.1361641027479949, "roll-in": 0.3655885059944299, "bad-redirect": 0.0014956192252064881, "redirect": 0.05615818601259846, "oneh-out": 0.012372849953980946, "oneh-in": 0.01318864225863903, "dsfb-red": 0.03099562520170689, "dsfb-alt": 0.03498942159429125, "alternate": 0.19888149795006035, "sfR": 0.09572710103871578, "unknown": 0.03629827518198444}, "english-1k": {"sft": 0.0, "sfb": 0.02399435426958363, "dsfb": 0.0, "sfT": 0.0, "roll-out": 0.16372618207480594, "roll-in": 0.3560338743824982, "bad-redirect": 0.0, "redirect": 0.05469301340860974, "oneh-out": 0.013761467889908258, "oneh-in": 0.013761467889908258, "dsfb-red": 0.03493295695130558, "dsfb-alt": 0.03387438249823571, "alternate": 0.19689484827099507, "sfR": 0.10832745236414962, "unknown": 0.0}, "english-10k": {"sft": 0.0, "sfb": 0.029331738098454293, "dsfb": 0.0, "sfT": 5.789158835221242e-05, "roll-out": 0.14548156152910982, "roll-in": 0.34042183670712645, "bad-redirect": 0.0011771289631616526, "redirect": 0.0479728295478667, "oneh-out": 0.0072557457401439575, "oneh-in": 0.020995349375735706, "dsfb-red": 0.03517878852202775, "dsfb-alt": 0.03708921093765076, "alternate": 0.221840566565678, "sfR": 0.10543987958549622, "unknown": 0.0077574728391964646}, "reddit": {"sft": 0.0, "sfb": 0.020302929338275464, "dsfb": 0.0, "sfT": 8.296817037579337e-05, "roll-out": 0.12620949519206007, "roll-in": 0.3347431554536964, "bad-redirect": 0.0012581570540643448, "redirect": 0.05047472589133192, "oneh-out": 0.009951123694304806, "oneh-in": 0.012260373221920003, "dsfb-red": 0.027816324577475696, "dsfb-alt": 0.03934466757201235, "alternate": 0.19120072922092138, "sfR": 0.1028716913164539, "unknown": 0.0834836592971079}, "akl": {"sft": 0.0, "sfb": 0.024049897459516304, "dsfb": 0.0, "sfT": 7.471682879475064e-05, "roll-out": 0.12750786168490041, "roll-in": 0.3178699235769511, "bad-redirect": 0.0018005764471491193, "redirect": 0.04478803033924538, "oneh-out": 0.007853754756073096, "oneh-in": 0.009968315356067818, "dsfb-red": 0.027865102297003484, "dsfb-alt": 0.03864563790638737, "alternate": 0.17759620225387093, "sfR": 0.11706348985084018, "unknown": 0.10491649124320006}, "keymash": {"sft": 0.0, "sfb": 0.020906109279882436, "dsfb": 0.0, "sfT": 7.388768251283799e-05, "roll-out": 0.13547717075853916, "roll-in": 0.3585317696510449, "bad-redirect": 0.0014531244227524805, "redirect": 0.05559637621965987, "oneh-out": 0.011629100253270555, "oneh-in": 0.013537865384852204, "dsfb-red": 0.031299643286688314, "dsfb-alt": 0.03478057410729313, "alternate": 0.19636062114911765, "sfR": 0.09899307508220005, "unknown": 0.04136068272218642}, "movie": {"sft": 0.0, "sfb": 0.015391025211645515, "dsfb": 0.0, "sfT": 3.6847394803648786e-05, "roll-out": 0.12612218411879916, "roll-in": 0.30886920740858986, "bad-redirect": 0.002289802391369603, "redirect": 0.05296286611670175, "oneh-out": 0.012775254974102203, "oneh-in": 0.010890510729895568, "dsfb-red": 0.03265613524257232, "dsfb-alt": 0.04045554434195751, "alternate": 0.1801130925505227, "sfR": 0.1138359467128768, "unknown": 0.10360158280616336}}