{"english-450k": {"sft": 0.0, "sfb": 0.01903290707308246, "dsfb": 0.0, "sfT": 4.385193015732318e-06, "roll-out": 0.16617308883056256, "roll-in": 0.22642651790532778, "bad-redirect": 0.0013827975309609244, "redirect": 0.04039405929131773, "oneh-out": 0.004103955970323352, "oneh-in": 0.003918900825059448, "dsfb-red": 0.01529496854647223, "dsfb-alt": 0.049512044955829414, "alternate": 0.35077480513663967, "sfR": 0.11328269117541298, "unknown": 0.009698877565995693}, "shai": {"sft": 0.0, "sfb": 0.01425586901050367, "dsfb": 0.0, "sfT": 6.030096918132803e-06, "roll-out": 0.1989683193105842, "roll-in": 0.20551258455682117, "bad-redirect": 0.0018634547640552347, "redirect": 0.0340161327927972, "oneh-out": 0.006836159867080873, "oneh-in": 0.008265130279508539, "dsfb-red": 0.01115540836992934, "dsfb-alt": 0.0427210421431785, "alternate": 0.3114167693357109, "sfR": 0.09728563198976478, "unknown": 0.06769746748314746}, "tr-quotes": {"sft": 0.0, "sfb": 0.01354337625112688, "dsfb": 0.0, "sfT": 2.3115508194447656e-06, "roll-out": 0.2141640276461478, "roll-in": 0.19696608954947875, "bad-redirect": 0.001742909317861353, "redirect": 0.03347587896719909, "oneh-out": 0.009753588682647188, "oneh-in": 0.015868796375488315, "dsfb-red": 0.011644437252953006, "dsfb-alt": 0.03752918332909549, "alternate": 0.324000832158295, "sfR": 0.09591664547745082, "unknown": 0.04539192344143686}, "gutenberg": {"sft": 0.0, "sfb": 0.01576549697033761, "dsfb": 0.0, "sfT": 1.74281835702998e-05, "roll-out": 0.22280246707304643, "roll-in": 0.19877923151561167, "bad-redirect": 0.001674810553750223, "redirect": 0.028524442838020567, "oneh-out": 0.008443954939810252, "oneh-in": 0.007783957205474117, "dsfb-red": 0.008373863331973177, "dsfb-alt": 0.03956140839424673, "alternate": 0.29546548973385267, "sfR": 0.09761014138424484, "unknown": 0.07519730787606137}, "english-200": {"sft": 0.0, "sfb": 0.004454342984409799, "dsfb": 0.0, "sfT": 0.0, "roll-out": 0.2071269487750557, "roll-in": 0.2383073496659243, "bad-redirect": 0.0022271714922048997, "redirect": 0.0400890868596882, "oneh-out": 0.011135857461024499, "oneh-in": 0.0066815144766146995, "dsfb-red": 0.013363028953229399, "dsfb-alt": 0.042316258351893093, "alternate": 0.3273942093541203, "sfR": 0.10690423162583519, "unknown": 0.0}, "monkeyracer": {"sft": 0.0, "sfb": 0.013422392354974428, "dsfb": 0.0, "sfT": 1.9550495018533868e-06, "roll-out": 0.2145041212443499, "roll-in": 0.19626937454056337, "bad-redirect": 0.0017693197991773151, "redirect": 0.03346946994697906, "oneh-out": 0.009871044934857751, "oneh-in": 0.016269921954423887, "dsfb-red": 0.011669690476562867, "dsfb-alt": 0.03733558033689413, "alternate": 0.3240719380014702, "sfR": 0.09605353707555875, "unknown": 0.04529165428468649}, "chained-bigrams": {"sft": 0.0, "sfb": 0.015501500218491029, "dsfb": 0.0, "sfT": 1.5583312609691913e-05, "roll-out": 0.18714649417671086, "roll-in": 0.17206509409398946, "bad-redirect": 0.0025764410181357295, "redirect": 0.040836719998389726, "oneh-out": 0.006222286864111566, "oneh-in": 0.005805433251802308, "dsfb-red": 0.016439745498532898, "dsfb-alt": 0.05409617111516133, "alternate": 0.3099371537988545, "sfR": 0.11643721321023381, "unknown": 0.07292016344297708}, "english-5k": {"sft": 0.0, "sfb": 0.014974903554984029, "dsfb": 0.0, "sfT": 0.0, "roll-out": 0.17745882938565563, "roll-in": 0.24362218442775957, "bad-redirect": 0.001244451818973742, "redirect": 0.037167627660015766, "oneh-out": 0.005185215912390592, "oneh-in": 0.0036503920023229766, "dsfb-red": 0.012734890280831294, "dsfb-alt": 0.05002696312274443, "alternate": 0.3444642634919318, "sfR": 0.10644211224955408, "unknown": 0.0030281660928361057}, "mt-quotes": {"sft": 0.0, "sfb": 0.012779251981209883, "dsfb": 0.0, "sfT": 0.0, "roll-out": 0.21970511947024302, "roll-in": 0.1953553627138093, "bad-redirect": 0.0017899618699274453, "redirect": 0.033392201862277524, "oneh-out": 0.010417040197941693, "oneh-in": 0.01767400580915839, "dsfb-red": 0.011522692772020416, "dsfb-alt": 0.0368286895925222, "alternate": 0.32851029751018995, "sfR": 0.09572710103871578, "unknown": 0.03629827518198444}, "english-1k": {"sft": 0.0, "sfb": 0.011291460832745237, "dsfb": 0.0, "sfT": 0.0, "roll-out": 0.20959774170783346, "roll-in": 0.25052928722653495, "bad-redirect": 0.00035285815102328866, "redirect": 0.035638673253352154, "oneh-out": 0.009174311926605505, "oneh-in": 0.005998588567395907, "dsfb-red": 0.011291460832745237, "dsfb-alt": 0.03881439661256175, "alternate": 0.31898376852505295, "sfR": 0.10832745236414962, "unknown": 0.0}, "english-10k": {"sft": 0.0, "sfb": 0.017270990525076708, "dsfb": 0.0, "sfT": 0.0, "roll-out": 0.17965689585303254, "roll-in": 0.23519422627892167, "bad-redirect": 0.0013893981204530983, "redirect": 0.039694332413500316, "oneh-out": 0.005326026128403543, "oneh-in": 0.0029717682020802376, "dsfb-red": 0.011983558788907972, "dsfb-alt": 0.050635842612068466, "alternate": 0.34267960865286273, "sfR": 0.10543987958549622, "unknown": 0.0077574728391964646}, "reddit": {"sft": 0.0, "sfb": 0.012956444332571636, "dsfb": 0.0, "sfT": 6.221676342852947e-05, "roll-out": 0.1990122105548623, "roll-in": 0.18752825459504135, "bad-redirect": 0.0018269478744509914, "redirect": 0.032296605777768536, "oneh-out": 0.008932431883225764, "oneh-in": 0.011702557423619184, "dsfb-red": 0.011862837694968178, "dsfb-alt": 0.0380190122592495, "alternate": 0.30944513022725223, "sfR": 0.1028716913164539, "unknown": 0.0834836592971079}, "akl": {"sft": 0.0, "sfb": 0.017871013971799167, "dsfb": 0.0, "sfT": 0.0001468935332274907, "roll-out": 0.1868060116937413, "roll-in": 0.17521368951081046, "bad-redirect": 0.0022251489411212804, "redirect": 0.03006119469359347, "oneh-out": 0.007391018442418045, "oneh-in": 0.013730177581952776, "dsfb-red": 0.01399596132617291, "dsfb-alt": 0.03566687743503446, "alternate": 0.29491203177608843, "sfR": 0.11706348985084018, "unknown": 0.10491649124320006}, "keymash": {"sft": 0.0, "sfb": 0.013993506093681371, "dsfb": 0.0, "sfT": 8.209742501426442e-06, "roll-out": 0.21411418930845233, "roll-in": 0.19969377660469678, "bad-redirect": 0.0017199410540488398, "redirect": 0.03350806401957203, "oneh-out": 0.009437099005389697, "oneh-in": 0.01572576176148235, "dsfb-red": 0.011973909438330467, "dsfb-alt": 0.03761704014153596, "alternate": 0.32185474502592226, "sfR": 0.09899307508220005, "unknown": 0.04136068272218642}, "movie": {"sft": 0.0, "sfb": 0.013377051889948938, "dsfb": 0.0, "sfT": 9.738240055250037e-06, "roll-out": 0.18448174599801104, "roll-in": 0.1770410726066071, "bad-redirect": 0.002397317825493107, "redirect": 0.027130210402572266, "oneh-out": 0.009098279766213808, "oneh-in": 0.02301040846784716, "dsfb-red": 0.01295896555676611, "dsfb-alt": 0.03492277641435106, "alternate": 0.298134903313094, "sfR": 0.1138359467128768, "unknown": 0.10360158280616336}}