{"english-450k": {"sft": 0.0, "sfb": 0.026389214530073948, "dsfb": 0.0, "sfT": 1.92948492692222e-05, "roll-out": 0.18798211542880464, "roll-in": 0.2408304152310032, "bad-redirect": 0.0024685713216562465, "redirect": 0.051264075738715, "oneh-out": 0.011225801774073686, "oneh-in": 0.01997426184045966, "dsfb-red": 0.034737744993425135, "dsfb-alt": 0.03479826065704224, "alternate": 0.26732867489406836, "sfR": 0.11328269117541298, "unknown": 0.009698877565995693}, "shai": {"sft": 0.0, "sfb": 0.01850450964552319, "dsfb": 0.0, "sfT": 1.3910249245038058e-05, "roll-out": 0.18240709548112743, "roll-in": 0.25680976754943985, "bad-redirect": 0.0073654653640212375, "redirect": 0.04357888342111937, "oneh-out": 0.007811750592095139, "oneh-in": 0.019809170267953046, "dsfb-red": 0.027496916832345966, "dsfb-alt": 0.033970353597452096, "alternate": 0.23788008962628263, "sfR": 0.09728563198976478, "unknown": 0.06706645538363028}, "tr-quotes": {"sft": 0.0, "sfb": 0.01807863895887751, "dsfb": 0.0, "sfT": 9.246203277779062e-06, "roll-out": 0.19637317676429117, "roll-in": 0.2653533205427521, "bad-redirect": 0.013949053419939437, "redirect": 0.0460345345692425, "oneh-out": 0.007665102517278842, "oneh-in": 0.022624303645315643, "dsfb-red": 0.03219990291486558, "dsfb-alt": 0.034282610203185314, "alternate": 0.22216892813388503, "sfR": 0.09591664547745082, "unknown": 0.045344536649638244}, "gutenberg": {"sft": 0.0, "sfb": 0.01737495183569921, "dsfb": 0.0, "sfT": 3.9023976255236504e-05, "roll-out": 0.19292563507732619, "roll-in": 0.25662621433710575, "bad-redirect": 0.006648283721735559, "redirect": 0.04443675331126016, "oneh-out": 0.008882501080736818, "oneh-in": 0.019391127463293783, "dsfb-red": 0.036515265005003024, "dsfb-alt": 0.03265908995329626, "alternate": 0.21169957751809784, "sfR": 0.09761014138424484, "unknown": 0.07519143533594529}, "english-200": {"sft": 0.0, "sfb": 0.011135857461024499, "dsfb": 0.0, "sfT": 0.0, "roll-out": 0.21603563474387527, "roll-in": 0.26057906458797325, "bad-redirect": 0.004454342984409799, "redirect": 0.035634743875278395, "oneh-out": 0.0066815144766146995, "oneh-in": 0.0334075723830735, "dsfb-red": 0.044543429844097995, "dsfb-alt": 0.026726057906458798, "alternate": 0.25389755011135856, "sfR": 0.10690423162583519, "unknown": 0.0}, "monkeyracer": {"sft": 0.0, "sfb": 0.01806367987237437, "dsfb": 0.0, "sfT": 1.0752772260193629e-05, "roll-out": 0.19677866493579618, "roll-in": 0.264787994432019, "bad-redirect": 0.014282614135789918, "redirect": 0.04596516883807498, "oneh-out": 0.0076579288987597164, "oneh-in": 0.02266586639973724, "dsfb-red": 0.03217424965200119, "dsfb-alt": 0.03429059073775748, "alternate": 0.22202324162847803, "sfR": 0.09605353707555875, "unknown": 0.04524571062139293}, "chained-bigrams": {"sft": 0.0, "sfb": 0.018281822909936893, "dsfb": 0.0, "sfT": 3.50624533718068e-05, "roll-out": 0.1587361673751663, "roll-in": 0.23456132001046678, "bad-redirect": 0.0031153639125542413, "redirect": 0.04555586650035809, "oneh-out": 0.013298409398295834, "oneh-in": 0.021208239157098623, "dsfb-red": 0.03398980202050634, "dsfb-alt": 0.03639287868585925, "alternate": 0.24560988865073835, "sfR": 0.11643721321023381, "unknown": 0.07277796571541365}, "english-5k": {"sft": 0.0, "sfb": 0.02152901646824574, "dsfb": 0.0, "sfT": 0.0, "roll-out": 0.20139378603725058, "roll-in": 0.23590658315012236, "bad-redirect": 0.002488903637947484, "redirect": 0.04981955448624881, "oneh-out": 0.010577840461276808, "oneh-in": 0.01775417928402539, "dsfb-red": 0.030530551292155806, "dsfb-alt": 0.038660969842784255, "alternate": 0.2818683369975526, "sfR": 0.10644211224955408, "unknown": 0.0030281660928361057}, "mt-quotes": {"sft": 0.0, "sfb": 0.018063972460286154, "dsfb": 0.0, "sfT": 8.96475060063829e-06, "roll-out": 0.20121532135642653, "roll-in": 0.2688035643848388, "bad-redirect": 0.015434312284098924, "redirect": 0.0458890641995673, "oneh-out": 0.007676814764346589, "oneh-in": 0.023427881569668064, "dsfb-red": 0.03295143495774614, "dsfb-alt": 0.03430212404824231, "alternate": 0.2202190985046796, "sfR": 0.09572710103871578, "unknown": 0.03628034568078316}, "english-1k": {"sft": 0.0, "sfb": 0.013761467889908258, "dsfb": 0.0, "sfT": 0.0, "roll-out": 0.22300635144671843, "roll-in": 0.24841213832039521, "bad-redirect": 0.002117148906139732, "redirect": 0.045871559633027525, "oneh-out": 0.0056457304163726185, "oneh-in": 0.02399435426958363, "dsfb-red": 0.034227240649259, "dsfb-alt": 0.038461538461538464, "alternate": 0.25617501764290757, "sfR": 0.10832745236414962, "unknown": 0.0}, "english-10k": {"sft": 0.0, "sfb": 0.021979506377723317, "dsfb": 0.0, "sfT": 0.0, "roll-out": 0.19179483221087976, "roll-in": 0.25761756816734527, "bad-redirect": 0.002064799984562243, "redirect": 0.048764014588680266, "oneh-out": 0.009397734509175817, "oneh-in": 0.01808147276200768, "dsfb-red": 0.029235252117867275, "dsfb-alt": 0.039597846432913295, "alternate": 0.26826962042415237, "sfR": 0.10543987958549622, "unknown": 0.0077574728391964646}, "reddit": {"sft": 0.0, "sfb": 0.022059719477686337, "dsfb": 0.0, "sfT": 3.472302209406793e-05, "roll-out": 0.18555207638615373, "roll-in": 0.2488716235185359, "bad-redirect": 0.01040641855250696, "redirect": 0.04335032588885974, "oneh-out": 0.007899169138387724, "oneh-in": 0.0227149245504689, "dsfb-red": 0.02825993272274004, "dsfb-alt": 0.03423641283837857, "alternate": 0.21536982546905578, "sfR": 0.1028716913164539, "unknown": 0.07837315711867839}, "akl": {"sft": 0.0, "sfb": 0.02323352627126719, "dsfb": 0.0, "sfT": 9.175424829604121e-05, "roll-out": 0.1848273167699878, "roll-in": 0.2317828785953137, "bad-redirect": 0.012709667130951837, "redirect": 0.03756317320265447, "oneh-out": 0.012952527801661142, "oneh-in": 0.020271059768382785, "dsfb-red": 0.02948594945697717, "dsfb-alt": 0.03503351910935557, "alternate": 0.19627144438038374, "sfR": 0.11706348985084018, "unknown": 0.09871369341392838}, "keymash": {"sft": 0.0, "sfb": 0.01877157622951156, "dsfb": 0.0, "sfT": 1.2314613752139664e-05, "roll-out": 0.19263339805347005, "roll-in": 0.2676745493877585, "bad-redirect": 0.013184846457290867, "redirect": 0.04508790581783402, "oneh-out": 0.008119435333910753, "oneh-in": 0.02201852938882572, "dsfb-red": 0.03294980152947503, "dsfb-alt": 0.03572879936620788, "alternate": 0.22351844934383633, "sfR": 0.09899307508220005, "unknown": 0.04130731939592715}, "movie": {"sft": 0.0, "sfb": 0.01683610107714147, "dsfb": 0.0, "sfT": 5.1323157047939386e-06, "roll-out": 0.17585735004853986, "roll-in": 0.24433994406302273, "bad-redirect": 0.021462291494739574, "redirect": 0.045553249815203735, "oneh-out": 0.006245238625702716, "oneh-in": 0.02139701896680168, "dsfb-red": 0.02937197958285854, "dsfb-alt": 0.03340018942192886, "alternate": 0.18811595190835947, "sfR": 0.1138359467128768, "unknown": 0.10357960596711975}}