{"english-450k": {"sft": 0.0, "sfb": 0.03487280893830969, "dsfb": 0.0, "sfT": 0.00018213168325341563, "roll-out": 0.1399548968281022, "roll-in": 0.2404670289030995, "bad-redirect": 0.007844233266541972, "redirect": 0.024410615441375523, "oneh-out": 0.0026319928480425373, "oneh-in": 0.011848206836106627, "dsfb-red": 0.011305904633161064, "dsfb-alt": 0.058546419606841135, "alternate": 0.34510738168310723, "sfR": 0.11328269117541298, "unknown": 0.009545688156646111}, "shai": {"sft": 0.0, "sfb": 0.028813231255687567, "dsfb": 0.0, "sfT": 0.00024146706452404963, "roll-out": 0.13336665884328033, "roll-in": 0.26093247282276344, "bad-redirect": 0.006998875723650334, "redirect": 0.02149078161512469, "oneh-out": 0.002904602473407969, "oneh-in": 0.016907443508287164, "dsfb-red": 0.009836806534984007, "dsfb-alt": 0.05620668044945045, "alternate": 0.30488891075239816, "sfR": 0.09728563198976478, "unknown": 0.06012643696667702}, "tr-quotes": {"sft": 0.0, "sfb": 0.03528466748341462, "dsfb": 0.0, "sfT": 0.00013060262129862925, "roll-out": 0.12306812140264904, "roll-in": 0.270861746145489, "bad-redirect": 0.006070132451861954, "redirect": 0.02065023924550981, "oneh-out": 0.002971498578396246, "oneh-in": 0.02308314648297543, "dsfb-red": 0.0106423799727237, "dsfb-alt": 0.060920921846466795, "alternate": 0.3089630383023971, "sfR": 0.09591664547745082, "unknown": 0.041436859989366866}, "gutenberg": {"sft": 0.0, "sfb": 0.028693231007163363, "dsfb": 0.0, "sfT": 0.00022012553596400397, "roll-out": 0.12765064675610355, "roll-in": 0.2804410694388087, "bad-redirect": 0.004744444103458244, "redirect": 0.017439360340198145, "oneh-out": 0.0025333380313654263, "oneh-in": 0.0151668767520534, "dsfb-red": 0.010059661218843807, "dsfb-alt": 0.06324062676294602, "alternate": 0.28391818149786147, "sfR": 0.09761014138424484, "unknown": 0.06828229717098905}, "english-200": {"sft": 0.0, "sfb": 0.031180400890868598, "dsfb": 0.0, "sfT": 0.0, "roll-out": 0.14253897550111358, "roll-in": 0.28507795100222716, "bad-redirect": 0.0022271714922048997, "redirect": 0.022271714922048998, "oneh-out": 0.0, "oneh-in": 0.013363028953229399, "dsfb-red": 0.013363028953229399, "dsfb-alt": 0.07349665924276169, "alternate": 0.30957683741648107, "sfR": 0.10690423162583519, "unknown": 0.0}, "monkeyracer": {"sft": 0.0, "sfb": 0.03545775529036395, "dsfb": 0.0, "sfT": 0.000133920890876957, "roll-out": 0.12239489653878036, "roll-in": 0.27097083848163034, "bad-redirect": 0.006030350188466772, "redirect": 0.020487941254672567, "oneh-out": 0.002984383064579195, "oneh-in": 0.023469391744998982, "dsfb-red": 0.010731266715673241, "dsfb-alt": 0.06097115128955065, "alternate": 0.30893496723337033, "sfR": 0.09605353707555875, "unknown": 0.04137960023147786}, "chained-bigrams": {"sft": 0.0, "sfb": 0.025873493369625137, "dsfb": 0.0, "sfT": 0.00021816637653568677, "roll-out": 0.1036952579330424, "roll-in": 0.24677474126831284, "bad-redirect": 0.007628031522444191, "redirect": 0.025842976049097823, "oneh-out": 0.0029926453257529176, "oneh-in": 0.01684945675922938, "dsfb-red": 0.012906229364285255, "dsfb-alt": 0.06425908815544874, "alternate": 0.309720935336395, "sfR": 0.11643721321023381, "unknown": 0.06680176532959681}, "english-5k": {"sft": 0.0, "sfb": 0.027129049653627578, "dsfb": 0.0, "sfT": 0.00012444518189737422, "roll-out": 0.1497905172771394, "roll-in": 0.26369934044053595, "bad-redirect": 0.006471149458663459, "redirect": 0.022814950014518606, "oneh-out": 0.0026963122744431078, "oneh-in": 0.014062305554403286, "dsfb-red": 0.00945783382420044, "dsfb-alt": 0.05600033185381839, "alternate": 0.3403990542166176, "sfR": 0.10644211224955408, "unknown": 0.0009125980005807441}, "mt-quotes": {"sft": 0.0, "sfb": 0.036077144667168694, "dsfb": 0.0, "sfT": 0.00011205938250797863, "roll-out": 0.1210196507333166, "roll-in": 0.2751162429327883, "bad-redirect": 0.005991441651426591, "redirect": 0.020115406222732217, "oneh-out": 0.00293595582170904, "oneh-in": 0.024551463644948063, "dsfb-red": 0.01060828821075531, "dsfb-alt": 0.06228409892303463, "alternate": 0.31183586139300273, "sfR": 0.09572710103871578, "unknown": 0.033625285377894124}, "english-1k": {"sft": 0.0, "sfb": 0.024347212420606917, "dsfb": 0.0, "sfT": 0.0, "roll-out": 0.15772759350741003, "roll-in": 0.2745236414961186, "bad-redirect": 0.006351446718419196, "redirect": 0.022935779816513763, "oneh-out": 0.003175723359209598, "oneh-in": 0.013761467889908258, "dsfb-red": 0.0077628793225123505, "dsfb-alt": 0.06069160197600565, "alternate": 0.3203952011291461, "sfR": 0.10832745236414962, "unknown": 0.0}, "english-10k": {"sft": 0.0, "sfb": 0.026919588583778777, "dsfb": 0.0, "sfT": 0.00017367476505663728, "roll-out": 0.1505181297157523, "roll-in": 0.25617027845853996, "bad-redirect": 0.008915304606240713, "redirect": 0.023175932537002373, "oneh-out": 0.003724358850658999, "oneh-in": 0.012388799907373458, "dsfb-red": 0.009706489647054284, "dsfb-alt": 0.05573030238706316, "alternate": 0.33937978811678665, "sfR": 0.10543987958549622, "unknown": 0.0077574728391964646}, "reddit": {"sft": 0.0, "sfb": 0.035724932984005496, "dsfb": 0.0, "sfT": 0.0001576957098339007, "roll-out": 0.12276367537382966, "roll-in": 0.2561584763223263, "bad-redirect": 0.006770577276797361, "redirect": 0.02373912260129749, "oneh-out": 0.002865192455252906, "oneh-in": 0.018803396713149442, "dsfb-red": 0.010378250577733778, "dsfb-alt": 0.056003777205553364, "alternate": 0.2909058082776014, "sfR": 0.1028716913164539, "unknown": 0.07285740318616503}, "akl": {"sft": 0.0, "sfb": 0.03413933337967511, "dsfb": 0.0, "sfT": 0.0002592165934305445, "roll-out": 0.12280187860163304, "roll-in": 0.23370141593966448, "bad-redirect": 0.007123685841879613, "redirect": 0.026044142900705548, "oneh-out": 0.005605744695693721, "oneh-in": 0.018973675761922694, "dsfb-red": 0.008942229022321002, "dsfb-alt": 0.052040209301291086, "alternate": 0.28247155587325695, "sfR": 0.11706348985084018, "unknown": 0.090833422237686}, "keymash": {"sft": 0.0, "sfb": 0.034796993592295974, "dsfb": 0.0, "sfT": 0.00017650946378066853, "roll-out": 0.12650802707573078, "roll-in": 0.26916872252301804, "bad-redirect": 0.006099838678559847, "redirect": 0.019604865093406344, "oneh-out": 0.003283897000570577, "oneh-in": 0.02235102396013349, "dsfb-red": 0.01135407387947277, "dsfb-alt": 0.06217237996330245, "alternate": 0.30772988305221805, "sfR": 0.09899307508220005, "unknown": 0.037760710635310925}, "movie": {"sft": 0.0, "sfb": 0.03713204092850697, "dsfb": 0.0, "sfT": 0.00018989568107737571, "roll-out": 0.10648528624306464, "roll-in": 0.2355822395030655, "bad-redirect": 0.0059370364877379105, "redirect": 0.020460568747434665, "oneh-out": 0.002666303807559743, "oneh-in": 0.028589235638958172, "dsfb-red": 0.01161732559239754, "dsfb-alt": 0.05886555556856912, "alternate": 0.28028089295450176, "sfR": 0.1138359467128768, "unknown": 0.0983576721342498}}