{"english-450k": {"sft": 0.0, "sfb": 0.03445533856321197, "dsfb": 0.0, "sfT": 0.0001663449883967793, "roll-out": 0.23154023765407375, "roll-in": 0.22288883652643598, "bad-redirect": 0.005291173892782616, "redirect": 0.03260887995738762, "oneh-out": 0.019519663497828743, "oneh-in": 0.01599923054479884, "dsfb-red": 0.02116294149392417, "dsfb-alt": 0.03998360522504518, "alternate": 0.2534021789147057, "sfR": 0.11328269117541298, "unknown": 0.009698877565995693}, "shai": {"sft": 0.0, "sfb": 0.017283109257305706, "dsfb": 0.0, "sfT": 4.96457337412641e-05, "roll-out": 0.22948106255416637, "roll-in": 0.24080971429261466, "bad-redirect": 0.007111895531164068, "redirect": 0.026182618891991753, "oneh-out": 0.023703498199331006, "oneh-in": 0.010608697644593055, "dsfb-red": 0.01562124086544818, "dsfb-alt": 0.03321305005862895, "alternate": 0.23123048346360098, "sfR": 0.09728563198976478, "unknown": 0.06741935151764922}, "tr-quotes": {"sft": 0.0, "sfb": 0.014577795242828413, "dsfb": 0.0, "sfT": 2.6582834423614803e-05, "roll-out": 0.22511731120408682, "roll-in": 0.2655671389935508, "bad-redirect": 0.00898846536141097, "redirect": 0.027749011812024688, "oneh-out": 0.02461801622708675, "oneh-in": 0.011409814844779362, "dsfb-red": 0.015893067659092486, "dsfb-alt": 0.03259980120662953, "alternate": 0.231261413282171, "sfR": 0.09591664547745082, "unknown": 0.04627493585446476}, "gutenberg": {"sft": 0.0, "sfb": 0.015168392246276904, "dsfb": 0.0, "sfT": 0.00016348393936052962, "roll-out": 0.21379721096020576, "roll-in": 0.26807918305768386, "bad-redirect": 0.007963922144515256, "redirect": 0.025651065790256358, "oneh-out": 0.019321414729012585, "oneh-in": 0.012830363532965598, "dsfb-red": 0.012436145598076535, "dsfb-alt": 0.03493214185177482, "alternate": 0.21190094881304597, "sfR": 0.09761014138424484, "unknown": 0.08014558595258095}, "english-200": {"sft": 0.0, "sfb": 0.004454342984409799, "dsfb": 0.0, "sfT": 0.0, "roll-out": 0.2383073496659243, "roll-in": 0.2962138084632517, "bad-redirect": 0.013363028953229399, "redirect": 0.015590200445434299, "oneh-out": 0.015590200445434299, "oneh-in": 0.008908685968819599, "dsfb-red": 0.013363028953229399, "dsfb-alt": 0.0334075723830735, "alternate": 0.25389755011135856, "sfR": 0.10690423162583519, "unknown": 0.0}, "monkeyracer": {"sft": 0.0, "sfb": 0.014522107699766957, "dsfb": 0.0, "sfT": 2.3460594022240643e-05, "roll-out": 0.22503890548508687, "roll-in": 0.26626112423166554, "bad-redirect": 0.00914083394591551, "redirect": 0.02768056837199118, "oneh-out": 0.024400972832632123, "oneh-in": 0.011433129486838606, "dsfb-red": 0.015901395123324523, "dsfb-alt": 0.032572102225628355, "alternate": 0.23081509923831273, "sfR": 0.09605353707555875, "unknown": 0.046156763689256614}, "chained-bigrams": {"sft": 0.0, "sfb": 0.017300723520218376, "dsfb": 0.0, "sfT": 5.3892289441851195e-05, "roll-out": 0.20263955343420498, "roll-in": 0.2122499121815404, "bad-redirect": 0.006494345530089104, "redirect": 0.03137245480677017, "oneh-out": 0.020012869218996837, "oneh-in": 0.01810456272900165, "dsfb-red": 0.022546456127455913, "dsfb-alt": 0.04409947607604397, "alternate": 0.23521322192130556, "sfR": 0.11643721321023381, "unknown": 0.07347531895469736}, "english-5k": {"sft": 0.0, "sfb": 0.024515700833782718, "dsfb": 0.0, "sfT": 0.0, "roll-out": 0.23520139378603724, "roll-in": 0.24490811797403245, "bad-redirect": 0.005641514912680964, "redirect": 0.02692164101713195, "oneh-out": 0.028705355290994317, "oneh-in": 0.01261044509893392, "dsfb-red": 0.01874974073920438, "dsfb-alt": 0.03679429211432364, "alternate": 0.25648151989048823, "sfR": 0.10644211224955408, "unknown": 0.0030281660928361057}, "mt-quotes": {"sft": 0.0, "sfb": 0.013641362163971264, "dsfb": 0.0, "sfT": 1.6435376101170198e-05, "roll-out": 0.22765535912790907, "roll-in": 0.27204133347676934, "bad-redirect": 0.009554930015180312, "redirect": 0.02727375957734189, "oneh-out": 0.024729264531860723, "oneh-in": 0.011138702621293076, "dsfb-red": 0.015677854675416263, "dsfb-alt": 0.03245389129941072, "alternate": 0.23291766773048375, "sfR": 0.09572710103871578, "unknown": 0.03717233836554667}, "english-1k": {"sft": 0.0, "sfb": 0.021877205363443897, "dsfb": 0.0, "sfT": 0.0, "roll-out": 0.2427664079040226, "roll-in": 0.27593507410021173, "bad-redirect": 0.012702893436838392, "redirect": 0.024700070571630206, "oneh-out": 0.027170077628793227, "oneh-in": 0.010938602681721948, "dsfb-red": 0.016231474947071278, "dsfb-alt": 0.03634438955539873, "alternate": 0.22300635144671843, "sfR": 0.10832745236414962, "unknown": 0.0}, "english-10k": {"sft": 0.0, "sfb": 0.024160089538989984, "dsfb": 0.0, "sfT": 9.64859805870207e-05, "roll-out": 0.2647768279269022, "roll-in": 0.2231913702938963, "bad-redirect": 0.0056154840701646055, "redirect": 0.027209046525539838, "oneh-out": 0.02898438856834102, "oneh-in": 0.010478377491750448, "dsfb-red": 0.01802358117365547, "dsfb-alt": 0.03714710252600297, "alternate": 0.24711989347947744, "sfR": 0.10543987958549622, "unknown": 0.0077574728391964646}, "reddit": {"sft": 0.0, "sfb": 0.01461944110917394, "dsfb": 0.0, "sfT": 8.416680760018407e-05, "roll-out": 0.21632083173437, "roll-in": 0.24353083316337032, "bad-redirect": 0.007830397327638308, "redirect": 0.024266897554162014, "oneh-out": 0.022838758758713766, "oneh-in": 0.010538605763909295, "dsfb-red": 0.015286557639373885, "dsfb-alt": 0.03282082227637315, "alternate": 0.2291175576567916, "sfR": 0.1028716913164539, "unknown": 0.07987343889206965}, "akl": {"sft": 0.0, "sfb": 0.021488832560082306, "dsfb": 0.0, "sfT": 0.00011783698869619877, "roll-out": 0.207219008655133, "roll-in": 0.2332228812915628, "bad-redirect": 0.0075319643673832665, "redirect": 0.019966926341721567, "oneh-out": 0.0197057272122036, "oneh-in": 0.008703085606775615, "dsfb-red": 0.01559425713815216, "dsfb-alt": 0.03225245465847037, "alternate": 0.21817369766894645, "sfR": 0.11706348985084018, "unknown": 0.09895983766003248}, "keymash": {"sft": 0.0, "sfb": 0.015327589250163169, "dsfb": 0.0, "sfT": 4.925845500855866e-05, "roll-out": 0.22756995726829027, "roll-in": 0.2659422937199575, "bad-redirect": 0.008583285785241345, "redirect": 0.027207086649727232, "oneh-out": 0.02478521261180643, "oneh-in": 0.011928755854572622, "dsfb-red": 0.015787334830243048, "dsfb-alt": 0.033557322474580584, "alternate": 0.22789013722584592, "sfR": 0.09899307508220005, "unknown": 0.0423786907923633}, "movie": {"sft": 0.0, "sfb": 0.012609968088840122, "dsfb": 0.0, "sfT": 4.30324932171184e-05, "roll-out": 0.19009189345470515, "roll-in": 0.24568000485332828, "bad-redirect": 0.007963643201938594, "redirect": 0.027461047368773597, "oneh-out": 0.02343586427999072, "oneh-in": 0.01069614072230632, "dsfb-red": 0.0183855340286349, "dsfb-alt": 0.03530480493976175, "alternate": 0.21070853723870098, "sfR": 0.1138359467128768, "unknown": 0.10378358261692566}}