{"english-450k": {"sft": 0.0, "sfb": 0.02574108300234871, "dsfb": 0.0, "sfT": 2.4557080888100985e-05, "roll-out": 0.13426437802468688, "roll-in": 0.2541388913413487, "bad-redirect": 0.003526279877050882, "redirect": 0.020496976847934955, "oneh-out": 0.005438224031910173, "oneh-in": 0.01084282825069973, "dsfb-red": 0.012967600439922563, "dsfb-alt": 0.06497365083689947, "alternate": 0.34475715093425074, "sfR": 0.11328269117541298, "unknown": 0.009545688156646111}, "shai": {"sft": 0.0, "sfb": 0.019481439531983974, "dsfb": 0.0, "sfT": 4.0867646571607364e-05, "roll-out": 0.1453908772297038, "roll-in": 0.2621540164161067, "bad-redirect": 0.0023849459056183783, "redirect": 0.018264559781250685, "oneh-out": 0.0035698328571698392, "oneh-in": 0.015448109738784561, "dsfb-red": 0.013881786258686359, "dsfb-alt": 0.061097077438829736, "alternate": 0.30024245788917814, "sfR": 0.09728563198976478, "unknown": 0.06075839731635142}, "tr-quotes": {"sft": 0.0, "sfb": 0.022956011187905967, "dsfb": 0.0, "sfT": 4.160791475000578e-05, "roll-out": 0.15359792885046578, "roll-in": 0.2579944985090497, "bad-redirect": 0.002349691407965604, "redirect": 0.01659346755738425, "oneh-out": 0.00285707681283373, "oneh-in": 0.022826564342017058, "dsfb-red": 0.014869050646078455, "dsfb-alt": 0.07124084047987796, "alternate": 0.2972723700330552, "sfR": 0.09591664547745082, "unknown": 0.04148424678116548}, "gutenberg": {"sft": 0.0, "sfb": 0.018759166372092476, "dsfb": 0.0, "sfT": 0.00016215788191496335, "roll-out": 0.16495889411355522, "roll-in": 0.25794166332310753, "bad-redirect": 0.0026759839251527715, "redirect": 0.01690666412063637, "oneh-out": 0.0027511903259941736, "oneh-in": 0.013668052965007617, "dsfb-red": 0.012656460570818477, "dsfb-alt": 0.06259521566051111, "alternate": 0.2810262396458593, "sfR": 0.09761014138424484, "unknown": 0.06828816971110513}, "english-200": {"sft": 0.0, "sfb": 0.015590200445434299, "dsfb": 0.0, "sfT": 0.0, "roll-out": 0.1492204899777283, "roll-in": 0.29175946547884185, "bad-redirect": 0.0022271714922048997, "redirect": 0.013363028953229399, "oneh-out": 0.0022271714922048997, "oneh-in": 0.015590200445434299, "dsfb-red": 0.015590200445434299, "dsfb-alt": 0.08240534521158129, "alternate": 0.3051224944320713, "sfR": 0.10690423162583519, "unknown": 0.0}, "monkeyracer": {"sft": 0.0, "sfb": 0.022958146300264323, "dsfb": 0.0, "sfT": 4.007851478799443e-05, "roll-out": 0.15348116114300014, "roll-in": 0.258414533055977, "bad-redirect": 0.0023177111844471902, "redirect": 0.016633561161768617, "oneh-out": 0.0028749002924754056, "oneh-in": 0.023191774715735802, "dsfb-red": 0.014784084333015313, "dsfb-alt": 0.07138374493642179, "alternate": 0.29644122339177625, "sfR": 0.09605353707555875, "unknown": 0.04142554389477142}, "chained-bigrams": {"sft": 0.0, "sfb": 0.018314937449232488, "dsfb": 0.0, "sfT": 4.804854721321673e-05, "roll-out": 0.14242628281504752, "roll-in": 0.22433542041504856, "bad-redirect": 0.004321122725729153, "redirect": 0.027920751063723413, "oneh-out": 0.004119838271187299, "oneh-in": 0.0128458440279227, "dsfb-red": 0.018190920253047024, "dsfb-alt": 0.06738094511492368, "alternate": 0.29671406374483883, "sfR": 0.11643721321023381, "unknown": 0.06694461236185231}, "english-5k": {"sft": 0.0, "sfb": 0.019620857012486, "dsfb": 0.0, "sfT": 0.0, "roll-out": 0.12867631808188493, "roll-in": 0.28705355290994317, "bad-redirect": 0.0032355747293317293, "redirect": 0.018542332102708756, "oneh-out": 0.004480026548305471, "oneh-in": 0.011158584643464553, "dsfb-red": 0.016841581283444644, "dsfb-alt": 0.05931887003774837, "alternate": 0.34371759240054756, "sfR": 0.10644211224955408, "unknown": 0.0009125980005807441}, "mt-quotes": {"sft": 0.0, "sfb": 0.023196292179151576, "dsfb": 0.0, "sfT": 2.3906001601702106e-05, "roll-out": 0.15678751150476328, "roll-in": 0.25989559053800454, "bad-redirect": 0.002196363897156381, "redirect": 0.016444340851770836, "oneh-out": 0.0026983899307921255, "oneh-in": 0.024440898387540193, "dsfb-red": 0.01476643836435137, "dsfb-alt": 0.07353336680173557, "alternate": 0.29664658562532126, "sfR": 0.09572710103871578, "unknown": 0.0336432148790954}, "english-1k": {"sft": 0.0, "sfb": 0.016584333098094567, "dsfb": 0.0, "sfT": 0.0, "roll-out": 0.15631616090331688, "roll-in": 0.2893436838390967, "bad-redirect": 0.0035285815102328866, "redirect": 0.01834862385321101, "oneh-out": 0.0038814396612561752, "oneh-in": 0.010938602681721948, "dsfb-red": 0.01834862385321101, "dsfb-alt": 0.06245589273112209, "alternate": 0.3119266055045872, "sfR": 0.10832745236414962, "unknown": 0.0}, "english-10k": {"sft": 0.0, "sfb": 0.019644545647517414, "dsfb": 0.0, "sfT": 1.929719611740414e-05, "roll-out": 0.13274541209162308, "roll-in": 0.28363018853360605, "bad-redirect": 0.0031840373593716833, "redirect": 0.022809285810771695, "oneh-out": 0.004361166322533336, "oneh-in": 0.009378437313058412, "dsfb-red": 0.014839543814283785, "dsfb-alt": 0.06094054533876228, "alternate": 0.33525018814766216, "sfR": 0.10543987958549622, "unknown": 0.0077574728391964646}, "reddit": {"sft": 0.0, "sfb": 0.026069947598951718, "dsfb": 0.0, "sfT": 3.839384859376443e-05, "roll-out": 0.14628243601290558, "roll-in": 0.24088244421607907, "bad-redirect": 0.0019995141773499893, "redirect": 0.015908313242113295, "oneh-out": 0.003102485168269001, "oneh-in": 0.01671155001210811, "dsfb-red": 0.013381585973097711, "dsfb-alt": 0.06511697856518255, "alternate": 0.2896593753938881, "sfR": 0.1028716913164539, "unknown": 0.07797528447500719}, "akl": {"sft": 0.0, "sfb": 0.024564303619949813, "dsfb": 0.0, "sfT": 0.00018536712417404139, "roll-out": 0.14533687067334733, "roll-in": 0.22675535294036742, "bad-redirect": 0.0014527652723118638, "redirect": 0.017975964475927118, "oneh-out": 0.002482878632486258, "oneh-in": 0.01898959800487481, "dsfb-red": 0.012678194370563998, "dsfb-alt": 0.06338081135537195, "alternate": 0.27208269504964455, "sfR": 0.11706348985084018, "unknown": 0.09705170863014068}, "keymash": {"sft": 0.0, "sfb": 0.021780446856284354, "dsfb": 0.0, "sfT": 2.873409875499255e-05, "roll-out": 0.15422411776054645, "roll-in": 0.2621288683280449, "bad-redirect": 0.002536810432940771, "redirect": 0.017063949789214862, "oneh-out": 0.0029801365280177987, "oneh-in": 0.021665510461264383, "dsfb-red": 0.015422001288929572, "dsfb-alt": 0.06980333561837833, "alternate": 0.2955589397938534, "sfR": 0.09899307508220005, "unknown": 0.037814073961570195}, "movie": {"sft": 0.0, "sfb": 0.024494174097886946, "dsfb": 0.0, "sfT": 3.197827477602377e-05, "roll-out": 0.1324992837787635, "roll-in": 0.22284896423947176, "bad-redirect": 0.0014111236231411641, "redirect": 0.012108448725994744, "oneh-out": 0.0021153036574066094, "oneh-in": 0.026958738418896712, "dsfb-red": 0.01629615514542943, "dsfb-alt": 0.07032338458060229, "alternate": 0.2786968497714606, "sfR": 0.1138359467128768, "unknown": 0.0983796489732934}}