{"english-450k": {"sft": 0.0, "sfb": 0.025138849828188137, "dsfb": 0.0, "sfT": 1.8710156867124557e-05, "roll-out": 0.1441526959289622, "roll-in": 0.2460142980680009, "bad-redirect": 0.008736766218344022, "redirect": 0.01645236715642451, "oneh-out": 0.004433722485106423, "oneh-in": 0.009384313053667161, "dsfb-red": 0.009639531287182783, "dsfb-alt": 0.0654744398792961, "alternate": 0.3477259266059015, "sfR": 0.11328269117541298, "unknown": 0.009545688156646111}, "shai": {"sft": 0.0, "sfb": 0.019358399236074193, "dsfb": 0.0, "sfT": 3.654827034526833e-05, "roll-out": 0.1568523188238416, "roll-in": 0.25554183323616025, "bad-redirect": 0.004543201967530057, "redirect": 0.01753935741305591, "oneh-out": 0.004384402964671218, "oneh-in": 0.01160216191746864, "dsfb-red": 0.010012306351836262, "dsfb-alt": 0.06299006729247565, "alternate": 0.29909537322042473, "sfR": 0.09728563198976478, "unknown": 0.06075839731635142}, "tr-quotes": {"sft": 0.0, "sfb": 0.022447470007628118, "dsfb": 0.0, "sfT": 3.5829037701393865e-05, "roll-out": 0.16454312198053675, "roll-in": 0.25413998751762557, "bad-redirect": 0.003557476711125494, "redirect": 0.01665241210328009, "oneh-out": 0.0033725526455699126, "oneh-in": 0.020186773306211138, "dsfb-red": 0.012931971059383741, "dsfb-alt": 0.07233767134370449, "alternate": 0.292393842028617, "sfR": 0.09591664547745082, "unknown": 0.04148424678116548}, "gutenberg": {"sft": 0.0, "sfb": 0.018807662187244615, "dsfb": 0.0, "sfT": 0.00016215788191496335, "roll-out": 0.17512577654871198, "roll-in": 0.254255981371545, "bad-redirect": 0.003937064555886312, "redirect": 0.019455535967792717, "oneh-out": 0.002812188968490223, "oneh-in": 0.01152950117886507, "dsfb-red": 0.01230789689941248, "dsfb-alt": 0.060572599182466644, "alternate": 0.27513532416232006, "sfR": 0.09761014138424484, "unknown": 0.06828816971110513}, "english-200": {"sft": 0.0, "sfb": 0.013363028953229399, "dsfb": 0.0, "sfT": 0.0, "roll-out": 0.15812917594654788, "roll-in": 0.29175946547884185, "bad-redirect": 0.0022271714922048997, "redirect": 0.017817371937639197, "oneh-out": 0.0022271714922048997, "oneh-in": 0.008908685968819599, "dsfb-red": 0.008908685968819599, "dsfb-alt": 0.0957683741648107, "alternate": 0.29398663697104677, "sfR": 0.10690423162583519, "unknown": 0.0}, "monkeyracer": {"sft": 0.0, "sfb": 0.022484046796064878, "dsfb": 0.0, "sfT": 3.421336628243427e-05, "roll-out": 0.16430236013575863, "roll-in": 0.25439690632966827, "bad-redirect": 0.0035826282121463313, "redirect": 0.016716650765597384, "oneh-out": 0.003325539202652611, "oneh-in": 0.02060817679903655, "dsfb-red": 0.012885731266715673, "dsfb-alt": 0.07253820166726621, "alternate": 0.29164646448848086, "sfR": 0.09605353707555875, "unknown": 0.04142554389477142}, "chained-bigrams": {"sft": 0.0, "sfb": 0.01841947550465584, "dsfb": 0.0, "sfT": 4.739924252114623e-05, "roll-out": 0.15456113820515302, "roll-in": 0.21762810294596033, "bad-redirect": 0.0054561073274683805, "redirect": 0.024136603318336558, "oneh-out": 0.005227552075859566, "oneh-in": 0.011797866254920918, "dsfb-red": 0.016907894181515722, "dsfb-alt": 0.06821335373015806, "alternate": 0.29422268164136434, "sfR": 0.11643721321023381, "unknown": 0.06694461236185231}, "english-5k": {"sft": 0.0, "sfb": 0.01970382046708425, "dsfb": 0.0, "sfT": 0.0, "roll-out": 0.14647197909320944, "roll-in": 0.272369021446053, "bad-redirect": 0.005143734185091467, "redirect": 0.016385282283154272, "oneh-out": 0.005102252457792342, "oneh-in": 0.007466710913842453, "dsfb-red": 0.01086821255237068, "dsfb-alt": 0.062305554403285356, "alternate": 0.3468287219479819, "sfR": 0.10644211224955408, "unknown": 0.0009125980005807441}, "mt-quotes": {"sft": 0.0, "sfb": 0.02274058402361913, "dsfb": 0.0, "sfT": 2.0917751401489345e-05, "roll-out": 0.16769462473553987, "roll-in": 0.25635301992565235, "bad-redirect": 0.003469358482447018, "redirect": 0.016333775594362963, "oneh-out": 0.0031600745867249973, "oneh-in": 0.021954674220963172, "dsfb-red": 0.013137842005235415, "dsfb-alt": 0.07454937186980791, "alternate": 0.29121544088643453, "sfR": 0.09572710103871578, "unknown": 0.0336432148790954}, "english-1k": {"sft": 0.0, "sfb": 0.013761467889908258, "dsfb": 0.0, "sfT": 0.0, "roll-out": 0.16337332392378265, "roll-in": 0.2847565278757939, "bad-redirect": 0.003175723359209598, "redirect": 0.01799576570218772, "oneh-out": 0.004234297812279464, "oneh-in": 0.0077628793225123505, "dsfb-red": 0.013761467889908258, "dsfb-alt": 0.061397318278052226, "alternate": 0.32145377558221594, "sfR": 0.10832745236414962, "unknown": 0.0}, "english-10k": {"sft": 0.0, "sfb": 0.02035854190386137, "dsfb": 0.0, "sfT": 1.929719611740414e-05, "roll-out": 0.1407344512842284, "roll-in": 0.27255359796221607, "bad-redirect": 0.007390826112965786, "redirect": 0.014839543814283785, "oneh-out": 0.004457652303120356, "oneh-in": 0.005711970050751625, "dsfb-red": 0.009301248528588796, "dsfb-alt": 0.06339128924567261, "alternate": 0.3480442291735011, "sfR": 0.10543987958549622, "unknown": 0.0077574728391964646}, "reddit": {"sft": 0.0, "sfb": 0.025167111567092688, "dsfb": 0.0, "sfT": 4.139044165474116e-05, "roll-out": 0.15691359904498578, "roll-in": 0.23612025852357485, "bad-redirect": 0.003205905086285961, "redirect": 0.018673644233609153, "oneh-out": 0.003721768581733106, "oneh-in": 0.013759493815500139, "dsfb-red": 0.01025025859661681, "dsfb-alt": 0.06702333615574942, "alternate": 0.28427625816173624, "sfR": 0.1028716913164539, "unknown": 0.07797528447500719}, "akl": {"sft": 0.0, "sfb": 0.024961368425708983, "dsfb": 0.0, "sfT": 0.00024434757277487273, "roll-out": 0.15405401989549308, "roll-in": 0.21812227563917894, "bad-redirect": 0.00310384610761875, "redirect": 0.020014197436556056, "oneh-out": 0.0037265483018277374, "oneh-in": 0.01540765092892348, "dsfb-red": 0.009954747374719517, "dsfb-alt": 0.06395698590577922, "alternate": 0.2723388139304385, "sfR": 0.11706348985084018, "unknown": 0.09705170863014068}, "keymash": {"sft": 0.0, "sfb": 0.021324806147455185, "dsfb": 0.0, "sfT": 2.873409875499255e-05, "roll-out": 0.1672817132090652, "roll-in": 0.2555159207431459, "bad-redirect": 0.003649230541884054, "redirect": 0.017006481591704876, "oneh-out": 0.003378309039336981, "oneh-in": 0.018964505178295083, "dsfb-red": 0.013307992594812263, "dsfb-alt": 0.07132213798114222, "alternate": 0.291413019830633, "sfR": 0.09899307508220005, "unknown": 0.037814073961570195}, "movie": {"sft": 0.0, "sfb": 0.023914485618922402, "dsfb": 0.0, "sfT": 2.960951368150349e-05, "roll-out": 0.14325359074572416, "roll-in": 0.21959533927830957, "bad-redirect": 0.002586950310893314, "redirect": 0.01709587521050719, "oneh-out": 0.0030267502874425788, "oneh-in": 0.024949502619389177, "dsfb-red": 0.01467421178487596, "dsfb-alt": 0.07107033391240769, "alternate": 0.26758775503167626, "sfR": 0.1138359467128768, "unknown": 0.0983796489732934}}