{"english-450k": {"sft": 0.0, "sfb": 0.023371032350445915, "dsfb": 0.0, "sfT": 1.9879541671319842e-05, "roll-out": 0.18912752784451392, "roll-in": 0.20958006806988946, "bad-redirect": 0.013013498793487229, "redirect": 0.019733953263197532, "oneh-out": 0.008164060010489381, "oneh-in": 0.0033397630007817336, "dsfb-red": 0.007902994852952785, "dsfb-alt": 0.0613696068703696, "alternate": 0.34154923607014204, "sfR": 0.11328269117541298, "unknown": 0.009545688156646111}, "shai": {"sft": 0.0, "sfb": 0.014965268499547782, "dsfb": 0.0, "sfT": 1.4486940156977588e-05, "roll-out": 0.22777386780479392, "roll-in": 0.20196312166119185, "bad-redirect": 0.011527873290866176, "redirect": 0.01964351290069181, "oneh-out": 0.008124901498095914, "oneh-in": 0.008352980818563595, "dsfb-red": 0.009291500768043923, "dsfb-alt": 0.057395449421033286, "alternate": 0.2835534679946607, "sfR": 0.09728563198976478, "unknown": 0.0601079364125893}, "tr-quotes": {"sft": 0.0, "sfb": 0.017779293127759412, "dsfb": 0.0, "sfT": 2.195973278472527e-05, "roll-out": 0.24515498948244377, "roll-in": 0.19341554749081158, "bad-redirect": 0.010398511361272277, "redirect": 0.019000947735835973, "oneh-out": 0.008987309586001248, "oneh-in": 0.016354222047571716, "dsfb-red": 0.008664848246688703, "dsfb-alt": 0.05775409722382747, "alternate": 0.28511592427359517, "sfR": 0.09591664547745082, "unknown": 0.04143570421395714}, "gutenberg": {"sft": 0.0, "sfb": 0.017858773366552966, "dsfb": 0.0, "sfT": 1.894367779380413e-05, "roll-out": 0.2592883693774691, "roll-in": 0.1843784370935397, "bad-redirect": 0.007380456868466089, "redirect": 0.020238099297454765, "oneh-out": 0.010721742757737261, "oneh-in": 0.007685260644168397, "dsfb-red": 0.011705487945569509, "dsfb-alt": 0.05326488603672876, "alternate": 0.2615672938160637, "sfR": 0.09761014138424484, "unknown": 0.0682821077342111}, "english-200": {"sft": 0.0, "sfb": 0.011135857461024499, "dsfb": 0.0, "sfT": 0.0, "roll-out": 0.2717149220489978, "roll-in": 0.19821826280623608, "bad-redirect": 0.013363028953229399, "redirect": 0.015590200445434299, "oneh-out": 0.011135857461024499, "oneh-in": 0.0066815144766146995, "dsfb-red": 0.0200445434298441, "dsfb-alt": 0.07126948775055679, "alternate": 0.2739420935412027, "sfR": 0.10690423162583519, "unknown": 0.0}, "monkeyracer": {"sft": 0.0, "sfb": 0.018045106902106763, "dsfb": 0.0, "sfT": 2.6393168275020725e-05, "roll-out": 0.24549361089822794, "roll-in": 0.1930298575159923, "bad-redirect": 0.010359807310321097, "redirect": 0.018860362544379623, "oneh-out": 0.008938486322473686, "oneh-in": 0.016754774230883528, "dsfb-red": 0.008707790481254985, "dsfb-alt": 0.057673960304674914, "alternate": 0.28467769053912445, "sfR": 0.09605353707555875, "unknown": 0.04137862270672694}, "chained-bigrams": {"sft": 0.0, "sfb": 0.015343069873625827, "dsfb": 0.0, "sfT": 2.077775014625588e-05, "roll-out": 0.2043446275555821, "roll-in": 0.17868021029680367, "bad-redirect": 0.014496376555165901, "redirect": 0.024246985115988544, "oneh-out": 0.01313348600650993, "oneh-in": 0.007059889916882506, "dsfb-red": 0.012425094587461017, "dsfb-alt": 0.05489936101925253, "alternate": 0.29212153165782423, "sfR": 0.11643721321023381, "unknown": 0.06679137645452367}, "english-5k": {"sft": 0.0, "sfb": 0.014311195918198034, "dsfb": 0.0, "sfT": 0.0, "roll-out": 0.2017256398556436, "roll-in": 0.22997469614634752, "bad-redirect": 0.012485999917036545, "redirect": 0.01796158792052101, "oneh-out": 0.006803003277056457, "oneh-in": 0.0038578006388186002, "dsfb-red": 0.010536358733977683, "dsfb-alt": 0.062347036130584475, "alternate": 0.33264197121168126, "sfR": 0.10644211224955408, "unknown": 0.0009125980005807441}, "mt-quotes": {"sft": 0.0, "sfb": 0.018539104242119984, "dsfb": 0.0, "sfT": 2.2411876501595726e-05, "roll-out": 0.25319892183932774, "roll-in": 0.1917261328456509, "bad-redirect": 0.010172003681524247, "redirect": 0.01876023475693573, "oneh-out": 0.009284493372061055, "oneh-in": 0.01813718459019137, "dsfb-red": 0.00850605419490563, "dsfb-alt": 0.05834857340935442, "alternate": 0.28395249877481743, "sfR": 0.09572710103871578, "unknown": 0.033625285377894124}, "english-1k": {"sft": 0.0, "sfb": 0.010232886379675371, "dsfb": 0.0, "sfT": 0.0, "roll-out": 0.24841213832039521, "roll-in": 0.20748059280169373, "bad-redirect": 0.010232886379675371, "redirect": 0.019054340155257588, "oneh-out": 0.011291460832745237, "oneh-in": 0.004234297812279464, "dsfb-red": 0.010938602681721948, "dsfb-alt": 0.06810162314749471, "alternate": 0.3016937191249118, "sfR": 0.10832745236414962, "unknown": 0.0}, "english-10k": {"sft": 0.0, "sfb": 0.016190347542502075, "dsfb": 0.0, "sfT": 0.0, "roll-out": 0.20530286949306265, "roll-in": 0.22743675343972522, "bad-redirect": 0.012273016730669033, "redirect": 0.02078308021844426, "oneh-out": 0.0076223924663746355, "oneh-in": 0.002720904652553984, "dsfb-red": 0.00889600741012331, "dsfb-alt": 0.06281237336215048, "alternate": 0.32276490225970167, "sfR": 0.10543987958549622, "unknown": 0.0077574728391964646}, "reddit": {"sft": 0.0, "sfb": 0.021850369994963852, "dsfb": 0.0, "sfT": 5.1578858062062064e-05, "roll-out": 0.233803629885547, "roll-in": 0.18354907866937034, "bad-redirect": 0.01011159125272011, "redirect": 0.017677951274273105, "oneh-out": 0.008675623857900059, "oneh-in": 0.01150459499452841, "dsfb-red": 0.00959868689292068, "dsfb-alt": 0.05581008492157448, "alternate": 0.27194827430887797, "sfR": 0.1028716913164539, "unknown": 0.07254684377280805}, "akl": {"sft": 0.0, "sfb": 0.02307368429921872, "dsfb": 0.0, "sfT": 0.0001074906284899605, "roll-out": 0.23220491096492385, "roll-in": 0.16604408838096316, "bad-redirect": 0.012338932882603754, "redirect": 0.017420234828921386, "oneh-out": 0.006501045601923357, "oneh-in": 0.013243031292721329, "dsfb-red": 0.009215137505605311, "dsfb-alt": 0.056621416519556295, "alternate": 0.25561519271923533, "sfR": 0.11706348985084018, "unknown": 0.09055134452499736}, "keymash": {"sft": 0.0, "sfb": 0.017408758974274772, "dsfb": 0.0, "sfT": 3.694384125641899e-05, "roll-out": 0.2466411890991039, "roll-in": 0.19344205768986056, "bad-redirect": 0.009609503597919651, "redirect": 0.01954739689589636, "oneh-out": 0.009305743125366873, "oneh-in": 0.01550820358519455, "dsfb-red": 0.009075870335326933, "dsfb-alt": 0.059602730560355976, "alternate": 0.283067816577933, "sfR": 0.09899307508220005, "unknown": 0.037760710635310925}, "movie": {"sft": 0.0, "sfb": 0.01726813678121425, "dsfb": 0.0, "sfT": 0.00021647844447143664, "roll-out": 0.21578531865561226, "roll-in": 0.17255490228926285, "bad-redirect": 0.0075302915194799674, "redirect": 0.017581076441368096, "oneh-out": 0.0069463919096807185, "oneh-in": 0.023285316352650097, "dsfb-red": 0.007865208018677418, "dsfb-alt": 0.04820876259999955, "alternate": 0.27056607731451976, "sfR": 0.1138359467128768, "unknown": 0.09835609296018678}}