{"english-450k": {"sft": 0.0, "sfb": 0.0512509201596678, "dsfb": 0.0, "sfT": 0.0006221127158318916, "roll-out": 0.13786257506719576, "roll-in": 0.23766898341286125, "bad-redirect": 0.0037490476822500834, "redirect": 0.01877476537755635, "oneh-out": 0.0032155158653359847, "oneh-in": 0.009445998102088463, "dsfb-red": 0.014277311420621282, "dsfb-alt": 0.08033176616279825, "alternate": 0.3198194352923842, "sfR": 0.11328269117541298, "unknown": 0.009698877565995693}, "shai": {"sft": 0.0, "sfb": 0.03656560590630576, "dsfb": 0.0, "sfT": 0.00013385808851965533, "roll-out": 0.10811447848718415, "roll-in": 0.2994740772403552, "bad-redirect": 0.00104163538086216, "redirect": 0.013414956900675712, "oneh-out": 0.002149872756440128, "oneh-in": 0.007245838768677432, "dsfb-red": 0.00927225322505684, "dsfb-alt": 0.07293905375626271, "alternate": 0.28529628211626523, "sfR": 0.09728563198976478, "unknown": 0.06706645538363028}, "tr-quotes": {"sft": 0.0, "sfb": 0.03750260049467188, "dsfb": 0.0, "sfT": 0.00012251219343057258, "roll-out": 0.11483668893460623, "roll-in": 0.31349021058227966, "bad-redirect": 0.0008390929474584499, "redirect": 0.013609255449481057, "oneh-out": 0.0018099442916252515, "oneh-in": 0.008285753912299762, "dsfb-red": 0.011402880192321028, "dsfb-alt": 0.07272716765678093, "alternate": 0.2841127112179561, "sfR": 0.09591664547745082, "unknown": 0.045344536649638244}, "gutenberg": {"sft": 0.0, "sfb": 0.03864472382580455, "dsfb": 0.0, "sfT": 0.000155906468243008, "roll-out": 0.10229775445432168, "roll-in": 0.32546791831334587, "bad-redirect": 0.0010303466352050066, "redirect": 0.014237310482711431, "oneh-out": 0.0017664979542722351, "oneh-in": 0.007916941823586621, "dsfb-red": 0.01147721662815417, "dsfb-alt": 0.06556728926958104, "alternate": 0.25863651742458427, "sfR": 0.09761014138424484, "unknown": 0.07519143533594529}, "english-200": {"sft": 0.0, "sfb": 0.022271714922048998, "dsfb": 0.0, "sfT": 0.0, "roll-out": 0.12472160356347439, "roll-in": 0.3273942093541203, "bad-redirect": 0.0, "redirect": 0.013363028953229399, "oneh-out": 0.0022271714922048997, "oneh-in": 0.004454342984409799, "dsfb-red": 0.011135857461024499, "dsfb-alt": 0.066815144766147, "alternate": 0.3207126948775056, "sfR": 0.10690423162583519, "unknown": 0.0}, "monkeyracer": {"sft": 0.0, "sfb": 0.03760635469290082, "dsfb": 0.0, "sfT": 0.00012414564336769008, "roll-out": 0.11546620110421196, "roll-in": 0.31356061435475546, "bad-redirect": 0.0008611993055664169, "redirect": 0.01361985235466162, "oneh-out": 0.001798645541705116, "oneh-in": 0.008276702066096313, "dsfb-red": 0.011536747110436837, "dsfb-alt": 0.07244826939018095, "alternate": 0.2834020207391651, "sfR": 0.09605353707555875, "unknown": 0.04524571062139293}, "chained-bigrams": {"sft": 0.0, "sfb": 0.03658572217940419, "dsfb": 0.0, "sfT": 0.0002499823064471411, "roll-out": 0.09332001825844793, "roll-in": 0.27605318844315563, "bad-redirect": 0.0019972612328088466, "redirect": 0.02009598021958186, "oneh-out": 0.001967393216973604, "oneh-in": 0.00994475066375172, "dsfb-red": 0.013365287781579097, "dsfb-alt": 0.08550303907061124, "alternate": 0.27170219770159126, "sfR": 0.11643721321023381, "unknown": 0.07277796571541365}, "english-5k": {"sft": 0.0, "sfb": 0.03629651138673414, "dsfb": 0.0, "sfT": 0.00016592690919649896, "roll-out": 0.12515037126145934, "roll-in": 0.2792549881777077, "bad-redirect": 0.0019911229103579875, "redirect": 0.01758825237482889, "oneh-out": 0.0038163189115194758, "oneh-in": 0.005558551458082714, "dsfb-red": 0.00954079727879869, "dsfb-alt": 0.07914713568673, "alternate": 0.33201974530219436, "sfR": 0.10644211224955408, "unknown": 0.0030281660928361057}, "mt-quotes": {"sft": 0.0, "sfb": 0.037356115752859756, "dsfb": 0.0, "sfT": 0.00010309463190734034, "roll-out": 0.11659853456210181, "roll-in": 0.32083647099604357, "bad-redirect": 0.000732121299052127, "redirect": 0.013571138284266265, "oneh-out": 0.0017854794946271261, "oneh-in": 0.008380547686496695, "dsfb-red": 0.011576481275624245, "dsfb-alt": 0.07249793810736185, "alternate": 0.2845546311901603, "sfR": 0.09572710103871578, "unknown": 0.03628034568078316}, "english-1k": {"sft": 0.0, "sfb": 0.03599153140437544, "dsfb": 0.0, "sfT": 0.0, "roll-out": 0.14255469301340862, "roll-in": 0.2886379675370501, "bad-redirect": 0.0007057163020465773, "redirect": 0.017290049400141144, "oneh-out": 0.004234297812279464, "oneh-in": 0.00529287226534933, "dsfb-red": 0.009174311926605505, "dsfb-alt": 0.07692307692307693, "alternate": 0.3108680310515173, "sfR": 0.10832745236414962, "unknown": 0.0}, "english-10k": {"sft": 0.0, "sfb": 0.04339939406804191, "dsfb": 0.0, "sfT": 0.00015437756893923313, "roll-out": 0.12035661218424963, "roll-in": 0.2799058296829471, "bad-redirect": 0.0016788560622141603, "redirect": 0.015765809227919182, "oneh-out": 0.0033577121244283206, "oneh-in": 0.009378437313058412, "dsfb-red": 0.009436328901410626, "dsfb-alt": 0.08048860500569267, "alternate": 0.3228806854364061, "sfR": 0.10543987958549622, "unknown": 0.0077574728391964646}, "reddit": {"sft": 0.0, "sfb": 0.03432975671222799, "dsfb": 0.0, "sfT": 0.00021163438493148197, "roll-out": 0.11557346269625578, "roll-in": 0.29001334794921596, "bad-redirect": 0.0010976520382357782, "redirect": 0.015229210339669442, "oneh-out": 0.001721392883878086, "oneh-in": 0.007396190993102779, "dsfb-red": 0.01025554009188678, "dsfb-alt": 0.06833779170194687, "alternate": 0.27458917177351677, "sfR": 0.1028716913164539, "unknown": 0.07837315711867839}, "akl": {"sft": 0.0, "sfb": 0.03561663253606884, "dsfb": 0.0, "sfT": 0.00023282408176672712, "roll-out": 0.11824799320882264, "roll-in": 0.2691554805165646, "bad-redirect": 0.0013029598892059708, "redirect": 0.015062751603964626, "oneh-out": 0.0017945668846341186, "oneh-in": 0.007158504131914978, "dsfb-red": 0.00964813577794902, "dsfb-alt": 0.06591399684107656, "alternate": 0.2600889712632633, "sfR": 0.11706348985084018, "unknown": 0.09871369341392838}, "keymash": {"sft": 0.0, "sfb": 0.03724760172897177, "dsfb": 0.0, "sfT": 0.00012725100877210987, "roll-out": 0.11659886787650905, "roll-in": 0.31414990168833357, "bad-redirect": 0.0008373937351454972, "redirect": 0.013574809226108623, "oneh-out": 0.0019046602603309346, "oneh-in": 0.007614536170073026, "dsfb-red": 0.011867182785811923, "dsfb-alt": 0.07149043770242146, "alternate": 0.28428696333939485, "sfR": 0.09899307508220005, "unknown": 0.04130731939592715}, "movie": {"sft": 0.0, "sfb": 0.03175574283097745, "dsfb": 0.0, "sfT": 0.00020002871464837912, "roll-out": 0.11845292528177401, "roll-in": 0.26804532071643444, "bad-redirect": 0.000686940717410881, "redirect": 0.012126346032042231, "oneh-out": 0.0011737211223347983, "oneh-in": 0.006846245954517945, "dsfb-red": 0.012820524630575257, "dsfb-alt": 0.07092728706186638, "alternate": 0.2595493642574217, "sfR": 0.1138359467128768, "unknown": 0.10357960596711975}}