{"english-450k": {"sft": 0.0, "sfb": 0.029032901226158436, "dsfb": 0.0, "sfT": 1.3447925248245777e-05, "roll-out": 0.20119060913839143, "roll-in": 0.21920352031601456, "bad-redirect": 0.003886742742944078, "redirect": 0.045024823115931055, "oneh-out": 0.007420623621222229, "oneh-in": 0.010740799426533693, "dsfb-red": 0.02408874227402077, "dsfb-alt": 0.04585391694210551, "alternate": 0.2905623045300213, "sfR": 0.11328269117541298, "unknown": 0.009698877565995693}, "shai": {"sft": 0.0, "sfb": 0.02237160538054943, "dsfb": 0.0, "sfT": 2.299796911909186e-05, "roll-out": 0.22054556972882058, "roll-in": 0.22416320600514053, "bad-redirect": 0.0025403157262760194, "redirect": 0.031639043817052896, "oneh-out": 0.006628202801990195, "oneh-in": 0.011666282980140469, "dsfb-red": 0.024647583796672874, "dsfb-alt": 0.043823156532027015, "alternate": 0.24759994788881584, "sfR": 0.09728563198976478, "unknown": 0.06706645538363028}, "tr-quotes": {"sft": 0.0, "sfb": 0.030135688033101408, "dsfb": 0.0, "sfT": 1.0401978687501445e-05, "roll-out": 0.2474388016920552, "roll-in": 0.2152839740181688, "bad-redirect": 0.0030362220013406996, "redirect": 0.030511315041261183, "oneh-out": 0.008964194077806801, "oneh-in": 0.009522433600702712, "dsfb-red": 0.03426411779662976, "dsfb-alt": 0.04390790781535332, "alternate": 0.23566376181780357, "sfR": 0.09591664547745082, "unknown": 0.045344536649638244}, "gutenberg": {"sft": 0.0, "sfb": 0.023934768582137705, "dsfb": 0.0, "sfT": 2.633171213338774e-05, "roll-out": 0.25137786840433235, "roll-in": 0.20470822379151649, "bad-redirect": 0.002372127333340153, "redirect": 0.027830157046877645, "oneh-out": 0.011950240262665458, "oneh-in": 0.008277818885558591, "dsfb-red": 0.03431154696724979, "dsfb-alt": 0.04272500258581202, "alternate": 0.2196843377081863, "sfR": 0.09761014138424484, "unknown": 0.07519143533594529}, "english-200": {"sft": 0.0, "sfb": 0.015590200445434299, "dsfb": 0.0, "sfT": 0.0, "roll-out": 0.289532293986637, "roll-in": 0.21603563474387527, "bad-redirect": 0.0022271714922048997, "redirect": 0.017817371937639197, "oneh-out": 0.011135857461024499, "oneh-in": 0.008908685968819599, "dsfb-red": 0.0378619153674833, "dsfb-alt": 0.051224944320712694, "alternate": 0.24276169265033407, "sfR": 0.10690423162583519, "unknown": 0.0}, "monkeyracer": {"sft": 0.0, "sfb": 0.030129267873062547, "dsfb": 0.0, "sfT": 1.0752772260193629e-05, "roll-out": 0.2478572657459687, "roll-in": 0.21541517431221358, "bad-redirect": 0.0030185964308616295, "redirect": 0.0304645588626304, "oneh-out": 0.008951194144235732, "oneh-in": 0.009479057509736146, "dsfb-red": 0.034288635688255624, "dsfb-alt": 0.04390454666312151, "alternate": 0.23518170230070226, "sfR": 0.09605353707555875, "unknown": 0.04524571062139293}, "chained-bigrams": {"sft": 0.0, "sfb": 0.021480297823076158, "dsfb": 0.0, "sfT": 6.687838328326112e-05, "roll-out": 0.1940141899047405, "roll-in": 0.20459201264326096, "bad-redirect": 0.00507561477791507, "redirect": 0.04380209452707568, "oneh-out": 0.008234482104838034, "oneh-in": 0.008607182998086499, "dsfb-red": 0.028618753607699197, "dsfb-alt": 0.05248784339290271, "alternate": 0.24380547091147445, "sfR": 0.11643721321023381, "unknown": 0.07277796571541365}, "english-5k": {"sft": 0.0, "sfb": 0.021155680922553616, "dsfb": 0.0, "sfT": 0.0, "roll-out": 0.18438627784460945, "roll-in": 0.25013481561372214, "bad-redirect": 0.0038578006388186002, "redirect": 0.038826896751980755, "oneh-out": 0.00543410627618534, "oneh-in": 0.02144605301364749, "dsfb-red": 0.02260754137802298, "dsfb-alt": 0.04413655784626872, "alternate": 0.2985439913718007, "sfR": 0.10644211224955408, "unknown": 0.0030281660928361057}, "mt-quotes": {"sft": 0.0, "sfb": 0.030184315272349122, "dsfb": 0.0, "sfT": 7.470625500531909e-06, "roll-out": 0.2564665734332604, "roll-in": 0.21643447962611012, "bad-redirect": 0.0030793918313192525, "redirect": 0.030016973261137208, "oneh-out": 0.009211281242155844, "oneh-in": 0.009448847133072757, "dsfb-red": 0.03588739077945518, "dsfb-alt": 0.04387050118932358, "alternate": 0.23338532888681704, "sfR": 0.09572710103871578, "unknown": 0.03628034568078316}, "english-1k": {"sft": 0.0, "sfb": 0.01799576570218772, "dsfb": 0.0, "sfT": 0.0, "roll-out": 0.23182780522230065, "roll-in": 0.23465067043048696, "bad-redirect": 0.0024700070571630206, "redirect": 0.03458009880028229, "oneh-out": 0.012350035285815103, "oneh-in": 0.011644318983768526, "dsfb-red": 0.02399435426958363, "dsfb-alt": 0.04763585038814397, "alternate": 0.2745236414961186, "sfR": 0.10832745236414962, "unknown": 0.0}, "english-10k": {"sft": 0.0, "sfb": 0.021516373670905618, "dsfb": 0.0, "sfT": 0.0, "roll-out": 0.182686555643465, "roll-in": 0.261805059724822, "bad-redirect": 0.0037822504390112115, "redirect": 0.03863298662704309, "oneh-out": 0.005210242951699118, "oneh-in": 0.01821655313482951, "dsfb-red": 0.021033943767970513, "dsfb-alt": 0.04691148376140947, "alternate": 0.2870071978541518, "sfR": 0.10543987958549622, "unknown": 0.0077574728391964646}, "reddit": {"sft": 0.0, "sfb": 0.030316194881182274, "dsfb": 0.0, "sfT": 3.764470032852024e-05, "roll-out": 0.228060359624879, "roll-in": 0.21061239686803584, "bad-redirect": 0.0024483289030577796, "redirect": 0.031493668667079824, "oneh-out": 0.007308128614523325, "oneh-in": 0.008745781592940177, "dsfb-red": 0.02889846924662092, "dsfb-alt": 0.0429509174912448, "alternate": 0.22788326097497527, "sfR": 0.1028716913164539, "unknown": 0.07837315711867839}, "akl": {"sft": 0.0, "sfb": 0.02883288967892952, "dsfb": 0.0, "sfT": 7.446901178382277e-05, "roll-out": 0.22130554709880007, "roll-in": 0.19922883063454414, "bad-redirect": 0.0021469007199208076, "redirect": 0.032712279122247015, "oneh-out": 0.0057182536186549705, "oneh-in": 0.007304158580087829, "dsfb-red": 0.029534893316635422, "dsfb-alt": 0.04028916032286096, "alternate": 0.2170754346307669, "sfR": 0.11706348985084018, "unknown": 0.09871369341392838}, "keymash": {"sft": 0.0, "sfb": 0.028114263196134852, "dsfb": 0.0, "sfT": 3.283897000570577e-05, "roll-out": 0.24815178171936636, "roll-in": 0.2163964977238489, "bad-redirect": 0.0026558516992114542, "redirect": 0.03173886451051463, "oneh-out": 0.009141548275338343, "oneh-in": 0.009420679520386843, "dsfb-red": 0.033861082947133365, "dsfb-alt": 0.045153583757845436, "alternate": 0.2350326132020869, "sfR": 0.09899307508220005, "unknown": 0.04130731939592715}, "movie": {"sft": 0.0, "sfb": 0.035704599173381334, "dsfb": 0.0, "sfT": 3.026750287442579e-05, "roll-out": 0.22884877289621444, "roll-in": 0.18513697163632306, "bad-redirect": 0.002068323229031957, "redirect": 0.030264476124138347, "oneh-out": 0.008755335798862705, "oneh-in": 0.0063097215666091016, "dsfb-red": 0.03290735551643006, "dsfb-alt": 0.043696930704131345, "alternate": 0.20886169317200667, "sfR": 0.1138359467128768, "unknown": 0.10357960596711975}}