{"english-450k": {"sft": 0.0, "sfb": 0.02447376222080207, "dsfb": 0.0, "sfT": 0.0001251241740488955, "roll-out": 0.24228951512043786, "roll-in": 0.2116378929790721, "bad-redirect": 0.010329175975456953, "redirect": 0.0781751282376611, "oneh-out": 0.02317662212674845, "oneh-in": 0.022411844464804733, "dsfb-red": 0.029759966228166856, "dsfb-alt": 0.03231887252594719, "alternate": 0.20232052720544513, "sfR": 0.11328269117541298, "unknown": 0.009698877565995693}, "shai": {"sft": 0.0, "sfb": 0.012852435555371152, "dsfb": 0.0, "sfT": 1.6538256823608133e-05, "roll-out": 0.22398864282721906, "roll-in": 0.2001577578628903, "bad-redirect": 0.009429221524550932, "redirect": 0.07213458928615109, "oneh-out": 0.04803190486349378, "oneh-in": 0.02194454447300978, "dsfb-red": 0.0263996752881829, "dsfb-alt": 0.02630921222318449, "alternate": 0.1940304943317089, "sfR": 0.09728563198976478, "unknown": 0.06741935151764922}, "tr-quotes": {"sft": 0.0, "sfb": 0.011141674949723769, "dsfb": 0.0, "sfT": 1.5025080326390976e-05, "roll-out": 0.23752802755368577, "roll-in": 0.19686669286424263, "bad-redirect": 0.00796907145003583, "redirect": 0.0714916437437877, "oneh-out": 0.05469244816347287, "oneh-in": 0.02095883127990569, "dsfb-red": 0.03026744642980976, "dsfb-alt": 0.025060678209010426, "alternate": 0.2018168789440836, "sfR": 0.09591664547745082, "unknown": 0.04627493585446476}, "gutenberg": {"sft": 0.0, "sfb": 0.010151727492921694, "dsfb": 0.0, "sfT": 0.00015154942235043304, "roll-out": 0.2156129624767419, "roll-in": 0.19458926886117808, "bad-redirect": 0.008926450413218445, "redirect": 0.06989421471446385, "oneh-out": 0.06268785024492281, "oneh-in": 0.021041690109467936, "dsfb-red": 0.02413822368164316, "dsfb-alt": 0.021422458033123398, "alternate": 0.1936278772131425, "sfR": 0.09761014138424484, "unknown": 0.08014558595258095}, "english-200": {"sft": 0.0, "sfb": 0.008908685968819599, "dsfb": 0.0, "sfT": 0.0, "roll-out": 0.27616926503340755, "roll-in": 0.19376391982182628, "bad-redirect": 0.008908685968819599, "redirect": 0.062360801781737196, "oneh-out": 0.04899777282850779, "oneh-in": 0.024498886414253896, "dsfb-red": 0.026726057906458798, "dsfb-alt": 0.024498886414253896, "alternate": 0.2182628062360802, "sfR": 0.10690423162583519, "unknown": 0.0}, "monkeyracer": {"sft": 0.0, "sfb": 0.011079265527003144, "dsfb": 0.0, "sfT": 1.3685346512973709e-05, "roll-out": 0.23747888546537999, "roll-in": 0.19691063077717127, "bad-redirect": 0.007939456027026604, "redirect": 0.07143457622346998, "oneh-out": 0.05440805011182883, "oneh-in": 0.020905344323318267, "dsfb-red": 0.030234840546162628, "dsfb-alt": 0.025003128079202967, "alternate": 0.20238183680810798, "sfR": 0.09605353707555875, "unknown": 0.046156763689256614}, "chained-bigrams": {"sft": 0.0, "sfb": 0.014164581857517877, "dsfb": 0.0, "sfT": 2.9868015835242832e-05, "roll-out": 0.23364255387118704, "roll-in": 0.1876984031649708, "bad-redirect": 0.009187661392797523, "redirect": 0.06656866494514349, "oneh-out": 0.036117573496421355, "oneh-in": 0.021524450542136954, "dsfb-red": 0.04138018802565273, "dsfb-alt": 0.03511115122371209, "alternate": 0.16466237129969372, "sfR": 0.11643721321023381, "unknown": 0.07347531895469736}, "english-5k": {"sft": 0.0, "sfb": 0.016592690919649895, "dsfb": 0.0, "sfT": 0.0, "roll-out": 0.23856141369726636, "roll-in": 0.2087775334964948, "bad-redirect": 0.0078815281868337, "redirect": 0.07798564732235451, "oneh-out": 0.024183847015389722, "oneh-in": 0.03252167420251379, "dsfb-red": 0.02671423238063633, "dsfb-alt": 0.03140166756543743, "alternate": 0.22590948687103332, "sfR": 0.10644211224955408, "unknown": 0.0030281660928361057}, "mt-quotes": {"sft": 0.0, "sfb": 0.01032739269193531, "dsfb": 0.0, "sfT": 7.470625500531909e-06, "roll-out": 0.24091721351645332, "roll-in": 0.19853336680173558, "bad-redirect": 0.007806803648055844, "redirect": 0.07230818421964834, "oneh-out": 0.05666320029643442, "oneh-in": 0.02070857388747445, "dsfb-red": 0.03096574269970476, "dsfb-alt": 0.024815923787666894, "alternate": 0.20404668842112814, "sfR": 0.09572710103871578, "unknown": 0.03717233836554667}, "english-1k": {"sft": 0.0, "sfb": 0.011644318983768526, "dsfb": 0.0, "sfT": 0.0, "roll-out": 0.22829922371206776, "roll-in": 0.20395201129146084, "bad-redirect": 0.008468595624558928, "redirect": 0.07515878616796048, "oneh-out": 0.04022582921665491, "oneh-in": 0.032815808045165845, "dsfb-red": 0.025758645024700072, "dsfb-alt": 0.025758645024700072, "alternate": 0.239590684544813, "sfR": 0.10832745236414962, "unknown": 0.0}, "english-10k": {"sft": 0.0, "sfb": 0.015997375581328032, "dsfb": 0.0, "sfT": 5.789158835221242e-05, "roll-out": 0.23791513093147565, "roll-in": 0.21686188996738773, "bad-redirect": 0.010092433569402365, "redirect": 0.0786939657667741, "oneh-out": 0.02278998861465429, "oneh-in": 0.028887902587754, "dsfb-red": 0.02967908762856757, "dsfb-alt": 0.029717682020802376, "alternate": 0.21610929931880898, "sfR": 0.10543987958549622, "unknown": 0.0077574728391964646}, "reddit": {"sft": 0.0, "sfb": 0.012406869165188503, "dsfb": 0.0, "sfT": 7.648803788143118e-05, "roll-out": 0.22640998599654605, "roll-in": 0.18981652797122972, "bad-redirect": 0.008334536652734382, "redirect": 0.07051009692667543, "oneh-out": 0.0468217665777615, "oneh-in": 0.02017179093444447, "dsfb-red": 0.028875695139357498, "dsfb-alt": 0.027566858205149383, "alternate": 0.1862642541845081, "sfR": 0.1028716913164539, "unknown": 0.07987343889206965}, "akl": {"sft": 0.0, "sfb": 0.019417887754010887, "dsfb": 0.0, "sfT": 0.00017310018213311217, "roll-out": 0.20992064775401584, "roll-in": 0.18135298423103188, "bad-redirect": 0.006801833498937051, "redirect": 0.07261472099955504, "oneh-out": 0.03963064857057289, "oneh-in": 0.019444032448663776, "dsfb-red": 0.03142716205782785, "dsfb-alt": 0.026879657953048836, "alternate": 0.17631399703933018, "sfR": 0.11706348985084018, "unknown": 0.09895983766003248}, "keymash": {"sft": 0.0, "sfb": 0.011694778193281968, "dsfb": 0.0, "sfT": 3.283897000570577e-05, "roll-out": 0.2367032958011272, "roll-in": 0.19704613464798676, "bad-redirect": 0.008119435333910753, "redirect": 0.073271951825231, "oneh-out": 0.05455373892197871, "oneh-in": 0.020635187777335365, "dsfb-red": 0.0298054701514287, "dsfb-alt": 0.024904253878077116, "alternate": 0.20186114862507337, "sfR": 0.09899307508220005, "unknown": 0.0423786907923633}, "movie": {"sft": 0.0, "sfb": 0.0112095038906243, "dsfb": 0.0, "sfT": 1.7370914693148713e-05, "roll-out": 0.2311600257352733, "roll-in": 0.1714875122205043, "bad-redirect": 0.006799397123981877, "redirect": 0.06484365058194538, "oneh-out": 0.044211873046512334, "oneh-in": 0.017186282925614717, "dsfb-red": 0.028905202049399458, "dsfb-alt": 0.027216933378199422, "alternate": 0.1793427188034493, "sfR": 0.1138359467128768, "unknown": 0.10378358261692566}}