{"english-450k": {"sft": 0.0, "sfb": 0.10673705973392987, "dsfb": 0.0, "sfT": 0.001896742152404752, "roll-out": 0.17570883721637304, "roll-in": 0.1982066314642861, "bad-redirect": 0.00898496814303447, "redirect": 0.04236242626297944, "oneh-out": 0.005841077096955448, "oneh-in": 0.012840137496265277, "dsfb-red": 0.017238486091044794, "dsfb-alt": 0.05696190319715652, "alternate": 0.2502401624041616, "sfR": 0.11328269117541298, "unknown": 0.009698877565995693}, "shai": {"sft": 0.0, "sfb": 0.09647699908937021, "dsfb": 0.0, "sfT": 0.0013686965361079727, "roll-out": 0.15417029969039825, "roll-in": 0.22237519711992043, "bad-redirect": 0.007921012232659253, "redirect": 0.035934144839367195, "oneh-out": 0.007603151039142837, "oneh-in": 0.01737515144909654, "dsfb-red": 0.013576848360169716, "dsfb-alt": 0.0495137876346941, "alternate": 0.2293326246356784, "sfR": 0.09728563198976478, "unknown": 0.06706645538363028}, "tr-quotes": {"sft": 0.0, "sfb": 0.09881301865421512, "dsfb": 0.0, "sfT": 0.0018330597998196991, "roll-out": 0.15956982039250134, "roll-in": 0.23629134786528283, "bad-redirect": 0.008642888513903978, "redirect": 0.03407688218025473, "oneh-out": 0.0093617808187513, "oneh-in": 0.022277571022398926, "dsfb-red": 0.01433854973301588, "dsfb-alt": 0.04707010933635376, "alternate": 0.2264637895564134, "sfR": 0.09591664547745082, "unknown": 0.045344536649638244}, "gutenberg": {"sft": 0.0, "sfb": 0.09286077192456021, "dsfb": 0.0, "sfT": 0.0017623303451575981, "roll-out": 0.16216526994930294, "roll-in": 0.23845089211461834, "bad-redirect": 0.007675220494937681, "redirect": 0.032211450847028665, "oneh-out": 0.008949751136904823, "oneh-in": 0.011846807781911288, "dsfb-red": 0.011513588489518273, "dsfb-alt": 0.043682226624732944, "alternate": 0.2160801135711371, "sfR": 0.09761014138424484, "unknown": 0.07519143533594529}, "english-200": {"sft": 0.0, "sfb": 0.08240534521158129, "dsfb": 0.0, "sfT": 0.0, "roll-out": 0.19821826280623608, "roll-in": 0.24498886414253898, "bad-redirect": 0.013363028953229399, "redirect": 0.0378619153674833, "oneh-out": 0.015590200445434299, "oneh-in": 0.0066815144766146995, "dsfb-red": 0.013363028953229399, "dsfb-alt": 0.051224944320712694, "alternate": 0.22939866369710468, "sfR": 0.10690423162583519, "unknown": 0.0}, "monkeyracer": {"sft": 0.0, "sfb": 0.09874759528911271, "dsfb": 0.0, "sfT": 0.00181819603672365, "roll-out": 0.15980965638049954, "roll-in": 0.23630194566526425, "bad-redirect": 0.008628610976429923, "redirect": 0.0342876581635047, "oneh-out": 0.009411608301922204, "oneh-in": 0.022508484914838044, "dsfb-red": 0.014408714828659462, "dsfb-alt": 0.04678335705460062, "alternate": 0.22599492469149318, "sfR": 0.09605353707555875, "unknown": 0.04524571062139293}, "chained-bigrams": {"sft": 0.0, "sfb": 0.09164805867636641, "dsfb": 0.0, "sfT": 0.0014895049636097185, "roll-out": 0.1314140752375319, "roll-in": 0.21901761498699118, "bad-redirect": 0.008665620420372843, "redirect": 0.04636554945137, "oneh-out": 0.005380138678496132, "oneh-in": 0.007859183992821287, "dsfb-red": 0.01826429168325099, "dsfb-alt": 0.05005424940702249, "alternate": 0.23062653357651958, "sfR": 0.11643721321023381, "unknown": 0.07277796571541365}, "english-5k": {"sft": 0.0, "sfb": 0.11531920189156676, "dsfb": 0.0, "sfT": 0.001078524909777243, "roll-out": 0.1838055336624217, "roll-in": 0.1831418260256357, "bad-redirect": 0.00779856473223545, "redirect": 0.040486165843945744, "oneh-out": 0.00779856473223545, "oneh-in": 0.021404571286348362, "dsfb-red": 0.014228232463599784, "dsfb-alt": 0.06193221885759323, "alternate": 0.2535363172522504, "sfR": 0.10644211224955408, "unknown": 0.0030281660928361057}, "mt-quotes": {"sft": 0.0, "sfb": 0.09880798699513513, "dsfb": 0.0, "sfT": 0.0017884677448273389, "roll-out": 0.16056914213313253, "roll-in": 0.24249351549706555, "bad-redirect": 0.008809361590227226, "redirect": 0.034459007183753484, "oneh-out": 0.009729742651892758, "oneh-in": 0.02348017594817179, "dsfb-red": 0.014313718459019137, "dsfb-alt": 0.04606835921158007, "alternate": 0.2274730758656961, "sfR": 0.09572710103871578, "unknown": 0.03628034568078316}, "english-1k": {"sft": 0.0, "sfb": 0.11432604093154553, "dsfb": 0.0, "sfT": 0.001058574453069866, "roll-out": 0.22265349329569514, "roll-in": 0.20465772759350742, "bad-redirect": 0.0077628793225123505, "redirect": 0.035638673253352154, "oneh-out": 0.01305575158786168, "oneh-in": 0.009527170077628794, "dsfb-red": 0.012350035285815103, "dsfb-alt": 0.05010585744530699, "alternate": 0.2205363443895554, "sfR": 0.10832745236414962, "unknown": 0.0}, "english-10k": {"sft": 0.0, "sfb": 0.11153779355859593, "dsfb": 0.0, "sfT": 0.0015437756893923313, "roll-out": 0.17510275756932517, "roll-in": 0.20563092182705853, "bad-redirect": 0.007815364427548677, "redirect": 0.04025395110090504, "oneh-out": 0.007178556955674341, "oneh-in": 0.019490168078578184, "dsfb-red": 0.013816792420061366, "dsfb-alt": 0.05769861639103838, "alternate": 0.24673394955712935, "sfR": 0.10543987958549622, "unknown": 0.0077574728391964646}, "reddit": {"sft": 0.0, "sfb": 0.09430132278982065, "dsfb": 0.0, "sfT": 0.001548452006846466, "roll-out": 0.1507877013078443, "roll-in": 0.21821703836594283, "bad-redirect": 0.008282995252085581, "redirect": 0.033253979803337344, "oneh-out": 0.008854483006227107, "oneh-in": 0.01833690208838189, "dsfb-red": 0.01321490048408088, "dsfb-alt": 0.04617143096870302, "alternate": 0.22578594549159764, "sfR": 0.1028716913164539, "unknown": 0.07837315711867839}, "akl": {"sft": 0.0, "sfb": 0.08741038781999216, "dsfb": 0.0, "sfT": 0.0010923154299172873, "roll-out": 0.1452110415860487, "roll-in": 0.209105143925305, "bad-redirect": 0.007476081631419033, "redirect": 0.030432982164238, "oneh-out": 0.009914662973201935, "oneh-in": 0.018222418493294878, "dsfb-red": 0.01413312804172148, "dsfb-alt": 0.041390335210918915, "alternate": 0.21983431945917406, "sfR": 0.11706348985084018, "unknown": 0.09871369341392838}, "keymash": {"sft": 0.0, "sfb": 0.09930504529725426, "dsfb": 0.0, "sfT": 0.0019374992303366405, "roll-out": 0.1639896064659932, "roll-in": 0.23463033581951703, "bad-redirect": 0.008484768875224228, "redirect": 0.033606580929589146, "oneh-out": 0.009769593576697468, "oneh-in": 0.021296072048700192, "dsfb-red": 0.01430958117998629, "dsfb-alt": 0.0464466182018201, "alternate": 0.2259239038967543, "sfR": 0.09899307508220005, "unknown": 0.04130731939592715}, "movie": {"sft": 0.0, "sfb": 0.0881330464675916, "dsfb": 0.0, "sfT": 0.0018888237772027537, "roll-out": 0.13946212541826727, "roll-in": 0.21201438259097458, "bad-redirect": 0.009234483529148723, "redirect": 0.029117469363036195, "oneh-out": 0.009074197361752852, "oneh-in": 0.029145236506977514, "dsfb-red": 0.014192695293495422, "dsfb-alt": 0.039713595728018324, "alternate": 0.2106083912835382, "sfR": 0.1138359467128768, "unknown": 0.10357960596711975}}