{"english-450k": {"sft": 0.0, "sfb": 0.02845434809428282, "dsfb": 0.0, "sfT": 2.4264734687052162e-05, "roll-out": 0.2463651135092595, "roll-in": 0.1941023831477617, "bad-redirect": 0.00981113850719844, "redirect": 0.056362301138805394, "oneh-out": 0.014311515926143995, "oneh-in": 0.019242519299234463, "dsfb-red": 0.021997005205516455, "dsfb-alt": 0.041329274788472904, "alternate": 0.2451717563165782, "sfR": 0.11328269117541298, "unknown": 0.009545688156646111}, "shai": {"sft": 0.0, "sfb": 0.018164258137070063, "dsfb": 0.0, "sfT": 2.7328956571845778e-05, "roll-out": 0.22567092375511397, "roll-in": 0.21454498080741682, "bad-redirect": 0.006280102104480602, "redirect": 0.05657640512095337, "oneh-out": 0.013751810190198081, "oneh-in": 0.02085067405491584, "dsfb-red": 0.02452461316812158, "dsfb-alt": 0.040984072338869464, "alternate": 0.22022817298436076, "sfR": 0.09728563198976478, "unknown": 0.06111102639216282}, "tr-quotes": {"sft": 0.0, "sfb": 0.01599824322137722, "dsfb": 0.0, "sfT": 1.1557754097223828e-05, "roll-out": 0.23393818913108805, "roll-in": 0.2162814081967592, "bad-redirect": 0.006331337694459213, "redirect": 0.06064353574813342, "oneh-out": 0.01762210767203717, "oneh-in": 0.023687617022260233, "dsfb-red": 0.028195141120177528, "dsfb-alt": 0.04051223966158896, "alternate": 0.21844733131457894, "sfR": 0.09591664547745082, "unknown": 0.042414645985992004}, "gutenberg": {"sft": 0.0, "sfb": 0.016233405811844574, "dsfb": 0.0, "sfT": 1.0797896342468354e-05, "roll-out": 0.23020679297553273, "roll-in": 0.20944338549285577, "bad-redirect": 0.006493513874160179, "redirect": 0.054032483860933705, "oneh-out": 0.015619820088103257, "oneh-in": 0.019913594096846902, "dsfb-red": 0.02709211136003104, "dsfb-alt": 0.03975179235607446, "alternate": 0.2102816432352316, "sfR": 0.09761014138424484, "unknown": 0.07331051756779848}, "english-200": {"sft": 0.0, "sfb": 0.011135857461024499, "dsfb": 0.0, "sfT": 0.0, "roll-out": 0.23162583518930957, "roll-in": 0.2516703786191537, "bad-redirect": 0.008908685968819599, "redirect": 0.0779510022271715, "oneh-out": 0.013363028953229399, "oneh-in": 0.022271714922048998, "dsfb-red": 0.026726057906458798, "dsfb-alt": 0.0400890868596882, "alternate": 0.20935412026726058, "sfR": 0.10690423162583519, "unknown": 0.0}, "monkeyracer": {"sft": 0.0, "sfb": 0.015886732252060623, "dsfb": 0.0, "sfT": 1.1730297011120321e-05, "roll-out": 0.2341142452726903, "roll-in": 0.21668888906267106, "bad-redirect": 0.0063675962275364815, "redirect": 0.06067887138902357, "oneh-out": 0.0177645572985908, "oneh-in": 0.023852581447362246, "dsfb-red": 0.028148802727685066, "dsfb-alt": 0.0403629744905141, "alternate": 0.21773288549666078, "sfR": 0.09605353707555875, "unknown": 0.042336596962635094}, "chained-bigrams": {"sft": 0.0, "sfb": 0.01985833470228406, "dsfb": 0.0, "sfT": 5.7138812902203675e-05, "roll-out": 0.21513801945186997, "roll-in": 0.193318784579533, "bad-redirect": 0.007826718758217763, "redirect": 0.05921334139336891, "oneh-out": 0.01306920484199495, "oneh-in": 0.016559217561873868, "dsfb-red": 0.03134128818155078, "dsfb-alt": 0.043728723096871716, "alternate": 0.21580355676124222, "sfR": 0.11643721321023381, "unknown": 0.06764845864805673}, "english-5k": {"sft": 0.0, "sfb": 0.02198531546853611, "dsfb": 0.0, "sfT": 8.296345459824948e-05, "roll-out": 0.25025926079561955, "roll-in": 0.20417306176629194, "bad-redirect": 0.006844485004355581, "redirect": 0.05546106939892977, "oneh-out": 0.01480897664578753, "oneh-in": 0.018293441738914007, "dsfb-red": 0.027377940017422324, "dsfb-alt": 0.0432654415729871, "alternate": 0.250093333886423, "sfR": 0.10644211224955408, "unknown": 0.0009125980005807441}, "mt-quotes": {"sft": 0.0, "sfb": 0.015038369132570732, "dsfb": 0.0, "sfT": 8.96475060063829e-06, "roll-out": 0.23734177215189872, "roll-in": 0.21940928270042195, "bad-redirect": 0.006372443551953718, "redirect": 0.06142049461517314, "oneh-out": 0.01836727985560775, "oneh-in": 0.025016136551081147, "dsfb-red": 0.02863789579373902, "dsfb-alt": 0.04039068383117582, "alternate": 0.21773436846320268, "sfR": 0.09572710103871578, "unknown": 0.03453520756385891}, "english-1k": {"sft": 0.0, "sfb": 0.012350035285815103, "dsfb": 0.0, "sfT": 0.0, "roll-out": 0.2335920959774171, "roll-in": 0.24206069160197602, "bad-redirect": 0.009880028228652082, "redirect": 0.05504587155963303, "oneh-out": 0.013761467889908258, "oneh-in": 0.016231474947071278, "dsfb-red": 0.02928722653493296, "dsfb-alt": 0.040931545518701484, "alternate": 0.23853211009174313, "sfR": 0.10832745236414962, "unknown": 0.0}, "english-10k": {"sft": 0.0, "sfb": 0.023928523185581134, "dsfb": 0.0, "sfT": 0.0, "roll-out": 0.2344223384342255, "roll-in": 0.2073676694776249, "bad-redirect": 0.008317091526601185, "redirect": 0.05522857528801065, "oneh-out": 0.012195827946199417, "oneh-in": 0.02302155496806314, "dsfb-red": 0.025086354952625383, "dsfb-alt": 0.04523262769919531, "alternate": 0.25200208409718067, "sfR": 0.10543987958549622, "unknown": 0.0077574728391964646}, "reddit": {"sft": 0.0, "sfb": 0.01786602494626266, "dsfb": 0.0, "sfT": 5.105445427639114e-05, "roll-out": 0.21540394917253763, "roll-in": 0.20311915371717068, "bad-redirect": 0.004738362777669464, "redirect": 0.05737576733852156, "oneh-out": 0.015214302289191083, "oneh-in": 0.023504414449796486, "dsfb-red": 0.02583280471558867, "dsfb-alt": 0.0418438636422802, "alternate": 0.21270360679305172, "sfR": 0.1028716913164539, "unknown": 0.07947500438719952}, "akl": {"sft": 0.0, "sfb": 0.021947727710067973, "dsfb": 0.0, "sfT": 0.00011244696870851775, "roll-out": 0.19474421009628806, "roll-in": 0.20145788269358753, "bad-redirect": 0.004367465046339922, "redirect": 0.05621518248439279, "oneh-out": 0.014552186607200496, "oneh-in": 0.024359730677428863, "dsfb-red": 0.026630539902813603, "dsfb-alt": 0.040466783165443505, "alternate": 0.20078487364616018, "sfR": 0.11706348985084018, "unknown": 0.09729748115072838}, "keymash": {"sft": 0.0, "sfb": 0.016288129122830064, "dsfb": 0.0, "sfT": 1.2314613752139664e-05, "roll-out": 0.2302134943537496, "roll-in": 0.2186377574267383, "bad-redirect": 0.006543164773636875, "redirect": 0.05988596667665519, "oneh-out": 0.016805342900419927, "oneh-in": 0.024304942675472983, "dsfb-red": 0.02963717043014946, "dsfb-alt": 0.040207213900736005, "alternate": 0.21958598268565307, "sfR": 0.09899307508220005, "unknown": 0.038885445358006344}, "movie": {"sft": 0.0, "sfb": 0.0144587861231132, "dsfb": 0.0, "sfT": 1.5396947114381815e-05, "roll-out": 0.1934946187669835, "roll-in": 0.20037902809469096, "bad-redirect": 0.006139697159157979, "redirect": 0.0588767413848488, "oneh-out": 0.016717926218092625, "oneh-in": 0.02123883836482316, "dsfb-red": 0.028189573003177166, "dsfb-alt": 0.042295413723206846, "alternate": 0.20577427628097666, "sfR": 0.1138359467128768, "unknown": 0.0985837572209379}}