{"english-450k": {"sft": 0.0, "sfb": 0.043216954208645145, "dsfb": 0.0, "sfT": 0.00045547538123406347, "roll-out": 0.2357099715196331, "roll-in": 0.2101600829327703, "bad-redirect": 0.01032712955204961, "redirect": 0.0566449999152196, "oneh-out": 0.010242056807544402, "oneh-in": 0.008791142611739104, "dsfb-red": 0.022753597173830804, "dsfb-alt": 0.04066184841147845, "alternate": 0.23820836215379632, "sfR": 0.11328269117541298, "unknown": 0.009545688156646111}, "shai": {"sft": 0.0, "sfb": 0.022505002890421295, "dsfb": 0.0, "sfT": 6.035128449579256e-05, "roll-out": 0.24024603956548624, "roll-in": 0.21928017440371708, "bad-redirect": 0.007796257345648871, "redirect": 0.05635387596671201, "oneh-out": 0.009892540421775477, "oneh-in": 0.007870882697817367, "dsfb-red": 0.026574911917236415, "dsfb-alt": 0.04577222473884804, "alternate": 0.20525108038591383, "sfR": 0.09728563198976478, "unknown": 0.06111102639216282}, "tr-quotes": {"sft": 0.0, "sfb": 0.021363352673308522, "dsfb": 0.0, "sfT": 0.00010864288851390398, "roll-out": 0.25764661011072326, "roll-in": 0.21133700099396685, "bad-redirect": 0.00814937241395252, "redirect": 0.0671436166524121, "oneh-out": 0.009924643443286101, "oneh-in": 0.007415455028778808, "dsfb-red": 0.030350662259309772, "dsfb-alt": 0.04943944892628464, "alternate": 0.19878990314602066, "sfR": 0.09591664547745082, "unknown": 0.042414645985992004}, "gutenberg": {"sft": 0.0, "sfb": 0.01954021420753102, "dsfb": 0.0, "sfT": 5.3231734600589606e-05, "roll-out": 0.24943386818913216, "roll-in": 0.21309989418061584, "bad-redirect": 0.006894362096277075, "redirect": 0.05277272928764573, "oneh-out": 0.009638164387931665, "oneh-in": 0.0075229133254754955, "dsfb-red": 0.03088027860845805, "dsfb-alt": 0.04617995054184602, "alternate": 0.19306373448844302, "sfR": 0.09761014138424484, "unknown": 0.07331051756779848}, "english-200": {"sft": 0.0, "sfb": 0.017817371937639197, "dsfb": 0.0, "sfT": 0.0, "roll-out": 0.24053452115812918, "roll-in": 0.24498886414253898, "bad-redirect": 0.0066815144766146995, "redirect": 0.0645879732739421, "oneh-out": 0.008908685968819599, "oneh-in": 0.008908685968819599, "dsfb-red": 0.035634743875278395, "dsfb-alt": 0.0556792873051225, "alternate": 0.20935412026726058, "sfR": 0.10690423162583519, "unknown": 0.0}, "monkeyracer": {"sft": 0.0, "sfb": 0.02116732095656662, "dsfb": 0.0, "sfT": 0.0001045951483491562, "roll-out": 0.2573392558299576, "roll-in": 0.2111130878833852, "bad-redirect": 0.008229780878051832, "redirect": 0.06748146613072244, "oneh-out": 0.009870067410106823, "oneh-in": 0.0074458060278086245, "dsfb-red": 0.030436210644853526, "dsfb-alt": 0.04952726903045185, "alternate": 0.19889500602155247, "sfR": 0.09605353707555875, "unknown": 0.042336596962635094}, "chained-bigrams": {"sft": 0.0, "sfb": 0.023923631379337437, "dsfb": 0.0, "sfT": 0.00010843388357577289, "roll-out": 0.22739299621000852, "roll-in": 0.1956829029633617, "bad-redirect": 0.007944892212174592, "redirect": 0.04976271160028284, "oneh-out": 0.010558992902450411, "oneh-in": 0.00841174228577328, "dsfb-red": 0.030462129628487333, "dsfb-alt": 0.04505525258277174, "alternate": 0.21661064249348586, "sfR": 0.11643721321023381, "unknown": 0.06764845864805673}, "english-5k": {"sft": 0.0, "sfb": 0.03065499647405318, "dsfb": 0.0, "sfT": 4.148172729912474e-05, "roll-out": 0.2317584104202099, "roll-in": 0.23856141369726636, "bad-redirect": 0.008545235823619695, "redirect": 0.058032936491475506, "oneh-out": 0.010785249097772431, "oneh-in": 0.010038578006388186, "dsfb-red": 0.024266810469987972, "dsfb-alt": 0.046749906666113575, "alternate": 0.23321027087567928, "sfR": 0.10644211224955408, "unknown": 0.0009125980005807441}, "mt-quotes": {"sft": 0.0, "sfb": 0.02032458373674711, "dsfb": 0.0, "sfT": 9.711813150691482e-05, "roll-out": 0.26236388520338033, "roll-in": 0.2117190208101744, "bad-redirect": 0.008187805548582972, "redirect": 0.06953957040915122, "oneh-out": 0.009834331408900204, "oneh-in": 0.00730925998972042, "dsfb-red": 0.03121675571652263, "dsfb-alt": 0.05058211113900145, "alternate": 0.1985632493037377, "sfR": 0.09572710103871578, "unknown": 0.03453520756385891}, "english-1k": {"sft": 0.0, "sfb": 0.019407198306280876, "dsfb": 0.0, "sfT": 0.0, "roll-out": 0.23570924488355682, "roll-in": 0.23817925194071984, "bad-redirect": 0.0077628793225123505, "redirect": 0.05222300635144672, "oneh-out": 0.010938602681721948, "oneh-in": 0.012350035285815103, "dsfb-red": 0.024700070571630206, "dsfb-alt": 0.05434015525758645, "alternate": 0.2360621030345801, "sfR": 0.10832745236414962, "unknown": 0.0}, "english-10k": {"sft": 0.0, "sfb": 0.031203566121842496, "dsfb": 0.0, "sfT": 9.64859805870207e-05, "roll-out": 0.2381274000887671, "roll-in": 0.22903842071746974, "bad-redirect": 0.007911850408135699, "redirect": 0.05463036220837112, "oneh-out": 0.01043978309951564, "oneh-in": 0.00912757376353216, "dsfb-red": 0.023233824125354584, "dsfb-alt": 0.04818509870515814, "alternate": 0.23480828235657358, "sfR": 0.10543987958549622, "unknown": 0.0077574728391964646}, "reddit": {"sft": 0.0, "sfb": 0.02185898520001416, "dsfb": 0.0, "sfT": 0.00013544600635614847, "roll-out": 0.23617951615135566, "roll-in": 0.20555234982527054, "bad-redirect": 0.00651316993285946, "redirect": 0.06253503906901847, "oneh-out": 0.00915208215459536, "oneh-in": 0.006386151844487308, "dsfb-red": 0.0302311290956638, "dsfb-alt": 0.0480771892406577, "alternate": 0.19103224577606798, "sfR": 0.1028716913164539, "unknown": 0.07947500438719952}, "akl": {"sft": 0.0, "sfb": 0.026352860942068932, "dsfb": 0.0, "sfT": 0.00027371388856982446, "roll-out": 0.21467817677555623, "roll-in": 0.19817393557327695, "bad-redirect": 0.005057449559015824, "redirect": 0.06576078397407041, "oneh-out": 0.008723158784660772, "oneh-in": 0.006258494702477711, "dsfb-red": 0.026928539858454358, "dsfb-alt": 0.051843318686108905, "alternate": 0.18158859625417154, "sfR": 0.11706348985084018, "unknown": 0.09729748115072838}, "keymash": {"sft": 0.0, "sfb": 0.02129196717744948, "dsfb": 0.0, "sfT": 0.00011083152376925698, "roll-out": 0.2544938078017183, "roll-in": 0.21413881853595662, "bad-redirect": 0.00828363018393928, "redirect": 0.06613768559149143, "oneh-out": 0.009309847996617587, "oneh-in": 0.0073395097962752395, "dsfb-red": 0.029899882190195105, "dsfb-alt": 0.05022309975247626, "alternate": 0.20089239900990505, "sfR": 0.09899307508220005, "unknown": 0.038885445358006344}, "movie": {"sft": 0.0, "sfb": 0.018126549482300684, "dsfb": 0.0, "sfT": 0.0001538378733052337, "roll-out": 0.230255027399328, "roll-in": 0.18918215759657078, "bad-redirect": 0.00833145916078216, "redirect": 0.07167397319799461, "oneh-out": 0.009446356049269704, "oneh-in": 0.00686677521733712, "dsfb-red": 0.028858221621024808, "dsfb-alt": 0.04900348194721111, "alternate": 0.17568245652106113, "sfR": 0.1138359467128768, "unknown": 0.0985837572209379}}