{"english-450k": {"sft": 0.0, "sfb": 0.16573076902837572, "dsfb": 0.0, "sfT": 0.0057606818916670225, "roll-out": 0.14038318401263872, "roll-in": 0.09769800754370137, "bad-redirect": 0.003803716421846213, "redirect": 0.12844727331621744, "oneh-out": 0.02969448067913192, "oneh-in": 0.03193853011838267, "dsfb-red": 0.11387820038694943, "dsfb-alt": 0.07431381961420826, "alternate": 0.08536976824547259, "sfR": 0.11328269117541298, "unknown": 0.009698877565995693}, "shai": {"sft": 0.0, "sfb": 0.168362585625054, "dsfb": 0.0, "sfT": 0.003900176119082261, "roll-out": 0.13600171056587543, "roll-in": 0.08214059074204406, "bad-redirect": 0.0023057844343304643, "redirect": 0.11427938174399382, "oneh-out": 0.04087897525817949, "oneh-in": 0.05080034635514314, "dsfb-red": 0.10032886863615773, "dsfb-alt": 0.059091543837953106, "alternate": 0.07720505317477248, "sfR": 0.09728563198976478, "unknown": 0.06741935151764922}, "tr-quotes": {"sft": 0.0, "sfb": 0.16904255565058598, "dsfb": 0.0, "sfT": 0.0047525484847784375, "roll-out": 0.14867548138045816, "roll-in": 0.08079794734287234, "bad-redirect": 0.0028466748341462286, "redirect": 0.11851783361457202, "oneh-out": 0.04229097801715171, "oneh-in": 0.060304893553084764, "dsfb-red": 0.09247359053188785, "dsfb-alt": 0.05956057418922355, "alternate": 0.07854534106932341, "sfR": 0.09591664547745082, "unknown": 0.04627493585446476}, "gutenberg": {"sft": 0.0, "sfb": 0.17018791749497897, "dsfb": 0.0, "sfT": 0.005696174475818963, "roll-out": 0.1320340243608119, "roll-in": 0.07447271220044836, "bad-redirect": 0.002822986864832691, "redirect": 0.11740666355232604, "oneh-out": 0.046087505394212254, "oneh-in": 0.06702955175848478, "dsfb-red": 0.09310703973587967, "dsfb-alt": 0.04702180758300267, "alternate": 0.06637788924237792, "sfR": 0.09761014138424484, "unknown": 0.08014558595258095}, "english-200": {"sft": 0.0, "sfb": 0.20489977728285078, "dsfb": 0.0, "sfT": 0.004454342984409799, "roll-out": 0.11581291759465479, "roll-in": 0.08685968819599109, "bad-redirect": 0.0022271714922048997, "redirect": 0.11581291759465479, "oneh-out": 0.044543429844097995, "oneh-in": 0.0556792873051225, "dsfb-red": 0.09799554565701558, "dsfb-alt": 0.07126948775055679, "alternate": 0.0935412026726058, "sfR": 0.10690423162583519, "unknown": 0.0}, "monkeyracer": {"sft": 0.0, "sfb": 0.1701929242848429, "dsfb": 0.0, "sfT": 0.004777163457778751, "roll-out": 0.1487372335267529, "roll-in": 0.08047961274379467, "bad-redirect": 0.0028230914806762907, "redirect": 0.11827853981262805, "oneh-out": 0.04216748518072477, "oneh-in": 0.060193041587813, "dsfb-red": 0.09218253906188904, "dsfb-alt": 0.05954396515319768, "alternate": 0.07841410294508656, "sfR": 0.09605353707555875, "unknown": 0.046156763689256614}, "chained-bigrams": {"sft": 0.0, "sfb": 0.14389046489566648, "dsfb": 0.0, "sfT": 0.011834227317676865, "roll-out": 0.12229134431394141, "roll-in": 0.08228378640732571, "bad-redirect": 0.002853044816957761, "redirect": 0.12169203608316034, "oneh-out": 0.0322542105786019, "oneh-in": 0.04564092541501932, "dsfb-red": 0.11914935890901228, "dsfb-alt": 0.06074634977134735, "alternate": 0.06745171932635936, "sfR": 0.11643721321023381, "unknown": 0.07347531895469736}, "english-5k": {"sft": 0.0, "sfb": 0.18521591239059196, "dsfb": 0.0, "sfT": 0.00543410627618534, "roll-out": 0.13796822499688888, "roll-in": 0.09673538806155889, "bad-redirect": 0.002032604637657112, "redirect": 0.11946737462147924, "oneh-out": 0.038246152569793, "oneh-in": 0.03090388683784793, "dsfb-red": 0.1138673414360974, "dsfb-alt": 0.07172190650018667, "alternate": 0.08893682332932343, "sfR": 0.10644211224955408, "unknown": 0.0030281660928361057}, "mt-quotes": {"sft": 0.0, "sfb": 0.1721994119123606, "dsfb": 0.0, "sfT": 0.004794647446241379, "roll-out": 0.14948273389034317, "roll-in": 0.07999545785969568, "bad-redirect": 0.0028582613165035083, "redirect": 0.12014409342465426, "oneh-out": 0.04292322587585613, "oneh-in": 0.06359892901112825, "dsfb-red": 0.0927149448369013, "dsfb-alt": 0.06022967691038835, "alternate": 0.07815917811166494, "sfR": 0.09572710103871578, "unknown": 0.03717233836554667}, "english-1k": {"sft": 0.0, "sfb": 0.20995059985885675, "dsfb": 0.0, "sfT": 0.004234297812279464, "roll-out": 0.13161609033168667, "roll-in": 0.08962597035991532, "bad-redirect": 0.002117148906139732, "redirect": 0.12279463655610445, "oneh-out": 0.043048694424841216, "oneh-in": 0.03634438955539873, "dsfb-red": 0.10656316160903317, "dsfb-alt": 0.058927311220889206, "alternate": 0.08645024700070572, "sfR": 0.10832745236414962, "unknown": 0.0}, "english-10k": {"sft": 0.0, "sfb": 0.18141294069971634, "dsfb": 0.0, "sfT": 0.004361166322533336, "roll-out": 0.14550085872522722, "roll-in": 0.09432469462187144, "bad-redirect": 0.002740201848671388, "redirect": 0.13120163640223076, "oneh-out": 0.03367360722487023, "oneh-in": 0.027884448389648982, "dsfb-red": 0.11173076551976997, "dsfb-alt": 0.06705775650797939, "alternate": 0.08691457131278825, "sfR": 0.10543987958549622, "unknown": 0.0077574728391964646}, "reddit": {"sft": 0.0, "sfb": 0.16158266560812018, "dsfb": 0.0, "sfT": 0.0033392909349126876, "roll-out": 0.1400088436952712, "roll-in": 0.07949942662064649, "bad-redirect": 0.0032724294522396445, "redirect": 0.11250011939550478, "oneh-out": 0.03659855223352, "oneh-in": 0.05283858832748342, "dsfb-red": 0.088506248926611, "dsfb-alt": 0.062102368488426686, "alternate": 0.07700633610874037, "sfR": 0.1028716913164539, "unknown": 0.07987343889206965}, "akl": {"sft": 0.0, "sfb": 0.15341378464776095, "dsfb": 0.0, "sfT": 0.0029500756523380112, "roll-out": 0.13447096210369877, "roll-in": 0.07815442246183649, "bad-redirect": 0.003972816456437301, "redirect": 0.1089314365914951, "oneh-out": 0.03566755893181451, "oneh-in": 0.05021001872133609, "dsfb-red": 0.08358892560297906, "dsfb-alt": 0.05960160193872204, "alternate": 0.07301506938070901, "sfR": 0.11706348985084018, "unknown": 0.09895983766003248}, "keymash": {"sft": 0.0, "sfb": 0.1717560228723426, "dsfb": 0.0, "sfT": 0.004630294770804514, "roll-out": 0.14941731352596127, "roll-in": 0.08057862265150054, "bad-redirect": 0.002672271184214307, "redirect": 0.11875803015438421, "oneh-out": 0.04169317729349419, "oneh-in": 0.059011629100253274, "dsfb-red": 0.09386609089005923, "dsfb-alt": 0.05726295394744944, "alternate": 0.07898182773497309, "sfR": 0.09899307508220005, "unknown": 0.0423786907923633}, "movie": {"sft": 0.0, "sfb": 0.15599436708611722, "dsfb": 0.0, "sfT": 0.0032554673309023703, "roll-out": 0.15502620178765136, "roll-in": 0.07672733019963787, "bad-redirect": 0.002535890349522543, "redirect": 0.1025732772954644, "oneh-out": 0.031991697755559385, "oneh-in": 0.04698477110332549, "dsfb-red": 0.08027428674300482, "dsfb-alt": 0.055146469052333696, "alternate": 0.07187071196667838, "sfR": 0.1138359467128768, "unknown": 0.10378358261692566}}