{"english-450k": {"sft": 0.0, "sfb": 0.03043616299119278, "dsfb": 0.0, "sfT": 3.332746691956562e-05, "roll-out": 0.25496740047512106, "roll-in": 0.20803034085812966, "bad-redirect": 0.009038175151625357, "redirect": 0.0635379386435487, "oneh-out": 0.029362960087142554, "oneh-in": 0.01958544139306473, "dsfb-red": 0.03018269883488345, "dsfb-alt": 0.032397806000230366, "alternate": 0.1995993687660827, "sfR": 0.11328269117541298, "unknown": 0.009545688156646111}, "shai": {"sft": 0.0, "sfb": 0.01812423423961794, "dsfb": 0.0, "sfT": 4.067025572255423e-05, "roll-out": 0.22575245778699932, "roll-in": 0.21203288036132897, "bad-redirect": 0.01110455119823212, "redirect": 0.08140404420564194, "oneh-out": 0.024540145118655897, "oneh-in": 0.01792214084386678, "dsfb-red": 0.035030176029288776, "dsfb-alt": 0.028580286831352046, "alternate": 0.18707175474736604, "sfR": 0.09728563198976478, "unknown": 0.06111102639216282}, "tr-quotes": {"sft": 0.0, "sfb": 0.0168905018376829, "dsfb": 0.0, "sfT": 3.35174868819491e-05, "roll-out": 0.22579459559418413, "roll-in": 0.21152770393657105, "bad-redirect": 0.011909109821779432, "redirect": 0.09005801992556807, "oneh-out": 0.026510020572802294, "oneh-in": 0.016475578465592566, "dsfb-red": 0.036371096368553665, "dsfb-alt": 0.02682323570883706, "alternate": 0.19927532881810406, "sfR": 0.09591664547745082, "unknown": 0.042414645985992004}, "gutenberg": {"sft": 0.0, "sfb": 0.01691443102853183, "dsfb": 0.0, "sfT": 0.00011138882542756828, "roll-out": 0.21030532283247386, "roll-in": 0.2029873801007273, "bad-redirect": 0.01285631637154311, "redirect": 0.09601981963345499, "oneh-out": 0.023619166910092925, "oneh-in": 0.01945307328967952, "dsfb-red": 0.03875364997311892, "dsfb-alt": 0.0266103736337346, "alternate": 0.18144841844917203, "sfR": 0.09761014138424484, "unknown": 0.07331051756779848}, "english-200": {"sft": 0.0, "sfb": 0.015590200445434299, "dsfb": 0.0, "sfT": 0.0, "roll-out": 0.22271714922049, "roll-in": 0.25389755011135856, "bad-redirect": 0.0066815144766146995, "redirect": 0.09131403118040089, "oneh-out": 0.028953229398663696, "oneh-in": 0.008908685968819599, "dsfb-red": 0.035634743875278395, "dsfb-alt": 0.028953229398663696, "alternate": 0.20044543429844097, "sfR": 0.10690423162583519, "unknown": 0.0}, "monkeyracer": {"sft": 0.0, "sfb": 0.016764549478392794, "dsfb": 0.0, "sfT": 3.323584153150758e-05, "roll-out": 0.22596853152321816, "roll-in": 0.21148063718973364, "bad-redirect": 0.011817296713952798, "redirect": 0.08980128876863162, "oneh-out": 0.02647723540360042, "oneh-in": 0.016420460766066597, "dsfb-red": 0.03617330340804229, "dsfb-alt": 0.026659055007272784, "alternate": 0.20001427186136353, "sfR": 0.09605353707555875, "unknown": 0.042336596962635094}, "chained-bigrams": {"sft": 0.0, "sfb": 0.019199290439832505, "dsfb": 0.0, "sfT": 6.233325043876765e-05, "roll-out": 0.21831311939609468, "roll-in": 0.2098026827971267, "bad-redirect": 0.008655231545299716, "redirect": 0.07899700605606487, "oneh-out": 0.02328666347641628, "oneh-in": 0.019290193096722374, "dsfb-red": 0.03980757206145799, "dsfb-alt": 0.03143608666659308, "alternate": 0.1670641493556625, "sfR": 0.11643721321023381, "unknown": 0.06764845864805673}, "english-5k": {"sft": 0.0, "sfb": 0.019413448375990378, "dsfb": 0.0, "sfT": 8.296345459824948e-05, "roll-out": 0.26237192516696395, "roll-in": 0.21819388559339611, "bad-redirect": 0.006471149458663459, "redirect": 0.0665781723150952, "oneh-out": 0.030157215746463684, "oneh-in": 0.02136308955904924, "dsfb-red": 0.03584021238644377, "dsfb-alt": 0.03289500974820592, "alternate": 0.19927821794499523, "sfR": 0.10644211224955408, "unknown": 0.0009125980005807441}, "mt-quotes": {"sft": 0.0, "sfb": 0.015921397066733605, "dsfb": 0.0, "sfT": 2.540012670180849e-05, "roll-out": 0.22686496694995278, "roll-in": 0.2139407848340326, "bad-redirect": 0.012015754055055521, "redirect": 0.09202914141595248, "oneh-out": 0.02649830865038668, "oneh-in": 0.0160140328229402, "dsfb-red": 0.036438722941394434, "dsfb-alt": 0.026546120653590084, "alternate": 0.20344306188068514, "sfR": 0.09572710103871578, "unknown": 0.03453520756385891}, "english-1k": {"sft": 0.0, "sfb": 0.014820042342978124, "dsfb": 0.0, "sfT": 0.0, "roll-out": 0.22265349329569514, "roll-in": 0.2392378263937897, "bad-redirect": 0.007057163020465773, "redirect": 0.07727593507410022, "oneh-out": 0.02858151023288638, "oneh-in": 0.01799576570218772, "dsfb-red": 0.03458009880028229, "dsfb-alt": 0.03140437544107269, "alternate": 0.2180663373323924, "sfR": 0.10832745236414962, "unknown": 0.0}, "english-10k": {"sft": 0.0, "sfb": 0.021651454043727446, "dsfb": 0.0, "sfT": 1.929719611740414e-05, "roll-out": 0.2552826074371394, "roll-in": 0.217112753516914, "bad-redirect": 0.007217151347909149, "redirect": 0.06070897898535343, "oneh-out": 0.02684239979930916, "oneh-in": 0.025742459620617126, "dsfb-red": 0.035854190386136894, "dsfb-alt": 0.03234210069276934, "alternate": 0.20402925454931398, "sfR": 0.10543987958549622, "unknown": 0.0077574728391964646}, "reddit": {"sft": 0.0, "sfb": 0.016946632737741735, "dsfb": 0.0, "sfT": 4.5847873832944057e-05, "roll-out": 0.2153654429517041, "roll-in": 0.20401831892253003, "bad-redirect": 0.012146615057842675, "redirect": 0.07973368528318835, "oneh-out": 0.02529667675956667, "oneh-in": 0.015561757254611334, "dsfb-red": 0.03382629162057064, "dsfb-alt": 0.02817142085520144, "alternate": 0.18654061497955668, "sfR": 0.1028716913164539, "unknown": 0.07947500438719952}, "akl": {"sft": 0.0, "sfb": 0.02010124316164447, "dsfb": 0.0, "sfT": 0.0002629958028471944, "roll-out": 0.20317104169013184, "roll-in": 0.1950150121349795, "bad-redirect": 0.00787122585534351, "redirect": 0.0779228374651244, "oneh-out": 0.02747980879926339, "oneh-in": 0.0146351433516086, "dsfb-red": 0.028819631468844878, "dsfb-alt": 0.028820560782635857, "alternate": 0.18153952848600782, "sfR": 0.11706348985084018, "unknown": 0.09729748115072838}, "keymash": {"sft": 0.0, "sfb": 0.017540114854297593, "dsfb": 0.0, "sfT": 2.462922750427933e-05, "roll-out": 0.2257761285317286, "roll-in": 0.21122435994795022, "bad-redirect": 0.011374598235726336, "redirect": 0.08947387865179608, "oneh-out": 0.025429677398168406, "oneh-in": 0.016678091891647817, "dsfb-red": 0.03737485273774388, "dsfb-alt": 0.027313813302245776, "alternate": 0.1999113347809846, "sfR": 0.09899307508220005, "unknown": 0.038885445358006344}, "movie": {"sft": 0.0, "sfb": 0.01516638770118184, "dsfb": 0.0, "sfT": 2.3029621752280492e-05, "roll-out": 0.1999281738997006, "roll-in": 0.18877854702563224, "bad-redirect": 0.011634959702767858, "redirect": 0.07895580799822711, "oneh-out": 0.024730392218146054, "oneh-in": 0.011784981238754141, "dsfb-red": 0.0383919586351146, "dsfb-alt": 0.027756747712072878, "alternate": 0.1904293103128357, "sfR": 0.1138359467128768, "unknown": 0.0985837572209379}}