{"english-450k": {"sft": 0.0, "sfb": 0.03043616299119278, "dsfb": 0.0, "sfT": 3.332746691956562e-05, "roll-out": 0.2251320089270836, "roll-in": 0.22924385824483526, "bad-redirect": 0.011575155484327028, "redirect": 0.08682594467289675, "oneh-out": 0.020917955377445258, "oneh-in": 0.028688809747523972, "dsfb-red": 0.029001620182646213, "dsfb-alt": 0.033578884652467604, "alternate": 0.18173789292060286, "sfR": 0.11328269117541298, "unknown": 0.009545688156646111}, "shai": {"sft": 0.0, "sfb": 0.01812423423961794, "dsfb": 0.0, "sfT": 4.067025572255423e-05, "roll-out": 0.2161325102573574, "roll-in": 0.21598805498952978, "bad-redirect": 0.012877674491188318, "redirect": 0.0930836568737067, "oneh-out": 0.025812898090897634, "oneh-in": 0.029769210619287084, "dsfb-red": 0.03190768115138779, "dsfb-alt": 0.03170278170925303, "alternate": 0.16616396894012417, "sfR": 0.09728563198976478, "unknown": 0.06111102639216282}, "tr-quotes": {"sft": 0.0, "sfb": 0.0168905018376829, "dsfb": 0.0, "sfT": 3.35174868819491e-05, "roll-out": 0.2271445412727399, "roll-in": 0.21434664016088395, "bad-redirect": 0.016576130926238414, "redirect": 0.09081042971729733, "oneh-out": 0.02866669748734426, "oneh-in": 0.03258708767712258, "dsfb-red": 0.03248537944106701, "dsfb-alt": 0.03070895263632371, "alternate": 0.1714188298929752, "sfR": 0.09591664547745082, "unknown": 0.042414645985992004}, "gutenberg": {"sft": 0.0, "sfb": 0.01691443102853183, "dsfb": 0.0, "sfT": 0.00011138882542756828, "roll-out": 0.22352971486355058, "roll-in": 0.19800746608229208, "bad-redirect": 0.013557232449913864, "redirect": 0.09461154662626359, "oneh-out": 0.031184135200270666, "oneh-in": 0.02570865457074952, "dsfb-red": 0.03096798783664336, "dsfb-alt": 0.03439603577021016, "alternate": 0.16009074779410343, "sfR": 0.09761014138424484, "unknown": 0.07331051756779848}, "english-200": {"sft": 0.0, "sfb": 0.015590200445434299, "dsfb": 0.0, "sfT": 0.0, "roll-out": 0.21158129175946547, "roll-in": 0.24498886414253898, "bad-redirect": 0.0200445434298441, "redirect": 0.0935412026726058, "oneh-out": 0.060133630289532294, "oneh-in": 0.022271714922048998, "dsfb-red": 0.0378619153674833, "dsfb-alt": 0.026726057906458798, "alternate": 0.1603563474387528, "sfR": 0.10690423162583519, "unknown": 0.0}, "monkeyracer": {"sft": 0.0, "sfb": 0.016764549478392794, "dsfb": 0.0, "sfT": 3.323584153150758e-05, "roll-out": 0.2275521216197194, "roll-in": 0.2142988410466553, "bad-redirect": 0.016652134132036225, "redirect": 0.09103003738054648, "oneh-out": 0.028635610053646558, "oneh-in": 0.03279009024508501, "dsfb-red": 0.03238246242394857, "dsfb-alt": 0.0304498959913665, "alternate": 0.1710208877488778, "sfR": 0.09605353707555875, "unknown": 0.042336596962635094}, "chained-bigrams": {"sft": 0.0, "sfb": 0.019199290439832505, "dsfb": 0.0, "sfT": 6.233325043876765e-05, "roll-out": 0.2198045722737806, "roll-in": 0.21502828695891005, "bad-redirect": 0.01577485749385271, "redirect": 0.07807564269801683, "oneh-out": 0.02234192514945371, "oneh-in": 0.021341995923665143, "dsfb-red": 0.03672337477412313, "dsfb-alt": 0.034520283953927935, "alternate": 0.15304176522570806, "sfR": 0.11643721321023381, "unknown": 0.06764845864805673}, "english-5k": {"sft": 0.0, "sfb": 0.019413448375990378, "dsfb": 0.0, "sfT": 8.296345459824948e-05, "roll-out": 0.23213174596590203, "roll-in": 0.23238063632969677, "bad-redirect": 0.00883560791471357, "redirect": 0.0944124113328079, "oneh-out": 0.02488903637947484, "oneh-in": 0.027046086199029328, "dsfb-red": 0.03351723565769279, "dsfb-alt": 0.0352179864769569, "alternate": 0.18471813166300244, "sfR": 0.10644211224955408, "unknown": 0.0009125980005807441}, "mt-quotes": {"sft": 0.0, "sfb": 0.015921397066733605, "dsfb": 0.0, "sfT": 2.540012670180849e-05, "roll-out": 0.2313846953777746, "roll-in": 0.21408123259344258, "bad-redirect": 0.017043485016913495, "redirect": 0.09237727256427726, "oneh-out": 0.029523911978102103, "oneh-in": 0.034134782037030395, "dsfb-red": 0.03312475346935848, "dsfb-alt": 0.02986009012562604, "alternate": 0.17226067104146495, "sfR": 0.09572710103871578, "unknown": 0.03453520756385891}, "english-1k": {"sft": 0.0, "sfb": 0.014820042342978124, "dsfb": 0.0, "sfT": 0.0, "roll-out": 0.23853211009174313, "roll-in": 0.23288637967537051, "bad-redirect": 0.013408609738884969, "redirect": 0.08856739590684545, "oneh-out": 0.03705010585744531, "oneh-in": 0.019054340155257588, "dsfb-red": 0.029992942836979536, "dsfb-alt": 0.03599153140437544, "alternate": 0.18136908962597037, "sfR": 0.10832745236414962, "unknown": 0.0}, "english-10k": {"sft": 0.0, "sfb": 0.021651454043727446, "dsfb": 0.0, "sfT": 1.929719611740414e-05, "roll-out": 0.2176723722043187, "roll-in": 0.23131548985932343, "bad-redirect": 0.00997665039269794, "redirect": 0.095019393682098, "oneh-out": 0.02371625402828969, "oneh-in": 0.037262885702707395, "dsfb-red": 0.032168425927712706, "dsfb-alt": 0.03602786515119353, "alternate": 0.18197255938712106, "sfR": 0.10543987958549622, "unknown": 0.0077574728391964646}, "reddit": {"sft": 0.0, "sfb": 0.016946632737741735, "dsfb": 0.0, "sfT": 4.5847873832944057e-05, "roll-out": 0.21051684300680396, "roll-in": 0.20798371052012052, "bad-redirect": 0.013915054452778094, "redirect": 0.08273439865962393, "oneh-out": 0.024479543289251577, "oneh-in": 0.029909594660220994, "dsfb-red": 0.03164945404883735, "dsfb-alt": 0.030348258426934727, "alternate": 0.16912396662020074, "sfR": 0.1028716913164539, "unknown": 0.07947500438719952}, "akl": {"sft": 0.0, "sfb": 0.02010124316164447, "dsfb": 0.0, "sfT": 0.0002629958028471944, "roll-out": 0.20185662026417045, "roll-in": 0.20304143339341657, "bad-redirect": 0.013346804666047372, "redirect": 0.07758431942819694, "oneh-out": 0.02213476759906578, "oneh-in": 0.030081825459753218, "dsfb-red": 0.02989639638132644, "dsfb-alt": 0.027743795870154294, "alternate": 0.1595888269718087, "sfR": 0.11706348985084018, "unknown": 0.09729748115072838}, "keymash": {"sft": 0.0, "sfb": 0.017540114854297593, "dsfb": 0.0, "sfT": 2.462922750427933e-05, "roll-out": 0.22756174752578887, "roll-in": 0.21157327400426085, "bad-redirect": 0.01634970219159076, "redirect": 0.09316005303493656, "oneh-out": 0.03039246674028069, "oneh-in": 0.03265835567067439, "dsfb-red": 0.03300726972698501, "dsfb-alt": 0.031681396313004644, "alternate": 0.16817247027046997, "sfR": 0.09899307508220005, "unknown": 0.038885445358006344}, "movie": {"sft": 0.0, "sfb": 0.01516638770118184, "dsfb": 0.0, "sfT": 2.3029621752280492e-05, "roll-out": 0.20444842805723823, "roll-in": 0.19603156189921475, "bad-redirect": 0.018188926857789715, "redirect": 0.0758294381469761, "oneh-out": 0.02426914179390752, "oneh-in": 0.03164467425521216, "dsfb-red": 0.033457566079551686, "dsfb-alt": 0.03269114026763579, "alternate": 0.15583000138572525, "sfR": 0.1138359467128768, "unknown": 0.0985837572209379}}