{"english-450k": {"sft": 0.0, "sfb": 0.039239291797174884, "dsfb": 0.0, "sfT": 0.0016970696970884072, "roll-out": 0.17690599490966794, "roll-in": 0.19885125483759877, "bad-redirect": 0.0036326938942326525, "redirect": 0.01592497460973244, "oneh-out": 0.004838329627357992, "oneh-in": 0.003164355280152441, "dsfb-red": 0.007111321340512577, "dsfb-alt": 0.050748084693863826, "alternate": 0.375058249980559, "sfR": 0.11328269117541298, "unknown": 0.009545688156646111}, "shai": {"sft": 0.0, "sfb": 0.018697468876494636, "dsfb": 0.0, "sfT": 0.00018743615760676214, "roll-out": 0.20957606870502005, "roll-in": 0.20491355364525937, "bad-redirect": 0.002524013564389514, "redirect": 0.01702663274743601, "oneh-out": 0.011074706475937049, "oneh-in": 0.0045820221678438385, "dsfb-red": 0.006176889912878646, "dsfb-alt": 0.045633021615768724, "alternate": 0.32221461772901133, "sfR": 0.09728563198976478, "unknown": 0.0601079364125893}, "tr-quotes": {"sft": 0.0, "sfb": 0.018477381475231733, "dsfb": 0.0, "sfT": 0.00018376829014585887, "roll-out": 0.23272462495087953, "roll-in": 0.1966840803495065, "bad-redirect": 0.0021844155243753035, "redirect": 0.020419084163565335, "oneh-out": 0.018565220406370635, "oneh-in": 0.0047490811585492705, "dsfb-red": 0.00811469915166085, "dsfb-alt": 0.04034696377799866, "alternate": 0.32019833106030837, "sfR": 0.09591664547745082, "unknown": 0.04143570421395714}, "gutenberg": {"sft": 0.0, "sfb": 0.01843674497604193, "dsfb": 0.0, "sfT": 8.2594435180986e-05, "roll-out": 0.2547151761212668, "roll-in": 0.18730012051967812, "bad-redirect": 0.0025265183073596566, "redirect": 0.01940306198030388, "oneh-out": 0.014509531132608397, "oneh-in": 0.004530569981166196, "dsfb-red": 0.008057503912816648, "dsfb-alt": 0.03724042899094985, "alternate": 0.2873055005241716, "sfR": 0.09761014138424484, "unknown": 0.0682821077342111}, "english-200": {"sft": 0.0, "sfb": 0.011135857461024499, "dsfb": 0.0, "sfT": 0.0, "roll-out": 0.26057906458797325, "roll-in": 0.19599109131403117, "bad-redirect": 0.0, "redirect": 0.028953229398663696, "oneh-out": 0.011135857461024499, "oneh-in": 0.0022271714922048997, "dsfb-red": 0.0022271714922048997, "dsfb-alt": 0.031180400890868598, "alternate": 0.34966592427616927, "sfR": 0.10690423162583519, "unknown": 0.0}, "monkeyracer": {"sft": 0.0, "sfb": 0.018391150663934812, "dsfb": 0.0, "sfT": 0.00017204435616309806, "roll-out": 0.2330995745812284, "roll-in": 0.19687641741088885, "bad-redirect": 0.00219943068958506, "redirect": 0.020437109967624382, "oneh-out": 0.018897508484914838, "oneh-in": 0.004785961180537091, "dsfb-red": 0.008129095828706382, "dsfb-alt": 0.0401469415205593, "alternate": 0.3194326055335721, "sfR": 0.09605353707555875, "unknown": 0.04137862270672694}, "chained-bigrams": {"sft": 0.0, "sfb": 0.019784963272080094, "dsfb": 0.0, "sfT": 0.00010064222727092693, "roll-out": 0.19794962564337978, "roll-in": 0.1819384212416134, "bad-redirect": 0.004011404387611526, "redirect": 0.02316978863184359, "oneh-out": 0.005766474970278078, "oneh-in": 0.005200930583484676, "dsfb-red": 0.011545936034397566, "dsfb-alt": 0.05702843110455169, "alternate": 0.31027479223873117, "sfR": 0.11643721321023381, "unknown": 0.06679137645452367}, "english-5k": {"sft": 0.0, "sfb": 0.020989754013357117, "dsfb": 0.0, "sfT": 0.00045629900029037207, "roll-out": 0.1797818061144066, "roll-in": 0.2267391214170158, "bad-redirect": 0.003982245820715975, "redirect": 0.014643049736591031, "oneh-out": 0.0070933753681503295, "oneh-in": 0.0019911229103579875, "dsfb-red": 0.005019289003194093, "dsfb-alt": 0.05056622557763305, "alternate": 0.3813830007881528, "sfR": 0.10644211224955408, "unknown": 0.0009125980005807441}, "mt-quotes": {"sft": 0.0, "sfb": 0.01745138116924254, "dsfb": 0.0, "sfT": 0.0001389536343098935, "roll-out": 0.23973087818696884, "roll-in": 0.19794468151229366, "bad-redirect": 0.0020140806349434027, "redirect": 0.02088189239908679, "oneh-out": 0.020332054362247644, "oneh-in": 0.004917165704450102, "dsfb-red": 0.008326759182892865, "dsfb-alt": 0.03936571401250284, "alternate": 0.3195440527844515, "sfR": 0.09572710103871578, "unknown": 0.033625285377894124}, "english-1k": {"sft": 0.0, "sfb": 0.015525758645024701, "dsfb": 0.0, "sfT": 0.0, "roll-out": 0.22865208186309105, "roll-in": 0.20748059280169373, "bad-redirect": 0.0017642907551164433, "redirect": 0.016937191249117856, "oneh-out": 0.011644318983768526, "oneh-in": 0.0017642907551164433, "dsfb-red": 0.006351446718419196, "dsfb-alt": 0.04269583627381793, "alternate": 0.35885673959068454, "sfR": 0.10832745236414962, "unknown": 0.0}, "english-10k": {"sft": 0.0, "sfb": 0.023465390478763434, "dsfb": 0.0, "sfT": 0.00036664672623067866, "roll-out": 0.16971883985256941, "roll-in": 0.2381081028926497, "bad-redirect": 0.0028559850253758127, "redirect": 0.01482024661816638, "oneh-out": 0.005654078462399414, "oneh-in": 0.005943536404160475, "dsfb-red": 0.005190945755581714, "dsfb-alt": 0.052584859419926286, "alternate": 0.368094015939484, "sfR": 0.10543987958549622, "unknown": 0.0077574728391964646}, "reddit": {"sft": 0.0, "sfb": 0.01842046957736988, "dsfb": 0.0, "sfT": 0.00024040167831685863, "roll-out": 0.22010215760319002, "roll-in": 0.18802486498007173, "bad-redirect": 0.0023908317737002887, "redirect": 0.019198460050825965, "oneh-out": 0.013804742370720888, "oneh-in": 0.005222574758910041, "dsfb-red": 0.00799131437501276, "dsfb-alt": 0.0425478008097169, "alternate": 0.30663784693290275, "sfR": 0.1028716913164539, "unknown": 0.07254684377280805}, "akl": {"sft": 0.0, "sfb": 0.023926670450832424, "dsfb": 0.0, "sfT": 0.0002899459027855995, "roll-out": 0.2083058721108099, "roll-in": 0.17925124816135266, "bad-redirect": 0.001879010531107788, "redirect": 0.019906644853813365, "oneh-out": 0.01511863433992886, "oneh-in": 0.005515291486705051, "dsfb-red": 0.010459054991957718, "dsfb-alt": 0.03729057449063382, "alternate": 0.2904422183042353, "sfR": 0.11706348985084018, "unknown": 0.09055134452499736}, "keymash": {"sft": 0.0, "sfb": 0.018849568783275112, "dsfb": 0.0, "sfT": 0.0001724045925299553, "roll-out": 0.23758994799128125, "roll-in": 0.1951702084864108, "bad-redirect": 0.002257679187892272, "redirect": 0.02008103015848908, "oneh-out": 0.018069643245639602, "oneh-in": 0.00451125350453383, "dsfb-red": 0.008246686342682863, "dsfb-alt": 0.040346779523260254, "alternate": 0.317951012466494, "sfR": 0.09899307508220005, "unknown": 0.037760710635310925}, "movie": {"sft": 0.0, "sfb": 0.017615949868592978, "dsfb": 0.0, "sfT": 0.00015396947114381814, "roll-out": 0.21361605988438603, "roll-in": 0.16273915110708656, "bad-redirect": 0.0019247499871363112, "redirect": 0.02089207806015311, "oneh-out": 0.023271103786082974, "oneh-in": 0.004125460641784235, "dsfb-red": 0.011376501547787979, "dsfb-alt": 0.03803098576387742, "alternate": 0.29406195020890497, "sfR": 0.1138359467128768, "unknown": 0.09835609296018678}}