{"english-450k": {"sft": 0.0, "sfb": 0.05001780388364387, "dsfb": 0.0, "sfT": 0.00014763483152965473, "roll-out": 0.17713373260028498, "roll-in": 0.20361649791469455, "bad-redirect": 0.0029132298934515036, "redirect": 0.017177970427427688, "oneh-out": 0.006633042955596705, "oneh-in": 0.004315906966083748, "dsfb-red": 0.011486574585409234, "dsfb-alt": 0.057467369778769935, "alternate": 0.34159191861549515, "sfR": 0.11328269117541298, "unknown": 0.014215626372199981}, "shai": {"sft": 0.0, "sfb": 0.03624375432131143, "dsfb": 0.0, "sfT": 9.999975229383648e-05, "roll-out": 0.2182488923664082, "roll-in": 0.1888628677004477, "bad-redirect": 0.002775172132561192, "redirect": 0.01798928082540648, "oneh-out": 0.0061379265074390805, "oneh-in": 0.0034333932059772737, "dsfb-red": 0.019085845048028675, "dsfb-alt": 0.05276000400045454, "alternate": 0.285988899512731, "sfR": 0.09728563198976478, "unknown": 0.0710883326371758}, "tr-quotes": {"sft": 0.0, "sfb": 0.0381752617831303, "dsfb": 0.0, "sfT": 9.015048195834585e-05, "roll-out": 0.2265886133006634, "roll-in": 0.1856129076997758, "bad-redirect": 0.00268255472596565, "redirect": 0.018821802547329004, "oneh-out": 0.0057904348027091376, "oneh-in": 0.0033725526455699126, "dsfb-red": 0.02827373384803865, "dsfb-alt": 0.05419546473729225, "alternate": 0.29200665726636, "sfR": 0.09591664547745082, "unknown": 0.04847322068375673}, "gutenberg": {"sft": 0.0, "sfb": 0.038964303670186023, "dsfb": 0.0, "sfT": 0.00018678466304690872, "roll-out": 0.23620511911216285, "roll-in": 0.17915320244767471, "bad-redirect": 0.00289951932311966, "redirect": 0.013728104423613977, "oneh-out": 0.005506737697880923, "oneh-in": 0.0034123246809979377, "dsfb-red": 0.0202113887117655, "dsfb-alt": 0.049767314805658706, "alternate": 0.2697062555433937, "sfR": 0.09761014138424484, "unknown": 0.08264880353625421}, "english-200": {"sft": 0.0, "sfb": 0.0378619153674833, "dsfb": 0.0, "sfT": 0.0, "roll-out": 0.21380846325167038, "roll-in": 0.22494432071269488, "bad-redirect": 0.0066815144766146995, "redirect": 0.011135857461024499, "oneh-out": 0.0022271714922048997, "oneh-in": 0.0, "dsfb-red": 0.031180400890868598, "dsfb-alt": 0.06904231625835189, "alternate": 0.2962138084632517, "sfR": 0.10690423162583519, "unknown": 0.0}, "monkeyracer": {"sft": 0.0, "sfb": 0.03840108231540423, "dsfb": 0.0, "sfT": 8.406712857969564e-05, "roll-out": 0.2271229882540626, "roll-in": 0.1851422103007648, "bad-redirect": 0.0027126311838215744, "redirect": 0.01888577818790372, "oneh-out": 0.005834845238281434, "oneh-in": 0.0034203591034925006, "dsfb-red": 0.028544700251810377, "dsfb-alt": 0.05416562397359901, "alternate": 0.2913766676572251, "sfR": 0.09605353707555875, "unknown": 0.048255509329496224}, "chained-bigrams": {"sft": 0.0, "sfb": 0.03464559975949754, "dsfb": 0.0, "sfT": 0.00025452743929163453, "roll-out": 0.20008908460375208, "roll-in": 0.15757780780451253, "bad-redirect": 0.005125611239204498, "redirect": 0.021918578490223745, "oneh-out": 0.010768069013297112, "oneh-in": 0.006356043630678088, "dsfb-red": 0.019081766290567747, "dsfb-alt": 0.06008860411827994, "alternate": 0.2908495437660581, "sfR": 0.11643721321023381, "unknown": 0.07680755063440314}, "english-5k": {"sft": 0.0, "sfb": 0.04193802629941511, "dsfb": 0.0, "sfT": 4.148172729912474e-05, "roll-out": 0.19546189903347574, "roll-in": 0.2156220185008504, "bad-redirect": 0.00315261127473348, "redirect": 0.017380843738333263, "oneh-out": 0.004065209275314224, "oneh-in": 0.005351142821587091, "dsfb-red": 0.013606006554112914, "dsfb-alt": 0.05239142157879454, "alternate": 0.33633384494130336, "sfR": 0.10644211224955408, "unknown": 0.008213382005226698}, "mt-quotes": {"sft": 0.0, "sfb": 0.03856486295884582, "dsfb": 0.0, "sfT": 5.080025340361698e-05, "roll-out": 0.23221841718363395, "roll-in": 0.18501900527127335, "bad-redirect": 0.002704366431192551, "redirect": 0.018997800647852642, "oneh-out": 0.005998912276927122, "oneh-in": 0.0033094870967356354, "dsfb-red": 0.03016190339584753, "dsfb-alt": 0.054719343541196015, "alternate": 0.29354179366730015, "sfR": 0.09572710103871578, "unknown": 0.03898620623707582}, "english-1k": {"sft": 0.0, "sfb": 0.034227240649259, "dsfb": 0.0, "sfT": 0.0, "roll-out": 0.2268877911079746, "roll-in": 0.2145377558221595, "bad-redirect": 0.0028228652081863093, "redirect": 0.013761467889908258, "oneh-out": 0.004940014114326041, "oneh-in": 0.00529287226534933, "dsfb-red": 0.0187014820042343, "dsfb-alt": 0.05963302752293578, "alternate": 0.3045165843330981, "sfR": 0.10832745236414962, "unknown": 0.006351446718419196}, "english-10k": {"sft": 0.0, "sfb": 0.040176762316435424, "dsfb": 0.0, "sfT": 3.859439223480828e-05, "roll-out": 0.20445379286389687, "roll-in": 0.21087975917099244, "bad-redirect": 0.0025279326913799425, "redirect": 0.018718280233882018, "oneh-out": 0.007197854151791745, "oneh-in": 0.004669921460411802, "dsfb-red": 0.01202215318114278, "dsfb-alt": 0.05279712857721773, "alternate": 0.3284382779182185, "sfR": 0.10543987958549622, "unknown": 0.012639663456899713}, "reddit": {"sft": 0.0, "sfb": 0.037927428883823396, "dsfb": 0.0, "sfT": 0.000467505974925633, "roll-out": 0.21141488448976542, "roll-in": 0.177326203689293, "bad-redirect": 0.0025454934330599505, "redirect": 0.017513812889358105, "oneh-out": 0.005119267213132868, "oneh-in": 0.002868114133487358, "dsfb-red": 0.022422194865824738, "dsfb-alt": 0.05207434472469457, "alternate": 0.28052868142226545, "sfR": 0.1028716913164539, "unknown": 0.0869203769639156}, "akl": {"sft": 0.0, "sfb": 0.037725059665043095, "dsfb": 0.0, "sfT": 0.0006998971931130166, "roll-out": 0.20221211376634649, "roll-in": 0.1646281858890268, "bad-redirect": 0.0022858021545458748, "redirect": 0.016596367176091704, "oneh-out": 0.006191026521252601, "oneh-in": 0.002989292694317345, "dsfb-red": 0.022979575789318862, "dsfb-alt": 0.05538462377226806, "alternate": 0.26324163732203487, "sfR": 0.11706348985084018, "unknown": 0.10800292820580112}, "keymash": {"sft": 0.0, "sfb": 0.03842159490667575, "dsfb": 0.0, "sfT": 6.567794001141154e-05, "roll-out": 0.2285387068834586, "roll-in": 0.1866279714136766, "bad-redirect": 0.00293087807300924, "redirect": 0.018012175048129617, "oneh-out": 0.005713980780992804, "oneh-in": 0.0037682718081547373, "dsfb-red": 0.027720195556066383, "dsfb-alt": 0.05506684782831787, "alternate": 0.28928669652276356, "sfR": 0.09899307508220005, "unknown": 0.04485392815654337}, "movie": {"sft": 0.0, "sfb": 0.03673764220626935, "dsfb": 0.0, "sfT": 0.000736158309041469, "roll-out": 0.19396323867018278, "roll-in": 0.1664225746090656, "bad-redirect": 0.001963308153841558, "redirect": 0.0177351775103505, "oneh-out": 0.004303775713066178, "oneh-in": 0.0031213691333848055, "dsfb-red": 0.03282392248676751, "dsfb-alt": 0.05127604502172615, "alternate": 0.27200760003837393, "sfR": 0.1138359467128768, "unknown": 0.10507324143505338}}