{"english-450k": {"sft": 0.0, "sfb": 0.03285386607386653, "dsfb": 0.0, "sfT": 4.502131496151847e-05, "roll-out": 0.10324761547821115, "roll-in": 0.2800846166844316, "bad-redirect": 0.005114596787349128, "redirect": 0.015796634627472005, "oneh-out": 0.0007256032710031743, "oneh-in": 0.007075362757783571, "dsfb-red": 0.005902469799175701, "dsfb-alt": 0.059449769368081995, "alternate": 0.366722875096255, "sfR": 0.11328269117541298, "unknown": 0.009698877565995693}, "shai": {"sft": 0.0, "sfb": 0.021843879010401492, "dsfb": 0.0, "sfT": 3.1574795030890507e-05, "roll-out": 0.08041491479062791, "roll-in": 0.3357097617593083, "bad-redirect": 0.005921435190933459, "redirect": 0.01371354345834341, "oneh-out": 0.00024543036314033203, "oneh-in": 0.01350833051309545, "dsfb-red": 0.0054956940927963025, "dsfb-alt": 0.058145863632183596, "alternate": 0.29998647292122665, "sfR": 0.09728563198976478, "unknown": 0.06769746748314746}, "tr-quotes": {"sft": 0.0, "sfb": 0.02672152747278149, "dsfb": 0.0, "sfT": 2.4271283604170037e-05, "roll-out": 0.07876147107094149, "roll-in": 0.34985321652296525, "bad-redirect": 0.007608469522202446, "redirect": 0.01182127089064053, "oneh-out": 0.0003559788261944939, "oneh-in": 0.02179908000277386, "dsfb-red": 0.00663068352557731, "dsfb-alt": 0.05931786135318185, "alternate": 0.2957976006102494, "sfR": 0.09591664547745082, "unknown": 0.04539192344143686}, "gutenberg": {"sft": 0.0, "sfb": 0.020779699045579626, "dsfb": 0.0, "sfT": 8.297330873686209e-05, "roll-out": 0.07974738984535518, "roll-in": 0.3613587996982651, "bad-redirect": 0.0070290516453910224, "redirect": 0.011444822939126765, "oneh-out": 0.00017958606548526315, "oneh-in": 0.017055940301651546, "dsfb-red": 0.007463998487536765, "dsfb-alt": 0.04953544418946254, "alternate": 0.2725148452131031, "sfR": 0.09761014138424484, "unknown": 0.07519730787606137}, "english-200": {"sft": 0.0, "sfb": 0.024498886414253896, "dsfb": 0.0, "sfT": 0.0, "roll-out": 0.07126948775055679, "roll-in": 0.40089086859688194, "bad-redirect": 0.0066815144766146995, "redirect": 0.0022271714922048997, "oneh-out": 0.0, "oneh-in": 0.0200445434298441, "dsfb-red": 0.004454342984409799, "dsfb-alt": 0.0645879732739421, "alternate": 0.2984409799554566, "sfR": 0.10690423162583519, "unknown": 0.0}, "monkeyracer": {"sft": 0.0, "sfb": 0.026800796096157153, "dsfb": 0.0, "sfT": 2.9325742527800803e-05, "roll-out": 0.07865555155856546, "roll-in": 0.35024711825703425, "bad-redirect": 0.007492727215853106, "redirect": 0.011809476515945383, "oneh-out": 0.00036657178159751007, "oneh-in": 0.022162441153009995, "dsfb-red": 0.006662808702316342, "dsfb-alt": 0.059199876440871484, "alternate": 0.29522811517587627, "sfR": 0.09605353707555875, "unknown": 0.04529165428468649}, "chained-bigrams": {"sft": 0.0, "sfb": 0.022686056636251072, "dsfb": 0.0, "sfT": 7.337143020396608e-05, "roll-out": 0.06906329357207834, "roll-in": 0.3082716872636937, "bad-redirect": 0.007594916983148596, "redirect": 0.0174916190996871, "oneh-out": 0.0011544637425013424, "oneh-in": 0.013438659211783062, "dsfb-red": 0.010245378736180361, "dsfb-alt": 0.0630981313660267, "alternate": 0.2975250453052349, "sfR": 0.11643721321023381, "unknown": 0.07292016344297708}, "english-5k": {"sft": 0.0, "sfb": 0.022358651014228233, "dsfb": 0.0, "sfT": 0.0, "roll-out": 0.10063467042767661, "roll-in": 0.3134359314721865, "bad-redirect": 0.004687435184801095, "redirect": 0.014933421827684906, "oneh-out": 0.00024889036379474843, "oneh-in": 0.00796449164143195, "dsfb-red": 0.005226697639689717, "dsfb-alt": 0.05894553449205625, "alternate": 0.3620939975940598, "sfR": 0.10644211224955408, "unknown": 0.0030281660928361057}, "mt-quotes": {"sft": 0.0, "sfb": 0.026957005056119338, "dsfb": 0.0, "sfT": 2.689425180191487e-05, "roll-out": 0.0784072028782826, "roll-in": 0.3582389046270066, "bad-redirect": 0.0077261208926501, "redirect": 0.01162429327882765, "oneh-out": 0.00037950777542702094, "oneh-in": 0.023680388711586044, "dsfb-red": 0.006751951327380739, "dsfb-alt": 0.060150488280082716, "alternate": 0.2940318667001351, "sfR": 0.09572710103871578, "unknown": 0.03629827518198444}, "english-1k": {"sft": 0.0, "sfb": 0.016584333098094567, "dsfb": 0.0, "sfT": 0.0, "roll-out": 0.10409315455187015, "roll-in": 0.33733239237826396, "bad-redirect": 0.00529287226534933, "redirect": 0.011997177134791814, "oneh-out": 0.0, "oneh-in": 0.013408609738884969, "dsfb-red": 0.0024700070571630206, "dsfb-alt": 0.05539872971065632, "alternate": 0.3450952717007763, "sfR": 0.10832745236414962, "unknown": 0.0}, "english-10k": {"sft": 0.0, "sfb": 0.024121495146755177, "dsfb": 0.0, "sfT": 0.0, "roll-out": 0.09934196561239651, "roll-in": 0.3172459041701241, "bad-redirect": 0.00414889716524189, "redirect": 0.018409525096003552, "oneh-out": 0.00027016074564365796, "oneh-in": 0.0072557457401439575, "dsfb-red": 0.0060593195808649, "dsfb-alt": 0.059609038806661394, "alternate": 0.3503405955114722, "sfR": 0.10543987958549622, "unknown": 0.0077574728391964646}, "reddit": {"sft": 0.0, "sfb": 0.02687805383267062, "dsfb": 0.0, "sfT": 3.401133124208595e-05, "roll-out": 0.07832749653191175, "roll-in": 0.32782226157747774, "bad-redirect": 0.007219466917331676, "redirect": 0.013629179474760915, "oneh-out": 0.0004631234575739545, "oneh-in": 0.016632851986844208, "dsfb-red": 0.006057912532070569, "dsfb-alt": 0.056160836139361806, "alternate": 0.2804194556051929, "sfR": 0.1028716913164539, "unknown": 0.0834836592971079}, "akl": {"sft": 0.0, "sfb": 0.027969185441593186, "dsfb": 0.0, "sfT": 7.800040418954483e-05, "roll-out": 0.08151457331300738, "roll-in": 0.3032014488373727, "bad-redirect": 0.00586130598821308, "redirect": 0.017162629046061872, "oneh-out": 0.0013319544794845306, "oneh-in": 0.019187789659364365, "dsfb-red": 0.0054745255884074175, "dsfb-alt": 0.052386161848546386, "alternate": 0.2638524442997193, "sfR": 0.11706348985084018, "unknown": 0.10491649124320006}, "keymash": {"sft": 0.0, "sfb": 0.025441992011920544, "dsfb": 0.0, "sfT": 1.6419485002852885e-05, "roll-out": 0.08070587366027264, "roll-in": 0.35069967530468404, "bad-redirect": 0.0070603785512267404, "redirect": 0.012035482507091164, "oneh-out": 0.0004063822538206089, "oneh-in": 0.021119562584919524, "dsfb-red": 0.007089112649981733, "dsfb-alt": 0.059011629100253274, "alternate": 0.2960597340864404, "sfR": 0.09899307508220005, "unknown": 0.04136068272218642}, "movie": {"sft": 0.0, "sfb": 0.027089283474772498, "dsfb": 0.0, "sfT": 3.934775373675353e-05, "roll-out": 0.07017349464245459, "roll-in": 0.30658466893076364, "bad-redirect": 0.005923350312525127, "redirect": 0.011853017321302308, "oneh-out": 0.000667201041623212, "oneh-in": 0.02777596099650621, "dsfb-red": 0.00922935121344393, "dsfb-alt": 0.05560587710683205, "alternate": 0.2676209176869995, "sfR": 0.1138359467128768, "unknown": 0.10360158280616336}}