{"english-450k": {"sft": 0.0, "sfb": 0.03157455909807689, "dsfb": 0.0, "sfT": 3.069635111012623e-05, "roll-out": 0.12949416506217326, "roll-in": 0.24507294330062368, "bad-redirect": 0.00509910243869354, "redirect": 0.01066946695347778, "oneh-out": 0.0025486741807436235, "oneh-in": 0.006596499680465602, "dsfb-red": 0.004978363457660377, "dsfb-alt": 0.06229459025048807, "alternate": 0.37865937048507836, "sfR": 0.11328269117541298, "unknown": 0.009698877565995693}, "shai": {"sft": 0.0, "sfb": 0.022753308967303716, "dsfb": 0.0, "sfT": 2.3083118112801053e-05, "roll-out": 0.10462606354963551, "roll-in": 0.30092371176539257, "bad-redirect": 0.006550918478972688, "redirect": 0.008481126183687125, "oneh-out": 0.0018847729757529726, "oneh-in": 0.013892418271673593, "dsfb-red": 0.0034610395360711262, "dsfb-alt": 0.05844923401513423, "alternate": 0.31651964789807385, "sfR": 0.09728563198976478, "unknown": 0.06514904325042505}, "tr-quotes": {"sft": 0.0, "sfb": 0.030555234506830634, "dsfb": 0.0, "sfT": 1.271352950694621e-05, "roll-out": 0.09701694366750653, "roll-in": 0.320295416194725, "bad-redirect": 0.007243244492730173, "redirect": 0.007472088023855204, "oneh-out": 0.0019451700145627702, "oneh-in": 0.021510136150343265, "dsfb-red": 0.003548230507847715, "dsfb-alt": 0.05842907006310534, "alternate": 0.3125320727676198, "sfR": 0.09591664547745082, "unknown": 0.04352303460391577}, "gutenberg": {"sft": 0.0, "sfb": 0.02271081755988002, "dsfb": 0.0, "sfT": 4.6412010594820115e-05, "roll-out": 0.09632329735171173, "roll-in": 0.3351060827012775, "bad-redirect": 0.00704666926573926, "redirect": 0.007462104119757384, "oneh-out": 0.001770665563386872, "oneh-in": 0.015753183579771637, "dsfb-red": 0.004911527341599596, "dsfb-alt": 0.0523074725610299, "alternate": 0.28122211727424723, "sfR": 0.09761014138424484, "unknown": 0.07772950928675916}, "english-200": {"sft": 0.0, "sfb": 0.024498886414253896, "dsfb": 0.0, "sfT": 0.0, "roll-out": 0.10467706013363029, "roll-in": 0.34966592427616927, "bad-redirect": 0.0022271714922048997, "redirect": 0.008908685968819599, "oneh-out": 0.0, "oneh-in": 0.015590200445434299, "dsfb-red": 0.0, "dsfb-alt": 0.062360801781737196, "alternate": 0.32516703786191536, "sfR": 0.10690423162583519, "unknown": 0.0}, "monkeyracer": {"sft": 0.0, "sfb": 0.030659086288064814, "dsfb": 0.0, "sfT": 1.4662871263900401e-05, "roll-out": 0.0966302766786055, "roll-in": 0.32082460077889174, "bad-redirect": 0.00716916652329637, "redirect": 0.00741452523577897, "oneh-out": 0.0019530944523515335, "oneh-in": 0.021833992836698624, "dsfb-red": 0.003546459796362044, "dsfb-alt": 0.05836702535308194, "alternate": 0.31213538326790435, "sfR": 0.09605353707555875, "unknown": 0.043398188842141486}, "chained-bigrams": {"sft": 0.0, "sfb": 0.023856103691362106, "dsfb": 0.0, "sfT": 0.00011947206334097133, "roll-out": 0.0822753454463288, "roll-in": 0.2843389656186672, "bad-redirect": 0.00493146913627542, "redirect": 0.016396891388856243, "oneh-out": 0.0017388379653647892, "oneh-in": 0.01089663134232707, "dsfb-red": 0.007751399413937585, "dsfb-alt": 0.06650568239001266, "alternate": 0.313368079791755, "sfR": 0.11643721321023381, "unknown": 0.0713839085415383}, "english-5k": {"sft": 0.0, "sfb": 0.022358651014228233, "dsfb": 0.0, "sfT": 0.0, "roll-out": 0.13659932799601776, "roll-in": 0.2657734268054922, "bad-redirect": 0.006263740822167835, "redirect": 0.009125980005807442, "oneh-out": 0.0036503920023229766, "oneh-in": 0.005351142821587091, "dsfb-red": 0.0029037209109387314, "dsfb-alt": 0.06251296303978097, "alternate": 0.3759903762392666, "sfR": 0.10644211224955408, "unknown": 0.0030281660928361057}, "mt-quotes": {"sft": 0.0, "sfb": 0.031497651235342636, "dsfb": 0.0, "sfT": 1.1953000800851053e-05, "roll-out": 0.09512198037317268, "roll-in": 0.32905565317172875, "bad-redirect": 0.007240530235115525, "redirect": 0.007059741098002653, "oneh-out": 0.00197373925724053, "oneh-in": 0.02339650494256583, "dsfb-red": 0.003424534729443827, "dsfb-alt": 0.05868176330667814, "alternate": 0.3118612615197045, "sfR": 0.09572710103871578, "unknown": 0.03494758609148827}, "english-1k": {"sft": 0.0, "sfb": 0.01799576570218772, "dsfb": 0.0, "sfT": 0.0, "roll-out": 0.14749470712773466, "roll-in": 0.2829922371206775, "bad-redirect": 0.0045871559633027525, "redirect": 0.008468595624558928, "oneh-out": 0.0035285815102328866, "oneh-in": 0.009174311926605505, "dsfb-red": 0.0014114326040931546, "dsfb-alt": 0.062103034580098804, "alternate": 0.3539167254763585, "sfR": 0.10832745236414962, "unknown": 0.0}, "english-10k": {"sft": 0.0, "sfb": 0.024661816638042493, "dsfb": 0.0, "sfT": 0.0, "roll-out": 0.12844213735744198, "roll-in": 0.2763358484012273, "bad-redirect": 0.005248837343933927, "redirect": 0.009281951332471393, "oneh-out": 0.0030875513787846625, "oneh-in": 0.009108276567414754, "dsfb-red": 0.004361166322533336, "dsfb-alt": 0.06308253410779414, "alternate": 0.3631925281256633, "sfR": 0.10543987958549622, "unknown": 0.0077574728391964646}, "reddit": {"sft": 0.0, "sfb": 0.03004616438897501, "dsfb": 0.0, "sfT": 3.50226814001656e-05, "roll-out": 0.10032293908844013, "roll-in": 0.29270267784920284, "bad-redirect": 0.008145039599040865, "redirect": 0.009611871902388977, "oneh-out": 0.0017661170353131636, "oneh-in": 0.016950191192001644, "dsfb-red": 0.003640860569086734, "dsfb-alt": 0.056045017817555054, "alternate": 0.29852262343481856, "sfR": 0.1028716913164539, "unknown": 0.07933978312532296}, "akl": {"sft": 0.0, "sfb": 0.031633407765172566, "dsfb": 0.0, "sfT": 0.00011399582502681689, "roll-out": 0.10009706992318045, "roll-in": 0.2688484971942778, "bad-redirect": 0.005981745055524021, "redirect": 0.014633160815521176, "oneh-out": 0.0024484940222200165, "oneh-in": 0.01993105482938976, "dsfb-red": 0.003466836074375337, "dsfb-alt": 0.051372156594082306, "alternate": 0.28541494046629995, "sfR": 0.11706348985084018, "unknown": 0.0989951515840897}, "keymash": {"sft": 0.0, "sfb": 0.029776736052673707, "dsfb": 0.0, "sfT": 2.873409875499255e-05, "roll-out": 0.10035589233743683, "roll-in": 0.3190757471891894, "bad-redirect": 0.007011120096218182, "redirect": 0.007552963101312328, "oneh-out": 0.002040121011604471, "oneh-in": 0.020573614708574665, "dsfb-red": 0.003879103331923994, "dsfb-alt": 0.058917217061486865, "alternate": 0.31176086662041846, "sfR": 0.09899307508220005, "unknown": 0.04003480930820605}, "movie": {"sft": 0.0, "sfb": 0.03347730575533935, "dsfb": 0.0, "sfT": 2.934631800433457e-05, "roll-out": 0.08800552816200326, "roll-in": 0.2813669699163393, "bad-redirect": 0.006195231447040621, "redirect": 0.009173816925561289, "oneh-out": 0.0015365363633121545, "oneh-in": 0.0287482058279682, "dsfb-red": 0.0052901015132567055, "dsfb-alt": 0.05467350642046115, "alternate": 0.2873076911435576, "sfR": 0.1138359467128768, "unknown": 0.09035981349427924}}