{"english-450k": {"sft": 0.0, "sfb": 0.037877543192689475, "dsfb": 0.0, "sfT": 0.00013740271449294597, "roll-out": 0.11764771230327294, "roll-in": 0.24652707330464052, "bad-redirect": 0.0026992324742837665, "redirect": 0.010214283918444766, "oneh-out": 0.0031602624333377577, "oneh-in": 0.005287081045967932, "dsfb-red": 0.004297196809216623, "dsfb-alt": 0.0744135096687659, "alternate": 0.3747571333934787, "sfR": 0.11328269117541298, "unknown": 0.009698877565995693}, "shai": {"sft": 0.0, "sfb": 0.027051374722762617, "dsfb": 0.0, "sfT": 0.00011063950609868056, "roll-out": 0.09550743072045648, "roll-in": 0.30067613719577424, "bad-redirect": 0.00492506811145415, "redirect": 0.00936300657071562, "oneh-out": 0.002023705170215935, "oneh-in": 0.01196229184554406, "dsfb-red": 0.004249906258698744, "dsfb-alt": 0.06531180555190017, "alternate": 0.31383553487346705, "sfR": 0.09728563198976478, "unknown": 0.06769746748314746}, "tr-quotes": {"sft": 0.0, "sfb": 0.030601465523219528, "dsfb": 0.0, "sfT": 4.8542567208340074e-05, "roll-out": 0.08964656387970689, "roll-in": 0.3224983241256559, "bad-redirect": 0.006318624164952266, "redirect": 0.009538614456438825, "oneh-out": 0.0016585377129516193, "oneh-in": 0.019564966135780494, "dsfb-red": 0.004079887196320011, "dsfb-alt": 0.06658884445574537, "alternate": 0.3081470608631331, "sfR": 0.09591664547745082, "unknown": 0.04539192344143686}, "gutenberg": {"sft": 0.0, "sfb": 0.02782788380554239, "dsfb": 0.0, "sfT": 8.770922818531312e-05, "roll-out": 0.08853820352556999, "roll-in": 0.337189697821818, "bad-redirect": 0.006033371940548677, "redirect": 0.009480363551909277, "oneh-out": 0.0017924507928497467, "oneh-in": 0.013595498679057348, "dsfb-red": 0.004834047699422937, "dsfb-alt": 0.05765489392866493, "alternate": 0.28015842976612515, "sfR": 0.09761014138424484, "unknown": 0.07519730787606137}, "english-200": {"sft": 0.0, "sfb": 0.015590200445434299, "dsfb": 0.0, "sfT": 0.0, "roll-out": 0.0935412026726058, "roll-in": 0.34966592427616927, "bad-redirect": 0.004454342984409799, "redirect": 0.011135857461024499, "oneh-out": 0.0, "oneh-in": 0.015590200445434299, "dsfb-red": 0.0, "dsfb-alt": 0.0801781737193764, "alternate": 0.32293986636971045, "sfR": 0.10690423162583519, "unknown": 0.0}, "monkeyracer": {"sft": 0.0, "sfb": 0.03063073807028794, "dsfb": 0.0, "sfT": 5.1808811799114756e-05, "roll-out": 0.08956375025415643, "roll-in": 0.3229507171121573, "bad-redirect": 0.006275708900949372, "redirect": 0.009505450678011167, "oneh-out": 0.001652016829066112, "oneh-in": 0.019880898384347093, "dsfb-red": 0.004050862567840218, "dsfb-alt": 0.06652642444906705, "alternate": 0.307566432582073, "sfR": 0.09605353707555875, "unknown": 0.04529165428468649}, "chained-bigrams": {"sft": 0.0, "sfb": 0.02659487088251546, "dsfb": 0.0, "sfT": 0.0001571317354810601, "roll-out": 0.08028522656513273, "roll-in": 0.2803970368331073, "bad-redirect": 0.0033017143591784737, "redirect": 0.014031474395643425, "oneh-out": 0.002199194992042771, "oneh-in": 0.010527176972538957, "dsfb-red": 0.006613168288738005, "dsfb-alt": 0.07052617704331317, "alternate": 0.3160094512790978, "sfR": 0.11643721321023381, "unknown": 0.07292016344297708}, "english-5k": {"sft": 0.0, "sfb": 0.028414983199900445, "dsfb": 0.0, "sfT": 0.00012444518189737422, "roll-out": 0.12427925498817771, "roll-in": 0.26523416435060354, "bad-redirect": 0.002488903637947484, "redirect": 0.010702285643174181, "oneh-out": 0.003982245820715975, "oneh-in": 0.004355581366408097, "dsfb-red": 0.004314099639108972, "dsfb-alt": 0.07740490314016675, "alternate": 0.3692288546895093, "sfR": 0.10644211224955408, "unknown": 0.0030281660928361057}, "mt-quotes": {"sft": 0.0, "sfb": 0.030778977062191463, "dsfb": 0.0, "sfT": 4.183550280297869e-05, "roll-out": 0.08886010207862684, "roll-in": 0.3314118884545965, "bad-redirect": 0.006566679814967547, "redirect": 0.009309893498762864, "oneh-out": 0.001655490610917871, "oneh-in": 0.02130323567731679, "dsfb-red": 0.003938513763880422, "dsfb-alt": 0.06711161712147835, "alternate": 0.30699639019375813, "sfR": 0.09572710103871578, "unknown": 0.03629827518198444}, "english-1k": {"sft": 0.0, "sfb": 0.02081863091037403, "dsfb": 0.0, "sfT": 0.0, "roll-out": 0.13302752293577982, "roll-in": 0.2861679604798871, "bad-redirect": 0.0035285815102328866, "redirect": 0.009880028228652082, "oneh-out": 0.004234297812279464, "oneh-in": 0.007057163020465773, "dsfb-red": 0.0035285815102328866, "dsfb-alt": 0.07833450952717008, "alternate": 0.3450952717007763, "sfR": 0.10832745236414962, "unknown": 0.0}, "english-10k": {"sft": 0.0, "sfb": 0.03241928947723896, "dsfb": 0.0, "sfT": 5.789158835221242e-05, "roll-out": 0.11582177109665966, "roll-in": 0.2762972540089925, "bad-redirect": 0.0022770691418536886, "redirect": 0.00988016441211092, "oneh-out": 0.003550684085602362, "oneh-in": 0.0067540186410914495, "dsfb-red": 0.004805001833233631, "dsfb-alt": 0.07400474711024488, "alternate": 0.36093475617992704, "sfR": 0.10543987958549622, "unknown": 0.0077574728391964646}, "reddit": {"sft": 0.0, "sfb": 0.03183741534858712, "dsfb": 0.0, "sfT": 0.0002378920316282906, "roll-out": 0.09314362651812555, "roll-in": 0.29392184173606123, "bad-redirect": 0.0070631945892017396, "redirect": 0.010391959990987746, "oneh-out": 0.0012772228774148092, "oneh-in": 0.014529730604410948, "dsfb-red": 0.004186390335837549, "dsfb-alt": 0.0616681246964779, "alternate": 0.2953872506577054, "sfR": 0.1028716913164539, "unknown": 0.0834836592971079}, "akl": {"sft": 0.0, "sfb": 0.032546365633430815, "dsfb": 0.0, "sfT": 0.000316090597438489, "roll-out": 0.09631401934286116, "roll-in": 0.26682872660096296, "bad-redirect": 0.008002011282860691, "redirect": 0.015364592723274763, "oneh-out": 0.0014853532092488778, "oneh-in": 0.017030914304753713, "dsfb-red": 0.0038306934006701716, "dsfb-alt": 0.058847928454237676, "alternate": 0.27745332335622047, "sfR": 0.11706348985084018, "unknown": 0.10491649124320006}, "keymash": {"sft": 0.0, "sfb": 0.030363732641525698, "dsfb": 0.0, "sfT": 5.3363326259271875e-05, "roll-out": 0.0925196931198253, "roll-in": 0.3217274940171502, "bad-redirect": 0.006124467906064126, "redirect": 0.009781908190449606, "oneh-out": 0.0018389823203195231, "oneh-in": 0.018652534963240878, "dsfb-red": 0.00428138071449389, "dsfb-alt": 0.06743072003546609, "alternate": 0.306871964960819, "sfR": 0.09899307508220005, "unknown": 0.04136068272218642}, "movie": {"sft": 0.0, "sfb": 0.028010599942702302, "dsfb": 0.0, "sfT": 0.00011317414118263555, "roll-out": 0.07842638989360183, "roll-in": 0.2836770383748509, "bad-redirect": 0.0058992679080641704, "redirect": 0.011271354874758995, "oneh-out": 0.0008822319098702196, "oneh-in": 0.025604991453378374, "dsfb-red": 0.004725020394375034, "dsfb-alt": 0.05834587570399909, "alternate": 0.2856065258841763, "sfR": 0.1138359467128768, "unknown": 0.10360158280616336}}