{"english-450k": {"sft": 0.0, "sfb": 0.0323782188047601, "dsfb": 0.0, "sfT": 0.0001751153744282439, "roll-out": 0.12243897419226206, "roll-in": 0.2521696473310838, "bad-redirect": 0.0052780183137354185, "redirect": 0.00950651376570557, "oneh-out": 0.002683153433226081, "oneh-in": 0.006497979010712149, "dsfb-red": 0.004056011193351345, "dsfb-alt": 0.06303422613914159, "alternate": 0.37880057370018494, "sfR": 0.11328269117541298, "unknown": 0.009698877565995693}, "shai": {"sft": 0.0, "sfb": 0.021160473186891515, "dsfb": 0.0, "sfT": 0.00011625933968348726, "roll-out": 0.10037668366653425, "roll-in": 0.3119662474033427, "bad-redirect": 0.007614255242004277, "redirect": 0.008842363048680763, "oneh-out": 0.001977577638078382, "oneh-in": 0.013450111823851193, "dsfb-red": 0.004107548752443389, "dsfb-alt": 0.05600913478404512, "alternate": 0.3113334046004608, "sfR": 0.09728563198976478, "unknown": 0.06576030852421931}, "tr-quotes": {"sft": 0.0, "sfb": 0.023580129909156054, "dsfb": 0.0, "sfT": 5.200989343750722e-05, "roll-out": 0.09955040336561799, "roll-in": 0.32628926746954534, "bad-redirect": 0.009305147823674904, "redirect": 0.009977809112133331, "oneh-out": 0.0021451191604447426, "oneh-in": 0.02081782667991956, "dsfb-red": 0.004372298374979774, "dsfb-alt": 0.05490395506345207, "alternate": 0.3080095235893761, "sfR": 0.09591664547745082, "unknown": 0.04507986408081182}, "gutenberg": {"sft": 0.0, "sfb": 0.020384155053244996, "dsfb": 0.0, "sfT": 7.956344673397734e-05, "roll-out": 0.09629810226024597, "roll-in": 0.34492478033858415, "bad-redirect": 0.00790349181235302, "redirect": 0.009127821708166582, "oneh-out": 0.0018595114122398134, "oneh-in": 0.015774021625344824, "dsfb-red": 0.006748495777264783, "dsfb-alt": 0.048373628430368534, "alternate": 0.2783155887903439, "sfR": 0.09761014138424484, "unknown": 0.07260069796086463}, "english-200": {"sft": 0.0, "sfb": 0.0200445434298441, "dsfb": 0.0, "sfT": 0.0, "roll-out": 0.10467706013363029, "roll-in": 0.35634743875278396, "bad-redirect": 0.0066815144766146995, "redirect": 0.011135857461024499, "oneh-out": 0.0, "oneh-in": 0.013363028953229399, "dsfb-red": 0.0022271714922048997, "dsfb-alt": 0.0645879732739421, "alternate": 0.31403118040089084, "sfR": 0.10690423162583519, "unknown": 0.0}, "monkeyracer": {"sft": 0.0, "sfb": 0.023743098675258457, "dsfb": 0.0, "sfT": 4.789871279540798e-05, "roll-out": 0.09943479518901419, "roll-in": 0.3269175125514178, "bad-redirect": 0.009263024539781348, "redirect": 0.010011808498991194, "oneh-out": 0.0021378466302766786, "oneh-in": 0.021148747986299014, "dsfb-red": 0.004413524250434021, "dsfb-alt": 0.05487628446752272, "alternate": 0.30726828753304036, "sfR": 0.09605353707555875, "unknown": 0.04468363388961009}, "chained-bigrams": {"sft": 0.0, "sfb": 0.02129589529052814, "dsfb": 0.0, "sfT": 8.635752404537601e-05, "roll-out": 0.08547576827354428, "roll-in": 0.28913667798837617, "bad-redirect": 0.0070559940887300835, "redirect": 0.01619365902023818, "oneh-out": 0.0016849456759229378, "oneh-in": 0.011579050573693161, "dsfb-red": 0.008761068210107206, "dsfb-alt": 0.06355913769739674, "alternate": 0.3077749691742597, "sfR": 0.11643721321023381, "unknown": 0.07095926327292419}, "english-5k": {"sft": 0.0, "sfb": 0.022524577923424733, "dsfb": 0.0, "sfT": 0.00016592690919649896, "roll-out": 0.12855187289998757, "roll-in": 0.27664163935786285, "bad-redirect": 0.006720039822458207, "redirect": 0.009043016551209192, "oneh-out": 0.0036503920023229766, "oneh-in": 0.005143734185091467, "dsfb-red": 0.003608910275023852, "dsfb-alt": 0.05923590658315012, "alternate": 0.37524370514788236, "sfR": 0.10644211224955408, "unknown": 0.0030281660928361057}, "mt-quotes": {"sft": 0.0, "sfb": 0.02400760210850934, "dsfb": 0.0, "sfT": 3.585900240255316e-05, "roll-out": 0.09906647063745354, "roll-in": 0.3351038715769594, "bad-redirect": 0.00948470613547531, "redirect": 0.01014959180502265, "oneh-out": 0.0021500460190530834, "oneh-in": 0.022606112764609554, "dsfb-red": 0.0044121514206141455, "dsfb-alt": 0.05509138069112251, "alternate": 0.30645850515771983, "sfR": 0.09572710103871578, "unknown": 0.03570660164234231}, "english-1k": {"sft": 0.0, "sfb": 0.01799576570218772, "dsfb": 0.0, "sfT": 0.0, "roll-out": 0.13761467889908258, "roll-in": 0.2964008468595625, "bad-redirect": 0.00529287226534933, "redirect": 0.0077628793225123505, "oneh-out": 0.0038814396612561752, "oneh-in": 0.008468595624558928, "dsfb-red": 0.0024700070571630206, "dsfb-alt": 0.05857445306986592, "alternate": 0.3532110091743119, "sfR": 0.10832745236414962, "unknown": 0.0}, "english-10k": {"sft": 0.0, "sfb": 0.02475830261862951, "dsfb": 0.0, "sfT": 0.00013508037282182898, "roll-out": 0.12004785704637116, "roll-in": 0.2875089249532043, "bad-redirect": 0.005673375658516818, "redirect": 0.00843287470330561, "oneh-out": 0.00302965979043245, "oneh-in": 0.008953898998475521, "dsfb-red": 0.004033113988537466, "dsfb-alt": 0.06128789486887555, "alternate": 0.3629416645761371, "sfR": 0.10543987958549622, "unknown": 0.0077574728391964646}, "reddit": {"sft": 0.0, "sfb": 0.02634383620472499, "dsfb": 0.0, "sfT": 0.00023594424613865574, "roll-out": 0.10000350226814002, "roll-in": 0.3022757813288654, "bad-redirect": 0.009873062445066362, "redirect": 0.009977568628067927, "oneh-out": 0.0018378479817102943, "oneh-in": 0.015618879809836204, "dsfb-red": 0.004208302922595941, "dsfb-alt": 0.052740487362149695, "alternate": 0.29254794127501665, "sfR": 0.1028716913164539, "unknown": 0.08146515421123396}, "akl": {"sft": 0.0, "sfb": 0.024116808052466826, "dsfb": 0.0, "sfT": 0.0001542660893025946, "roll-out": 0.10433913956199087, "roll-in": 0.27772362976089005, "bad-redirect": 0.009887217239241675, "redirect": 0.01517191499727835, "oneh-out": 0.001878948576855056, "oneh-in": 0.018205443028046317, "dsfb-red": 0.0038203470404639334, "dsfb-alt": 0.047735441958715916, "alternate": 0.2764120582305543, "sfR": 0.11706348985084018, "unknown": 0.10349129561335392}, "keymash": {"sft": 0.0, "sfb": 0.023430605099071068, "dsfb": 0.0, "sfT": 4.104871250713222e-05, "roll-out": 0.10119739094383305, "roll-in": 0.32771239630069005, "bad-redirect": 0.008747480635269875, "redirect": 0.010455107075566576, "oneh-out": 0.0019662333290916332, "oneh-in": 0.020216490909762616, "dsfb-red": 0.004601560672049521, "dsfb-alt": 0.05531314010336066, "alternate": 0.3068924893170726, "sfR": 0.09899307508220005, "unknown": 0.04043298181952523}, "movie": {"sft": 0.0, "sfb": 0.020794564061762024, "dsfb": 0.0, "sfT": 0.00011093697792669974, "roll-out": 0.0902576935715377, "roll-in": 0.28411552237301435, "bad-redirect": 0.008111295976830359, "redirect": 0.012425994310499046, "oneh-out": 0.00175446238400802, "oneh-in": 0.025678159851631334, "dsfb-red": 0.006210365198477834, "dsfb-alt": 0.04636599806630136, "alternate": 0.2875575954390295, "sfR": 0.1138359467128768, "unknown": 0.102781465076105}}