{"english-450k": {"sft": 0.0, "sfb": 0.34037634311153414, "dsfb": 0.0, "sfT": 0.05638861229689979, "roll-out": 0.0915531827438562, "roll-in": 0.10356276468294177, "bad-redirect": 7.776408947898645e-05, "redirect": 0.005192068530627065, "oneh-out": 0.001740044588642584, "oneh-in": 0.0004750625767043345, "dsfb-red": 0.03927963557291962, "dsfb-alt": 0.13480112564981253, "alternate": 0.10357182741517429, "sfR": 0.11328269117541298, "unknown": 0.009698877565995693}, "shai": {"sft": 0.0, "sfb": 0.30041349125426947, "dsfb": 0.0, "sfT": 0.05490663335431611, "roll-out": 0.08297947088724941, "roll-in": 0.09528351983027174, "bad-redirect": 2.3841718238573855e-05, "redirect": 0.005427199468174867, "oneh-out": 0.002793080514101757, "oneh-in": 0.0006764932733843134, "dsfb-red": 0.03004826322371613, "dsfb-alt": 0.1449084036793035, "alternate": 0.1175565033240619, "sfR": 0.09728563198976478, "unknown": 0.06769746748314746}, "tr-quotes": {"sft": 0.0, "sfb": 0.31053720441043897, "dsfb": 0.0, "sfT": 0.05701902406324403, "roll-out": 0.0869825015602968, "roll-in": 0.10092115300154873, "bad-redirect": 1.271352950694621e-05, "redirect": 0.0071126418714315435, "oneh-out": 0.003638380989806061, "oneh-in": 0.000522410485194517, "dsfb-red": 0.02868287834308037, "dsfb-alt": 0.14189685860243637, "alternate": 0.12136566422412796, "sfR": 0.09591664547745082, "unknown": 0.04539192344143686}, "gutenberg": {"sft": 0.0, "sfb": 0.29089343309831805, "dsfb": 0.0, "sfT": 0.06316428374143698, "roll-out": 0.08170711331312422, "roll-in": 0.0884840246070797, "bad-redirect": 3.3340872917095265e-05, "redirect": 0.005385498160000576, "oneh-out": 0.003417439474002265, "oneh-in": 0.00032980943039012987, "dsfb-red": 0.026650344793879524, "dsfb-alt": 0.1516807020375441, "alternate": 0.11544656121100112, "sfR": 0.09761014138424484, "unknown": 0.07519730787606137}, "english-200": {"sft": 0.0, "sfb": 0.34521158129175944, "dsfb": 0.0, "sfT": 0.044543429844097995, "roll-out": 0.0957683741648107, "roll-in": 0.11581291759465479, "bad-redirect": 0.0, "redirect": 0.0066815144766146995, "oneh-out": 0.0022271714922048997, "oneh-in": 0.0, "dsfb-red": 0.0467706013363029, "dsfb-alt": 0.1403118040089087, "alternate": 0.0957683741648107, "sfR": 0.10690423162583519, "unknown": 0.0}, "monkeyracer": {"sft": 0.0, "sfb": 0.31024582792436306, "dsfb": 0.0, "sfT": 0.05732596149334501, "roll-out": 0.08691759075339787, "roll-in": 0.1014533837996778, "bad-redirect": 1.2707821762047014e-05, "redirect": 0.0071593912757871025, "oneh-out": 0.003622706726934326, "oneh-in": 0.0005307959397531946, "dsfb-red": 0.02850853183602609, "dsfb-alt": 0.14171274066659367, "alternate": 0.12116517040211458, "sfR": 0.09605353707555875, "unknown": 0.04529165428468649}, "chained-bigrams": {"sft": 0.0, "sfb": 0.30298504846085567, "dsfb": 0.0, "sfT": 0.050262026908485045, "roll-out": 0.08876709375764961, "roll-in": 0.08600170507412137, "bad-redirect": 2.662149237489035e-05, "redirect": 0.0070735253154159865, "oneh-out": 0.0014304182366313035, "oneh-in": 0.000535027066266089, "dsfb-red": 0.02843110455169082, "dsfb-alt": 0.1469097317137943, "alternate": 0.09822032076950397, "sfR": 0.11643721321023381, "unknown": 0.07292016344297708}, "english-5k": {"sft": 0.0, "sfb": 0.3429709213091633, "dsfb": 0.0, "sfT": 0.05716182021819389, "roll-out": 0.09001534823910068, "roll-in": 0.10183764051935122, "bad-redirect": 0.0, "redirect": 0.004687435184801095, "oneh-out": 0.0016592690919649893, "oneh-in": 0.0009125980005807441, "dsfb-red": 0.036047621022939395, "dsfb-alt": 0.14838013854896917, "alternate": 0.10685692952254532, "sfR": 0.10644211224955408, "unknown": 0.0030281660928361057}, "mt-quotes": {"sft": 0.0, "sfb": 0.3133374571186096, "dsfb": 0.0, "sfT": 0.0581110075184375, "roll-out": 0.08709255208520099, "roll-in": 0.10278385388651821, "bad-redirect": 1.4941251001063817e-05, "redirect": 0.007158353354609675, "oneh-out": 0.0035993473661562734, "oneh-in": 0.0004751317818338294, "dsfb-red": 0.028515377535530295, "dsfb-alt": 0.1441756015347653, "alternate": 0.12271100034663703, "sfR": 0.09572710103871578, "unknown": 0.03629827518198444}, "english-1k": {"sft": 0.0, "sfb": 0.33909668313338037, "dsfb": 0.0, "sfT": 0.0652787579393084, "roll-out": 0.08539167254763586, "roll-in": 0.10479887085391673, "bad-redirect": 0.0, "redirect": 0.004234297812279464, "oneh-out": 0.0028228652081863093, "oneh-in": 0.001058574453069866, "dsfb-red": 0.031051517290049402, "dsfb-alt": 0.1460832745236415, "alternate": 0.1118560338743825, "sfR": 0.10832745236414962, "unknown": 0.0}, "english-10k": {"sft": 0.0, "sfb": 0.3385307114876209, "dsfb": 0.0, "sfT": 0.05283572296945254, "roll-out": 0.08598830589915285, "roll-in": 0.10304702726693811, "bad-redirect": 7.718878446961657e-05, "redirect": 0.005441809305107968, "oneh-out": 0.0022770691418536886, "oneh-in": 0.0008490766291657822, "dsfb-red": 0.03388587638216167, "dsfb-alt": 0.14978483626329095, "alternate": 0.11408502344609328, "sfR": 0.10543987958549622, "unknown": 0.0077574728391964646}, "reddit": {"sft": 0.0, "sfb": 0.296282033345713, "dsfb": 0.0, "sfT": 0.053449631110029844, "roll-out": 0.08310447790265454, "roll-in": 0.0984030593716856, "bad-redirect": 2.846763407927899e-05, "redirect": 0.006532572872929284, "oneh-out": 0.0030315033701371146, "oneh-in": 0.0006780540948725109, "dsfb-red": 0.026659452368872367, "dsfb-alt": 0.13272465036782244, "alternate": 0.11275074694764221, "sfR": 0.1028716913164539, "unknown": 0.0834836592971079}, "akl": {"sft": 0.0, "sfb": 0.28320782021272367, "dsfb": 0.0, "sfT": 0.05224032153761534, "roll-out": 0.08119625236247054, "roll-in": 0.09318347095231493, "bad-redirect": 5.12981212620676e-05, "redirect": 0.0055996112246732566, "oneh-out": 0.0025362212440884803, "oneh-in": 0.000536647737164287, "dsfb-red": 0.026372748257195894, "dsfb-alt": 0.12489512693868797, "alternate": 0.10820050031776336, "sfR": 0.11706348985084018, "unknown": 0.10491649124320006}, "keymash": {"sft": 0.0, "sfb": 0.307286556957141, "dsfb": 0.0, "sfT": 0.05721780036369159, "roll-out": 0.08696169744635959, "roll-in": 0.10121791530008661, "bad-redirect": 1.6419485002852885e-05, "redirect": 0.006883869087446072, "oneh-out": 0.0037231182243968918, "oneh-in": 0.0004720601938320205, "dsfb-red": 0.02941961225386166, "dsfb-alt": 0.1437443814574756, "alternate": 0.12270281142631961, "sfR": 0.09899307508220005, "unknown": 0.04136068272218642}, "movie": {"sft": 0.0, "sfb": 0.28537004456824, "dsfb": 0.0, "sfT": 0.05955828659087772, "roll-out": 0.08501259851907689, "roll-in": 0.09336353415996955, "bad-redirect": 3.974254725250691e-05, "redirect": 0.008134983587775561, "oneh-out": 0.004755551092926629, "oneh-in": 0.0004859908178924106, "dsfb-red": 0.023635498201123345, "dsfb-alt": 0.11397188728013456, "alternate": 0.10823435311569068, "sfR": 0.1138359467128768, "unknown": 0.10360158280616336}}