{"english-450k": {"sft": 0.0, "sfb": 0.04092028245320561, "dsfb": 0.0, "sfT": 5.291466238983664e-05, "roll-out": 0.22377142970740238, "roll-in": 0.22046937936655595, "bad-redirect": 0.011028468088365733, "redirect": 0.05246327985541726, "oneh-out": 0.01004940066105323, "oneh-in": 0.010865923600582587, "dsfb-red": 0.023897255512333793, "dsfb-alt": 0.03741885200324387, "alternate": 0.24608124534804107, "sfR": 0.11328269117541298, "unknown": 0.009698877565995693}, "shai": {"sft": 0.0, "sfb": 0.01885515707202645, "dsfb": 0.0, "sfT": 1.4788832043764724e-05, "roll-out": 0.2326903900536067, "roll-in": 0.22233573056133624, "bad-redirect": 0.0059377412232287695, "redirect": 0.044998475833012606, "oneh-out": 0.0077467199833541455, "oneh-in": 0.00842786935853083, "dsfb-red": 0.0230484547315438, "dsfb-alt": 0.03716240746239588, "alternate": 0.2353825264356662, "sfR": 0.09728563198976478, "unknown": 0.06611410646348981}, "tr-quotes": {"sft": 0.0, "sfb": 0.017102008737662096, "dsfb": 0.0, "sfT": 8.09042786805668e-06, "roll-out": 0.24923256512794434, "roll-in": 0.22064330459305148, "bad-redirect": 0.005459883035528536, "redirect": 0.046433277085596726, "oneh-out": 0.009958160930168049, "oneh-in": 0.007498670858278819, "dsfb-red": 0.023901435473058875, "dsfb-alt": 0.03505697972769931, "alternate": 0.24277871524005457, "sfR": 0.09591664547745082, "unknown": 0.046010263285638335}, "gutenberg": {"sft": 0.0, "sfb": 0.016574770885688924, "dsfb": 0.0, "sfT": 3.788735558760826e-06, "roll-out": 0.2436202429109916, "roll-in": 0.218994219526158, "bad-redirect": 0.00485223363010499, "redirect": 0.042346507903491815, "oneh-out": 0.009592699561226535, "oneh-in": 0.0074571787635309954, "dsfb-red": 0.02263617946937243, "dsfb-alt": 0.029935936270436912, "alternate": 0.22880477138201327, "sfR": 0.09761014138424484, "unknown": 0.0775713295771809}, "english-200": {"sft": 0.0, "sfb": 0.015590200445434299, "dsfb": 0.0, "sfT": 0.0, "roll-out": 0.23608017817371937, "roll-in": 0.22717149220489977, "bad-redirect": 0.004454342984409799, "redirect": 0.044543429844097995, "oneh-out": 0.0066815144766146995, "oneh-in": 0.013363028953229399, "dsfb-red": 0.024498886414253896, "dsfb-alt": 0.035634743875278395, "alternate": 0.28507795100222716, "sfR": 0.10690423162583519, "unknown": 0.0}, "monkeyracer": {"sft": 0.0, "sfb": 0.01702261601263744, "dsfb": 0.0, "sfT": 6.842673256486854e-06, "roll-out": 0.24907232901137058, "roll-in": 0.22099586311525407, "bad-redirect": 0.005479026228944117, "redirect": 0.04641874032250497, "oneh-out": 0.009947291865430032, "oneh-in": 0.007501524938611445, "dsfb-red": 0.023993345011495693, "dsfb-alt": 0.03499245350892285, "alternate": 0.2429139230805324, "sfR": 0.09605353707555875, "unknown": 0.04560250715548118}, "chained-bigrams": {"sft": 0.0, "sfb": 0.020869951412529893, "dsfb": 0.0, "sfT": 4.934715659735772e-05, "roll-out": 0.215700317315203, "roll-in": 0.20348300022920457, "bad-redirect": 0.007298834043564449, "redirect": 0.04736223215369821, "oneh-out": 0.009194154439718228, "oneh-in": 0.008815609804241129, "dsfb-red": 0.030254352127024774, "dsfb-alt": 0.04649605969447617, "alternate": 0.22237322163561152, "sfR": 0.11643721321023381, "unknown": 0.0716657067778969}, "english-5k": {"sft": 0.0, "sfb": 0.02293939519641598, "dsfb": 0.0, "sfT": 0.0, "roll-out": 0.2222176131414112, "roll-in": 0.24308292197287096, "bad-redirect": 0.008462272369021445, "redirect": 0.05288920230638404, "oneh-out": 0.010121541460986436, "oneh-in": 0.010577840461276808, "dsfb-red": 0.02497199983407309, "dsfb-alt": 0.038495042933587756, "alternate": 0.2567718919815821, "sfR": 0.10644211224955408, "unknown": 0.0030281660928361057}, "mt-quotes": {"sft": 0.0, "sfb": 0.016205280835753816, "dsfb": 0.0, "sfT": 2.9882502002127633e-06, "roll-out": 0.2546781056884331, "roll-in": 0.22274267579875928, "bad-redirect": 0.005207025973870741, "redirect": 0.046353737105700385, "oneh-out": 0.010157062430523183, "oneh-in": 0.007360060243124036, "dsfb-red": 0.024345274381133382, "dsfb-alt": 0.0354242119984222, "alternate": 0.24518592892745725, "sfR": 0.09572710103871578, "unknown": 0.036610547327906674}, "english-1k": {"sft": 0.0, "sfb": 0.011291460832745237, "dsfb": 0.0, "sfT": 0.0, "roll-out": 0.2240649258997883, "roll-in": 0.24982357092448837, "bad-redirect": 0.007057163020465773, "redirect": 0.05045871559633028, "oneh-out": 0.011291460832745237, "oneh-in": 0.013408609738884969, "dsfb-red": 0.016937191249117856, "dsfb-alt": 0.03634438955539873, "alternate": 0.2709950599858857, "sfR": 0.10832745236414962, "unknown": 0.0}, "english-10k": {"sft": 0.0, "sfb": 0.02520213812932981, "dsfb": 0.0, "sfT": 0.0, "roll-out": 0.22637540765326797, "roll-in": 0.2339013141390556, "bad-redirect": 0.007506609289670211, "redirect": 0.05075162578877289, "oneh-out": 0.00912757376353216, "oneh-in": 0.009301248528588796, "dsfb-red": 0.02307944655641535, "dsfb-alt": 0.04231875108546728, "alternate": 0.2592385326412072, "sfR": 0.10543987958549622, "unknown": 0.0077574728391964646}, "reddit": {"sft": 0.0, "sfb": 0.017812423387884437, "dsfb": 0.0, "sfT": 2.041429022790401e-05, "roll-out": 0.2293946676001054, "roll-in": 0.21107398457166604, "bad-redirect": 0.004920705465429898, "redirect": 0.04540037011670044, "oneh-out": 0.008507589902005789, "oneh-in": 0.006868678242131087, "dsfb-red": 0.023966526557212358, "dsfb-alt": 0.03540122601859349, "alternate": 0.23079299029459693, "sfR": 0.1028716913164539, "unknown": 0.0829687322369923}, "akl": {"sft": 0.0, "sfb": 0.021042576077653957, "dsfb": 0.0, "sfT": 0.00014150351323980966, "roll-out": 0.21243097212046236, "roll-in": 0.1990578368970039, "bad-redirect": 0.0049506404273059156, "redirect": 0.04283467470485923, "oneh-out": 0.007523538589011719, "oneh-in": 0.005962291420166184, "dsfb-red": 0.022185570086305992, "dsfb-alt": 0.03636615508562016, "alternate": 0.22670225814577613, "sfR": 0.11706348985084018, "unknown": 0.10373849308175447}, "keymash": {"sft": 0.0, "sfb": 0.016973642621699172, "dsfb": 0.0, "sfT": 1.6419485002852885e-05, "roll-out": 0.2464852039915768, "roll-in": 0.22256201434242015, "bad-redirect": 0.0056811418109870985, "redirect": 0.04646303768682295, "oneh-out": 0.009322162610369725, "oneh-in": 0.007294356212517394, "dsfb-red": 0.024025811430424485, "dsfb-alt": 0.035248529429874435, "alternate": 0.24543025208014352, "sfR": 0.09899307508220005, "unknown": 0.04150435321596138}, "movie": {"sft": 0.0, "sfb": 0.01474264266093988, "dsfb": 0.0, "sfT": 7.369478960729757e-06, "roll-out": 0.22273355293503316, "roll-in": 0.20225048095720058, "bad-redirect": 0.006815846853804934, "redirect": 0.0431934373737072, "oneh-out": 0.008393573340594025, "oneh-in": 0.006691223700665451, "dsfb-red": 0.024519704078572332, "dsfb-alt": 0.031916423791889074, "alternate": 0.22191409319416774, "sfR": 0.1138359467128768, "unknown": 0.10298570492158808}}