{"english-450k": {"sft": 0.0, "sfb": 0.03043616299119278, "dsfb": 0.0, "sfT": 3.332746691956562e-05, "roll-out": 0.2117355366102224, "roll-in": 0.2245882449931328, "bad-redirect": 0.01498712799676782, "redirect": 0.05623045300213237, "oneh-out": 0.02626350566362295, "oneh-in": 0.02413581001238963, "dsfb-red": 0.02852801933694712, "dsfb-alt": 0.034052485498166696, "alternate": 0.22618094709644676, "sfR": 0.11328269117541298, "unknown": 0.009545688156646111}, "shai": {"sft": 0.0, "sfb": 0.01812423423961794, "dsfb": 0.0, "sfT": 4.067025572255423e-05, "roll-out": 0.2130481272949589, "roll-in": 0.23345727285422213, "bad-redirect": 0.009093204243330434, "redirect": 0.06950148050877608, "oneh-out": 0.02073620671450905, "oneh-in": 0.024820327882455993, "dsfb-red": 0.03288882591303718, "dsfb-alt": 0.030721636947603645, "alternate": 0.18917135476383848, "sfR": 0.09728563198976478, "unknown": 0.06111102639216282}, "tr-quotes": {"sft": 0.0, "sfb": 0.0168905018376829, "dsfb": 0.0, "sfT": 3.35174868819491e-05, "roll-out": 0.21642934744920367, "roll-in": 0.24139294052379742, "bad-redirect": 0.00842560273687617, "redirect": 0.07246596241418368, "oneh-out": 0.01819999537689836, "oneh-in": 0.0232622916714824, "dsfb-red": 0.033015880354129584, "dsfb-alt": 0.030178451723261137, "alternate": 0.2013742169621599, "sfR": 0.09591664547745082, "unknown": 0.042414645985992004}, "gutenberg": {"sft": 0.0, "sfb": 0.01691443102853183, "dsfb": 0.0, "sfT": 0.00011138882542756828, "roll-out": 0.19891676261639468, "roll-in": 0.22840127104500527, "bad-redirect": 0.009030072330750552, "redirect": 0.08334157383317364, "oneh-out": 0.016739770319272956, "oneh-in": 0.02719440722011758, "dsfb-red": 0.03580980244396176, "dsfb-alt": 0.02955422116289176, "alternate": 0.18306564022242908, "sfR": 0.09761014138424484, "unknown": 0.07331051756779848}, "english-200": {"sft": 0.0, "sfb": 0.015590200445434299, "dsfb": 0.0, "sfT": 0.0, "roll-out": 0.24721603563474387, "roll-in": 0.24053452115812918, "bad-redirect": 0.017817371937639197, "redirect": 0.05790645879732739, "oneh-out": 0.026726057906458798, "oneh-in": 0.017817371937639197, "dsfb-red": 0.031180400890868598, "dsfb-alt": 0.0334075723830735, "alternate": 0.20489977728285078, "sfR": 0.10690423162583519, "unknown": 0.0}, "monkeyracer": {"sft": 0.0, "sfb": 0.016764549478392794, "dsfb": 0.0, "sfT": 3.323584153150758e-05, "roll-out": 0.2169215399533916, "roll-in": 0.24159426466678136, "bad-redirect": 0.008372499491687129, "redirect": 0.07219020285593632, "oneh-out": 0.018099848288158655, "oneh-in": 0.0233784819431628, "dsfb-red": 0.03276369707680998, "dsfb-alt": 0.030068661338505092, "alternate": 0.2014228850274489, "sfR": 0.09605353707555875, "unknown": 0.042336596962635094}, "chained-bigrams": {"sft": 0.0, "sfb": 0.019199290439832505, "dsfb": 0.0, "sfT": 6.233325043876765e-05, "roll-out": 0.1941466480619229, "roll-in": 0.21748720382778103, "bad-redirect": 0.006587845405747255, "redirect": 0.07786981311063049, "oneh-out": 0.017247480535468592, "oneh-in": 0.030882879068949015, "dsfb-red": 0.03853688277907603, "dsfb-alt": 0.03270677594897504, "alternate": 0.18118717571288787, "sfR": 0.11643721321023381, "unknown": 0.06764845864805673}, "english-5k": {"sft": 0.0, "sfb": 0.019413448375990378, "dsfb": 0.0, "sfT": 8.296345459824948e-05, "roll-out": 0.21844277595719086, "roll-in": 0.2406769817895217, "bad-redirect": 0.013357116190318164, "redirect": 0.06097813912971336, "oneh-out": 0.0275023851993197, "oneh-in": 0.031069813747044428, "dsfb-red": 0.03484465093126478, "dsfb-alt": 0.03389057120338491, "alternate": 0.21238644377151863, "sfR": 0.10644211224955408, "unknown": 0.0009125980005807441}, "mt-quotes": {"sft": 0.0, "sfb": 0.015921397066733605, "dsfb": 0.0, "sfT": 2.540012670180849e-05, "roll-out": 0.2194974360813282, "roll-in": 0.24629456975173616, "bad-redirect": 0.008211711550184674, "redirect": 0.07317627090281015, "oneh-out": 0.01743345166804126, "oneh-in": 0.023229162931353915, "dsfb-red": 0.03298131745974827, "dsfb-alt": 0.030003526135236252, "alternate": 0.202963447723551, "sfR": 0.09572710103871578, "unknown": 0.03453520756385891}, "english-1k": {"sft": 0.0, "sfb": 0.014820042342978124, "dsfb": 0.0, "sfT": 0.0, "roll-out": 0.21947776993648554, "roll-in": 0.24135497529992944, "bad-redirect": 0.01305575158786168, "redirect": 0.06033874382498236, "oneh-out": 0.02646436132674665, "oneh-in": 0.031051517290049402, "dsfb-red": 0.035638673253352154, "dsfb-alt": 0.030345800988002825, "alternate": 0.21912491178546226, "sfR": 0.10832745236414962, "unknown": 0.0}, "english-10k": {"sft": 0.0, "sfb": 0.021651454043727446, "dsfb": 0.0, "sfT": 1.929719611740414e-05, "roll-out": 0.21226915729144555, "roll-in": 0.24347272341328804, "bad-redirect": 0.012080044769494992, "redirect": 0.05501630613071921, "oneh-out": 0.02605121475849559, "oneh-in": 0.02904228015669323, "dsfb-red": 0.034368306285096774, "dsfb-alt": 0.03382798479380946, "alternate": 0.2190038787364196, "sfR": 0.10543987958549622, "unknown": 0.0077574728391964646}, "reddit": {"sft": 0.0, "sfb": 0.016946632737741735, "dsfb": 0.0, "sfT": 4.5847873832944057e-05, "roll-out": 0.21195408395367493, "roll-in": 0.21944309441684146, "bad-redirect": 0.009011766684515124, "redirect": 0.06548346189654, "oneh-out": 0.016595357116168736, "oneh-in": 0.02241346728853464, "dsfb-red": 0.03105620353759048, "dsfb-alt": 0.030941508938181598, "alternate": 0.19376187985272494, "sfR": 0.1028716913164539, "unknown": 0.07947500438719952}, "akl": {"sft": 0.0, "sfb": 0.02010124316164447, "dsfb": 0.0, "sfT": 0.0002629958028471944, "roll-out": 0.19580691139339948, "roll-in": 0.2159350427007296, "bad-redirect": 0.007841054134263043, "redirect": 0.0605109045060691, "oneh-out": 0.015731176036689803, "oneh-in": 0.022955661447764324, "dsfb-red": 0.026651790211500666, "dsfb-alt": 0.03098840203998007, "alternate": 0.18885384756354368, "sfR": 0.11706348985084018, "unknown": 0.09729748115072838}, "keymash": {"sft": 0.0, "sfb": 0.017540114854297593, "dsfb": 0.0, "sfT": 2.462922750427933e-05, "roll-out": 0.2166181607713874, "roll-in": 0.24034431660050984, "bad-redirect": 0.008488873746474942, "redirect": 0.07300103032268393, "oneh-out": 0.018069643245639602, "oneh-in": 0.023927294520407368, "dsfb-red": 0.03447270876348963, "dsfb-alt": 0.030215957276500022, "alternate": 0.199418750230899, "sfR": 0.09899307508220005, "unknown": 0.038885445358006344}, "movie": {"sft": 0.0, "sfb": 0.01516638770118184, "dsfb": 0.0, "sfT": 2.3029621752280492e-05, "roll-out": 0.19083371047080575, "roll-in": 0.22190619732385267, "bad-redirect": 0.006045341508892921, "redirect": 0.057166759070282326, "oneh-out": 0.014349296721410928, "oneh-in": 0.01796771089112924, "dsfb-red": 0.03395921704023564, "dsfb-alt": 0.03218948930695183, "alternate": 0.19797315640968988, "sfR": 0.1138359467128768, "unknown": 0.0985837572209379}}