{"english-450k": {"sft": 0.0, "sfb": 0.03521953153275359, "dsfb": 0.0, "sfT": 5.291466238983664e-05, "roll-out": 0.205415596435949, "roll-in": 0.2091924170072987, "bad-redirect": 0.0015359869403105068, "redirect": 0.04411299531485978, "oneh-out": 0.008896971936518776, "oneh-in": 0.008818330808436643, "dsfb-red": 0.027172994695085835, "dsfb-alt": 0.04817631516323735, "alternate": 0.2884243767617513, "sfR": 0.11328269117541298, "unknown": 0.009698877565995693}, "shai": {"sft": 0.0, "sfb": 0.026031641985327744, "dsfb": 0.0, "sfT": 3.673404996790657e-05, "roll-out": 0.2304193696311624, "roll-in": 0.20824075057444608, "bad-redirect": 0.0007866373671559586, "redirect": 0.030940179580775898, "oneh-out": 0.008564487048528423, "oneh-in": 0.010858815072796197, "dsfb-red": 0.02900318704942636, "dsfb-alt": 0.046544077144369034, "alternate": 0.24422203312264892, "sfR": 0.09728563198976478, "unknown": 0.06706645538363028}, "tr-quotes": {"sft": 0.0, "sfb": 0.030096391669170847, "dsfb": 0.0, "sfT": 2.6582834423614803e-05, "roll-out": 0.2609555951087585, "roll-in": 0.19778437853956218, "bad-redirect": 0.0006402995769862, "redirect": 0.034078037955664456, "oneh-out": 0.01223850581355031, "oneh-in": 0.008530778299160907, "dsfb-red": 0.039097570560088765, "dsfb-alt": 0.04582071611844386, "alternate": 0.22946996139710132, "sfR": 0.09591664547745082, "unknown": 0.045344536649638244}, "gutenberg": {"sft": 0.0, "sfb": 0.024052219384459287, "dsfb": 0.0, "sfT": 2.2921850130502998e-05, "roll-out": 0.2612206245124371, "roll-in": 0.19210063790940604, "bad-redirect": 0.0006948541014767355, "redirect": 0.030204368184775118, "oneh-out": 0.014686086209646652, "oneh-in": 0.007548487290497131, "dsfb-red": 0.03743365450444665, "dsfb-alt": 0.04236564101806355, "alternate": 0.2168689283144711, "sfR": 0.09761014138424484, "unknown": 0.07519143533594529}, "english-200": {"sft": 0.0, "sfb": 0.017817371937639197, "dsfb": 0.0, "sfT": 0.0, "roll-out": 0.29175946547884185, "roll-in": 0.20489977728285078, "bad-redirect": 0.0, "redirect": 0.024498886414253896, "oneh-out": 0.011135857461024499, "oneh-in": 0.011135857461024499, "dsfb-red": 0.042316258351893093, "dsfb-alt": 0.053452115812917596, "alternate": 0.23608017817371937, "sfR": 0.10690423162583519, "unknown": 0.0}, "monkeyracer": {"sft": 0.0, "sfb": 0.030180099160110736, "dsfb": 0.0, "sfT": 2.834821777687411e-05, "roll-out": 0.2612425121604079, "roll-in": 0.19797515523093046, "bad-redirect": 0.0006305034643477173, "redirect": 0.03404034440152025, "oneh-out": 0.012222969485587374, "oneh-in": 0.008434083550995512, "dsfb-red": 0.03925055132395952, "dsfb-alt": 0.04586252873922768, "alternate": 0.2288336565681843, "sfR": 0.09605353707555875, "unknown": 0.04524571062139293}, "chained-bigrams": {"sft": 0.0, "sfb": 0.024848241260845824, "dsfb": 0.0, "sfT": 9.479848504229246e-05, "roll-out": 0.20399595093594025, "roll-in": 0.19030666011301797, "bad-redirect": 0.0015966402378013505, "redirect": 0.04199637817842763, "oneh-out": 0.009862288967858769, "oneh-in": 0.007570892709541987, "dsfb-red": 0.03521763719321165, "dsfb-alt": 0.05520518352921774, "alternate": 0.24009014946344706, "sfR": 0.11643721321023381, "unknown": 0.07277796571541365}, "english-5k": {"sft": 0.0, "sfb": 0.03073795992865143, "dsfb": 0.0, "sfT": 8.296345459824948e-05, "roll-out": 0.19318040403202388, "roll-in": 0.23321027087567928, "bad-redirect": 0.001244451818973742, "redirect": 0.033766126021487534, "oneh-out": 0.008296345459824947, "oneh-in": 0.019579375285186874, "dsfb-red": 0.026382378562243333, "dsfb-alt": 0.046376571120421456, "alternate": 0.2976728750985191, "sfR": 0.10644211224955408, "unknown": 0.0030281660928361057}, "mt-quotes": {"sft": 0.0, "sfb": 0.0304831402923704, "dsfb": 0.0, "sfT": 2.2411876501595726e-05, "roll-out": 0.2696880864441018, "roll-in": 0.19918928772068228, "bad-redirect": 0.0005886852894419144, "redirect": 0.03405260515652454, "oneh-out": 0.01256110971659435, "oneh-in": 0.008296876680890738, "dsfb-red": 0.041006263372419645, "dsfb-alt": 0.04576505181625847, "alternate": 0.22633903491471533, "sfR": 0.09572710103871578, "unknown": 0.03628034568078316}, "english-1k": {"sft": 0.0, "sfb": 0.020465772759350742, "dsfb": 0.0, "sfT": 0.0, "roll-out": 0.239590684544813, "roll-in": 0.21841919548341568, "bad-redirect": 0.001058574453069866, "redirect": 0.03140437544107269, "oneh-out": 0.013408609738884969, "oneh-in": 0.011291460832745237, "dsfb-red": 0.02893436838390967, "dsfb-alt": 0.04798870853916726, "alternate": 0.2791107974594213, "sfR": 0.10832745236414962, "unknown": 0.0}, "english-10k": {"sft": 0.0, "sfb": 0.029852762393624208, "dsfb": 0.0, "sfT": 3.859439223480828e-05, "roll-out": 0.1896335462457305, "roll-in": 0.24632870843866386, "bad-redirect": 0.0013315065321008858, "redirect": 0.03481214179579707, "oneh-out": 0.006387371914860771, "oneh-in": 0.017078018563902665, "dsfb-red": 0.024816194206981727, "dsfb-alt": 0.04897628374597171, "alternate": 0.2875475193454391, "sfR": 0.10543987958549622, "unknown": 0.0077574728391964646}, "reddit": {"sft": 0.0, "sfb": 0.031553563070886095, "dsfb": 0.0, "sfT": 7.109417037167306e-05, "roll-out": 0.24045100973012495, "roll-in": 0.1933418698778158, "bad-redirect": 0.0007216170664964602, "redirect": 0.032527792932422896, "oneh-out": 0.01032622223071257, "oneh-in": 0.008060086185762176, "dsfb-red": 0.03517588222040804, "dsfb-alt": 0.04625893148608354, "alternate": 0.22026708259378353, "sfR": 0.1028716913164539, "unknown": 0.07837315711867839}, "akl": {"sft": 0.0, "sfb": 0.030400518135806447, "dsfb": 0.0, "sfT": 0.00022464612040610764, "roll-out": 0.23182457380740232, "roll-in": 0.18544877987914213, "bad-redirect": 0.0008451799157694761, "redirect": 0.034876279215921846, "oneh-out": 0.009041046055428487, "oneh-in": 0.0063786239985249935, "dsfb-red": 0.03724590547441407, "dsfb-alt": 0.044350013772430384, "alternate": 0.20358725035998518, "sfR": 0.11706348985084018, "unknown": 0.09871369341392838}, "keymash": {"sft": 0.0, "sfb": 0.02884903515001252, "dsfb": 0.0, "sfT": 4.104871250713222e-05, "roll-out": 0.2610739164166116, "roll-in": 0.1992914992221269, "bad-redirect": 0.0007552963101312328, "redirect": 0.03352858837582559, "oneh-out": 0.012565010898433171, "oneh-in": 0.008365727608953545, "dsfb-red": 0.03889775997175848, "dsfb-alt": 0.04729222167946703, "alternate": 0.2290395011760456, "sfR": 0.09899307508220005, "unknown": 0.04130731939592715}, "movie": {"sft": 0.0, "sfb": 0.0328536635982876, "dsfb": 0.0, "sfT": 5.145475488652384e-05, "roll-out": 0.24807824386369148, "roll-in": 0.16062647940645164, "bad-redirect": 0.0006098243840003874, "redirect": 0.03618861602369498, "oneh-out": 0.01233848174784038, "oneh-in": 0.0056910801274235555, "dsfb-red": 0.038566457369077586, "dsfb-alt": 0.047414174850626586, "alternate": 0.2001659711940227, "sfR": 0.1138359467128768, "unknown": 0.10357960596711975}}