{"english-450k": {"sft": 0.0, "sfb": 0.03890952528239181, "dsfb": 0.0, "sfT": 0.0017020395825062373, "roll-out": 0.17769182149808718, "roll-in": 0.19606899604221714, "bad-redirect": 0.003439160709138333, "redirect": 0.016978297972111343, "oneh-out": 0.0057296931943558475, "oneh-in": 0.0030374770288972524, "dsfb-red": 0.007076824488788816, "dsfb-alt": 0.05053613369810343, "alternate": 0.37584846176199393, "sfR": 0.11328269117541298, "unknown": 0.009698877565995693}, "shai": {"sft": 0.0, "sfb": 0.01717422691680448, "dsfb": 0.0, "sfT": 0.00016503423144363462, "roll-out": 0.2116537389852036, "roll-in": 0.19877989232832338, "bad-redirect": 0.0023007258100223773, "redirect": 0.01721750582806158, "oneh-out": 0.012059888073970015, "oneh-in": 0.004298897893351969, "dsfb-red": 0.006004714777189854, "dsfb-alt": 0.044464850959845904, "alternate": 0.32117554068836923, "sfR": 0.09728563198976478, "unknown": 0.06741935151764922}, "tr-quotes": {"sft": 0.0, "sfb": 0.016755276114745383, "dsfb": 0.0, "sfT": 0.00017336631145835742, "roll-out": 0.23761471070941495, "roll-in": 0.18846882873719978, "bad-redirect": 0.002122003652250295, "redirect": 0.02017868287834308, "oneh-out": 0.02010586902753057, "oneh-in": 0.004435866022514505, "dsfb-red": 0.007859272786112202, "dsfb-alt": 0.041490025658214094, "alternate": 0.3186045167703012, "sfR": 0.09591664547745082, "unknown": 0.04627493585446476}, "gutenberg": {"sft": 0.0, "sfb": 0.01714762770217356, "dsfb": 0.0, "sfT": 6.573456194450032e-05, "roll-out": 0.25496617985203474, "roll-in": 0.18138419938145103, "bad-redirect": 0.002390881574356019, "redirect": 0.019453641600013335, "oneh-out": 0.01543000443660934, "oneh-in": 0.004203980976001012, "dsfb-red": 0.007206364469541029, "dsfb-alt": 0.03600946880790846, "alternate": 0.2839861893011412, "sfR": 0.09761014138424484, "unknown": 0.08014558595258095}, "english-200": {"sft": 0.0, "sfb": 0.011135857461024499, "dsfb": 0.0, "sfT": 0.0, "roll-out": 0.26057906458797325, "roll-in": 0.19376391982182628, "bad-redirect": 0.0, "redirect": 0.028953229398663696, "oneh-out": 0.011135857461024499, "oneh-in": 0.0022271714922048997, "dsfb-red": 0.0022271714922048997, "dsfb-alt": 0.031180400890868598, "alternate": 0.3518930957683742, "sfR": 0.10690423162583519, "unknown": 0.0}, "monkeyracer": {"sft": 0.0, "sfb": 0.016655066706289003, "dsfb": 0.0, "sfT": 0.00015738148489919765, "roll-out": 0.23808983843470916, "roll-in": 0.18863295118632403, "bad-redirect": 0.002142734254031312, "redirect": 0.020098886403803744, "oneh-out": 0.020489896304174422, "oneh-in": 0.004452625240471088, "dsfb-red": 0.007860276522201542, "dsfb-alt": 0.04139719567699454, "alternate": 0.3178128470212866, "sfR": 0.09605353707555875, "unknown": 0.046156763689256614}, "chained-bigrams": {"sft": 0.0, "sfb": 0.018495444153628086, "dsfb": 0.0, "sfT": 6.363185982290863e-05, "roll-out": 0.20083578499963314, "roll-in": 0.17732251418568426, "bad-redirect": 0.0038821927538894973, "redirect": 0.022838643238887638, "oneh-out": 0.006307995083464872, "oneh-in": 0.004852903268534889, "dsfb-red": 0.011568012393927962, "dsfb-alt": 0.055435686694902765, "alternate": 0.3084846592026928, "sfR": 0.11643721321023381, "unknown": 0.07347531895469736}, "english-5k": {"sft": 0.0, "sfb": 0.021777906832040485, "dsfb": 0.0, "sfT": 0.0003733355456921226, "roll-out": 0.18098477620608122, "roll-in": 0.22209316795951384, "bad-redirect": 0.0036918737296221015, "redirect": 0.015638611191770024, "oneh-out": 0.008088936823329323, "oneh-in": 0.0017837142738623636, "dsfb-red": 0.005185215912390592, "dsfb-alt": 0.04923881030406106, "alternate": 0.3816733728792467, "sfR": 0.10644211224955408, "unknown": 0.0030281660928361057}, "mt-quotes": {"sft": 0.0, "sfb": 0.015822784810126583, "dsfb": 0.0, "sfT": 0.0001225182582087233, "roll-out": 0.2452412115561612, "roll-in": 0.1896433224561026, "bad-redirect": 0.0019558097560392535, "redirect": 0.020429172493754557, "oneh-out": 0.021983062597865193, "oneh-in": 0.004585469932226485, "dsfb-red": 0.008144475920679886, "dsfb-alt": 0.041130275755728474, "alternate": 0.3180424570588446, "sfR": 0.09572710103871578, "unknown": 0.03717233836554667}, "english-1k": {"sft": 0.0, "sfb": 0.016584333098094567, "dsfb": 0.0, "sfT": 0.0, "roll-out": 0.22759350741002118, "roll-in": 0.20359915314043756, "bad-redirect": 0.0017642907551164433, "redirect": 0.019054340155257588, "oneh-out": 0.013408609738884969, "oneh-in": 0.0014114326040931546, "dsfb-red": 0.0067043048694424845, "dsfb-alt": 0.043048694424841216, "alternate": 0.3585038814396613, "sfR": 0.10832745236414962, "unknown": 0.0}, "english-10k": {"sft": 0.0, "sfb": 0.0242179811273422, "dsfb": 0.0, "sfT": 0.00036664672623067866, "roll-out": 0.17060651087397002, "roll-in": 0.23476968796433878, "bad-redirect": 0.0025279326913799425, "redirect": 0.015997375581328032, "oneh-out": 0.006561046679917408, "oneh-in": 0.005692672854634221, "dsfb-red": 0.005518998089577585, "dsfb-alt": 0.05161999961405608, "alternate": 0.3689237953725324, "sfR": 0.10543987958549622, "unknown": 0.0077574728391964646}, "reddit": {"sft": 0.0, "sfb": 0.016617344617753653, "dsfb": 0.0, "sfT": 0.0001848897918622646, "roll-out": 0.22260056706777936, "roll-in": 0.17983352801823876, "bad-redirect": 0.0023195128588490424, "redirect": 0.019240712012985738, "oneh-out": 0.014785602194405098, "oneh-in": 0.004846277585277888, "dsfb-red": 0.0077856357187899685, "dsfb-alt": 0.04347633262707381, "alternate": 0.3055644672984609, "sfR": 0.1028716913164539, "unknown": 0.07987343889206965}, "akl": {"sft": 0.0, "sfb": 0.021774069939660277, "dsfb": 0.0, "sfT": 0.00026516420169281325, "roll-out": 0.2084502874739281, "roll-in": 0.17324465945048312, "bad-redirect": 0.001772387262156075, "redirect": 0.019512801669196257, "oneh-out": 0.015687993922535625, "oneh-in": 0.005182783012292591, "dsfb-red": 0.010542817141651336, "dsfb-alt": 0.03864229237673984, "alternate": 0.28890141603879127, "sfR": 0.11706348985084018, "unknown": 0.09895983766003248}, "keymash": {"sft": 0.0, "sfb": 0.017433388201779053, "dsfb": 0.0, "sfT": 0.00014777536502567597, "roll-out": 0.24190416767578085, "roll-in": 0.18752693821758282, "bad-redirect": 0.002171476891627294, "redirect": 0.019596655350904917, "oneh-out": 0.019654123548414903, "oneh-in": 0.004236227130736045, "dsfb-red": 0.008057862265150054, "dsfb-alt": 0.04094609072586438, "alternate": 0.31695352875257066, "sfR": 0.09899307508220005, "unknown": 0.0423786907923633}, "movie": {"sft": 0.0, "sfb": 0.013932789562291114, "dsfb": 0.0, "sfT": 7.751112692624691e-05, "roll-out": 0.22321414824154362, "roll-in": 0.1509568018251041, "bad-redirect": 0.0019325142596127943, "redirect": 0.020892209657991694, "oneh-out": 0.0256996102993206, "oneh-in": 0.0036956621009673887, "dsfb-red": 0.009610195358307356, "dsfb-alt": 0.04238608463399154, "alternate": 0.28998294360414106, "sfR": 0.1138359467128768, "unknown": 0.10378358261692566}}