{"english-450k": {"sft": 0.0, "sfb": 0.033868599737706985, "dsfb": 0.0, "sfT": 0.00010144413176394097, "roll-out": 0.1319902169267281, "roll-in": 0.26735995593758055, "bad-redirect": 0.004589250664064396, "redirect": 0.041490649891451854, "oneh-out": 0.00383675154256473, "oneh-in": 0.014022970225708808, "dsfb-red": 0.017029750903495934, "dsfb-alt": 0.04702680990071338, "alternate": 0.31570203139681263, "sfR": 0.11328269117541298, "unknown": 0.009698877565995693}, "shai": {"sft": 0.0, "sfb": 0.027376427135838655, "dsfb": 0.0, "sfT": 5.4239908992755524e-05, "roll-out": 0.12046458916539433, "roll-in": 0.2891010139542171, "bad-redirect": 0.004913619442209068, "redirect": 0.0298259933868647, "oneh-out": 0.004394891772532669, "oneh-in": 0.02068495089070492, "dsfb-red": 0.011216135084079213, "dsfb-alt": 0.04553290575121074, "alternate": 0.2814521340350436, "sfR": 0.09728563198976478, "unknown": 0.06769746748314746}, "tr-quotes": {"sft": 0.0, "sfb": 0.0328979912623379, "dsfb": 0.0, "sfT": 8.321582950001156e-05, "roll-out": 0.12240239476664895, "roll-in": 0.3079921869582303, "bad-redirect": 0.004009384896326945, "redirect": 0.03683340653244262, "oneh-out": 0.005226416402764614, "oneh-in": 0.02555188275814244, "dsfb-red": 0.01106886109891126, "dsfb-alt": 0.042960171979380964, "alternate": 0.26966551859642635, "sfR": 0.09591664547745082, "unknown": 0.04539192344143686}, "gutenberg": {"sft": 0.0, "sfb": 0.03030382249319259, "dsfb": 0.0, "sfT": 7.52064008414024e-05, "roll-out": 0.12281129482689836, "roll-in": 0.3138344163433928, "bad-redirect": 0.004035382243636155, "redirect": 0.03078139261037439, "oneh-out": 0.005107215533209593, "oneh-in": 0.016470580657823, "dsfb-red": 0.010303276915272127, "dsfb-alt": 0.045528098588961216, "alternate": 0.24794186412609215, "sfR": 0.09761014138424484, "unknown": 0.07519730787606137}, "english-200": {"sft": 0.0, "sfb": 0.015590200445434299, "dsfb": 0.0, "sfT": 0.0, "roll-out": 0.14253897550111358, "roll-in": 0.32516703786191536, "bad-redirect": 0.0022271714922048997, "redirect": 0.0378619153674833, "oneh-out": 0.004454342984409799, "oneh-in": 0.011135857461024499, "dsfb-red": 0.008908685968819599, "dsfb-alt": 0.0467706013363029, "alternate": 0.2984409799554566, "sfR": 0.10690423162583519, "unknown": 0.0}, "monkeyracer": {"sft": 0.0, "sfb": 0.03292401113596196, "dsfb": 0.0, "sfT": 7.52694058213554e-05, "roll-out": 0.122733120102601, "roll-in": 0.3080512848585326, "bad-redirect": 0.0040215368253124165, "redirect": 0.03674906548633811, "oneh-out": 0.005246375338223564, "oneh-in": 0.0258467319392527, "dsfb-red": 0.010999108497427156, "dsfb-alt": 0.04305605517931714, "alternate": 0.2689522498709667, "sfR": 0.09605353707555875, "unknown": 0.04529165428468649}, "chained-bigrams": {"sft": 0.0, "sfb": 0.026300086552315454, "dsfb": 0.0, "sfT": 0.00013180885249031076, "roll-out": 0.10114219188382122, "roll-in": 0.2847155623400681, "bad-redirect": 0.004470462804905367, "redirect": 0.034494311766245116, "oneh-out": 0.004149056982330471, "oneh-in": 0.016779981157177836, "dsfb-red": 0.01608068000381791, "dsfb-alt": 0.04940559401964406, "alternate": 0.2729728869839732, "sfR": 0.11643721321023381, "unknown": 0.07292016344297708}, "english-5k": {"sft": 0.0, "sfb": 0.02306384037831335, "dsfb": 0.0, "sfT": 0.0, "roll-out": 0.12880076326378231, "roll-in": 0.2773883104492471, "bad-redirect": 0.004936325548595843, "redirect": 0.0313601858381383, "oneh-out": 0.004231136184510723, "oneh-in": 0.023769029742398473, "dsfb-red": 0.014062305554403286, "dsfb-alt": 0.050483262123034806, "alternate": 0.3324345625751856, "sfR": 0.10644211224955408, "unknown": 0.0030281660928361057}, "mt-quotes": {"sft": 0.0, "sfb": 0.033026141212751464, "dsfb": 0.0, "sfT": 5.5282628703936124e-05, "roll-out": 0.12388986505062095, "roll-in": 0.31462389882980124, "bad-redirect": 0.004037126020487444, "redirect": 0.03741139838156369, "oneh-out": 0.005350461983480953, "oneh-in": 0.026933099054517635, "dsfb-red": 0.010680006215560417, "dsfb-alt": 0.04276335449014475, "alternate": 0.26920398991166733, "sfR": 0.09572710103871578, "unknown": 0.03629827518198444}, "english-1k": {"sft": 0.0, "sfb": 0.019407198306280876, "dsfb": 0.0, "sfT": 0.0, "roll-out": 0.1616090331686662, "roll-in": 0.28757939308398023, "bad-redirect": 0.0056457304163726185, "redirect": 0.03881439661256175, "oneh-out": 0.0067043048694424845, "oneh-in": 0.015172900494001412, "dsfb-red": 0.010938602681721948, "dsfb-alt": 0.051517290049400144, "alternate": 0.29428369795342274, "sfR": 0.10832745236414962, "unknown": 0.0}, "english-10k": {"sft": 0.0, "sfb": 0.02678450821095695, "dsfb": 0.0, "sfT": 5.789158835221242e-05, "roll-out": 0.1317998494818703, "roll-in": 0.2832249474151406, "bad-redirect": 0.005750564442986434, "redirect": 0.03241928947723896, "oneh-out": 0.004689218656529206, "oneh-in": 0.021053240964087918, "dsfb-red": 0.013488740086065494, "dsfb-alt": 0.05001833233631153, "alternate": 0.3175160649157677, "sfR": 0.10543987958549622, "unknown": 0.0077574728391964646}, "reddit": {"sft": 0.0, "sfb": 0.033520526756111224, "dsfb": 0.0, "sfT": 9.233252369134567e-05, "roll-out": 0.11806722744160061, "roll-in": 0.2809246437378603, "bad-redirect": 0.003954866064463834, "redirect": 0.03419558425792276, "oneh-out": 0.005482491749536511, "oneh-in": 0.021085452158736275, "dsfb-red": 0.01090306639495059, "dsfb-alt": 0.04139830771152623, "alternate": 0.2640201505900385, "sfR": 0.1028716913164539, "unknown": 0.0834836592971079}, "akl": {"sft": 0.0, "sfb": 0.036928080157899085, "dsfb": 0.0, "sfT": 0.00015240746172063565, "roll-out": 0.11723689980423695, "roll-in": 0.2639437029139935, "bad-redirect": 0.004835591379982655, "redirect": 0.03371550433673574, "oneh-out": 0.004944259139274523, "oneh-in": 0.019224900256750815, "dsfb-red": 0.014272525110368403, "dsfb-alt": 0.03768076237433974, "alternate": 0.2450853859706577, "sfR": 0.11706348985084018, "unknown": 0.10491649124320006}, "keymash": {"sft": 0.0, "sfb": 0.032740453095688654, "dsfb": 0.0, "sfT": 2.462922750427933e-05, "roll-out": 0.12488249806044834, "roll-in": 0.30903112723869414, "bad-redirect": 0.004342953783254588, "redirect": 0.0362624326288006, "oneh-out": 0.0051310890633915265, "oneh-in": 0.025084868213108496, "dsfb-red": 0.01148132488824488, "dsfb-alt": 0.04399601006514431, "alternate": 0.2666688559313337, "sfR": 0.09899307508220005, "unknown": 0.04136068272218642}, "movie": {"sft": 0.0, "sfb": 0.04152030245394438, "dsfb": 0.0, "sfT": 0.0001494951446319465, "roll-out": 0.10616063437527677, "roll-in": 0.2669942487796603, "bad-redirect": 0.002926735930118389, "redirect": 0.03941157868846699, "oneh-out": 0.0045389410506166085, "oneh-in": 0.030722831395928022, "dsfb-red": 0.010938412343140311, "dsfb-alt": 0.03622664779904589, "alternate": 0.2429726425201302, "sfR": 0.1138359467128768, "unknown": 0.10360158280616336}}