{"english-450k": {"sft": 0.0, "sfb": 0.042797729756341135, "dsfb": 0.0, "sfT": 0.0002490789632935957, "roll-out": 0.19718341976061524, "roll-in": 0.18785348310034317, "bad-redirect": 0.00043998103257847593, "redirect": 0.02558964767020542, "oneh-out": 0.0037224441779546407, "oneh-in": 0.0020496392155532855, "dsfb-red": 0.009242232799957435, "dsfb-alt": 0.06570188522371208, "alternate": 0.34234207896738644, "sfR": 0.11328269117541298, "unknown": 0.009545688156646111}, "shai": {"sft": 0.0, "sfb": 0.02599123878781273, "dsfb": 0.0, "sfT": 8.070576440109449e-05, "roll-out": 0.2374080584388381, "roll-in": 0.19277066078405813, "bad-redirect": 0.000473792223450776, "redirect": 0.023477203137322412, "oneh-out": 0.011919101953689474, "oneh-in": 0.001418102304503329, "dsfb-red": 0.011685066074070955, "dsfb-alt": 0.05661442027623572, "alternate": 0.2797649918736897, "sfR": 0.09728563198976478, "unknown": 0.06111102639216282}, "tr-quotes": {"sft": 0.0, "sfb": 0.024650377938558978, "dsfb": 0.0, "sfT": 4.8542567208340074e-05, "roll-out": 0.2631735281200157, "roll-in": 0.18050553616421258, "bad-redirect": 0.0005721088278125794, "redirect": 0.025913640461385543, "oneh-out": 0.022721388779732322, "oneh-in": 0.0012540163195487854, "dsfb-red": 0.016024826055800835, "dsfb-alt": 0.055728022930584126, "alternate": 0.2710767203716974, "sfR": 0.09591664547745082, "unknown": 0.042414645985992004}, "gutenberg": {"sft": 0.0, "sfb": 0.024709565003904293, "dsfb": 0.0, "sfT": 5.0769056487395065e-05, "roll-out": 0.2684317249014266, "roll-in": 0.17985847557193804, "bad-redirect": 0.0004809799791846868, "redirect": 0.023685090908815366, "oneh-out": 0.01670548226246617, "oneh-in": 0.001696785219991036, "dsfb-red": 0.019294325269767442, "dsfb-alt": 0.049170210081598, "alternate": 0.24499593279237766, "sfR": 0.09761014138424484, "unknown": 0.07331051756779848}, "english-200": {"sft": 0.0, "sfb": 0.017817371937639197, "dsfb": 0.0, "sfT": 0.0, "roll-out": 0.311804008908686, "roll-in": 0.18262806236080179, "bad-redirect": 0.0, "redirect": 0.015590200445434299, "oneh-out": 0.015590200445434299, "oneh-in": 0.0022271714922048997, "dsfb-red": 0.0200445434298441, "dsfb-alt": 0.05790645879732739, "alternate": 0.26948775055679286, "sfR": 0.10690423162583519, "unknown": 0.0}, "monkeyracer": {"sft": 0.0, "sfb": 0.024624826000594336, "dsfb": 0.0, "sfT": 5.571891080282153e-05, "roll-out": 0.2635973692853903, "roll-in": 0.18021450803134334, "bad-redirect": 0.000573807028793969, "redirect": 0.025983585404382437, "oneh-out": 0.0230891346168885, "oneh-in": 0.0012570968296917277, "dsfb-red": 0.016027495816194066, "dsfb-alt": 0.05559672020895569, "alternate": 0.27058960382876895, "sfR": 0.09605353707555875, "unknown": 0.042336596962635094}, "chained-bigrams": {"sft": 0.0, "sfb": 0.025900764166692097, "dsfb": 0.0, "sfT": 0.00014998938386828466, "roll-out": 0.2157710915266387, "roll-in": 0.1697159097180784, "bad-redirect": 0.0012882205090678648, "redirect": 0.026953287072538374, "oneh-out": 0.009473355457308541, "oneh-in": 0.0045269523131155, "dsfb-red": 0.01678322768063819, "dsfb-alt": 0.05748554160776932, "alternate": 0.28786598870599417, "sfR": 0.11643721321023381, "unknown": 0.06764845864805673}, "english-5k": {"sft": 0.0, "sfb": 0.03272908283900942, "dsfb": 0.0, "sfT": 4.148172729912474e-05, "roll-out": 0.19430041066910025, "roll-in": 0.23097025760152654, "bad-redirect": 0.00016592690919649896, "redirect": 0.02190235201393786, "oneh-out": 0.003982245820715975, "oneh-in": 0.002779275729041357, "dsfb-red": 0.008420790641722322, "dsfb-alt": 0.062305554403285356, "alternate": 0.3350479113950305, "sfR": 0.10644211224955408, "unknown": 0.0009125980005807441}, "mt-quotes": {"sft": 0.0, "sfb": 0.023964272480606258, "dsfb": 0.0, "sfT": 5.080025340361698e-05, "roll-out": 0.27121657642151065, "roll-in": 0.18044548833984772, "bad-redirect": 0.0005916735396421271, "redirect": 0.026499802775486785, "oneh-out": 0.024895112417972532, "oneh-in": 0.0011474880768817012, "dsfb-red": 0.01702555551571222, "dsfb-alt": 0.05524228732623325, "alternate": 0.2686586342501285, "sfR": 0.09572710103871578, "unknown": 0.03453520756385891}, "english-1k": {"sft": 0.0, "sfb": 0.02646436132674665, "dsfb": 0.0, "sfT": 0.00035285815102328866, "roll-out": 0.24735356386732535, "roll-in": 0.20077628793225125, "bad-redirect": 0.00035285815102328866, "redirect": 0.019407198306280876, "oneh-out": 0.010938602681721948, "oneh-in": 0.0017642907551164433, "dsfb-red": 0.008468595624558928, "dsfb-alt": 0.06774876499647142, "alternate": 0.30804516584333097, "sfR": 0.10832745236414962, "unknown": 0.0}, "english-10k": {"sft": 0.0, "sfb": 0.03324906891028734, "dsfb": 0.0, "sfT": 3.859439223480828e-05, "roll-out": 0.19488238358966442, "roll-in": 0.23087165434862314, "bad-redirect": 0.00034734953011327456, "redirect": 0.025472298874973466, "oneh-out": 0.0034541981050153414, "oneh-in": 0.002315663534088497, "dsfb-red": 0.0070048821906177035, "dsfb-alt": 0.06342988363790741, "alternate": 0.3257366704617819, "sfR": 0.10543987958549622, "unknown": 0.0077574728391964646}, "reddit": {"sft": 0.0, "sfb": 0.0263137953592887, "dsfb": 0.0, "sfT": 8.911118615079569e-05, "roll-out": 0.248005945240633, "roll-in": 0.17474377724675652, "bad-redirect": 0.00036798162788794316, "redirect": 0.0250014748856472, "oneh-out": 0.01606593403712067, "oneh-in": 0.0012702932559613006, "dsfb-red": 0.014914156036721, "dsfb-alt": 0.05520462329360413, "alternate": 0.2556762121265753, "sfR": 0.1028716913164539, "unknown": 0.07947500438719952}, "akl": {"sft": 0.0, "sfb": 0.026600987724260457, "dsfb": 0.0, "sfT": 0.00015469976907171837, "roll-out": 0.2324914493838092, "roll-in": 0.16990761753558126, "bad-redirect": 0.0004144739507768506, "redirect": 0.0312681254910649, "oneh-out": 0.017086177498190625, "oneh-in": 0.00132247547881654, "dsfb-red": 0.01608307619220737, "dsfb-alt": 0.055210842093354896, "alternate": 0.23509910388129762, "sfR": 0.11706348985084018, "unknown": 0.09729748115072838}, "keymash": {"sft": 0.0, "sfb": 0.024756478513051437, "dsfb": 0.0, "sfT": 6.157306876069832e-05, "roll-out": 0.2637995509270852, "roll-in": 0.18230143711542487, "bad-redirect": 0.0006321501726098361, "redirect": 0.025922261948253995, "oneh-out": 0.021788656598785778, "oneh-in": 0.0013833416114903557, "dsfb-red": 0.01584890789900375, "dsfb-alt": 0.056478923538563215, "alternate": 0.2691481981667645, "sfR": 0.09899307508220005, "unknown": 0.038885445358006344}, "movie": {"sft": 0.0, "sfb": 0.020505180414714795, "dsfb": 0.0, "sfT": 3.842656886666231e-05, "roll-out": 0.24518019626238452, "roll-in": 0.1428085268556315, "bad-redirect": 0.0005686342605234515, "redirect": 0.02493542165066064, "oneh-out": 0.031070512885468166, "oneh-in": 0.0008576231140549255, "dsfb-red": 0.0169526967621273, "dsfb-alt": 0.055123439430581414, "alternate": 0.24953963786117192, "sfR": 0.1138359467128768, "unknown": 0.0985837572209379}}