{"english-450k": {"sft": 0.0, "sfb": 0.03340610804764775, "dsfb": 0.0, "sfT": 0.00010144413176394097, "roll-out": 0.13089654978860446, "roll-in": 0.2689248851517949, "bad-redirect": 0.004580480278032931, "redirect": 0.041483925928827735, "oneh-out": 0.0038323663495489976, "oneh-in": 0.014034079381348662, "dsfb-red": 0.017029458557294885, "dsfb-alt": 0.04530927596955156, "alternate": 0.31741985767417547, "sfR": 0.11328269117541298, "unknown": 0.009698877565995693}, "shai": {"sft": 0.0, "sfb": 0.025006173302043917, "dsfb": 0.0, "sfT": 4.796210591110507e-05, "roll-out": 0.12231731902665102, "roll-in": 0.2889757907477413, "bad-redirect": 0.004912140946045572, "redirect": 0.030450820573111558, "oneh-out": 0.0043914896831931055, "oneh-in": 0.01966901889471652, "dsfb-red": 0.011117575123860822, "dsfb-alt": 0.04518733243065079, "alternate": 0.282941277693162, "sfR": 0.09728563198976478, "unknown": 0.06769746748314746}, "tr-quotes": {"sft": 0.0, "sfb": 0.0281731813873928, "dsfb": 0.0, "sfT": 6.356764753473105e-05, "roll-out": 0.12972769931346942, "roll-in": 0.3062411872125009, "bad-redirect": 0.004009384896326945, "redirect": 0.03923048473220684, "oneh-out": 0.005233351055222949, "oneh-in": 0.023698019000947736, "dsfb-red": 0.010920921846466794, "dsfb-alt": 0.04295208155151291, "alternate": 0.2684415524375303, "sfR": 0.09591664547745082, "unknown": 0.04539192344143686}, "gutenberg": {"sft": 0.0, "sfb": 0.028560625262606734, "dsfb": 0.0, "sfT": 5.361060815646569e-05, "roll-out": 0.12371244557954962, "roll-in": 0.30868457753514716, "bad-redirect": 0.004035382243636155, "redirect": 0.031724219454172024, "oneh-out": 0.005114035257215363, "oneh-in": 0.015425647390716765, "dsfb-red": 0.00989598784270534, "dsfb-alt": 0.0451520665847542, "alternate": 0.25483395298103395, "sfR": 0.09761014138424484, "unknown": 0.07519730787606137}, "english-200": {"sft": 0.0, "sfb": 0.015590200445434299, "dsfb": 0.0, "sfT": 0.0, "roll-out": 0.14253897550111358, "roll-in": 0.32516703786191536, "bad-redirect": 0.0022271714922048997, "redirect": 0.0378619153674833, "oneh-out": 0.004454342984409799, "oneh-in": 0.011135857461024499, "dsfb-red": 0.008908685968819599, "dsfb-alt": 0.0400890868596882, "alternate": 0.3051224944320713, "sfR": 0.10690423162583519, "unknown": 0.0}, "monkeyracer": {"sft": 0.0, "sfb": 0.028109701737647996, "dsfb": 0.0, "sfT": 5.4741386051894835e-05, "roll-out": 0.13005282543754007, "roll-in": 0.30644814426701283, "bad-redirect": 0.0040215368253124165, "redirect": 0.039092192314309396, "oneh-out": 0.005252240486729124, "oneh-in": 0.02396695184322067, "dsfb-red": 0.010835861864022397, "dsfb-alt": 0.042985673397250415, "alternate": 0.26783493908065753, "sfR": 0.09605353707555875, "unknown": 0.04529165428468649}, "chained-bigrams": {"sft": 0.0, "sfb": 0.024716432408355513, "dsfb": 0.0, "sfT": 5.9086726978415166e-05, "roll-out": 0.10192005890492166, "roll-in": 0.28395782376442186, "bad-redirect": 0.004469164195521226, "redirect": 0.03517218586476671, "oneh-out": 0.004180872912241926, "oneh-in": 0.016528700241346554, "dsfb-red": 0.016599474452782238, "dsfb-alt": 0.049616618044566976, "alternate": 0.273422205830886, "sfR": 0.11643721321023381, "unknown": 0.07292016344297708}, "english-5k": {"sft": 0.0, "sfb": 0.021238644377151866, "dsfb": 0.0, "sfT": 0.0, "roll-out": 0.12693408553532168, "roll-in": 0.2810387024515701, "bad-redirect": 0.004936325548595843, "redirect": 0.0313601858381383, "oneh-out": 0.004231136184510723, "oneh-in": 0.023769029742398473, "dsfb-red": 0.01410378728170241, "dsfb-alt": 0.04795287675778819, "alternate": 0.33496494794043224, "sfR": 0.10644211224955408, "unknown": 0.0030281660928361057}, "mt-quotes": {"sft": 0.0, "sfb": 0.027899797994286466, "dsfb": 0.0, "sfT": 4.482375300319145e-05, "roll-out": 0.13175643370268106, "roll-in": 0.31312529135439454, "bad-redirect": 0.004037126020487444, "redirect": 0.03986176354573816, "oneh-out": 0.00534747373328074, "oneh-in": 0.02492947729527498, "dsfb-red": 0.010475311076845841, "dsfb-alt": 0.04301735575716283, "alternate": 0.26747976954614455, "sfR": 0.09572710103871578, "unknown": 0.03629827518198444}, "english-1k": {"sft": 0.0, "sfb": 0.019407198306280876, "dsfb": 0.0, "sfT": 0.0, "roll-out": 0.16019760056457305, "roll-in": 0.2889908256880734, "bad-redirect": 0.0056457304163726185, "redirect": 0.03881439661256175, "oneh-out": 0.0067043048694424845, "oneh-in": 0.015172900494001412, "dsfb-red": 0.010938602681721948, "dsfb-alt": 0.04798870853916726, "alternate": 0.2978122794636556, "sfR": 0.10832745236414962, "unknown": 0.0}, "english-10k": {"sft": 0.0, "sfb": 0.025317921306034233, "dsfb": 0.0, "sfT": 5.789158835221242e-05, "roll-out": 0.1295806719283688, "roll-in": 0.2869300090696822, "bad-redirect": 0.005750564442986434, "redirect": 0.03239999228112155, "oneh-out": 0.004689218656529206, "oneh-in": 0.021053240964087918, "dsfb-red": 0.013488740086065494, "dsfb-alt": 0.04814650431292333, "alternate": 0.3193878929391559, "sfR": 0.10543987958549622, "unknown": 0.0077574728391964646}, "reddit": {"sft": 0.0, "sfb": 0.02729944973187047, "dsfb": 0.0, "sfT": 8.813729340597824e-05, "roll-out": 0.12383832856032245, "roll-in": 0.2822941616815532, "bad-redirect": 0.003950895578658039, "redirect": 0.03638560683912434, "oneh-out": 0.005482042260577365, "oneh-in": 0.01995712249903875, "dsfb-red": 0.010994350111070595, "dsfb-alt": 0.041724149749494184, "alternate": 0.26163040508132285, "sfR": 0.1028716913164539, "unknown": 0.0834836592971079}, "akl": {"sft": 0.0, "sfb": 0.03139252963055068, "dsfb": 0.0, "sfT": 0.00015203573620424385, "roll-out": 0.12239991940990805, "roll-in": 0.2667267499009661, "bad-redirect": 0.004829395954709458, "redirect": 0.03664996751738529, "oneh-out": 0.004931310700453542, "oneh-in": 0.01845573820908346, "dsfb-red": 0.014351764599612588, "dsfb-alt": 0.03770003014693938, "alternate": 0.24043057710014695, "sfR": 0.11706348985084018, "unknown": 0.10491649124320006}, "keymash": {"sft": 0.0, "sfb": 0.028615057488721868, "dsfb": 0.0, "sfT": 1.6419485002852885e-05, "roll-out": 0.1309330782839996, "roll-in": 0.30672418959579334, "bad-redirect": 0.004342953783254588, "redirect": 0.03841338516417433, "oneh-out": 0.0051228793208901, "oneh-in": 0.02304064233025331, "dsfb-red": 0.011173459544441388, "dsfb-alt": 0.04306420429123241, "alternate": 0.26819997290784975, "sfR": 0.09899307508220005, "unknown": 0.04136068272218642}, "movie": {"sft": 0.0, "sfb": 0.028998636514794427, "dsfb": 0.0, "sfT": 5.632387491414886e-05, "roll-out": 0.12214358666487518, "roll-in": 0.2662969118330013, "bad-redirect": 0.0029264727344412204, "redirect": 0.0449378983219828, "oneh-out": 0.004539467441970946, "oneh-in": 0.028519093990992655, "dsfb-red": 0.011170945723919051, "dsfb-alt": 0.037505647192248255, "alternate": 0.23546748618781985, "sfR": 0.1138359467128768, "unknown": 0.10360158280616336}}