{"english-450k": {"sft": 0.0, "sfb": 0.024039335766043522, "dsfb": 0.0, "sfT": 0.00012453948164679784, "roll-out": 0.23811042617644496, "roll-in": 0.22017674081930608, "bad-redirect": 0.009648886365616345, "redirect": 0.051460824732020856, "oneh-out": 0.030376816712379868, "oneh-in": 0.01538150302198268, "dsfb-red": 0.028701965326571172, "dsfb-alt": 0.03449714406996195, "alternate": 0.22449966409421498, "sfR": 0.11328269117541298, "unknown": 0.00969946225839779}, "shai": {"sft": 0.0, "sfb": 0.012360394354404974, "dsfb": 0.0, "sfT": 1.7591008018558146e-05, "roll-out": 0.2395960508515983, "roll-in": 0.19820158358550335, "bad-redirect": 0.01226485718346326, "redirect": 0.0639150369407298, "oneh-out": 0.025485182836563782, "oneh-in": 0.02094792581695815, "dsfb-red": 0.020367399329892902, "dsfb-alt": 0.029610713508315033, "alternate": 0.205200691533682, "sfR": 0.09728563198976478, "unknown": 0.07474694106110509}, "tr-quotes": {"sft": 0.0, "sfb": 0.010541827512077852, "dsfb": 0.0, "sfT": 1.733663114583574e-05, "roll-out": 0.24841196458704146, "roll-in": 0.19231524930075589, "bad-redirect": 0.012629157902036477, "redirect": 0.06464483021659231, "oneh-out": 0.025323039227017407, "oneh-in": 0.025541480779454936, "dsfb-red": 0.0181606990129678, "dsfb-alt": 0.0323917616328795, "alternate": 0.2063417396731467, "sfR": 0.09591664547745082, "unknown": 0.06776426804743302}, "gutenberg": {"sft": 0.0, "sfb": 0.009869087820238136, "dsfb": 0.0, "sfT": 0.00015022336490486674, "roll-out": 0.240735878530107, "roll-in": 0.19547507523481636, "bad-redirect": 0.013669000148897308, "redirect": 0.06901560693838721, "oneh-out": 0.025751846156119394, "oneh-in": 0.027886609206703182, "dsfb-red": 0.016066890884037035, "dsfb-alt": 0.028152199569372316, "alternate": 0.1938822908059133, "sfR": 0.09761014138424484, "unknown": 0.08173514995625905}, "english-200": {"sft": 0.0, "sfb": 0.008908685968819599, "dsfb": 0.0, "sfT": 0.0, "roll-out": 0.267260579064588, "roll-in": 0.24276169265033407, "bad-redirect": 0.0066815144766146995, "redirect": 0.07126948775055679, "oneh-out": 0.022271714922048998, "oneh-in": 0.026726057906458798, "dsfb-red": 0.015590200445434299, "dsfb-alt": 0.028953229398663696, "alternate": 0.2026726057906459, "sfR": 0.10690423162583519, "unknown": 0.0}, "monkeyracer": {"sft": 0.0, "sfb": 0.010438009290395232, "dsfb": 0.0, "sfT": 1.661792076575379e-05, "roll-out": 0.24830497208189312, "roll-in": 0.1924628931604548, "bad-redirect": 0.01271857453430721, "redirect": 0.06444918435334783, "oneh-out": 0.025254351940191124, "oneh-in": 0.0254840702566589, "dsfb-red": 0.018213241159266154, "dsfb-alt": 0.032347271532915216, "alternate": 0.20667219293992523, "sfR": 0.09605353707555875, "unknown": 0.06758508375432067}, "chained-bigrams": {"sft": 0.0, "sfb": 0.013058166662229751, "dsfb": 0.0, "sfT": 1.5583312609691913e-05, "roll-out": 0.24212896619654842, "roll-in": 0.17918277212846623, "bad-redirect": 0.011777737809466733, "redirect": 0.0624949273070932, "oneh-out": 0.0276305118663679, "oneh-in": 0.015125552801782212, "dsfb-red": 0.03316973019442131, "dsfb-alt": 0.03979718318638486, "alternate": 0.1778341662830358, "sfR": 0.11643721321023381, "unknown": 0.08134748904136006}, "english-5k": {"sft": 0.0, "sfb": 0.0159289832828639, "dsfb": 0.0, "sfT": 0.0, "roll-out": 0.23793918778777948, "roll-in": 0.2383125233334716, "bad-redirect": 0.008254863732525822, "redirect": 0.05662255776330526, "oneh-out": 0.02820757456340482, "oneh-in": 0.019828265648981623, "dsfb-red": 0.0270046044717302, "dsfb-alt": 0.030240179201061933, "alternate": 0.22810801841788692, "sfR": 0.10644211224955408, "unknown": 0.003111129547434355}, "mt-quotes": {"sft": 0.0, "sfb": 0.009708824900491268, "dsfb": 0.0, "sfT": 7.470625500531909e-06, "roll-out": 0.2515748078555121, "roll-in": 0.1926599610332174, "bad-redirect": 0.012988429495224775, "redirect": 0.06571012777757856, "oneh-out": 0.02480994728726647, "oneh-in": 0.026806098421008593, "dsfb-red": 0.017862265571771792, "dsfb-alt": 0.03327566010446923, "alternate": 0.2091700433893929, "sfR": 0.09572710103871578, "unknown": 0.05969926249985059}, "english-1k": {"sft": 0.0, "sfb": 0.011644318983768526, "dsfb": 0.0, "sfT": 0.0, "roll-out": 0.2360621030345801, "roll-in": 0.2547635850388144, "bad-redirect": 0.009880028228652082, "redirect": 0.05998588567395907, "oneh-out": 0.02611150317572336, "oneh-in": 0.024700070571630206, "dsfb-red": 0.02328863796753705, "dsfb-alt": 0.02646436132674665, "alternate": 0.21877205363443897, "sfR": 0.10832745236414962, "unknown": 0.0}, "english-10k": {"sft": 0.0, "sfb": 0.015920186796858415, "dsfb": 0.0, "sfT": 5.789158835221242e-05, "roll-out": 0.2367187047721966, "roll-in": 0.22936647305146562, "bad-redirect": 0.008876710214005904, "redirect": 0.05646359583952452, "oneh-out": 0.030489569865498542, "oneh-in": 0.01821655313482951, "dsfb-red": 0.025356515698269043, "dsfb-alt": 0.03326836610640474, "alternate": 0.2320680805079022, "sfR": 0.10543987958549622, "unknown": 0.0077574728391964646}, "reddit": {"sft": 0.0, "sfb": 0.011437658597028841, "dsfb": 0.0, "sfT": 7.435296532548526e-05, "roll-out": 0.22838814944833657, "roll-in": 0.19059537996519083, "bad-redirect": 0.013146503247464086, "redirect": 0.061590100904652716, "oneh-out": 0.02294937050007707, "oneh-in": 0.0251333998951567, "dsfb-red": 0.020498269748437884, "dsfb-alt": 0.031083023045486224, "alternate": 0.1955667653107645, "sfR": 0.1028716913164539, "unknown": 0.09666533505562519}, "akl": {"sft": 0.0, "sfb": 0.018847722766118607, "dsfb": 0.0, "sfT": 0.00016262991342140998, "roll-out": 0.2053182521813163, "roll-in": 0.18500785146244872, "bad-redirect": 0.009724835142831192, "redirect": 0.05462450704549957, "oneh-out": 0.020884654687440177, "oneh-in": 0.025157577544111118, "dsfb-red": 0.02106159603324267, "dsfb-alt": 0.03301424415006262, "alternate": 0.19089232834118355, "sfR": 0.11706348985084018, "unknown": 0.11824031088148387}, "keymash": {"sft": 0.0, "sfb": 0.011037998793167853, "dsfb": 0.0, "sfT": 2.873409875499255e-05, "roll-out": 0.24633332375530043, "roll-in": 0.19691067389671324, "bad-redirect": 0.011785085360797658, "redirect": 0.06427817891491833, "oneh-out": 0.024891939264324973, "oneh-in": 0.024296732932971556, "dsfb-red": 0.018053223760636748, "dsfb-alt": 0.032145246764335236, "alternate": 0.21055526593408397, "sfR": 0.09899307508220005, "unknown": 0.06069052144179498}, "movie": {"sft": 0.0, "sfb": 0.00923527311618023, "dsfb": 0.0, "sfT": 1.1580609795432476e-05, "roll-out": 0.21522931778759294, "roll-in": 0.1699392636495581, "bad-redirect": 0.012551143854992869, "redirect": 0.05254214782674724, "oneh-out": 0.021703510332864887, "oneh-in": 0.0262254752623041, "dsfb-red": 0.017364203203380908, "dsfb-alt": 0.02944041045892246, "alternate": 0.18171674381151295, "sfR": 0.1138359467128768, "unknown": 0.1502049833732711}}