{"english-450k": {"sft": 0.0, "sfb": 0.03989765544193683, "dsfb": 0.0, "sfT": 7.601001227269352e-05, "roll-out": 0.18562638974075324, "roll-in": 0.20695801499268257, "bad-redirect": 0.01885136008223114, "redirect": 0.020911523761022184, "oneh-out": 0.0029412951287521904, "oneh-in": 0.006875690302467227, "dsfb-red": 0.010172186065493735, "dsfb-alt": 0.05660611787048011, "alternate": 0.328255377269849, "sfR": 0.11328269117541298, "unknown": 0.009545688156646111}, "shai": {"sft": 0.0, "sfb": 0.026182135090891134, "dsfb": 0.0, "sfT": 4.178493345838366e-05, "roll-out": 0.17862935974459018, "roll-in": 0.23209588364993794, "bad-redirect": 0.013663460368407184, "redirect": 0.01784104029776758, "oneh-out": 0.00396297350194279, "oneh-in": 0.011226697429707957, "dsfb-red": 0.011706403637812718, "dsfb-alt": 0.051142196342432715, "alternate": 0.2962523102470157, "sfR": 0.09728563198976478, "unknown": 0.059970122766270964}, "tr-quotes": {"sft": 0.0, "sfb": 0.03000161808557361, "dsfb": 0.0, "sfT": 2.542705901389242e-05, "roll-out": 0.18053674210027507, "roll-in": 0.24861884838538176, "bad-redirect": 0.010964841312036245, "redirect": 0.017343565798294075, "oneh-out": 0.00441390628972978, "oneh-in": 0.01841265805228728, "dsfb-red": 0.017123968470446824, "dsfb-alt": 0.056921938928827354, "alternate": 0.28051593814290005, "sfR": 0.09591664547745082, "unknown": 0.03920390189778322}, "gutenberg": {"sft": 0.0, "sfb": 0.026195885963606166, "dsfb": 0.0, "sfT": 6.933386072532311e-05, "roll-out": 0.1816077347794179, "roll-in": 0.2526120490125987, "bad-redirect": 0.009350031048687904, "redirect": 0.017377982824146217, "oneh-out": 0.0044091410065079115, "oneh-in": 0.010943573224702708, "dsfb-red": 0.01293947911705791, "dsfb-alt": 0.0545015293231083, "alternate": 0.2660505046027454, "sfR": 0.09761014138424484, "unknown": 0.06633261385245072}, "english-200": {"sft": 0.0, "sfb": 0.022271714922048998, "dsfb": 0.0, "sfT": 0.0, "roll-out": 0.1714922048997773, "roll-in": 0.2806236080178174, "bad-redirect": 0.0066815144766146995, "redirect": 0.015590200445434299, "oneh-out": 0.0066815144766146995, "oneh-in": 0.008908685968819599, "dsfb-red": 0.011135857461024499, "dsfb-alt": 0.05790645879732739, "alternate": 0.311804008908686, "sfR": 0.10690423162583519, "unknown": 0.0}, "monkeyracer": {"sft": 0.0, "sfb": 0.030034447972222655, "dsfb": 0.0, "sfT": 2.3460594022240643e-05, "roll-out": 0.18068371991178817, "roll-in": 0.24882599277413703, "bad-redirect": 0.010731266715673241, "redirect": 0.017420468586264604, "oneh-out": 0.004477063359244256, "oneh-in": 0.018742082049517494, "dsfb-red": 0.017094952844206014, "dsfb-alt": 0.05694863693948731, "alternate": 0.27987022381406695, "sfR": 0.09605353707555875, "unknown": 0.039094147363811255}, "chained-bigrams": {"sft": 0.0, "sfb": 0.025481962640306628, "dsfb": 0.0, "sfT": 0.00016752061055418804, "roll-out": 0.1678543531659123, "roll-in": 0.21221549903286066, "bad-redirect": 0.010536916542920015, "redirect": 0.025403396772566096, "oneh-out": 0.003858168480282889, "oneh-in": 0.012999729239943407, "dsfb-red": 0.013237374757241209, "dsfb-alt": 0.05913867135378081, "alternate": 0.286445959344436, "sfR": 0.11643721321023381, "unknown": 0.06622323484896199}, "english-5k": {"sft": 0.0, "sfb": 0.03094536856514705, "dsfb": 0.0, "sfT": 0.0, "roll-out": 0.1878292612104368, "roll-in": 0.21408719459078276, "bad-redirect": 0.024183847015389722, "redirect": 0.016883063010743767, "oneh-out": 0.0041896544572115986, "oneh-in": 0.00630522254946696, "dsfb-red": 0.009582279006097814, "dsfb-alt": 0.057078856763595635, "alternate": 0.34156054258099305, "sfR": 0.10644211224955408, "unknown": 0.0009125980005807441}, "mt-quotes": {"sft": 0.0, "sfb": 0.029692748114414122, "dsfb": 0.0, "sfT": 1.4941251001063817e-05, "roll-out": 0.1834113266635589, "roll-in": 0.2532930517206345, "bad-redirect": 0.010251192311829884, "redirect": 0.01700015538901041, "oneh-out": 0.004637764310730209, "oneh-in": 0.01984945195491328, "dsfb-red": 0.01761573493025424, "dsfb-alt": 0.05793171250642474, "alternate": 0.27904280369586787, "sfR": 0.09572710103871578, "unknown": 0.03153201611264508}, "english-1k": {"sft": 0.0, "sfb": 0.025405786873676783, "dsfb": 0.0, "sfT": 0.0, "roll-out": 0.20430486944248413, "roll-in": 0.25017642907551163, "bad-redirect": 0.01587861679604799, "redirect": 0.01799576570218772, "oneh-out": 0.0056457304163726185, "oneh-in": 0.006351446718419196, "dsfb-red": 0.012350035285815103, "dsfb-alt": 0.05257586450247001, "alternate": 0.3009880028228652, "sfR": 0.10832745236414962, "unknown": 0.0}, "english-10k": {"sft": 0.0, "sfb": 0.03000713996256344, "dsfb": 0.0, "sfT": 1.929719611740414e-05, "roll-out": 0.20105748634723375, "roll-in": 0.21313753111672873, "bad-redirect": 0.022191775535014762, "redirect": 0.01860249705717759, "oneh-out": 0.003994519596302658, "oneh-in": 0.005499700893460181, "dsfb-red": 0.010092433569402365, "dsfb-alt": 0.05349182763744428, "alternate": 0.3287084386638621, "sfR": 0.10543987958549622, "unknown": 0.0077574728391964646}, "reddit": {"sft": 0.0, "sfb": 0.03326765175917805, "dsfb": 0.0, "sfT": 6.244150790810274e-05, "roll-out": 0.17292375899375903, "roll-in": 0.22529750082265843, "bad-redirect": 0.010294271057199905, "redirect": 0.016229548018250002, "oneh-out": 0.004488971320169674, "oneh-in": 0.013433839064598493, "dsfb-red": 0.014833510225967465, "dsfb-alt": 0.051570617431144376, "alternate": 0.279422788753112, "sfR": 0.1028716913164539, "unknown": 0.07530340972960055}, "akl": {"sft": 0.0, "sfb": 0.03643102118823052, "dsfb": 0.0, "sfT": 0.00015996588055393546, "roll-out": 0.17008926740459138, "roll-in": 0.20978980037224593, "bad-redirect": 0.008535189581871987, "redirect": 0.016231766398764086, "oneh-out": 0.004173672143794334, "oneh-in": 0.015337580669083625, "dsfb-red": 0.015044165328145037, "dsfb-alt": 0.04873426842126067, "alternate": 0.26424015401331596, "sfR": 0.11706348985084018, "unknown": 0.09416965874730236}, "keymash": {"sft": 0.0, "sfb": 0.029797260408927273, "dsfb": 0.0, "sfT": 2.462922750427933e-05, "roll-out": 0.18263803655798336, "roll-in": 0.24997434455468304, "bad-redirect": 0.010828650359381478, "redirect": 0.017950601979368916, "oneh-out": 0.004453785307023846, "oneh-in": 0.017318451806759082, "dsfb-red": 0.017462122300534042, "dsfb-alt": 0.05695919347489666, "alternate": 0.27795725187079506, "sfR": 0.09899307508220005, "unknown": 0.035642597069942904}, "movie": {"sft": 0.0, "sfb": 0.03109722724670081, "dsfb": 0.0, "sfT": 5.184954840227722e-05, "roll-out": 0.15456389858070416, "roll-in": 0.229623226176284, "bad-redirect": 0.008603471893136238, "redirect": 0.017735703901704838, "oneh-out": 0.004908467781361772, "oneh-in": 0.024259140358175103, "dsfb-red": 0.021903144253997513, "dsfb-alt": 0.0560864724133425, "alternate": 0.2524080759487974, "sfR": 0.1138359467128768, "unknown": 0.08492337518451662}}