{"english-450k": {"sft": 0.0, "sfb": 0.03841984539563504, "dsfb": 0.0, "sfT": 0.00013009405946672544, "roll-out": 0.15933861934244323, "roll-in": 0.23623444060431467, "bad-redirect": 0.010973507002568553, "redirect": 0.020308121202057414, "oneh-out": 0.008141841699209671, "oneh-in": 0.01236068972654521, "dsfb-red": 0.009532532577598915, "dsfb-alt": 0.05574457361598923, "alternate": 0.3259873554421122, "sfR": 0.11328269117541298, "unknown": 0.009545688156646111}, "shai": {"sft": 0.0, "sfb": 0.026346832596768736, "dsfb": 0.0, "sfT": 8.526510597334124e-05, "roll-out": 0.14609630567931403, "roll-in": 0.26425514524405713, "bad-redirect": 0.012465990717830788, "redirect": 0.018547289274044452, "oneh-out": 0.004352421776715807, "oneh-in": 0.014531999456284972, "dsfb-red": 0.009613820672503656, "dsfb-alt": 0.050793201580489174, "alternate": 0.29551815949366383, "sfR": 0.09728563198976478, "unknown": 0.0601079364125893}, "tr-quotes": {"sft": 0.0, "sfb": 0.029919558031483322, "dsfb": 0.0, "sfT": 3.467326229167148e-05, "roll-out": 0.1436432352465269, "roll-in": 0.2835903007327616, "bad-redirect": 0.009775548415431913, "redirect": 0.019715216939044405, "oneh-out": 0.0039781789602644415, "oneh-in": 0.021806014655232197, "dsfb-red": 0.013741013846189408, "dsfb-alt": 0.05596957999121611, "alternate": 0.28047433022815005, "sfR": 0.09591664547745082, "unknown": 0.04143570421395714}, "gutenberg": {"sft": 0.0, "sfb": 0.026221649365405737, "dsfb": 0.0, "sfT": 8.410992940449033e-05, "roll-out": 0.1513296756880249, "roll-in": 0.28147558368312836, "bad-redirect": 0.007635059898014817, "redirect": 0.020941478053938714, "oneh-out": 0.003125517399199743, "oneh-in": 0.014108114600157687, "dsfb-red": 0.009440771265320226, "dsfb-alt": 0.05306351474178062, "alternate": 0.2666822762571688, "sfR": 0.09761014138424484, "unknown": 0.0682821077342111}, "english-200": {"sft": 0.0, "sfb": 0.0200445434298441, "dsfb": 0.0, "sfT": 0.0, "roll-out": 0.133630289532294, "roll-in": 0.3184855233853007, "bad-redirect": 0.0066815144766146995, "redirect": 0.0200445434298441, "oneh-out": 0.004454342984409799, "oneh-in": 0.011135857461024499, "dsfb-red": 0.0066815144766146995, "dsfb-alt": 0.05790645879732739, "alternate": 0.31403118040089084, "sfR": 0.10690423162583519, "unknown": 0.0}, "monkeyracer": {"sft": 0.0, "sfb": 0.029965043714906863, "dsfb": 0.0, "sfT": 3.421336628243427e-05, "roll-out": 0.143548532148834, "roll-in": 0.2839249964809109, "bad-redirect": 0.009699000578694652, "redirect": 0.019746977493470135, "oneh-out": 0.003961907815505888, "oneh-in": 0.022070553826422885, "dsfb-red": 0.01374399799802931, "dsfb-alt": 0.05602585357461251, "alternate": 0.27984676322004476, "sfR": 0.09605353707555875, "unknown": 0.04137862270672694}, "chained-bigrams": {"sft": 0.0, "sfb": 0.025307299678139664, "dsfb": 0.0, "sfT": 9.674639911850395e-05, "roll-out": 0.13681304375209807, "roll-in": 0.2445086678929868, "bad-redirect": 0.006407988006043728, "redirect": 0.024656696376685026, "oneh-out": 0.004784076971175417, "oneh-in": 0.018101316205541295, "dsfb-red": 0.013052322920001117, "dsfb-alt": 0.05845300559895436, "alternate": 0.28459024653449855, "sfR": 0.11643721321023381, "unknown": 0.06679137645452367}, "english-5k": {"sft": 0.0, "sfb": 0.029908325382668934, "dsfb": 0.0, "sfT": 8.296345459824948e-05, "roll-out": 0.16294022483096196, "roll-in": 0.2405110548803252, "bad-redirect": 0.021404571286348362, "redirect": 0.019289003194093, "oneh-out": 0.004687435184801095, "oneh-in": 0.010577840461276808, "dsfb-red": 0.007300784004645953, "dsfb-alt": 0.057244783672792135, "alternate": 0.33869830339735346, "sfR": 0.10644211224955408, "unknown": 0.0009125980005807441}, "mt-quotes": {"sft": 0.0, "sfb": 0.029786877995720825, "dsfb": 0.0, "sfT": 2.0917751401489345e-05, "roll-out": 0.1439649298956503, "roll-in": 0.29040114270687656, "bad-redirect": 0.009587800767382651, "redirect": 0.019316049294175304, "oneh-out": 0.003863807508875103, "oneh-in": 0.02307975042134328, "dsfb-red": 0.014198670826310945, "dsfb-alt": 0.057198097082272505, "alternate": 0.27922956933338117, "sfR": 0.09572710103871578, "unknown": 0.033625285377894124}, "english-1k": {"sft": 0.0, "sfb": 0.02399435426958363, "dsfb": 0.0, "sfT": 0.0, "roll-out": 0.17678193366266762, "roll-in": 0.27875793930839804, "bad-redirect": 0.011997177134791814, "redirect": 0.025758645024700072, "oneh-out": 0.0035285815102328866, "oneh-in": 0.011997177134791814, "dsfb-red": 0.007410021171489062, "dsfb-alt": 0.05257586450247001, "alternate": 0.29887085391672547, "sfR": 0.10832745236414962, "unknown": 0.0}, "english-10k": {"sft": 0.0, "sfb": 0.030219409119854886, "dsfb": 0.0, "sfT": 3.859439223480828e-05, "roll-out": 0.16364022307558712, "roll-in": 0.25150035699812817, "bad-redirect": 0.0191042241562301, "redirect": 0.020898863395148685, "oneh-out": 0.004920785009938056, "oneh-in": 0.009108276567414754, "dsfb-red": 0.008220605546014163, "dsfb-alt": 0.053376044460739853, "alternate": 0.3257752648540167, "sfR": 0.10543987958549622, "unknown": 0.0077574728391964646}, "reddit": {"sft": 0.0, "sfb": 0.031712794534663746, "dsfb": 0.0, "sfT": 0.00022111111048682088, "roll-out": 0.13822077661578638, "roll-in": 0.2613305210307456, "bad-redirect": 0.010389113227579818, "redirect": 0.017380052466598756, "oneh-out": 0.004262503799586358, "oneh-in": 0.01593618155758038, "dsfb-red": 0.012861677077018248, "dsfb-alt": 0.05013607341802829, "alternate": 0.28213066007266363, "sfR": 0.1028716913164539, "unknown": 0.07254684377280805}, "akl": {"sft": 0.0, "sfb": 0.03385198955550426, "dsfb": 0.0, "sfT": 0.00015779748170831665, "roll-out": 0.13334506746880076, "roll-in": 0.24854584075700167, "bad-redirect": 0.007590758953225902, "redirect": 0.01794207549968273, "oneh-out": 0.003986632254796529, "oneh-in": 0.018414042996994846, "dsfb-red": 0.01265743969589879, "dsfb-alt": 0.0477224315656422, "alternate": 0.26817108939490647, "sfR": 0.11706348985084018, "unknown": 0.09055134452499736}, "keymash": {"sft": 0.0, "sfb": 0.029481185322622356, "dsfb": 0.0, "sfT": 2.873409875499255e-05, "roll-out": 0.1448034382401596, "roll-in": 0.2861300505309651, "bad-redirect": 0.009802432546703172, "redirect": 0.02059413906482823, "oneh-out": 0.004088451765710368, "oneh-in": 0.0207706485286089, "dsfb-red": 0.013652801779872175, "dsfb-alt": 0.05536650342961993, "alternate": 0.27852782897464423, "sfR": 0.09899307508220005, "unknown": 0.037760710635310925}, "movie": {"sft": 0.0, "sfb": 0.029488706865682956, "dsfb": 0.0, "sfT": 0.00011396372821414231, "roll-out": 0.11925711967336364, "roll-in": 0.2592965648095009, "bad-redirect": 0.007939166003961884, "redirect": 0.01954754294333568, "oneh-out": 0.0034687874272477798, "oneh-in": 0.027750167820143654, "dsfb-red": 0.01768595991871991, "dsfb-alt": 0.0515202906101389, "alternate": 0.2517396905266269, "sfR": 0.1138359467128768, "unknown": 0.09835609296018678}}