{"english-450k": {"sft": 0.0, "sfb": 0.024041089843249815, "dsfb": 0.0, "sfT": 0.00017043783521146277, "roll-out": 0.16533931746517133, "roll-in": 0.23702932992496642, "bad-redirect": 0.004959653300793252, "redirect": 0.03140441360906648, "oneh-out": 0.0038671555474738073, "oneh-in": 0.010287662814908019, "dsfb-red": 0.013332740845032541, "dsfb-alt": 0.04311872588509274, "alternate": 0.343621093596975, "sfR": 0.11328269117541298, "unknown": 0.009545688156646111}, "shai": {"sft": 0.0, "sfb": 0.014052119079783989, "dsfb": 0.0, "sfT": 2.2293554716588542e-05, "roll-out": 0.1670856564817117, "roll-in": 0.25119211687519916, "bad-redirect": 0.003393284159531439, "redirect": 0.027181598497414413, "oneh-out": 0.004696141171458181, "oneh-in": 0.007129316241195207, "dsfb-red": 0.01090378922310987, "dsfb-alt": 0.0399234835660894, "alternate": 0.2874403221666363, "sfR": 0.09728563198976478, "unknown": 0.08969424699338903}, "tr-quotes": {"sft": 0.0, "sfb": 0.012401470146321166, "dsfb": 0.0, "sfT": 2.080395737500289e-05, "roll-out": 0.16586186172302997, "roll-in": 0.25834354268278586, "bad-redirect": 0.002554263655486466, "redirect": 0.02848639652342757, "oneh-out": 0.006364855181341162, "oneh-in": 0.007750629897598299, "dsfb-red": 0.01130695083331407, "dsfb-alt": 0.042430826841728116, "alternate": 0.2806939275559973, "sfR": 0.09591664547745082, "unknown": 0.08786782552414414}, "gutenberg": {"sft": 0.0, "sfb": 0.013023020736128587, "dsfb": 0.0, "sfT": 0.00016499943358403398, "roll-out": 0.1654552184717529, "roll-in": 0.25716629859100715, "bad-redirect": 0.003289190775338211, "redirect": 0.02491188348274212, "oneh-out": 0.008827564415134785, "oneh-in": 0.008575992374033068, "dsfb-red": 0.008946530711679876, "dsfb-alt": 0.042344992409268305, "alternate": 0.25481841916524306, "sfR": 0.09761014138424484, "unknown": 0.11486574804984309}, "english-200": {"sft": 0.0, "sfb": 0.008908685968819599, "dsfb": 0.0, "sfT": 0.0, "roll-out": 0.2026726057906459, "roll-in": 0.27616926503340755, "bad-redirect": 0.0022271714922048997, "redirect": 0.031180400890868598, "oneh-out": 0.004454342984409799, "oneh-in": 0.0066815144766146995, "dsfb-red": 0.008908685968819599, "dsfb-alt": 0.05790645879732739, "alternate": 0.29398663697104677, "sfR": 0.10690423162583519, "unknown": 0.0}, "monkeyracer": {"sft": 0.0, "sfb": 0.012262070475624443, "dsfb": 0.0, "sfT": 1.8572970267607176e-05, "roll-out": 0.16612642132098784, "roll-in": 0.25855920671911414, "bad-redirect": 0.002538631778156623, "redirect": 0.028618014608129877, "oneh-out": 0.006340225534510534, "oneh-in": 0.007776209393621846, "dsfb-red": 0.011350039883009838, "dsfb-alt": 0.042644517259177, "alternate": 0.27935604579507956, "sfR": 0.09605353707555875, "unknown": 0.08835650718676197}, "chained-bigrams": {"sft": 0.0, "sfb": 0.014369112835520084, "dsfb": 0.0, "sfT": 2.9868015835242832e-05, "roll-out": 0.13542288240637512, "roll-in": 0.2417179563264678, "bad-redirect": 0.0062969569036996735, "redirect": 0.03351645889998695, "oneh-out": 0.004060102239516814, "oneh-in": 0.010285635627088731, "dsfb-red": 0.01818182998735804, "dsfb-alt": 0.04897770222756961, "alternate": 0.27914063225395086, "sfR": 0.11643721321023381, "unknown": 0.09156364906639725}, "english-5k": {"sft": 0.0, "sfb": 0.014933421827684906, "dsfb": 0.0, "sfT": 0.0, "roll-out": 0.19002779275729043, "roll-in": 0.2463599784295018, "bad-redirect": 0.004645953457501971, "redirect": 0.03364168083959016, "oneh-out": 0.005185215912390592, "oneh-in": 0.007425229186543328, "dsfb-red": 0.013025262371925167, "dsfb-alt": 0.0394076409341685, "alternate": 0.33799311403326837, "sfR": 0.10644211224955408, "unknown": 0.0009125980005807441}, "mt-quotes": {"sft": 0.0, "sfb": 0.01166164640633031, "dsfb": 0.0, "sfT": 1.4941251001063817e-05, "roll-out": 0.168145850515772, "roll-in": 0.26307508875103097, "bad-redirect": 0.0023741647840690404, "redirect": 0.029096592199471676, "oneh-out": 0.006353019925652335, "oneh-in": 0.007666355888645844, "dsfb-red": 0.011377762637310097, "dsfb-alt": 0.04360902929680496, "alternate": 0.27951046485220116, "sfR": 0.09572710103871578, "unknown": 0.08138798245299482}, "english-1k": {"sft": 0.0, "sfb": 0.014820042342978124, "dsfb": 0.0, "sfT": 0.0, "roll-out": 0.19865913902611151, "roll-in": 0.2607621736062103, "bad-redirect": 0.0038814396612561752, "redirect": 0.029992942836979536, "oneh-out": 0.009174311926605505, "oneh-in": 0.0067043048694424845, "dsfb-red": 0.012702893436838392, "dsfb-alt": 0.03881439661256175, "alternate": 0.31616090331686664, "sfR": 0.10832745236414962, "unknown": 0.0}, "english-10k": {"sft": 0.0, "sfb": 0.01649910268038054, "dsfb": 0.0, "sfT": 3.859439223480828e-05, "roll-out": 0.17693599120047857, "roll-in": 0.2504197140155535, "bad-redirect": 0.003955925204067849, "redirect": 0.029351035294571698, "oneh-out": 0.004554138283707377, "oneh-in": 0.008162713957661952, "dsfb-red": 0.011404642905385847, "dsfb-alt": 0.04021535670867023, "alternate": 0.3452654329325949, "sfR": 0.10543987958549622, "unknown": 0.0077574728391964646}, "reddit": {"sft": 0.0, "sfb": 0.013544488263375058, "dsfb": 0.0, "sfT": 4.015434701708826e-05, "roll-out": 0.1605878716267024, "roll-in": 0.24403336181969612, "bad-redirect": 0.0028190823795271264, "redirect": 0.02680890744778858, "oneh-out": 0.004509872556769988, "oneh-in": 0.007378660923696065, "dsfb-red": 0.012569209594266918, "dsfb-alt": 0.04322956318850237, "alternate": 0.27708286160403506, "sfR": 0.1028716913164539, "unknown": 0.1045242749321693}, "akl": {"sft": 0.0, "sfb": 0.021979572195972207, "dsfb": 0.0, "sfT": 0.00016647107709079185, "roll-out": 0.15317996929795052, "roll-in": 0.23505740866920902, "bad-redirect": 0.0028839704646730037, "redirect": 0.024845204201836547, "oneh-out": 0.0049869456194068474, "oneh-in": 0.006976172766124803, "dsfb-red": 0.01310183755074518, "dsfb-alt": 0.04941657060659781, "alternate": 0.2700258138589433, "sfR": 0.11706348985084018, "unknown": 0.1003165738406098}, "keymash": {"sft": 0.0, "sfb": 0.01286877137098595, "dsfb": 0.0, "sfT": 2.873409875499255e-05, "roll-out": 0.16735970576282874, "roll-in": 0.2586602521211922, "bad-redirect": 0.00318538009055346, "redirect": 0.02677197029715163, "oneh-out": 0.006678625524910411, "oneh-in": 0.007540648487560188, "dsfb-red": 0.011567527184509858, "dsfb-alt": 0.04236637617861116, "alternate": 0.27960330524233107, "sfR": 0.09899307508220005, "unknown": 0.08437562855841027}, "movie": {"sft": 0.0, "sfb": 0.011459276588257603, "dsfb": 0.0, "sfT": 2.197683904360481e-05, "roll-out": 0.15143766032729172, "roll-in": 0.2189098461371231, "bad-redirect": 0.001999102765936531, "redirect": 0.024699466726078704, "oneh-out": 0.00655844148153373, "oneh-in": 0.008166303873358663, "dsfb-red": 0.011621405125393659, "dsfb-alt": 0.043931832846004604, "alternate": 0.25607662889501637, "sfR": 0.1138359467128768, "unknown": 0.15128211168208489}}