{"english-450k": {"sft": 0.0, "sfb": 0.020249067269445555, "dsfb": 0.0, "sfT": 4.092846814683497e-06, "roll-out": 0.1801811494000179, "roll-in": 0.21655135558009964, "bad-redirect": 0.002047592792145944, "redirect": 0.032040266596347663, "oneh-out": 0.0051748201047651845, "oneh-in": 0.006763721707465528, "dsfb-red": 0.013971809640525265, "dsfb-alt": 0.054908171134788554, "alternate": 0.345279573595525, "sfR": 0.11328269117541298, "unknown": 0.009545688156646111}, "shai": {"sft": 0.0, "sfb": 0.014882492066436031, "dsfb": 0.0, "sfT": 1.0221749653908044e-05, "roll-out": 0.17028483189885663, "roll-in": 0.24854438182295016, "bad-redirect": 0.007872941755301609, "redirect": 0.021588532659902845, "oneh-out": 0.006626673990512234, "oneh-in": 0.008964470576068551, "dsfb-red": 0.011404593029610485, "dsfb-alt": 0.04653719555751381, "alternate": 0.3067626801559186, "sfR": 0.09728563198976478, "unknown": 0.05923535274751032}, "tr-quotes": {"sft": 0.0, "sfb": 0.012686946672522596, "dsfb": 0.0, "sfT": 3.4673262291671484e-06, "roll-out": 0.16254016319548786, "roll-in": 0.2657485957328772, "bad-redirect": 0.015955479531217495, "redirect": 0.022076466101107233, "oneh-out": 0.00849841658768868, "oneh-in": 0.010340722590786158, "dsfb-red": 0.011071172649730704, "dsfb-alt": 0.04788493100020804, "alternate": 0.30734957583042466, "sfR": 0.09591664547745082, "unknown": 0.039927417304269436}, "gutenberg": {"sft": 0.0, "sfb": 0.01427216684985203, "dsfb": 0.0, "sfT": 2.1027482351122582e-05, "roll-out": 0.1668252252498008, "roll-in": 0.2675220494937681, "bad-redirect": 0.00820829558805533, "redirect": 0.021407113654110417, "oneh-out": 0.010215757123864752, "oneh-in": 0.009784030706943957, "dsfb-red": 0.009401936725842927, "dsfb-alt": 0.043559282155851156, "alternate": 0.2858629394601734, "sfR": 0.09761014138424484, "unknown": 0.06531003412514118}, "english-200": {"sft": 0.0, "sfb": 0.0066815144766146995, "dsfb": 0.0, "sfT": 0.0, "roll-out": 0.22048997772828507, "roll-in": 0.24276169265033407, "bad-redirect": 0.004454342984409799, "redirect": 0.015590200445434299, "oneh-out": 0.008908685968819599, "oneh-in": 0.0066815144766146995, "dsfb-red": 0.013363028953229399, "dsfb-alt": 0.05790645879732739, "alternate": 0.31625835189309576, "sfR": 0.10690423162583519, "unknown": 0.0}, "monkeyracer": {"sft": 0.0, "sfb": 0.012583676118679325, "dsfb": 0.0, "sfT": 2.9325742527800804e-06, "roll-out": 0.162323850039883, "roll-in": 0.26581146284623924, "bad-redirect": 0.016254281558409057, "redirect": 0.02209596946994698, "oneh-out": 0.008447768897508486, "oneh-in": 0.010432144141889673, "dsfb-red": 0.011043097111218855, "dsfb-alt": 0.04805218418130347, "alternate": 0.3067472668407964, "sfR": 0.09605353707555875, "unknown": 0.040151829144313936}, "chained-bigrams": {"sft": 0.0, "sfb": 0.014357425351062814, "dsfb": 0.0, "sfT": 2.1427054838326378e-05, "roll-out": 0.1439651349352546, "roll-in": 0.23691440021453028, "bad-redirect": 0.005131454981433132, "redirect": 0.033567753970660516, "oneh-out": 0.00489316015944326, "oneh-in": 0.011308290517099764, "dsfb-red": 0.01813572935422103, "dsfb-alt": 0.057076479651764905, "alternate": 0.29191245554697753, "sfR": 0.11643721321023381, "unknown": 0.06627907505248005}, "english-5k": {"sft": 0.0, "sfb": 0.016634172646949018, "dsfb": 0.0, "sfT": 0.0, "roll-out": 0.1970796863981416, "roll-in": 0.22785912805409217, "bad-redirect": 0.002488903637947484, "redirect": 0.027958684199610073, "oneh-out": 0.006014850458373086, "oneh-in": 0.003899282366117725, "dsfb-red": 0.01252748164433567, "dsfb-alt": 0.05388476376156303, "alternate": 0.3442983365827353, "sfR": 0.10644211224955408, "unknown": 0.0009125980005807441}, "mt-quotes": {"sft": 0.0, "sfb": 0.012029201180956479, "dsfb": 0.0, "sfT": 0.0, "roll-out": 0.1626728702740823, "roll-in": 0.2711926704199089, "bad-redirect": 0.017518616798747326, "redirect": 0.021938238844862002, "oneh-out": 0.008547889697708609, "oneh-in": 0.010251192311829884, "dsfb-red": 0.01099676073678297, "dsfb-alt": 0.04873387839016985, "alternate": 0.3073430272169828, "sfR": 0.09572710103871578, "unknown": 0.03304855308925306}, "english-1k": {"sft": 0.0, "sfb": 0.011997177134791814, "dsfb": 0.0, "sfT": 0.0, "roll-out": 0.22618207480592803, "roll-in": 0.21983062808750883, "bad-redirect": 0.002117148906139732, "redirect": 0.025052928722653495, "oneh-out": 0.011644318983768526, "oneh-in": 0.004940014114326041, "dsfb-red": 0.01305575158786168, "dsfb-alt": 0.051517290049400144, "alternate": 0.32533521524347214, "sfR": 0.10832745236414962, "unknown": 0.0}, "english-10k": {"sft": 0.0, "sfb": 0.018197255938712104, "dsfb": 0.0, "sfT": 0.0, "roll-out": 0.18795469018351635, "roll-in": 0.23100673472144498, "bad-redirect": 0.001775342042801181, "redirect": 0.025568784855560488, "oneh-out": 0.005673375658516818, "oneh-in": 0.005847050423573454, "dsfb-red": 0.010652052256807086, "dsfb-alt": 0.052874317361687344, "alternate": 0.34725304413268754, "sfR": 0.10543987958549622, "unknown": 0.0077574728391964646}, "reddit": {"sft": 0.0, "sfb": 0.015656711797231035, "dsfb": 0.0, "sfT": 6.427692115795098e-05, "roll-out": 0.16790382884059754, "roll-in": 0.23971643239863977, "bad-redirect": 0.011120469221524452, "redirect": 0.021163288663495147, "oneh-out": 0.007722145403310524, "oneh-in": 0.008379298261582721, "dsfb-red": 0.0129612388814692, "dsfb-alt": 0.04405373865251076, "alternate": 0.2977783071758852, "sfR": 0.1028716913164539, "unknown": 0.07060857246614177}, "akl": {"sft": 0.0, "sfb": 0.022565163792794746, "dsfb": 0.0, "sfT": 0.0008855740885507178, "roll-out": 0.16113055855104366, "roll-in": 0.22461433787445614, "bad-redirect": 0.012089628969610324, "redirect": 0.021509711143252976, "oneh-out": 0.007130376901174665, "oneh-in": 0.006980323701057844, "dsfb-red": 0.016052594699863244, "dsfb-alt": 0.04649232987764902, "alternate": 0.2848578478257341, "sfR": 0.11706348985084018, "unknown": 0.07862806272397237}, "keymash": {"sft": 0.0, "sfb": 0.012610164482191016, "dsfb": 0.0, "sfT": 4.104871250713221e-06, "roll-out": 0.16741717396033873, "roll-in": 0.26382007528333873, "bad-redirect": 0.01538095257642244, "redirect": 0.02168603481751795, "oneh-out": 0.008431405548964956, "oneh-in": 0.009835271516708878, "dsfb-red": 0.011087257248176411, "dsfb-alt": 0.047136236571939924, "alternate": 0.306457372964497, "sfR": 0.09899307508220005, "unknown": 0.03714087507645323}, "movie": {"sft": 0.0, "sfb": 0.010986313956385056, "dsfb": 0.0, "sfT": 4.079532996118259e-06, "roll-out": 0.145842909817712, "roll-in": 0.2266658279497754, "bad-redirect": 0.02414109709696484, "redirect": 0.01919038640941746, "oneh-out": 0.0098020650069635, "oneh-in": 0.01146296132773797, "dsfb-red": 0.011745501887178805, "dsfb-alt": 0.044178052401996126, "alternate": 0.2839894516436504, "sfR": 0.1138359467128768, "unknown": 0.09815540625634549}}