{"english-450k": {"sft": 0.0, "sfb": 0.033093005266324464, "dsfb": 0.0, "sfT": 7.220951165905884e-05, "roll-out": 0.19736028921224977, "roll-in": 0.18288622879832264, "bad-redirect": 0.0028448208824060793, "redirect": 0.018597018887318666, "oneh-out": 0.006145409492247271, "oneh-in": 0.0023685889208975497, "dsfb-red": 0.0067707380162907, "dsfb-alt": 0.05594863126432131, "alternate": 0.3709314910065538, "sfR": 0.11328269117541298, "unknown": 0.009698877565995693}, "shai": {"sft": 0.0, "sfb": 0.018220413898421276, "dsfb": 0.0, "sfT": 2.2533520062496264e-05, "roll-out": 0.2266717456751278, "roll-in": 0.19070560416616997, "bad-redirect": 0.0031533536473029597, "redirect": 0.014278731515314589, "oneh-out": 0.01373555060280843, "oneh-in": 0.003400854679153947, "dsfb-red": 0.006809794642301463, "dsfb-alt": 0.0530003873505132, "alternate": 0.30564894292942885, "sfR": 0.09728563198976478, "unknown": 0.06706645538363028}, "tr-quotes": {"sft": 0.0, "sfb": 0.023988118628788056, "dsfb": 0.0, "sfT": 1.5025080326390976e-05, "roll-out": 0.2514886387277224, "roll-in": 0.17654469383509397, "bad-redirect": 0.0024652689489378424, "redirect": 0.015641108619773005, "oneh-out": 0.022382746584683665, "oneh-in": 0.0027831071866114975, "dsfb-red": 0.009451931300709647, "dsfb-alt": 0.05491551281754929, "alternate": 0.29906266614271515, "sfR": 0.09591664547745082, "unknown": 0.045344536649638244}, "gutenberg": {"sft": 0.0, "sfb": 0.019002213758186982, "dsfb": 0.0, "sfT": 6.270357349749167e-05, "roll-out": 0.2622365739525188, "roll-in": 0.17896357623295875, "bad-redirect": 0.0021968983137474647, "redirect": 0.014397384560069075, "oneh-out": 0.01757613369386941, "oneh-in": 0.002753084693773554, "dsfb-red": 0.010267473364241837, "dsfb-alt": 0.04577645020483799, "alternate": 0.2739659309321085, "sfR": 0.09761014138424484, "unknown": 0.07519143533594529}, "english-200": {"sft": 0.0, "sfb": 0.015590200445434299, "dsfb": 0.0, "sfT": 0.0, "roll-out": 0.29175946547884185, "roll-in": 0.18262806236080179, "bad-redirect": 0.0, "redirect": 0.017817371937639197, "oneh-out": 0.015590200445434299, "oneh-in": 0.0, "dsfb-red": 0.0066815144766146995, "dsfb-alt": 0.0556792873051225, "alternate": 0.30734966592427615, "sfR": 0.10690423162583519, "unknown": 0.0}, "monkeyracer": {"sft": 0.0, "sfb": 0.023885817288893756, "dsfb": 0.0, "sfT": 1.3685346512973709e-05, "roll-out": 0.25190910583855985, "roll-in": 0.17657713843314513, "bad-redirect": 0.0024819353426028747, "redirect": 0.015623778094061342, "oneh-out": 0.022783169369848446, "oneh-in": 0.0027781253421336628, "dsfb-red": 0.009424316123684252, "dsfb-alt": 0.054913430408057934, "alternate": 0.2983102507155481, "sfR": 0.09605353707555875, "unknown": 0.04524571062139293}, "chained-bigrams": {"sft": 0.0, "sfb": 0.01998754633600609, "dsfb": 0.0, "sfT": 9.414918035022196e-05, "roll-out": 0.21360566037858358, "roll-in": 0.16669274707179815, "bad-redirect": 0.003520530040406231, "redirect": 0.021669894793160744, "oneh-out": 0.00838512079339839, "oneh-in": 0.004942507316040618, "dsfb-red": 0.011606321370760122, "dsfb-alt": 0.0591607477133112, "alternate": 0.3011195960805372, "sfR": 0.11643721321023381, "unknown": 0.07277796571541365}, "english-5k": {"sft": 0.0, "sfb": 0.020699381922263244, "dsfb": 0.0, "sfT": 0.0, "roll-out": 0.19836561994441448, "roll-in": 0.2143360849545775, "bad-redirect": 0.0041896544572115986, "redirect": 0.015306757373377028, "oneh-out": 0.007674119550338076, "oneh-in": 0.0009125980005807441, "dsfb-red": 0.005890405276475713, "dsfb-alt": 0.05351142821587091, "alternate": 0.36964367196250053, "sfR": 0.10644211224955408, "unknown": 0.0030281660928361057}, "mt-quotes": {"sft": 0.0, "sfb": 0.023811871720395405, "dsfb": 0.0, "sfT": 5.9765004004255265e-06, "roll-out": 0.25890050322133373, "roll-in": 0.17754688564564133, "bad-redirect": 0.002332329281266062, "redirect": 0.015646478048314028, "oneh-out": 0.024485722140543384, "oneh-in": 0.0028552730663032955, "dsfb-red": 0.009805943031998183, "dsfb-alt": 0.05554559472155485, "alternate": 0.2970559759027504, "sfR": 0.09572710103871578, "unknown": 0.03628034568078316}, "english-1k": {"sft": 0.0, "sfb": 0.017642907551164433, "dsfb": 0.0, "sfT": 0.0, "roll-out": 0.2519407198306281, "roll-in": 0.18242766407904024, "bad-redirect": 0.0028228652081863093, "redirect": 0.011644318983768526, "oneh-out": 0.013761467889908258, "oneh-in": 0.00035285815102328866, "dsfb-red": 0.0038814396612561752, "dsfb-alt": 0.0529287226534933, "alternate": 0.3542695836273818, "sfR": 0.10832745236414962, "unknown": 0.0}, "english-10k": {"sft": 0.0, "sfb": 0.021767237220431872, "dsfb": 0.0, "sfT": 1.929719611740414e-05, "roll-out": 0.18994230138360896, "roll-in": 0.22525617027845854, "bad-redirect": 0.003550684085602362, "redirect": 0.014800949422048976, "oneh-out": 0.00685050462167847, "oneh-in": 0.005133054167229502, "dsfb-red": 0.006040022384747496, "dsfb-alt": 0.055884679956002395, "alternate": 0.35755774685938135, "sfR": 0.10543987958549622, "unknown": 0.0077574728391964646}, "reddit": {"sft": 0.0, "sfb": 0.0217555652819972, "dsfb": 0.0, "sfT": 2.801814512013248e-05, "roll-out": 0.23900976084003495, "roll-in": 0.17103511875966518, "bad-redirect": 0.0028563525057230246, "redirect": 0.017102418119499262, "oneh-out": 0.017345441816744474, "oneh-in": 0.00256227435420142, "dsfb-red": 0.009181486224006195, "dsfb-alt": 0.052325609052857464, "alternate": 0.2855531064650184, "sfR": 0.1028716913164539, "unknown": 0.07837315711867839}, "akl": {"sft": 0.0, "sfb": 0.024007954430416763, "dsfb": 0.0, "sfT": 0.00010903948480825964, "roll-out": 0.22335592309296445, "roll-in": 0.16351753200030086, "bad-redirect": 0.002105887004612246, "redirect": 0.02314586100365146, "oneh-out": 0.018770837538478236, "oneh-in": 0.002906335949909243, "dsfb-red": 0.008507496030900799, "dsfb-alt": 0.047313905223127624, "alternate": 0.2704820449760615, "sfR": 0.11706348985084018, "unknown": 0.09871369341392838}, "keymash": {"sft": 0.0, "sfb": 0.02273277698644982, "dsfb": 0.0, "sfT": 2.052435625356611e-05, "roll-out": 0.25421878142792054, "roll-in": 0.17664492453194205, "bad-redirect": 0.002540915304191484, "redirect": 0.01550820358519455, "oneh-out": 0.021538259452492273, "oneh-in": 0.0028446757767442623, "dsfb-red": 0.009736754606691761, "dsfb-alt": 0.05482055555327507, "alternate": 0.29909323394071746, "sfR": 0.09899307508220005, "unknown": 0.04130731939592715}, "movie": {"sft": 0.0, "sfb": 0.024880150558455168, "dsfb": 0.0, "sfT": 1.7502512531733173e-05, "roll-out": 0.23343377319033562, "roll-in": 0.13786610683191494, "bad-redirect": 0.0023513901798271303, "redirect": 0.017336962450793924, "oneh-out": 0.02827498000041848, "oneh-in": 0.001739855023925145, "dsfb-red": 0.011818933481108932, "dsfb-alt": 0.052275135812259364, "alternate": 0.272589657278433, "sfR": 0.1138359467128768, "unknown": 0.10357960596711975}}