{"english-450k": {"sft": 0.0, "sfb": 0.034967529107449505, "dsfb": 0.0, "sfT": 4.8529469374104324e-05, "roll-out": 0.09989878974519689, "roll-in": 0.27578858926001915, "bad-redirect": 0.004048117845923027, "redirect": 0.008650816435235669, "oneh-out": 0.0014801488159101818, "oneh-in": 0.011205922232402367, "dsfb-red": 0.004427583214884397, "dsfb-alt": 0.06598019880711056, "alternate": 0.3705222063250855, "sfR": 0.11328269117541298, "unknown": 0.009698877565995693}, "shai": {"sft": 0.0, "sfb": 0.023297654872860167, "dsfb": 0.0, "sfT": 3.198505836421662e-05, "roll-out": 0.09813658006962402, "roll-in": 0.3113154226811529, "bad-redirect": 0.0068953306768911515, "redirect": 0.007536498729112565, "oneh-out": 0.0015217131482121963, "oneh-in": 0.015524828982116544, "dsfb-red": 0.0047731274729977055, "dsfb-alt": 0.06395254120204989, "alternate": 0.3020312176337064, "sfR": 0.09728563198976478, "unknown": 0.06769746748314746}, "tr-quotes": {"sft": 0.0, "sfb": 0.029008807008622083, "dsfb": 0.0, "sfT": 2.542705901389242e-05, "roll-out": 0.09370102401701301, "roll-in": 0.3273664501514066, "bad-redirect": 0.008914495735188738, "redirect": 0.007817664871362196, "oneh-out": 0.001419292203139086, "oneh-in": 0.022509881879753127, "dsfb-red": 0.0060678209010425095, "dsfb-alt": 0.06822079933427336, "alternate": 0.2936397679202977, "sfR": 0.09591664547745082, "unknown": 0.04539192344143686}, "gutenberg": {"sft": 0.0, "sfb": 0.02271081755988002, "dsfb": 0.0, "sfT": 8.979303274263158e-05, "roll-out": 0.09830745816383478, "roll-in": 0.33897589720099586, "bad-redirect": 0.007615926783443074, "redirect": 0.007375720949017638, "oneh-out": 0.001183600988556882, "oneh-in": 0.01836551674753723, "dsfb-red": 0.006497113172941002, "dsfb-alt": 0.055498535085396206, "alternate": 0.2705721710553485, "sfR": 0.09761014138424484, "unknown": 0.07519730787606137}, "english-200": {"sft": 0.0, "sfb": 0.022271714922048998, "dsfb": 0.0, "sfT": 0.0, "roll-out": 0.09799554565701558, "roll-in": 0.36080178173719374, "bad-redirect": 0.0066815144766146995, "redirect": 0.0066815144766146995, "oneh-out": 0.0, "oneh-in": 0.017817371937639197, "dsfb-red": 0.0022271714922048997, "dsfb-alt": 0.0779510022271715, "alternate": 0.30066815144766146, "sfR": 0.10690423162583519, "unknown": 0.0}, "monkeyracer": {"sft": 0.0, "sfb": 0.029130237577615466, "dsfb": 0.0, "sfT": 3.03032672787275e-05, "roll-out": 0.09372409559410044, "roll-in": 0.3277347232431925, "bad-redirect": 0.008833891174124529, "redirect": 0.007842681076684862, "oneh-out": 0.0014379389086131662, "oneh-in": 0.022835955706398486, "dsfb-red": 0.006070428703254766, "dsfb-alt": 0.06836514850556016, "alternate": 0.2926494048829316, "sfR": 0.09605353707555875, "unknown": 0.04529165428468649}, "chained-bigrams": {"sft": 0.0, "sfb": 0.022484122877017145, "dsfb": 0.0, "sfT": 8.8954742813658e-05, "roll-out": 0.0838466628011394, "roll-in": 0.28829388049806864, "bad-redirect": 0.0062196896453432845, "redirect": 0.01543721905397605, "oneh-out": 0.0014946994011462826, "oneh-in": 0.012997781325867194, "dsfb-red": 0.008396158973163587, "dsfb-alt": 0.06467399385368179, "alternate": 0.30670946017457207, "sfR": 0.11643721321023381, "unknown": 0.07292016344297708}, "english-5k": {"sft": 0.0, "sfb": 0.024515700833782718, "dsfb": 0.0, "sfT": 0.0, "roll-out": 0.10233542124694073, "roll-in": 0.30161363919193596, "bad-redirect": 0.0029866843655369808, "redirect": 0.00779856473223545, "oneh-out": 0.000622225909486871, "oneh-in": 0.013606006554112914, "dsfb-red": 0.004770398639399345, "dsfb-alt": 0.06757373377027419, "alternate": 0.3647073464139047, "sfR": 0.10644211224955408, "unknown": 0.0030281660928361057}, "mt-quotes": {"sft": 0.0, "sfb": 0.029622524234709124, "dsfb": 0.0, "sfT": 2.689425180191487e-05, "roll-out": 0.09366520840056897, "roll-in": 0.3353683317196782, "bad-redirect": 0.009268057995959885, "redirect": 0.00789495702896212, "oneh-out": 0.001464242598104254, "oneh-in": 0.023982201981807533, "dsfb-red": 0.006190160289740739, "dsfb-alt": 0.06969346529446217, "alternate": 0.29079857998350483, "sfR": 0.09572710103871578, "unknown": 0.03629827518198444}, "english-1k": {"sft": 0.0, "sfb": 0.019760056457304165, "dsfb": 0.0, "sfT": 0.0, "roll-out": 0.10762173606210304, "roll-in": 0.3228652081863091, "bad-redirect": 0.0028228652081863093, "redirect": 0.006351446718419196, "oneh-out": 0.0, "oneh-in": 0.016584333098094567, "dsfb-red": 0.0024700070571630206, "dsfb-alt": 0.07127734650670431, "alternate": 0.3419195483415667, "sfR": 0.10832745236414962, "unknown": 0.0}, "english-10k": {"sft": 0.0, "sfb": 0.026070511954612994, "dsfb": 0.0, "sfT": 0.0, "roll-out": 0.10723451882441482, "roll-in": 0.29995561644893, "bad-redirect": 0.00563478126628201, "redirect": 0.007159259759556937, "oneh-out": 0.0018911252195056058, "oneh-in": 0.011539723278207676, "dsfb-red": 0.004997973794407673, "dsfb-alt": 0.06781034715655815, "alternate": 0.35450878987283146, "sfR": 0.10543987958549622, "unknown": 0.0077574728391964646}, "reddit": {"sft": 0.0, "sfb": 0.02832147525272985, "dsfb": 0.0, "sfT": 3.2587949538122004e-05, "roll-out": 0.09286599217102605, "roll-in": 0.30650936800541334, "bad-redirect": 0.009483842463858746, "redirect": 0.00790111692387736, "oneh-out": 0.0014306109847235559, "oneh-in": 0.017232732460238487, "dsfb-red": 0.005556769800035472, "dsfb-alt": 0.0600899689609145, "alternate": 0.2842201844140827, "sfR": 0.1028716913164539, "unknown": 0.0834836592971079}, "akl": {"sft": 0.0, "sfb": 0.025853075985280166, "dsfb": 0.0, "sfT": 7.607982235485389e-05, "roll-out": 0.09919625508845767, "roll-in": 0.2805763133279334, "bad-redirect": 0.010805317310476674, "redirect": 0.01252380437275594, "oneh-out": 0.0016751810396196207, "oneh-in": 0.0194595829660995, "dsfb-red": 0.004716019672209961, "dsfb-alt": 0.05589233887340652, "alternate": 0.2672460504473655, "sfR": 0.11706348985084018, "unknown": 0.10491649124320006}, "keymash": {"sft": 0.0, "sfb": 0.028192255749898403, "dsfb": 0.0, "sfT": 1.6419485002852885e-05, "roll-out": 0.09575843653663803, "roll-in": 0.32812288342576135, "bad-redirect": 0.008382147093956398, "redirect": 0.007893667415121524, "oneh-out": 0.0014161805814960613, "oneh-in": 0.0221991437238571, "dsfb-red": 0.006407704022363339, "dsfb-alt": 0.0677139561517653, "alternate": 0.2935434480097532, "sfR": 0.09899307508220005, "unknown": 0.04136068272218642}, "movie": {"sft": 0.0, "sfb": 0.0285517302549616, "dsfb": 0.0, "sfT": 4.7506819728990045e-05, "roll-out": 0.08440988041836006, "roll-in": 0.2829573297956325, "bad-redirect": 0.007500287212282711, "redirect": 0.009346868083299853, "oneh-out": 0.001214516452295981, "oneh-in": 0.02677397505352413, "dsfb-red": 0.008534251430040812, "dsfb-alt": 0.05986727831587403, "alternate": 0.2733588466449592, "sfR": 0.1138359467128768, "unknown": 0.10360158280616336}}