{"english-450k": {"sft": 0.0, "sfb": 0.03441470244126619, "dsfb": 0.0, "sfT": 2.4849427089149805e-05, "roll-out": 0.17060242612265325, "roll-in": 0.19734508720979524, "bad-redirect": 0.0016081964519695656, "redirect": 0.010782312587082624, "oneh-out": 0.00428813407698411, "oneh-in": 0.0071449411536331905, "dsfb-red": 0.00505203470032468, "dsfb-alt": 0.06603457520050564, "alternate": 0.37972117188728766, "sfR": 0.11328269117541298, "unknown": 0.009698877565995693}, "shai": {"sft": 0.0, "sfb": 0.01992897490210188, "dsfb": 0.0, "sfT": 1.0419140502961172e-05, "roll-out": 0.22295602162846367, "roll-in": 0.18718813406972248, "bad-redirect": 0.002504719576496772, "redirect": 0.010881240221412155, "oneh-out": 0.012092236950761897, "oneh-in": 0.005554593973990234, "dsfb-red": 0.006444346772528024, "dsfb-alt": 0.06309664286932912, "alternate": 0.3043595704217786, "sfR": 0.09728563198976478, "unknown": 0.06769746748314746}, "tr-quotes": {"sft": 0.0, "sfb": 0.024569473659878414, "dsfb": 0.0, "sfT": 1.0401978687501445e-05, "roll-out": 0.247227294792076, "roll-in": 0.1751011303483507, "bad-redirect": 0.0022017521555211393, "redirect": 0.012162224636508633, "oneh-out": 0.02044566699798895, "oneh-in": 0.004572247520861746, "dsfb-red": 0.008833591456508172, "dsfb-alt": 0.0669575368114468, "alternate": 0.29661011072328425, "sfR": 0.09591664547745082, "unknown": 0.04539192344143686}, "gutenberg": {"sft": 0.0, "sfb": 0.020290194411387727, "dsfb": 0.0, "sfT": 2.500565468782145e-05, "roll-out": 0.265687922609772, "roll-in": 0.17147343547006652, "bad-redirect": 0.0018960727103818553, "redirect": 0.01061243773686701, "oneh-out": 0.01584392379640396, "oneh-in": 0.00538796083811377, "dsfb-red": 0.00927406690073475, "dsfb-alt": 0.053595074340674766, "alternate": 0.2731064562706036, "sfR": 0.09761014138424484, "unknown": 0.07519730787606137}, "english-200": {"sft": 0.0, "sfb": 0.017817371937639197, "dsfb": 0.0, "sfT": 0.0, "roll-out": 0.2828507795100223, "roll-in": 0.18040089086859687, "bad-redirect": 0.0, "redirect": 0.011135857461024499, "oneh-out": 0.013363028953229399, "oneh-in": 0.004454342984409799, "dsfb-red": 0.004454342984409799, "dsfb-alt": 0.0801781737193764, "alternate": 0.2984409799554566, "sfR": 0.10690423162583519, "unknown": 0.0}, "monkeyracer": {"sft": 0.0, "sfb": 0.024498725307724793, "dsfb": 0.0, "sfT": 9.775247509266934e-06, "roll-out": 0.2479090745577678, "roll-in": 0.17494173952484476, "bad-redirect": 0.0021837902935702334, "redirect": 0.012150632654018799, "oneh-out": 0.020831052442247838, "oneh-in": 0.004566018111578586, "dsfb-red": 0.008798700283091168, "dsfb-alt": 0.06715986048766755, "alternate": 0.29560543972973397, "sfR": 0.09605353707555875, "unknown": 0.04529165428468649}, "chained-bigrams": {"sft": 0.0, "sfb": 0.019666140513431192, "dsfb": 0.0, "sfT": 5.9736031670485663e-05, "roll-out": 0.2085222539443637, "roll-in": 0.1664784765234149, "bad-redirect": 0.0027504546756106224, "redirect": 0.01792535463399019, "oneh-out": 0.0074111637552926445, "oneh-in": 0.00688133112656312, "dsfb-red": 0.010127854586915602, "dsfb-alt": 0.06230143450885619, "alternate": 0.3085184230466805, "sfR": 0.11643721321023381, "unknown": 0.07292016344297708}, "english-5k": {"sft": 0.0, "sfb": 0.022192724105031734, "dsfb": 0.0, "sfT": 0.0, "roll-out": 0.17015804538100968, "roll-in": 0.23229767287509853, "bad-redirect": 0.00045629900029037207, "redirect": 0.011200066370763678, "oneh-out": 0.004480026548305471, "oneh-in": 0.009499315551499564, "dsfb-red": 0.00543410627618534, "dsfb-alt": 0.06583150122371095, "alternate": 0.3689799643257145, "sfR": 0.10644211224955408, "unknown": 0.0030281660928361057}, "mt-quotes": {"sft": 0.0, "sfb": 0.02448273389034317, "dsfb": 0.0, "sfT": 4.482375300319145e-06, "roll-out": 0.2554789567420901, "roll-in": 0.17547005175649347, "bad-redirect": 0.002232222899558934, "redirect": 0.012241366945171585, "oneh-out": 0.022384982249793812, "oneh-in": 0.004323998039707869, "dsfb-red": 0.009166457489152652, "dsfb-alt": 0.06861470697218537, "alternate": 0.29357466441950253, "sfR": 0.09572710103871578, "unknown": 0.03629827518198444}, "english-1k": {"sft": 0.0, "sfb": 0.019760056457304165, "dsfb": 0.0, "sfT": 0.0, "roll-out": 0.22230063514467185, "roll-in": 0.20642201834862386, "bad-redirect": 0.00035285815102328866, "redirect": 0.009527170077628794, "oneh-out": 0.009527170077628794, "oneh-in": 0.008821453775582216, "dsfb-red": 0.003175723359209598, "dsfb-alt": 0.06880733944954129, "alternate": 0.3429781227946366, "sfR": 0.10832745236414962, "unknown": 0.0}, "english-10k": {"sft": 0.0, "sfb": 0.022944366183593523, "dsfb": 0.0, "sfT": 0.0, "roll-out": 0.17307655197699776, "roll-in": 0.23264699639142433, "bad-redirect": 0.003512089693367554, "redirect": 0.01080642982574632, "oneh-out": 0.005287431736168735, "oneh-in": 0.007950444800370507, "dsfb-red": 0.005422512108990564, "dsfb-alt": 0.06707705370409679, "alternate": 0.3580787711545512, "sfR": 0.10543987958549622, "unknown": 0.0077574728391964646}, "reddit": {"sft": 0.0, "sfb": 0.021950680947680046, "dsfb": 0.0, "sfT": 1.4833135651834843e-05, "roll-out": 0.23092233074259136, "roll-in": 0.17173980507536712, "bad-redirect": 0.002502604694874721, "redirect": 0.012390387903353131, "oneh-out": 0.014945582806447994, "oneh-in": 0.004318315345347049, "dsfb-red": 0.008779680551942476, "dsfb-alt": 0.05971198620368555, "alternate": 0.28636844197949696, "sfR": 0.1028716913164539, "unknown": 0.0834836592971079}, "akl": {"sft": 0.0, "sfb": 0.020379107985147336, "dsfb": 0.0, "sfT": 8.066443705701935e-05, "roll-out": 0.21812314299871718, "roll-in": 0.1633488305701117, "bad-redirect": 0.0030071974733568833, "redirect": 0.017635216085901306, "oneh-out": 0.01659779212390454, "oneh-in": 0.0043059444733770805, "dsfb-red": 0.008486617447730126, "dsfb-alt": 0.05648877246445715, "alternate": 0.2695667328461994, "sfR": 0.11706348985084018, "unknown": 0.10491649124320006}, "keymash": {"sft": 0.0, "sfb": 0.023553751236592466, "dsfb": 0.0, "sfT": 4.104871250713221e-06, "roll-out": 0.24939145283708178, "roll-in": 0.17595941103307294, "bad-redirect": 0.0022699938016444115, "redirect": 0.011945175339575474, "oneh-out": 0.019781374557187013, "oneh-in": 0.004913530887103726, "dsfb-red": 0.009203121344099043, "dsfb-alt": 0.06622799275900712, "alternate": 0.29639633352899886, "sfR": 0.09899307508220005, "unknown": 0.04136068272218642}, "movie": {"sft": 0.0, "sfb": 0.023498373253318338, "dsfb": 0.0, "sfT": 1.9344882271915614e-05, "roll-out": 0.23300502743222745, "roll-in": 0.1357708060459732, "bad-redirect": 0.0018904029512657671, "redirect": 0.013050689250259479, "oneh-out": 0.02638944616918034, "oneh-in": 0.0029067330586535515, "dsfb-red": 0.011383344635394371, "dsfb-alt": 0.0590401859003707, "alternate": 0.27560811690204473, "sfR": 0.1138359467128768, "unknown": 0.10360158280616336}}