{"english-450k": {"sft": 0.0, "sfb": 0.08840052131174571, "dsfb": 0.0, "sfT": 0.003473365214661045, "roll-out": 0.1531107682215002, "roll-in": 0.27121074009779567, "bad-redirect": 0.004894752444160414, "redirect": 0.03590215991220259, "oneh-out": 0.005287373392168981, "oneh-in": 0.007301638717395359, "dsfb-red": 0.014422607482542546, "dsfb-alt": 0.04443545317461663, "alternate": 0.2485790512898022, "sfR": 0.11328269117541298, "unknown": 0.009698877565995693}, "shai": {"sft": 0.0, "sfb": 0.05011430865364579, "dsfb": 0.0, "sfT": 0.0008788111528461593, "roll-out": 0.13850739000375584, "roll-in": 0.30952017226105877, "bad-redirect": 0.004532515768819553, "redirect": 0.03584775731484042, "oneh-out": 0.005820572337476116, "oneh-in": 0.006700269813938612, "dsfb-red": 0.01597923432786326, "dsfb-alt": 0.03803572263473899, "alternate": 0.22872759459046896, "sfR": 0.09728563198976478, "unknown": 0.06805001915078276}, "tr-quotes": {"sft": 0.0, "sfb": 0.04545780263979104, "dsfb": 0.0, "sfT": 0.0007697464228751069, "roll-out": 0.14735674163796492, "roll-in": 0.3078072628926747, "bad-redirect": 0.0044243082684172815, "redirect": 0.03917385173713044, "oneh-out": 0.008921430387647072, "oneh-in": 0.006176463789556413, "dsfb-red": 0.018414969603106724, "dsfb-alt": 0.036876170222602346, "alternate": 0.24238228427451977, "sfR": 0.09591664547745082, "unknown": 0.046322322646263375}, "gutenberg": {"sft": 0.0, "sfb": 0.045029879862984165, "dsfb": 0.0, "sfT": 0.000550503276687948, "roll-out": 0.14305640328513683, "roll-in": 0.3134557322242947, "bad-redirect": 0.004486431211906632, "redirect": 0.034242781416858284, "oneh-out": 0.007546214049161875, "oneh-in": 0.006702652077003777, "dsfb-red": 0.016874649305164843, "dsfb-alt": 0.032566455368884556, "alternate": 0.21772669804497458, "sfR": 0.09761014138424484, "unknown": 0.08015145849269702}, "english-200": {"sft": 0.0, "sfb": 0.053452115812917596, "dsfb": 0.0, "sfT": 0.0, "roll-out": 0.14699331848552338, "roll-in": 0.3363028953229399, "bad-redirect": 0.0022271714922048997, "redirect": 0.031180400890868598, "oneh-out": 0.008908685968819599, "oneh-in": 0.0066815144766146995, "dsfb-red": 0.024498886414253896, "dsfb-alt": 0.0334075723830735, "alternate": 0.24944320712694878, "sfR": 0.10690423162583519, "unknown": 0.0}, "monkeyracer": {"sft": 0.0, "sfb": 0.04506193596821872, "dsfb": 0.0, "sfT": 0.0007546491077154074, "roll-out": 0.1479825844190375, "roll-in": 0.3076113987206156, "bad-redirect": 0.004435029794954408, "redirect": 0.03936785429407073, "oneh-out": 0.008956081767990365, "oneh-in": 0.006152540782332609, "dsfb-red": 0.018635531851666484, "dsfb-alt": 0.03666988598151305, "alternate": 0.24211626288377622, "sfR": 0.09605353707555875, "unknown": 0.046202707352550165}, "chained-bigrams": {"sft": 0.0, "sfb": 0.049752322725209706, "dsfb": 0.0, "sfT": 0.0014570397290061938, "roll-out": 0.11394388319268312, "roll-in": 0.2717158331001247, "bad-redirect": 0.005474287858846355, "redirect": 0.037774599070585266, "oneh-out": 0.0046061674855481, "oneh-in": 0.017241636793239958, "dsfb-red": 0.01762472656156155, "dsfb-alt": 0.04724795452789381, "alternate": 0.2431068190628066, "sfR": 0.11643721321023381, "unknown": 0.0736175166822608}, "english-5k": {"sft": 0.0, "sfb": 0.06504334840502758, "dsfb": 0.0, "sfT": 0.0013274152735719916, "roll-out": 0.14713568672999544, "roll-in": 0.3268345293898038, "bad-redirect": 0.004106691002613349, "redirect": 0.0313601858381383, "oneh-out": 0.004397063093707222, "oneh-in": 0.007923009914132825, "dsfb-red": 0.016053428464761273, "dsfb-alt": 0.041315800389928235, "alternate": 0.2450325631559298, "sfR": 0.10644211224955408, "unknown": 0.0030281660928361057}, "mt-quotes": {"sft": 0.0, "sfb": 0.043574664419502515, "dsfb": 0.0, "sfT": 0.0006992505468497866, "roll-out": 0.14930792125363074, "roll-in": 0.3114563536175757, "bad-redirect": 0.0044241044214149965, "redirect": 0.03986176354573816, "oneh-out": 0.009342764250965205, "oneh-in": 0.006110971659435101, "dsfb-red": 0.019129283656662006, "dsfb-alt": 0.036940748975030184, "alternate": 0.2462348047477319, "sfR": 0.09572710103871578, "unknown": 0.03719026786674795}, "english-1k": {"sft": 0.0, "sfb": 0.0716302046577276, "dsfb": 0.0, "sfT": 0.0, "roll-out": 0.16055045871559634, "roll-in": 0.33098094565984476, "bad-redirect": 0.0028228652081863093, "redirect": 0.037755822159491886, "oneh-out": 0.008115737473535639, "oneh-in": 0.010938602681721948, "dsfb-red": 0.019760056457304165, "dsfb-alt": 0.03493295695130558, "alternate": 0.21418489767113622, "sfR": 0.10832745236414962, "unknown": 0.0}, "english-10k": {"sft": 0.0, "sfb": 0.06674900137010092, "dsfb": 0.0, "sfT": 0.0014279925126879063, "roll-out": 0.14849192412342488, "roll-in": 0.3209895602169005, "bad-redirect": 0.005461106501225372, "redirect": 0.03236139788888674, "oneh-out": 0.004689218656529206, "oneh-in": 0.007603095270257231, "dsfb-red": 0.01607456436579765, "dsfb-alt": 0.040099573531965804, "alternate": 0.2428552131375311, "sfR": 0.10543987958549622, "unknown": 0.0077574728391964646}, "reddit": {"sft": 0.0, "sfb": 0.046774794981530685, "dsfb": 0.0, "sfT": 0.0008408065554968098, "roll-out": 0.13689193742289626, "roll-in": 0.28518328942388066, "bad-redirect": 0.003798106789961488, "redirect": 0.03425944914753482, "oneh-out": 0.006526729516460379, "oneh-in": 0.00517998568003091, "dsfb-red": 0.015870443797305202, "dsfb-alt": 0.03948157441748572, "alternate": 0.23734507847983582, "sfR": 0.1028716913164539, "unknown": 0.08497611247112735}, "akl": {"sft": 0.0, "sfb": 0.05423704514891386, "dsfb": 0.0, "sfT": 0.0006662560338795592, "roll-out": 0.13876501136055133, "roll-in": 0.2587760367393675, "bad-redirect": 0.0030503176332583315, "redirect": 0.03172317947738118, "oneh-out": 0.005835842790340242, "oneh-in": 0.004828900320687603, "dsfb-red": 0.01563366004288969, "dsfb-alt": 0.04036400106016117, "alternate": 0.22391524608662866, "sfR": 0.11706348985084018, "unknown": 0.1051410134551007}, "keymash": {"sft": 0.0, "sfb": 0.04663133740810219, "dsfb": 0.0, "sfT": 0.0006937232413705344, "roll-out": 0.14733614380184964, "roll-in": 0.3100983937638796, "bad-redirect": 0.004420946337018139, "redirect": 0.03965305628188972, "oneh-out": 0.009424784391637556, "oneh-in": 0.006378969923608346, "dsfb-red": 0.018418557301950224, "dsfb-alt": 0.03687405844515687, "alternate": 0.23873931194148096, "sfR": 0.09899307508220005, "unknown": 0.042337642079856165}, "movie": {"sft": 0.0, "sfb": 0.04077335312213898, "dsfb": 0.0, "sfT": 0.0005213906364716303, "roll-out": 0.14261586761994385, "roll-in": 0.25589133913828943, "bad-redirect": 0.0038816098468872308, "redirect": 0.037294959052674534, "oneh-out": 0.00972508027139159, "oneh-in": 0.005098889853793485, "dsfb-red": 0.01694795923993826, "dsfb-alt": 0.033596270201419705, "alternate": 0.23601177484820518, "sfR": 0.1138359467128768, "unknown": 0.10380555945596927}}