{"english-450k": {"sft": 0.0, "sfb": 0.12546417268071527, "dsfb": 0.0, "sfT": 0.00522071845832985, "roll-out": 0.21433215556793805, "roll-in": 0.21441167373462333, "bad-redirect": 0.009058054693296676, "redirect": 0.055977865884426194, "oneh-out": 0.016985021934735466, "oneh-in": 0.01925625957068376, "dsfb-red": 0.03317252343300975, "dsfb-alt": 0.03213849491990006, "alternate": 0.15100149038093294, "sfR": 0.11328269117541298, "unknown": 0.009698877565995693}, "shai": {"sft": 0.0, "sfb": 0.12573217684486132, "dsfb": 0.0, "sfT": 0.0058047926807782806, "roll-out": 0.19487418539505882, "roll-in": 0.21768247738984584, "bad-redirect": 0.006233970701934244, "redirect": 0.055105831684281154, "oneh-out": 0.014241707184686309, "oneh-in": 0.014050063892708553, "dsfb-red": 0.0266333086452857, "dsfb-alt": 0.03906667955770826, "alternate": 0.1358698225154375, "sfR": 0.09728563198976478, "unknown": 0.06741935151764922}, "tr-quotes": {"sft": 0.0, "sfb": 0.14243429416795728, "dsfb": 0.0, "sfT": 0.006894200318994013, "roll-out": 0.1880469707126511, "roll-in": 0.22963176995446244, "bad-redirect": 0.006322091491181433, "redirect": 0.059388363653174917, "oneh-out": 0.015539400383717436, "oneh-in": 0.01529899909849518, "dsfb-red": 0.024114098148447793, "dsfb-alt": 0.03873465708143593, "alternate": 0.13140357365756686, "sfR": 0.09591664547745082, "unknown": 0.04627493585446476}, "gutenberg": {"sft": 0.0, "sfb": 0.13078620430453403, "dsfb": 0.0, "sfT": 0.005275435392018574, "roll-out": 0.18244011998167767, "roll-in": 0.21619244958045436, "bad-redirect": 0.005280929058578777, "redirect": 0.057222030891076504, "oneh-out": 0.016546734242554092, "oneh-in": 0.01276254516646378, "dsfb-red": 0.02452031766274419, "dsfb-alt": 0.043915612735152605, "alternate": 0.12730189364791963, "sfR": 0.09761014138424484, "unknown": 0.08014558595258095}, "english-200": {"sft": 0.0, "sfb": 0.18930957683741648, "dsfb": 0.0, "sfT": 0.013363028953229399, "roll-out": 0.1870824053452116, "roll-in": 0.20044543429844097, "bad-redirect": 0.0066815144766146995, "redirect": 0.07126948775055679, "oneh-out": 0.011135857461024499, "oneh-in": 0.0200445434298441, "dsfb-red": 0.0200445434298441, "dsfb-alt": 0.0334075723830735, "alternate": 0.1403118040089087, "sfR": 0.10690423162583519, "unknown": 0.0}, "monkeyracer": {"sft": 0.0, "sfb": 0.1430607472981216, "dsfb": 0.0, "sfT": 0.006921852761311916, "roll-out": 0.18776197663324837, "roll-in": 0.22981313636861286, "bad-redirect": 0.0062864616732095655, "redirect": 0.05961727950951718, "oneh-out": 0.015473239282418632, "oneh-in": 0.015192689678902669, "dsfb-red": 0.024246523921985706, "dsfb-alt": 0.03851447518651172, "alternate": 0.13090131692134443, "sfR": 0.09605353707555875, "unknown": 0.046156763689256614}, "chained-bigrams": {"sft": 0.0, "sfb": 0.12237185809575815, "dsfb": 0.0, "sfT": 0.005411305303715516, "roll-out": 0.17816596098068382, "roll-in": 0.19242534132324401, "bad-redirect": 0.0090935122124473, "redirect": 0.050287999096167865, "oneh-out": 0.0172825429888404, "oneh-in": 0.01810651064307786, "dsfb-red": 0.029026516954319466, "dsfb-alt": 0.03898555232129674, "alternate": 0.14893036791551767, "sfR": 0.11643721321023381, "unknown": 0.07347531895469736}, "english-5k": {"sft": 0.0, "sfb": 0.11714439789272825, "dsfb": 0.0, "sfT": 0.004604471730202846, "roll-out": 0.23598954660472063, "roll-in": 0.20886049695109304, "bad-redirect": 0.007508192641141577, "redirect": 0.06031443149292737, "oneh-out": 0.013108225826523417, "oneh-in": 0.018293441738914007, "dsfb-red": 0.035715767204546396, "dsfb-alt": 0.034388351930974406, "alternate": 0.1546023976438379, "sfR": 0.10644211224955408, "unknown": 0.0030281660928361057}, "mt-quotes": {"sft": 0.0, "sfb": 0.14678434395955103, "dsfb": 0.0, "sfT": 0.007079164724304037, "roll-out": 0.18784140758537432, "roll-in": 0.23456568771590108, "bad-redirect": 0.006324631548750314, "redirect": 0.06061217293601558, "oneh-out": 0.01546867716140137, "oneh-in": 0.01541488865779754, "dsfb-red": 0.02379842459449445, "dsfb-alt": 0.038996665112776566, "alternate": 0.13021449659937126, "sfR": 0.09572710103871578, "unknown": 0.03717233836554667}, "english-1k": {"sft": 0.0, "sfb": 0.12702893436838392, "dsfb": 0.0, "sfT": 0.006351446718419196, "roll-out": 0.2244177840508116, "roll-in": 0.20677487649964715, "bad-redirect": 0.007057163020465773, "redirect": 0.06033874382498236, "oneh-out": 0.017290049400141144, "oneh-in": 0.01834862385321101, "dsfb-red": 0.029640084685956247, "dsfb-alt": 0.040578687367678196, "alternate": 0.15384615384615385, "sfR": 0.10832745236414962, "unknown": 0.0}, "english-10k": {"sft": 0.0, "sfb": 0.11871635051427028, "dsfb": 0.0, "sfT": 0.005654078462399414, "roll-out": 0.22847880203006504, "roll-in": 0.21551108623916945, "bad-redirect": 0.0068698018177958745, "redirect": 0.05656008182011154, "oneh-out": 0.014415005499700893, "oneh-in": 0.01659558866096756, "dsfb-red": 0.03197545396653866, "dsfb-alt": 0.033442040871461375, "alternate": 0.15858435769282722, "sfR": 0.10543987958549622, "unknown": 0.0077574728391964646}, "reddit": {"sft": 0.0, "sfb": 0.13996707867948385, "dsfb": 0.0, "sfT": 0.00562471754769312, "roll-out": 0.17913932977825023, "roll-in": 0.21533307974664556, "bad-redirect": 0.005388361270008579, "redirect": 0.05422717209452678, "oneh-out": 0.01345091964504606, "oneh-in": 0.014231232478124403, "dsfb-red": 0.025236033207495154, "dsfb-alt": 0.03617243670024911, "alternate": 0.1284845086439536, "sfR": 0.1028716913164539, "unknown": 0.07987343889206965}, "akl": {"sft": 0.0, "sfb": 0.13595941302558426, "dsfb": 0.0, "sfT": 0.004632381431021808, "roll-out": 0.17274952106264926, "roll-in": 0.20370514930293412, "bad-redirect": 0.004607661684181754, "redirect": 0.05228945126003179, "oneh-out": 0.013548403804437188, "oneh-in": 0.015633412225878763, "dsfb-red": 0.024145802642745386, "dsfb-alt": 0.03595738092609465, "alternate": 0.12074809512356838, "sfR": 0.11706348985084018, "unknown": 0.09895983766003248}, "keymash": {"sft": 0.0, "sfb": 0.1399966340055744, "dsfb": 0.0, "sfT": 0.007105532134984586, "roll-out": 0.19017868504554356, "roll-in": 0.22894919400852992, "bad-redirect": 0.005956168184784884, "redirect": 0.059266131117797494, "oneh-out": 0.016078780689043688, "oneh-in": 0.01613214401530296, "dsfb-red": 0.02515054615311991, "dsfb-alt": 0.03936161042308908, "alternate": 0.13045280834766618, "sfR": 0.09899307508220005, "unknown": 0.0423786907923633}, "movie": {"sft": 0.0, "sfb": 0.1419744597546832, "dsfb": 0.0, "sfT": 0.006766892457851515, "roll-out": 0.16616530083463296, "roll-in": 0.21363816832126822, "bad-redirect": 0.005096915886214718, "redirect": 0.054646002472196996, "oneh-out": 0.014740405497683944, "oneh-in": 0.01343284937350875, "dsfb-red": 0.02245651316524517, "dsfb-alt": 0.03150202219818661, "alternate": 0.11196094070872542, "sfR": 0.1138359467128768, "unknown": 0.10378358261692566}}