{"english-450k": {"sft": 0.0, "sfb": 0.02688649541805799, "dsfb": 0.0, "sfT": 0.00019674899330585668, "roll-out": 0.2473096840848482, "roll-in": 0.21803939774343814, "bad-redirect": 0.018790259726211934, "redirect": 0.07131376289904526, "oneh-out": 0.023474522905617197, "oneh-in": 0.02019322914504523, "dsfb-red": 0.03150468835602622, "dsfb-alt": 0.03110738986880087, "alternate": 0.1882022521181944, "sfR": 0.11328269117541298, "unknown": 0.009698877565995693}, "shai": {"sft": 0.0, "sfb": 0.014203537213051762, "dsfb": 0.0, "sfT": 2.413973971655603e-05, "roll-out": 0.2305623696252794, "roll-in": 0.24295251968257695, "bad-redirect": 0.010426262055162306, "redirect": 0.06156169679341275, "oneh-out": 0.016287427240184876, "oneh-in": 0.019904556492951368, "dsfb-red": 0.02467684021682959, "dsfb-alt": 0.025231713634335542, "alternate": 0.18918583783358667, "sfR": 0.09728563198976478, "unknown": 0.06769746748314746}, "tr-quotes": {"sft": 0.0, "sfb": 0.012882272716765678, "dsfb": 0.0, "sfT": 2.080395737500289e-05, "roll-out": 0.23571461593583135, "roll-in": 0.24216268694667253, "bad-redirect": 0.008741129423730381, "redirect": 0.057715956635306626, "oneh-out": 0.014826286955918725, "oneh-in": 0.01687547675735651, "dsfb-red": 0.023308522687871293, "dsfb-alt": 0.031424377614941865, "alternate": 0.21501930144934236, "sfR": 0.09591664547745082, "unknown": 0.04539192344143686}, "gutenberg": {"sft": 0.0, "sfb": 0.012968273507304492, "dsfb": 0.0, "sfT": 0.0001668938013634144, "roll-out": 0.24127065855422608, "roll-in": 0.24787916055259465, "bad-redirect": 0.009817182143083114, "redirect": 0.05074367195915137, "oneh-out": 0.014847486344449863, "oneh-in": 0.016801905582436636, "dsfb-red": 0.020175395723957275, "dsfb-alt": 0.023585826037175833, "alternate": 0.18893609653395105, "sfR": 0.09761014138424484, "unknown": 0.07519730787606137}, "english-200": {"sft": 0.0, "sfb": 0.008908685968819599, "dsfb": 0.0, "sfT": 0.0, "roll-out": 0.2717149220489978, "roll-in": 0.22494432071269488, "bad-redirect": 0.0022271714922048997, "redirect": 0.05790645879732739, "oneh-out": 0.008908685968819599, "oneh-in": 0.0200445434298441, "dsfb-red": 0.026726057906458798, "dsfb-alt": 0.024498886414253896, "alternate": 0.24721603563474387, "sfR": 0.10690423162583519, "unknown": 0.0}, "monkeyracer": {"sft": 0.0, "sfb": 0.012789933841124857, "dsfb": 0.0, "sfT": 1.955049501853387e-05, "roll-out": 0.23502725339005584, "roll-in": 0.24272623832835447, "bad-redirect": 0.008662824342712358, "redirect": 0.05754785961180537, "oneh-out": 0.014646253343134649, "oneh-in": 0.016781167399158546, "dsfb-red": 0.023196662339490436, "dsfb-alt": 0.03162585826673131, "alternate": 0.2156312072821684, "sfR": 0.09605353707555875, "unknown": 0.04529165428468649}, "chained-bigrams": {"sft": 0.0, "sfb": 0.014631431931116564, "dsfb": 0.0, "sfT": 4.220480498458226e-05, "roll-out": 0.21051821656778838, "roll-in": 0.2201129920025141, "bad-redirect": 0.014478196023787927, "redirect": 0.057827075875798405, "oneh-out": 0.02056542751194883, "oneh-in": 0.01856037462283514, "dsfb-red": 0.03340153196949047, "dsfb-alt": 0.040691925052058, "alternate": 0.17981324698446668, "sfR": 0.11643721321023381, "unknown": 0.07292016344297708}, "english-5k": {"sft": 0.0, "sfb": 0.01733936201103414, "dsfb": 0.0, "sfT": 0.0, "roll-out": 0.23030654996474054, "roll-in": 0.259053386983034, "bad-redirect": 0.014974903554984029, "redirect": 0.0835027170531381, "oneh-out": 0.017463807192931512, "oneh-in": 0.02671423238063633, "dsfb-red": 0.029991288837267184, "dsfb-alt": 0.028705355290994317, "alternate": 0.18247811838884972, "sfR": 0.10644211224955408, "unknown": 0.0030281660928361057}, "mt-quotes": {"sft": 0.0, "sfb": 0.012087472059860629, "dsfb": 0.0, "sfT": 8.96475060063829e-06, "roll-out": 0.23617635457381575, "roll-in": 0.24689371391687884, "bad-redirect": 0.008189299673683079, "redirect": 0.057374403844085056, "oneh-out": 0.014536343098934987, "oneh-in": 0.016785001374595092, "dsfb-red": 0.023121585924146256, "dsfb-alt": 0.03263019806122327, "alternate": 0.2201712865014762, "sfR": 0.09572710103871578, "unknown": 0.03629827518198444}, "english-1k": {"sft": 0.0, "sfb": 0.014467184191954835, "dsfb": 0.0, "sfT": 0.0, "roll-out": 0.2508821453775582, "roll-in": 0.26570218772053633, "bad-redirect": 0.009527170077628794, "redirect": 0.06245589273112209, "oneh-out": 0.019407198306280876, "oneh-in": 0.025758645024700072, "dsfb-red": 0.021524347212420608, "dsfb-alt": 0.02928722653493296, "alternate": 0.1926605504587156, "sfR": 0.10832745236414962, "unknown": 0.0}, "english-10k": {"sft": 0.0, "sfb": 0.018004283977538064, "dsfb": 0.0, "sfT": 5.789158835221242e-05, "roll-out": 0.23928523185581135, "roll-in": 0.25410547847397774, "bad-redirect": 0.014800949422048976, "redirect": 0.08187800312614577, "oneh-out": 0.02091816059126609, "oneh-in": 0.024160089538989984, "dsfb-red": 0.02828968950811447, "dsfb-alt": 0.027749368016827154, "alternate": 0.1775535014762355, "sfR": 0.10543987958549622, "unknown": 0.0077574728391964646}, "reddit": {"sft": 0.0, "sfb": 0.012722934818295025, "dsfb": 0.0, "sfT": 2.753119874772376e-05, "roll-out": 0.21712215817628844, "roll-in": 0.23260473045926347, "bad-redirect": 0.008685924646547166, "redirect": 0.05641262487131037, "oneh-out": 0.013705929714535181, "oneh-in": 0.01661775664929954, "dsfb-red": 0.024520821358666532, "dsfb-alt": 0.028948287606259657, "alternate": 0.20227594988722508, "sfR": 0.1028716913164539, "unknown": 0.0834836592971079}, "akl": {"sft": 0.0, "sfb": 0.019720720141364736, "dsfb": 0.0, "sfT": 0.00019280163450187727, "roll-out": 0.1997904459355594, "roll-in": 0.21780451227691666, "bad-redirect": 0.006988191891154804, "redirect": 0.0533260078624903, "oneh-out": 0.01315449866556735, "oneh-in": 0.015925960207279103, "dsfb-red": 0.025176039911425245, "dsfb-alt": 0.030973656927829864, "alternate": 0.19496718345187042, "sfR": 0.11706348985084018, "unknown": 0.10491649124320006}, "keymash": {"sft": 0.0, "sfb": 0.01309864416102589, "dsfb": 0.0, "sfT": 2.873409875499255e-05, "roll-out": 0.239211372135313, "roll-in": 0.24209299175331367, "bad-redirect": 0.008394461707708538, "redirect": 0.057242429591195874, "oneh-out": 0.016013102749032275, "oneh-in": 0.016924384166690613, "dsfb-red": 0.022974964390241902, "dsfb-alt": 0.03072085644033775, "alternate": 0.21294430100199907, "sfR": 0.09899307508220005, "unknown": 0.04136068272218642}, "movie": {"sft": 0.0, "sfb": 0.012088314256691322, "dsfb": 0.0, "sfT": 2.697755690981429e-05, "roll-out": 0.2054452816845155, "roll-in": 0.21430181622124966, "bad-redirect": 0.007587404981425623, "redirect": 0.04767631774508683, "oneh-out": 0.011098961706213353, "oneh-in": 0.013859357968360984, "dsfb-red": 0.02297079751843324, "dsfb-alt": 0.033742870193602795, "alternate": 0.21376437064847073, "sfR": 0.1138359467128768, "unknown": 0.10360158280616336}}