{"english-450k": {"sft": 0.0, "sfb": 0.03750100128573859, "dsfb": 0.0, "sfT": 8.039520528842584e-05, "roll-out": 0.16839053476551788, "roll-in": 0.20813032325888836, "bad-redirect": 0.0016081964519695656, "redirect": 0.012394894232067922, "oneh-out": 0.00385166119881822, "oneh-in": 0.00723936897657196, "dsfb-red": 0.005183005798394552, "dsfb-alt": 0.06497540491410576, "alternate": 0.36766364517123007, "sfR": 0.11328269117541298, "unknown": 0.009698877565995693}, "shai": {"sft": 0.0, "sfb": 0.024633263284094507, "dsfb": 0.0, "sfT": 3.306103201199641e-05, "roll-out": 0.2164618278609365, "roll-in": 0.1941539332797256, "bad-redirect": 0.0023999901846432706, "redirect": 0.008815672709561736, "oneh-out": 0.011878226566300257, "oneh-in": 0.005586815127291553, "dsfb-red": 0.0052875241552213514, "dsfb-alt": 0.06684627943794233, "alternate": 0.29919842285485687, "sfR": 0.09728563198976478, "unknown": 0.06741935151764922}, "tr-quotes": {"sft": 0.0, "sfb": 0.029046947597142922, "dsfb": 0.0, "sfT": 2.6582834423614803e-05, "roll-out": 0.24371951642356857, "roll-in": 0.17938905711842074, "bad-redirect": 0.0019474815653822148, "redirect": 0.009147962367952659, "oneh-out": 0.020531194378308408, "oneh-in": 0.00458380527495897, "dsfb-red": 0.006044705392848061, "dsfb-alt": 0.07160837706016966, "alternate": 0.29176278865490857, "sfR": 0.09591664547745082, "unknown": 0.04627493585446476}, "gutenberg": {"sft": 0.0, "sfb": 0.027609652637357766, "dsfb": 0.0, "sfT": 3.8455665921422385e-05, "roll-out": 0.2548585797621659, "roll-in": 0.17521045478845026, "bad-redirect": 0.0017861993791777914, "redirect": 0.007988548925647201, "oneh-out": 0.014464255742681205, "oneh-in": 0.005445360181828997, "dsfb-red": 0.008154495543120926, "dsfb-alt": 0.0618571699736645, "alternate": 0.26483110006315824, "sfR": 0.09761014138424484, "unknown": 0.08014558595258095}, "english-200": {"sft": 0.0, "sfb": 0.0200445434298441, "dsfb": 0.0, "sfT": 0.0, "roll-out": 0.28507795100222716, "roll-in": 0.18040089086859687, "bad-redirect": 0.0, "redirect": 0.004454342984409799, "oneh-out": 0.013363028953229399, "oneh-in": 0.004454342984409799, "dsfb-red": 0.004454342984409799, "dsfb-alt": 0.08240534521158129, "alternate": 0.2984409799554566, "sfR": 0.10690423162583519, "unknown": 0.0}, "monkeyracer": {"sft": 0.0, "sfb": 0.029074518666812644, "dsfb": 0.0, "sfT": 2.7370693025947417e-05, "roll-out": 0.24440269327619377, "roll-in": 0.1790883995182758, "bad-redirect": 0.001910083363310759, "redirect": 0.009103688005380296, "oneh-out": 0.020876018580790464, "oneh-in": 0.004572860784835072, "dsfb-red": 0.0060753163270093995, "dsfb-alt": 0.07181874345058417, "alternate": 0.2908400065689663, "sfR": 0.09605353707555875, "unknown": 0.046156763689256614}, "chained-bigrams": {"sft": 0.0, "sfb": 0.02370156917464933, "dsfb": 0.0, "sfT": 0.00010064222727092693, "roll-out": 0.200687094225149, "roll-in": 0.17044183236381322, "bad-redirect": 0.0026303333075775805, "redirect": 0.01780458396126508, "oneh-out": 0.006734588266155188, "oneh-in": 0.007131313433010261, "dsfb-red": 0.00983826469425216, "dsfb-alt": 0.0637954846053104, "alternate": 0.3072217615766157, "sfR": 0.11643721321023381, "unknown": 0.07347531895469736}, "english-5k": {"sft": 0.0, "sfb": 0.02488903637947484, "dsfb": 0.0, "sfT": 0.0, "roll-out": 0.1643506035591322, "roll-in": 0.24345625751856306, "bad-redirect": 0.00045629900029037207, "redirect": 0.010038578006388186, "oneh-out": 0.0037333554569212264, "oneh-in": 0.009499315551499564, "dsfb-red": 0.004023727548015099, "dsfb-alt": 0.06649520886049695, "alternate": 0.36358733977682833, "sfR": 0.10644211224955408, "unknown": 0.0030281660928361057}, "mt-quotes": {"sft": 0.0, "sfb": 0.02914440420267508, "dsfb": 0.0, "sfT": 1.942362630138296e-05, "roll-out": 0.25272528418259405, "roll-in": 0.178567373089014, "bad-redirect": 0.0019483391305387216, "redirect": 0.00905140985644446, "oneh-out": 0.022522441759003597, "oneh-in": 0.004313539164007124, "dsfb-red": 0.006158783662638505, "dsfb-alt": 0.07311351764860569, "alternate": 0.28953604427391494, "sfR": 0.09572710103871578, "unknown": 0.03717233836554667}, "english-1k": {"sft": 0.0, "sfb": 0.022935779816513763, "dsfb": 0.0, "sfT": 0.0, "roll-out": 0.2180663373323924, "roll-in": 0.21700776287932252, "bad-redirect": 0.00035285815102328866, "redirect": 0.0067043048694424845, "oneh-out": 0.008115737473535639, "oneh-in": 0.008821453775582216, "dsfb-red": 0.002117148906139732, "dsfb-alt": 0.07198306280875089, "alternate": 0.3355681016231475, "sfR": 0.10832745236414962, "unknown": 0.0}, "english-10k": {"sft": 0.0, "sfb": 0.025993323170143377, "dsfb": 0.0, "sfT": 1.929719611740414e-05, "roll-out": 0.16800138939812045, "roll-in": 0.24405163929681017, "bad-redirect": 0.003512089693367554, "redirect": 0.009938056000463132, "oneh-out": 0.004419057910885548, "oneh-in": 0.007989039192605315, "dsfb-red": 0.004747110244881419, "dsfb-alt": 0.06701916211574459, "alternate": 0.35111248335616835, "sfR": 0.10543987958549622, "unknown": 0.0077574728391964646}, "reddit": {"sft": 0.0, "sfb": 0.02586685350424402, "dsfb": 0.0, "sfT": 3.270032177790863e-05, "roll-out": 0.22586322013515758, "roll-in": 0.17814764476213324, "bad-redirect": 0.0023450213572806067, "redirect": 0.009728364457634447, "oneh-out": 0.015351209134664458, "oneh-in": 0.0043648749100319755, "dsfb-red": 0.006708098311475996, "dsfb-alt": 0.0633610499462767, "alternate": 0.2854858329507995, "sfR": 0.1028716913164539, "unknown": 0.07987343889206965}, "akl": {"sft": 0.0, "sfb": 0.02383603137908556, "dsfb": 0.0, "sfT": 7.812431269500876e-05, "roll-out": 0.21641295780630398, "roll-in": 0.17075050514399964, "bad-redirect": 0.002977087706529148, "redirect": 0.012974087881611866, "oneh-out": 0.01701009767583577, "oneh-in": 0.004331903305271774, "dsfb-red": 0.005424962186221845, "dsfb-alt": 0.06049436272058967, "alternate": 0.26968655237098305, "sfR": 0.11706348985084018, "unknown": 0.09895983766003248}, "keymash": {"sft": 0.0, "sfb": 0.028245619076157677, "dsfb": 0.0, "sfT": 4.925845500855866e-05, "roll-out": 0.2444943414349809, "roll-in": 0.1813778410840144, "bad-redirect": 0.002040121011604471, "redirect": 0.008661278339004897, "oneh-out": 0.019838842754696998, "oneh-in": 0.004925845500855865, "dsfb-red": 0.006235299429833383, "dsfb-alt": 0.07128929901113651, "alternate": 0.291470488028143, "sfR": 0.09899307508220005, "unknown": 0.0423786907923633}, "movie": {"sft": 0.0, "sfb": 0.024535627417041052, "dsfb": 0.0, "sfT": 3.882136238241569e-05, "roll-out": 0.23320676691877743, "roll-in": 0.1429628911202911, "bad-redirect": 0.001506663653953482, "redirect": 0.010456764253921188, "oneh-out": 0.027665813605611017, "oneh-in": 0.0029179188749332307, "dsfb-red": 0.006376178475094254, "dsfb-alt": 0.06154343998592429, "alternate": 0.27116958500226807, "sfR": 0.1138359467128768, "unknown": 0.10378358261692566}}