{"english-450k": {"sft": 0.0, "sfb": 0.0431412365425735, "dsfb": 0.0, "sfT": 0.0002327075760348617, "roll-out": 0.09629913097168276, "roll-in": 0.2612566442982843, "bad-redirect": 0.0034543627115928718, "redirect": 0.013815989115366243, "oneh-out": 0.0006352682948790885, "oneh-in": 0.00515114006248023, "dsfb-red": 0.003861308623452831, "dsfb-alt": 0.07645057799767409, "alternate": 0.3727200650645705, "sfR": 0.11328269117541298, "unknown": 0.009698877565995693}, "shai": {"sft": 0.0, "sfb": 0.03225232557383455, "dsfb": 0.0, "sfT": 0.00012574571166445227, "roll-out": 0.07708214834317088, "roll-in": 0.3134983061542906, "bad-redirect": 0.004913685239158753, "redirect": 0.01344465067702739, "oneh-out": 0.000352869041157308, "oneh-in": 0.010937558539933175, "dsfb-red": 0.003262270821483432, "dsfb-alt": 0.06757707067645147, "alternate": 0.3115702697489157, "sfR": 0.09728563198976478, "unknown": 0.06769746748314746}, "tr-quotes": {"sft": 0.0, "sfb": 0.03525808464899101, "dsfb": 0.0, "sfT": 5.894454589584152e-05, "roll-out": 0.07782991609070525, "roll-in": 0.3282956935808234, "bad-redirect": 0.006758974596056494, "redirect": 0.011926446452925267, "oneh-out": 0.000241557060631978, "oneh-in": 0.018531702919488684, "dsfb-red": 0.005054205866715979, "dsfb-alt": 0.07090104250941957, "alternate": 0.30383486280945887, "sfR": 0.09591664547745082, "unknown": 0.04539192344143686}, "gutenberg": {"sft": 0.0, "sfb": 0.027923170504845225, "dsfb": 0.0, "sfT": 0.00011063107831581612, "roll-out": 0.0807389019410829, "roll-in": 0.3436650257652962, "bad-redirect": 0.006314874992564607, "redirect": 0.01171420203735466, "oneh-out": 0.0004671510943952098, "oneh-in": 0.013897839776646461, "dsfb-red": 0.004547429854402681, "dsfb-alt": 0.059611018097653144, "alternate": 0.27820230559713693, "sfR": 0.09761014138424484, "unknown": 0.07519730787606137}, "english-200": {"sft": 0.0, "sfb": 0.0334075723830735, "dsfb": 0.0, "sfT": 0.0, "roll-out": 0.07349665924276169, "roll-in": 0.35634743875278396, "bad-redirect": 0.004454342984409799, "redirect": 0.004454342984409799, "oneh-out": 0.0, "oneh-in": 0.017817371937639197, "dsfb-red": 0.0, "dsfb-alt": 0.08685968819599109, "alternate": 0.31625835189309576, "sfR": 0.10690423162583519, "unknown": 0.0}, "monkeyracer": {"sft": 0.0, "sfb": 0.03526811548868417, "dsfb": 0.0, "sfT": 6.353910881023508e-05, "roll-out": 0.07774645354020364, "roll-in": 0.32871713561787386, "bad-redirect": 0.00670484226660619, "redirect": 0.011906251466287127, "oneh-out": 0.0002522013857390869, "oneh-in": 0.018860362544379623, "dsfb-red": 0.005043050190030812, "dsfb-alt": 0.0706183430564462, "alternate": 0.3034745139746938, "sfR": 0.09605353707555875, "unknown": 0.04529165428468649}, "chained-bigrams": {"sft": 0.0, "sfb": 0.03125622926688955, "dsfb": 0.0, "sfT": 0.00025193022052335254, "roll-out": 0.060582075684253514, "roll-in": 0.295821919097934, "bad-redirect": 0.003517932821637949, "redirect": 0.014139258974527127, "oneh-out": 0.0009557765067277706, "oneh-in": 0.011100513015637204, "dsfb-red": 0.006481359436247694, "dsfb-alt": 0.06895291177442636, "alternate": 0.3175827165479846, "sfR": 0.11643721321023381, "unknown": 0.07292016344297708}, "english-5k": {"sft": 0.0, "sfb": 0.03442983365827353, "dsfb": 0.0, "sfT": 0.00012444518189737422, "roll-out": 0.09320944124113328, "roll-in": 0.28991579209358276, "bad-redirect": 0.0026548305471439833, "redirect": 0.013813415190608537, "oneh-out": 0.00041481727299124733, "oneh-in": 0.005890405276475713, "dsfb-red": 0.003442983365827353, "dsfb-alt": 0.077819720413158, "alternate": 0.368814037416518, "sfR": 0.10644211224955408, "unknown": 0.0030281660928361057}, "mt-quotes": {"sft": 0.0, "sfb": 0.03528824661431252, "dsfb": 0.0, "sfT": 5.229437850372336e-05, "roll-out": 0.077752776084436, "roll-in": 0.3363962897885514, "bad-redirect": 0.006949175840594781, "redirect": 0.011812553041441054, "oneh-out": 0.00025698951721829765, "oneh-in": 0.020191606602837642, "dsfb-red": 0.005166684596167868, "dsfb-alt": 0.0715252626671926, "alternate": 0.3025827446480439, "sfR": 0.09572710103871578, "unknown": 0.03629827518198444}, "english-1k": {"sft": 0.0, "sfb": 0.029640084685956247, "dsfb": 0.0, "sfT": 0.00035285815102328866, "roll-out": 0.10444601270289344, "roll-in": 0.30698659139026113, "bad-redirect": 0.0028228652081863093, "redirect": 0.01305575158786168, "oneh-out": 0.0007057163020465773, "oneh-in": 0.008468595624558928, "dsfb-red": 0.0017642907551164433, "dsfb-alt": 0.0776287932251235, "alternate": 0.3458009880028229, "sfR": 0.10832745236414962, "unknown": 0.0}, "english-10k": {"sft": 0.0, "sfb": 0.03668396981918527, "dsfb": 0.0, "sfT": 5.789158835221242e-05, "roll-out": 0.0899442311032207, "roll-in": 0.29704173983520193, "bad-redirect": 0.002450743906910326, "redirect": 0.01719380174060709, "oneh-out": 0.0004824299029351035, "oneh-in": 0.00470851585264661, "dsfb-red": 0.003299820536076108, "dsfb-alt": 0.0731170760888443, "alternate": 0.3618224272013276, "sfR": 0.10543987958549622, "unknown": 0.0077574728391964646}, "reddit": {"sft": 0.0, "sfb": 0.03694679380461876, "dsfb": 0.0, "sfT": 0.0002696184606613818, "roll-out": 0.07733030527604522, "roll-in": 0.3032513221998664, "bad-redirect": 0.007544672179274177, "redirect": 0.01235765012416196, "oneh-out": 0.00038674779193230993, "oneh-in": 0.014222579815660831, "dsfb-red": 0.004279584380033925, "dsfb-alt": 0.06806461478702558, "alternate": 0.28899076056715767, "sfR": 0.1028716913164539, "unknown": 0.0834836592971079}, "akl": {"sft": 0.0, "sfb": 0.034903601041376645, "dsfb": 0.0, "sfT": 0.0004346710371674714, "roll-out": 0.08152628266677373, "roll-in": 0.2778987744333633, "bad-redirect": 0.008530357150158895, "redirect": 0.016936867749106587, "oneh-out": 0.0006813109172934268, "oneh-in": 0.016824916414419928, "dsfb-red": 0.003981985685841632, "dsfb-alt": 0.06618448910850433, "alternate": 0.27011676270195384, "sfR": 0.11706348985084018, "unknown": 0.10491649124320006}, "keymash": {"sft": 0.0, "sfb": 0.034349562625968236, "dsfb": 0.0, "sfT": 4.104871250713222e-05, "roll-out": 0.07974122891635504, "roll-in": 0.32871808975711475, "bad-redirect": 0.00649801118987903, "redirect": 0.012585535254686737, "oneh-out": 0.00024218740379208006, "oneh-in": 0.018086062730642453, "dsfb-red": 0.005081830608382968, "dsfb-alt": 0.07080902907480306, "alternate": 0.30349365592148203, "sfR": 0.09899307508220005, "unknown": 0.04136068272218642}, "movie": {"sft": 0.0, "sfb": 0.03385104361691922, "dsfb": 0.0, "sfT": 0.00014054649160820322, "roll-out": 0.06853325918233788, "roll-in": 0.2858623520823845, "bad-redirect": 0.0065675217323960585, "redirect": 0.011206082346821102, "oneh-out": 0.00024161363164106848, "oneh-in": 0.024508255066615484, "dsfb-red": 0.007699394742060999, "dsfb-alt": 0.06806292850723702, "alternate": 0.2758894730809383, "sfR": 0.1138359467128768, "unknown": 0.10360158280616336}}