{"english-450k": {"sft": 0.0, "sfb": 0.05626787331586662, "dsfb": 0.0, "sfT": 0.0007586383917216911, "roll-out": 0.15775234885555234, "roll-in": 0.2802477458646168, "bad-redirect": 0.0016704661927929645, "redirect": 0.08561066151513681, "oneh-out": 0.007785764026332207, "oneh-in": 0.017811484645100482, "dsfb-red": 0.06805264102634566, "dsfb-alt": 0.03062180282885878, "alternate": 0.17043900459626699, "sfR": 0.11328269117541298, "unknown": 0.009698877565995693}, "shai": {"sft": 0.0, "sfb": 0.05073053579152802, "dsfb": 0.0, "sfT": 0.0003355141280758526, "roll-out": 0.1341528124093357, "roll-in": 0.30841844104268196, "bad-redirect": 0.0021522337058111555, "redirect": 0.07449642885120383, "oneh-out": 0.01156428609690327, "oneh-in": 0.02440122453541935, "dsfb-red": 0.057301239800311675, "dsfb-alt": 0.025679423172849672, "alternate": 0.1472029020015587, "sfR": 0.09728563198976478, "unknown": 0.06627932647455609}, "tr-quotes": {"sft": 0.0, "sfb": 0.05395275190125055, "dsfb": 0.0, "sfT": 0.00033286331800004625, "roll-out": 0.1414992718614919, "roll-in": 0.32166847738147525, "bad-redirect": 0.0021035112456947364, "redirect": 0.08010679364785835, "oneh-out": 0.013549155128175493, "oneh-in": 0.028761471070941496, "dsfb-red": 0.0555199833568341, "dsfb-alt": 0.024564850558239523, "alternate": 0.14036198885832504, "sfR": 0.09591664547745082, "unknown": 0.04166223619426273}, "gutenberg": {"sft": 0.0, "sfb": 0.04665581572802638, "dsfb": 0.0, "sfT": 0.0004730236345112891, "roll-out": 0.13465810260880964, "roll-in": 0.33485280572917436, "bad-redirect": 0.0018538283089016721, "redirect": 0.07396558994590823, "oneh-out": 0.013477290129624009, "oneh-in": 0.018800653026460907, "dsfb-red": 0.052369228950637704, "dsfb-alt": 0.022083592388127165, "alternate": 0.13140888299361636, "sfR": 0.09761014138424484, "unknown": 0.07179104517195745}, "english-200": {"sft": 0.0, "sfb": 0.053452115812917596, "dsfb": 0.0, "sfT": 0.0, "roll-out": 0.1492204899777283, "roll-in": 0.3674832962138085, "bad-redirect": 0.0022271714922048997, "redirect": 0.08240534521158129, "oneh-out": 0.017817371937639197, "oneh-in": 0.017817371937639197, "dsfb-red": 0.066815144766147, "dsfb-alt": 0.022271714922048998, "alternate": 0.11358574610244988, "sfR": 0.10690423162583519, "unknown": 0.0}, "monkeyracer": {"sft": 0.0, "sfb": 0.05382153526127281, "dsfb": 0.0, "sfT": 0.0003421336628243427, "roll-out": 0.14147715720162035, "roll-in": 0.32174445156951376, "bad-redirect": 0.002056712075949763, "redirect": 0.08025771462533432, "oneh-out": 0.013638425324929227, "oneh-in": 0.029080383815318203, "dsfb-red": 0.05550972050612322, "dsfb-alt": 0.024579859862051707, "alternate": 0.13999327462971362, "sfR": 0.09605353707555875, "unknown": 0.04144509438978995}, "chained-bigrams": {"sft": 0.0, "sfb": 0.04688759042379468, "dsfb": 0.0, "sfT": 0.0006824192313660916, "roll-out": 0.10526462737377679, "roll-in": 0.28416689987526855, "bad-redirect": 0.0025400799553797816, "redirect": 0.08771522015649541, "oneh-out": 0.009174025994264043, "oneh-in": 0.01960056073953207, "dsfb-red": 0.06413636956864742, "dsfb-alt": 0.03220161689854419, "alternate": 0.15942118382530068, "sfR": 0.11643721321023381, "unknown": 0.07177219274739645}, "english-5k": {"sft": 0.0, "sfb": 0.057742564400381634, "dsfb": 0.0, "sfT": 0.00041481727299124733, "roll-out": 0.1487534740946613, "roll-in": 0.3001617787364666, "bad-redirect": 0.0014518604554693657, "redirect": 0.07732193968556851, "oneh-out": 0.011200066370763678, "oneh-in": 0.02654830547143983, "dsfb-red": 0.07197079686398142, "dsfb-alt": 0.028373501472601318, "alternate": 0.16659061683328494, "sfR": 0.10644211224955408, "unknown": 0.0030281660928361057}, "mt-quotes": {"sft": 0.0, "sfb": 0.053976763366443144, "dsfb": 0.0, "sfT": 0.0002988250200212763, "roll-out": 0.1423288629110338, "roll-in": 0.3286880983971026, "bad-redirect": 0.0020006335090424453, "redirect": 0.08114294593657738, "oneh-out": 0.014146376447807222, "oneh-in": 0.030109609017343802, "dsfb-red": 0.0549494388066124, "dsfb-alt": 0.024027025734810723, "alternate": 0.139354059836722, "sfR": 0.09572710103871578, "unknown": 0.03325025997776742}, "english-1k": {"sft": 0.0, "sfb": 0.053987297106563165, "dsfb": 0.0, "sfT": 0.0, "roll-out": 0.16372618207480594, "roll-in": 0.326393789696542, "bad-redirect": 0.002117148906139732, "redirect": 0.08151023288637968, "oneh-out": 0.01834862385321101, "oneh-in": 0.019054340155257588, "dsfb-red": 0.068454481298518, "dsfb-alt": 0.02081863091037403, "alternate": 0.1372618207480593, "sfR": 0.10832745236414962, "unknown": 0.0}, "english-10k": {"sft": 0.0, "sfb": 0.05671445938905077, "dsfb": 0.0, "sfT": 0.00036664672623067866, "roll-out": 0.155612589490747, "roll-in": 0.3053781285579205, "bad-redirect": 0.0016788560622141603, "redirect": 0.07469944617047143, "oneh-out": 0.010536269080102661, "oneh-in": 0.024160089538989984, "dsfb-red": 0.06833137145172806, "dsfb-alt": 0.026861696995426565, "alternate": 0.16246309411242546, "sfR": 0.10543987958549622, "unknown": 0.0077574728391964646}, "reddit": {"sft": 0.0, "sfb": 0.05092706161388636, "dsfb": 0.0, "sfT": 0.0003367421452272607, "roll-out": 0.13405360193295235, "roll-in": 0.30420465082480286, "bad-redirect": 0.002967151534152639, "redirect": 0.07455883126877436, "oneh-out": 0.012920859789972539, "oneh-in": 0.02397787615343081, "dsfb-red": 0.04969718490683499, "dsfb-alt": 0.026665108438274958, "alternate": 0.13734730719592494, "sfR": 0.1028716913164539, "unknown": 0.07947193287931202}, "akl": {"sft": 0.0, "sfb": 0.05285007529300335, "dsfb": 0.0, "sfT": 0.00030884194986884907, "roll-out": 0.13440851221694497, "roll-in": 0.28843037785527015, "bad-redirect": 0.0026811322412285477, "redirect": 0.06613969618377911, "oneh-out": 0.013864246584864749, "oneh-in": 0.021878400901260905, "dsfb-red": 0.04842381566082079, "dsfb-alt": 0.025369523042707173, "alternate": 0.12845161081676645, "sfR": 0.11706348985084018, "unknown": 0.10013027740264478}, "keymash": {"sft": 0.0, "sfb": 0.053662981860573944, "dsfb": 0.0, "sfT": 0.00035301892756133707, "roll-out": 0.14125272460829266, "roll-in": 0.32517558586774925, "bad-redirect": 0.002167372020376581, "redirect": 0.07876016468743458, "oneh-out": 0.01401813532118565, "oneh-in": 0.02818815087864769, "dsfb-red": 0.055707207743429125, "dsfb-alt": 0.02486320516556998, "alternate": 0.1398078099280416, "sfR": 0.09899307508220005, "unknown": 0.037050567908937536}, "movie": {"sft": 0.0, "sfb": 0.055696416419778155, "dsfb": 0.0, "sfT": 0.0002864884945983693, "roll-out": 0.12988456632392886, "roll-in": 0.29168608283110115, "bad-redirect": 0.0029801646525836802, "redirect": 0.073481206315275, "oneh-out": 0.011222926870159914, "oneh-in": 0.03253203848078717, "dsfb-red": 0.046781847236228254, "dsfb-alt": 0.024701309095818885, "alternate": 0.13100801707192442, "sfR": 0.1138359467128768, "unknown": 0.08590298949493934}}