{"english-450k": {"sft": 0.0, "sfb": 0.06665434914672914, "dsfb": 0.0, "sfT": 0.0012848615536095694, "roll-out": 0.14980316330283383, "roll-in": 0.21048487956213555, "bad-redirect": 0.0026653203149621034, "redirect": 0.03700635151356399, "oneh-out": 0.006898785652350084, "oneh-in": 0.008191248207186922, "dsfb-red": 0.018957189407010813, "dsfb-alt": 0.06734107037299282, "alternate": 0.3077312122252165, "sfR": 0.11328269117541298, "unknown": 0.009698877565995693}, "shai": {"sft": 0.0, "sfb": 0.06095447609681967, "dsfb": 0.0, "sfT": 0.0014523321999744244, "roll-out": 0.14902678957640078, "roll-in": 0.22014270274672076, "bad-redirect": 0.0015988813589655542, "redirect": 0.03650475533907413, "oneh-out": 0.005132378818274399, "oneh-in": 0.012642403951161015, "dsfb-red": 0.020345194794578827, "dsfb-alt": 0.052111404763327596, "alternate": 0.2751055808817906, "sfR": 0.09728563198976478, "unknown": 0.06769746748314746}, "tr-quotes": {"sft": 0.0, "sfb": 0.06545849610503687, "dsfb": 0.0, "sfT": 0.0017822056817919142, "roll-out": 0.1606065509350223, "roll-in": 0.2319213610411225, "bad-redirect": 0.0018931601211252629, "redirect": 0.03887335013060262, "oneh-out": 0.005031090358521532, "oneh-in": 0.013642772936363005, "dsfb-red": 0.021505513048704374, "dsfb-alt": 0.05187813504079887, "alternate": 0.26609879568202305, "sfR": 0.09591664547745082, "unknown": 0.04539192344143686}, "gutenberg": {"sft": 0.0, "sfb": 0.062421123261586046, "dsfb": 0.0, "sfT": 0.0014427505007761224, "roll-out": 0.1351474178062236, "roll-in": 0.23646483693471593, "bad-redirect": 0.002902739748344607, "redirect": 0.04442121949546924, "oneh-out": 0.005339275586183694, "oneh-in": 0.017838503631313597, "dsfb-red": 0.024277649150205558, "dsfb-alt": 0.04279206320520208, "alternate": 0.2541449714196733, "sfR": 0.09761014138424484, "unknown": 0.07519730787606137}, "english-200": {"sft": 0.0, "sfb": 0.0, "dsfb": 0.0, "sfT": 0.0, "roll-out": 0.20489977728285078, "roll-in": 0.22048997772828507, "bad-redirect": 0.004454342984409799, "redirect": 0.060133630289532294, "oneh-out": 0.0022271714922048997, "oneh-in": 0.0200445434298441, "dsfb-red": 0.017817371937639197, "dsfb-alt": 0.07126948775055679, "alternate": 0.29175946547884185, "sfR": 0.10690423162583519, "unknown": 0.0}, "monkeyracer": {"sft": 0.0, "sfb": 0.06562710167821449, "dsfb": 0.0, "sfT": 0.0018054882149616028, "roll-out": 0.1610520903389274, "roll-in": 0.23130386161377606, "bad-redirect": 0.0018768475217792514, "redirect": 0.039079484492547355, "oneh-out": 0.0050440277147817385, "oneh-in": 0.013638425324929227, "dsfb-red": 0.021492836698625208, "dsfb-alt": 0.05187332843267591, "alternate": 0.2658613166085365, "sfR": 0.09605353707555875, "unknown": 0.04529165428468649}, "chained-bigrams": {"sft": 0.0, "sfb": 0.05533764168640012, "dsfb": 0.0, "sfT": 0.001161606094114118, "roll-out": 0.13317953469527158, "roll-in": 0.20891897911121876, "bad-redirect": 0.004678240306367926, "redirect": 0.03696491611957335, "oneh-out": 0.006285269419242404, "oneh-in": 0.01525411513081217, "dsfb-red": 0.020692691231594645, "dsfb-alt": 0.05365529322924546, "alternate": 0.2745143363229486, "sfR": 0.11643721321023381, "unknown": 0.07292016344297708}, "english-5k": {"sft": 0.0, "sfb": 0.06014850458373087, "dsfb": 0.0, "sfT": 0.001244451818973742, "roll-out": 0.17434769983822127, "roll-in": 0.21242792549881778, "bad-redirect": 0.0021155680922553613, "redirect": 0.03778985356950263, "oneh-out": 0.007466710913842453, "oneh-in": 0.0059733687310739615, "dsfb-red": 0.02103123574065624, "dsfb-alt": 0.06425519558634421, "alternate": 0.30372920728419134, "sfR": 0.10644211224955408, "unknown": 0.0030281660928361057}, "mt-quotes": {"sft": 0.0, "sfb": 0.06486146472071813, "dsfb": 0.0, "sfT": 0.0017959383703278708, "roll-out": 0.16473775116242934, "roll-in": 0.23578339967248776, "bad-redirect": 0.0019169625034364877, "redirect": 0.04000071718004805, "oneh-out": 0.0049321069554511664, "oneh-in": 0.013847551427785945, "dsfb-red": 0.02167527282724328, "dsfb-alt": 0.05228391962802262, "alternate": 0.26613953933134915, "sfR": 0.09572710103871578, "unknown": 0.03629827518198444}, "english-1k": {"sft": 0.0, "sfb": 0.05575158786167961, "dsfb": 0.0, "sfT": 0.0007057163020465773, "roll-out": 0.1866619618913197, "roll-in": 0.21418489767113622, "bad-redirect": 0.002117148906139732, "redirect": 0.048694424841213835, "oneh-out": 0.0067043048694424845, "oneh-in": 0.010232886379675371, "dsfb-red": 0.025758645024700072, "dsfb-alt": 0.062103034580098804, "alternate": 0.27875793930839804, "sfR": 0.10832745236414962, "unknown": 0.0}, "english-10k": {"sft": 0.0, "sfb": 0.0666525153895139, "dsfb": 0.0, "sfT": 0.0012736149437486733, "roll-out": 0.16603307539414522, "roll-in": 0.21039732926805735, "bad-redirect": 0.001929719611740414, "redirect": 0.034406900677331584, "oneh-out": 0.006696127052739237, "oneh-in": 0.006715424248856641, "dsfb-red": 0.01972173443198703, "dsfb-alt": 0.059570444414426584, "alternate": 0.31340576214276067, "sfR": 0.10543987958549622, "unknown": 0.0077574728391964646}, "reddit": {"sft": 0.0, "sfb": 0.06020649897357323, "dsfb": 0.0, "sfT": 0.0015045144610898945, "roll-out": 0.15025880263258193, "roll-in": 0.21853287927456977, "bad-redirect": 0.0014778822402604639, "redirect": 0.03786000553995142, "oneh-out": 0.0057317333773832515, "oneh-in": 0.012928501102278028, "dsfb-red": 0.020447926985013475, "dsfb-alt": 0.04780464910176187, "alternate": 0.2568912556979749, "sfR": 0.1028716913164539, "unknown": 0.0834836592971079}, "akl": {"sft": 0.0, "sfb": 0.05937565477900856, "dsfb": 0.0, "sfT": 0.002113197606434618, "roll-out": 0.14593912796415476, "roll-in": 0.20067732106341749, "bad-redirect": 0.001261078814359162, "redirect": 0.03896773806634086, "oneh-out": 0.005536170069875723, "oneh-in": 0.012992550248925991, "dsfb-red": 0.01797732746948722, "dsfb-alt": 0.051504552832170515, "alternate": 0.24167529999178486, "sfR": 0.11706348985084018, "unknown": 0.10491649124320006}, "keymash": {"sft": 0.0, "sfb": 0.06448342247745399, "dsfb": 0.0, "sfT": 0.0019908625565959125, "roll-out": 0.15907607557888948, "roll-in": 0.23177334542902062, "bad-redirect": 0.001888240775328082, "redirect": 0.03976799267690969, "oneh-out": 0.005065411123380115, "oneh-in": 0.01452713935627409, "dsfb-red": 0.02308990078526187, "dsfb-alt": 0.04959505445111714, "alternate": 0.26838879698538254, "sfR": 0.09899307508220005, "unknown": 0.04136068272218642}, "movie": {"sft": 0.0, "sfb": 0.06706923322808576, "dsfb": 0.0, "sfT": 0.0011425324345902812, "roll-out": 0.1544348011010528, "roll-in": 0.21569662171240633, "bad-redirect": 0.0015720677797299587, "redirect": 0.03709282477260881, "oneh-out": 0.004973740309299664, "oneh-in": 0.012722879034345588, "dsfb-red": 0.018651230064736925, "dsfb-alt": 0.04392393697568954, "alternate": 0.22528260306841416, "sfR": 0.1138359467128768, "unknown": 0.10360158280616336}}