{"english-450k": {"sft": 0.0, "sfb": 0.1327088038889061, "dsfb": 0.0, "sfT": 0.0024030857726213104, "roll-out": 0.1803027654196542, "roll-in": 0.21043985824717404, "bad-redirect": 0.004062735155975468, "redirect": 0.04959916412374196, "oneh-out": 0.0074861091702571655, "oneh-in": 0.016148619453534786, "dsfb-red": 0.04565161337097973, "dsfb-alt": 0.0534101892006144, "alternate": 0.17480548745513216, "sfR": 0.11328269117541298, "unknown": 0.009698877565995693}, "shai": {"sft": 0.0, "sfb": 0.12806647458085796, "dsfb": 0.0, "sfT": 0.002709715778851653, "roll-out": 0.19385291610532837, "roll-in": 0.187158912483245, "bad-redirect": 0.005350236389088172, "redirect": 0.05448265329218521, "oneh-out": 0.004511127889763326, "oneh-in": 0.013352600744418948, "dsfb-red": 0.0496692813084335, "dsfb-alt": 0.04353093679684348, "alternate": 0.15233204515807214, "sfR": 0.09728563198976478, "unknown": 0.06769746748314746}, "tr-quotes": {"sft": 0.0, "sfb": 0.13774300177989413, "dsfb": 0.0, "sfT": 0.002902152053812903, "roll-out": 0.2052310395044035, "roll-in": 0.17797785534314972, "bad-redirect": 0.00569450544370218, "redirect": 0.06141906104805714, "oneh-out": 0.0037377776750421856, "oneh-in": 0.014070409837960287, "dsfb-red": 0.05449827789463951, "dsfb-alt": 0.04449504172349229, "alternate": 0.15092230877695847, "sfR": 0.09591664547745082, "unknown": 0.04539192344143686}, "gutenberg": {"sft": 0.0, "sfb": 0.12465887172212807, "dsfb": 0.0, "sfT": 0.002377431563122418, "roll-out": 0.20660713805356742, "roll-in": 0.17594111244095728, "bad-redirect": 0.0050357978679269515, "redirect": 0.05889835693905023, "oneh-out": 0.004367086041805666, "oneh-in": 0.014159262530200958, "dsfb-red": 0.05008007492603441, "dsfb-alt": 0.047022375893336486, "alternate": 0.13804504276156387, "sfR": 0.09761014138424484, "unknown": 0.07519730787606137}, "english-200": {"sft": 0.0, "sfb": 0.111358574610245, "dsfb": 0.0, "sfT": 0.0022271714922048997, "roll-out": 0.20489977728285078, "roll-in": 0.1759465478841871, "bad-redirect": 0.011135857461024499, "redirect": 0.062360801781737196, "oneh-out": 0.0066815144766146995, "oneh-in": 0.0200445434298441, "dsfb-red": 0.07126948775055679, "dsfb-alt": 0.0467706013363029, "alternate": 0.18040089086859687, "sfR": 0.10690423162583519, "unknown": 0.0}, "monkeyracer": {"sft": 0.0, "sfb": 0.13800498928632873, "dsfb": 0.0, "sfT": 0.0028973833617467193, "roll-out": 0.20489309789323865, "roll-in": 0.17794762813394435, "bad-redirect": 0.0055767787040367865, "redirect": 0.06164173326868636, "oneh-out": 0.003730234449536262, "oneh-in": 0.014034322849054539, "dsfb-red": 0.0546670941708244, "dsfb-alt": 0.04438157874157374, "alternate": 0.15087996778078422, "sfR": 0.09605353707555875, "unknown": 0.04529165428468649}, "chained-bigrams": {"sft": 0.0, "sfb": 0.11867991161664532, "dsfb": 0.0, "sfT": 0.0024822918377855074, "roll-out": 0.19104362093851798, "roll-in": 0.1814637795117099, "bad-redirect": 0.002981607145987719, "redirect": 0.052420315704927375, "oneh-out": 0.009007154688401926, "oneh-in": 0.014517803610004227, "dsfb-red": 0.0465019034367048, "dsfb-alt": 0.046370743888906565, "alternate": 0.14517349096719778, "sfR": 0.11643721321023381, "unknown": 0.07292016344297708}, "english-5k": {"sft": 0.0, "sfb": 0.1397104575434521, "dsfb": 0.0, "sfT": 0.0029452026382378563, "roll-out": 0.18189737420666197, "roll-in": 0.213506450408595, "bad-redirect": 0.006637076367859957, "redirect": 0.06330111585846435, "oneh-out": 0.006844485004355581, "oneh-in": 0.01796158792052101, "dsfb-red": 0.051022524577923424, "dsfb-alt": 0.0469573153026092, "alternate": 0.15974613182892936, "sfR": 0.10644211224955408, "unknown": 0.0030281660928361057}, "mt-quotes": {"sft": 0.0, "sfb": 0.14076301980612232, "dsfb": 0.0, "sfT": 0.002953885322910317, "roll-out": 0.20864411135415545, "roll-in": 0.17651444520146783, "bad-redirect": 0.00546700374128925, "redirect": 0.06313873848029548, "oneh-out": 0.0035560177382531885, "oneh-in": 0.0139536343098935, "dsfb-red": 0.05649735241032261, "dsfb-alt": 0.044647446241378896, "alternate": 0.15183896917321094, "sfR": 0.09572710103871578, "unknown": 0.03629827518198444}, "english-1k": {"sft": 0.0, "sfb": 0.11714890613973183, "dsfb": 0.0, "sfT": 0.002117148906139732, "roll-out": 0.2145377558221595, "roll-in": 0.1863091037402964, "bad-redirect": 0.008115737473535639, "redirect": 0.06563161609033169, "oneh-out": 0.0067043048694424845, "oneh-in": 0.016231474947071278, "dsfb-red": 0.06033874382498236, "dsfb-alt": 0.04940014114326041, "alternate": 0.1651376146788991, "sfR": 0.10832745236414962, "unknown": 0.0}, "english-10k": {"sft": 0.0, "sfb": 0.1277860326894502, "dsfb": 0.0, "sfT": 0.0028559850253758127, "roll-out": 0.1807568360317246, "roll-in": 0.21919685069759365, "bad-redirect": 0.005248837343933927, "redirect": 0.05943536404160475, "oneh-out": 0.006541749483800004, "oneh-in": 0.016267536326971692, "dsfb-red": 0.048165801509040734, "dsfb-alt": 0.04887979776538469, "alternate": 0.17166785666042725, "sfR": 0.10543987958549622, "unknown": 0.0077574728391964646}, "reddit": {"sft": 0.0, "sfb": 0.12868528037903906, "dsfb": 0.0, "sfT": 0.0028076953258954146, "roll-out": 0.1884562620086126, "roll-in": 0.17556405713978562, "bad-redirect": 0.005184817686341735, "redirect": 0.057470946625620835, "oneh-out": 0.004162080474630375, "oneh-in": 0.012642214092714963, "dsfb-red": 0.05217795192977784, "dsfb-alt": 0.04081505832962037, "alternate": 0.1456782853943994, "sfR": 0.1028716913164539, "unknown": 0.0834836592971079}, "akl": {"sft": 0.0, "sfb": 0.1332670051103585, "dsfb": 0.0, "sfT": 0.00250028777750394, "roll-out": 0.17156340689409577, "roll-in": 0.1610990238364031, "bad-redirect": 0.0058743783355395245, "redirect": 0.05085056374033188, "oneh-out": 0.0048882524948048265, "oneh-in": 0.011512772922422991, "dsfb-red": 0.05353398828891152, "dsfb-alt": 0.03471470252479688, "alternate": 0.14821563698079085, "sfR": 0.11706348985084018, "unknown": 0.10491649124320006}, "keymash": {"sft": 0.0, "sfb": 0.13677020520251382, "dsfb": 0.0, "sfT": 0.0030293949830263573, "roll-out": 0.2062779900908408, "roll-in": 0.17577058695554013, "bad-redirect": 0.005976692541038451, "redirect": 0.060813667579316374, "oneh-out": 0.003747747451901171, "oneh-in": 0.014650285493795488, "dsfb-red": 0.05436901971569662, "dsfb-alt": 0.04565848292168316, "alternate": 0.15258216926026116, "sfR": 0.09899307508220005, "unknown": 0.04136068272218642}, "movie": {"sft": 0.0, "sfb": 0.1321342313745302, "dsfb": 0.0, "sfT": 0.002997009175922491, "roll-out": 0.18036878715089233, "roll-in": 0.160503172231698, "bad-redirect": 0.006463427842075751, "redirect": 0.05810873639886989, "oneh-out": 0.0031382136567236164, "oneh-in": 0.011658120922358723, "dsfb-red": 0.04920745859701702, "dsfb-alt": 0.041522671215038894, "alternate": 0.13646064191583293, "sfR": 0.1138359467128768, "unknown": 0.10360158280616336}}