{"english-450k": {"sft": 0.0, "sfb": 0.03252380721288241, "dsfb": 0.0, "sfT": 0.0001985030705121496, "roll-out": 0.18489757066153853, "roll-in": 0.18267486249496434, "bad-redirect": 0.000592001057123863, "redirect": 0.05312632103939599, "oneh-out": 0.0054844147316758865, "oneh-in": 0.007157804386479339, "dsfb-red": 0.021952276236755986, "dsfb-alt": 0.048836725231406634, "alternate": 0.33972733454520576, "sfR": 0.11328269117541298, "unknown": 0.009545688156646111}, "shai": {"sft": 0.0, "sfb": 0.02422651815237211, "dsfb": 0.0, "sfT": 0.00010782184848866729, "roll-out": 0.1857880988335207, "roll-in": 0.1542154828427874, "bad-redirect": 0.0015943026653492827, "redirect": 0.04097297200641683, "oneh-out": 0.007673131900745379, "oneh-in": 0.012083164712523064, "dsfb-red": 0.01774259644981334, "dsfb-alt": 0.0506073135864044, "alternate": 0.34759502859922475, "sfR": 0.09728563198976478, "unknown": 0.0601079364125893}, "tr-quotes": {"sft": 0.0, "sfb": 0.027602228334989945, "dsfb": 0.0, "sfT": 7.628117704167727e-05, "roll-out": 0.18622546866692866, "roll-in": 0.15973047317445274, "bad-redirect": 0.001705924504750237, "redirect": 0.03742054044058159, "oneh-out": 0.00893992279420263, "oneh-in": 0.018843762280113727, "dsfb-red": 0.018405723399828947, "dsfb-alt": 0.058427914287695615, "alternate": 0.3452694112480063, "sfR": 0.09591664547745082, "unknown": 0.04143570421395714}, "gutenberg": {"sft": 0.0, "sfb": 0.024683233291770905, "dsfb": 0.0, "sfT": 0.00010627403242324117, "roll-out": 0.182766330113287, "roll-in": 0.16124422833496818, "bad-redirect": 0.0013872455248402763, "redirect": 0.030043157486749846, "oneh-out": 0.008342037953279586, "oneh-in": 0.012346920875667718, "dsfb-red": 0.015522070710687227, "dsfb-alt": 0.055232755285949134, "alternate": 0.34243349727192096, "sfR": 0.09761014138424484, "unknown": 0.0682821077342111}, "english-200": {"sft": 0.0, "sfb": 0.0066815144766146995, "dsfb": 0.0, "sfT": 0.0, "roll-out": 0.1870824053452116, "roll-in": 0.1915367483296214, "bad-redirect": 0.0022271714922048997, "redirect": 0.0334075723830735, "oneh-out": 0.011135857461024499, "oneh-in": 0.013363028953229399, "dsfb-red": 0.017817371937639197, "dsfb-alt": 0.07349665924276169, "alternate": 0.35634743875278396, "sfR": 0.10690423162583519, "unknown": 0.0}, "monkeyracer": {"sft": 0.0, "sfb": 0.02754469243161237, "dsfb": 0.0, "sfT": 8.015702957598886e-05, "roll-out": 0.1862585435663231, "roll-in": 0.15981161143000142, "bad-redirect": 0.0017429266309022945, "redirect": 0.037296479346857064, "oneh-out": 0.009034283748064502, "oneh-in": 0.01920445125670582, "dsfb-red": 0.018390173139183882, "dsfb-alt": 0.05860847396656083, "alternate": 0.34459604767192703, "sfR": 0.09605353707555875, "unknown": 0.04137862270672694}, "chained-bigrams": {"sft": 0.0, "sfb": 0.023517166642101305, "dsfb": 0.0, "sfT": 8.96040475057285e-05, "roll-out": 0.1750505970681296, "roll-in": 0.14664221818066123, "bad-redirect": 0.0024056738841211887, "redirect": 0.036362361365331934, "oneh-out": 0.006686539718941971, "oneh-in": 0.007230657050897047, "dsfb-red": 0.017485126052766396, "dsfb-alt": 0.06581027706480515, "alternate": 0.33549118925998095, "sfR": 0.11643721321023381, "unknown": 0.06679137645452367}, "english-5k": {"sft": 0.0, "sfb": 0.026133488198448584, "dsfb": 0.0, "sfT": 0.00020740863649562367, "roll-out": 0.19944414485419173, "roll-in": 0.16455801219562782, "bad-redirect": 0.0004977807275894969, "redirect": 0.05794997303687725, "oneh-out": 0.007217820550047704, "oneh-in": 0.007840046459534575, "dsfb-red": 0.019828265648981623, "dsfb-alt": 0.05143734185091467, "alternate": 0.3575310075911561, "sfR": 0.10644211224955408, "unknown": 0.0009125980005807441}, "mt-quotes": {"sft": 0.0, "sfb": 0.027448572214054338, "dsfb": 0.0, "sfT": 8.068275540574461e-05, "roll-out": 0.18675219038739677, "roll-in": 0.16139240506329114, "bad-redirect": 0.001757091117725105, "redirect": 0.036616523828307095, "oneh-out": 0.009212775367255949, "oneh-in": 0.02069213851137328, "dsfb-red": 0.018322456102604558, "dsfb-alt": 0.05986212213576218, "alternate": 0.348510656100214, "sfR": 0.09572710103871578, "unknown": 0.033625285377894124}, "english-1k": {"sft": 0.0, "sfb": 0.016584333098094567, "dsfb": 0.0, "sfT": 0.0, "roll-out": 0.20677487649964715, "roll-in": 0.16866619618913198, "bad-redirect": 0.00035285815102328866, "redirect": 0.03952011291460833, "oneh-out": 0.011291460832745237, "oneh-in": 0.008468595624558928, "dsfb-red": 0.016937191249117856, "dsfb-alt": 0.05786873676781934, "alternate": 0.36520818630910373, "sfR": 0.10832745236414962, "unknown": 0.0}, "english-10k": {"sft": 0.0, "sfb": 0.026861696995426565, "dsfb": 0.0, "sfT": 0.00013508037282182898, "roll-out": 0.2017328882113429, "roll-in": 0.16792420061365085, "bad-redirect": 0.0006175102757569325, "redirect": 0.0568495397618726, "oneh-out": 0.007043476582852512, "oneh-in": 0.006599641072152216, "dsfb-red": 0.01873757742999942, "dsfb-alt": 0.04791493795951448, "alternate": 0.352386098299917, "sfR": 0.10543987958549622, "unknown": 0.0077574728391964646}, "reddit": {"sft": 0.0, "sfb": 0.026852620249065578, "dsfb": 0.0, "sfT": 0.00014398629657993216, "roll-out": 0.17639740967004328, "roll-in": 0.15482849467833165, "bad-redirect": 0.0017106051488585696, "redirect": 0.037920237060477056, "oneh-out": 0.009689034173709128, "oneh-in": 0.015292138793949953, "dsfb-red": 0.020613039262673296, "dsfb-alt": 0.05164534497060248, "alternate": 0.32948855460644716, "sfR": 0.1028716913164539, "unknown": 0.07254684377280805}, "akl": {"sft": 0.0, "sfb": 0.02691057312516209, "dsfb": 0.0, "sfT": 0.00014330018656903668, "roll-out": 0.15935346276567997, "roll-in": 0.15101981036794507, "bad-redirect": 0.0022001194230175662, "redirect": 0.03809505046235839, "oneh-out": 0.009271949555360523, "oneh-in": 0.019204393399096534, "dsfb-red": 0.02487432270062057, "dsfb-alt": 0.05132736366935709, "alternate": 0.30998481996899563, "sfR": 0.11706348985084018, "unknown": 0.09055134452499736}, "keymash": {"sft": 0.0, "sfb": 0.02759704941854499, "dsfb": 0.0, "sfT": 6.978281126212477e-05, "roll-out": 0.18852442193150612, "roll-in": 0.15903502686638232, "bad-redirect": 0.0017281507965502662, "redirect": 0.036861743831404725, "oneh-out": 0.008936304712802682, "oneh-in": 0.018533493696970195, "dsfb-red": 0.01851707421196734, "dsfb-alt": 0.05820296946386277, "alternate": 0.3452401965412355, "sfR": 0.09899307508220005, "unknown": 0.037760710635310925}, "movie": {"sft": 0.0, "sfb": 0.031150787567004685, "dsfb": 0.0, "sfT": 4.355888457145624e-05, "roll-out": 0.16030946021330167, "roll-in": 0.14731733200121228, "bad-redirect": 0.002937526952882315, "redirect": 0.034701560447690585, "oneh-out": 0.009607958195051421, "oneh-in": 0.02548918535542405, "dsfb-red": 0.022048033474279007, "dsfb-alt": 0.054368989021976705, "alternate": 0.29983356821354223, "sfR": 0.1138359467128768, "unknown": 0.09835609296018678}}