{"english-450k": {"sft": 0.0, "sfb": 0.032118907724429796, "dsfb": 0.0, "sfT": 0.00021838261218346946, "roll-out": 0.1792128987821442, "roll-in": 0.27387196756594306, "bad-redirect": 0.0009404777287740579, "redirect": 0.05223495747239813, "oneh-out": 0.007976666095617087, "oneh-in": 0.014945907182419936, "dsfb-red": 0.026992324742837664, "dsfb-alt": 0.03713352211102022, "alternate": 0.2513724192408237, "sfR": 0.11328269117541298, "unknown": 0.009698877565995693}, "shai": {"sft": 0.0, "sfb": 0.01564937486705146, "dsfb": 0.0, "sfT": 2.819205773535259e-05, "roll-out": 0.16540521786840795, "roll-in": 0.3058417783073185, "bad-redirect": 0.0005460604966570505, "redirect": 0.04290833896606828, "oneh-out": 0.010544897825852039, "oneh-in": 0.016396383118453397, "dsfb-red": 0.020491844584198886, "dsfb-alt": 0.03054136491669487, "alternate": 0.22666344751864995, "sfR": 0.09728563198976478, "unknown": 0.06769746748314746}, "tr-quotes": {"sft": 0.0, "sfb": 0.013642772936363005, "dsfb": 0.0, "sfT": 2.3115508194447656e-05, "roll-out": 0.1721666165830656, "roll-in": 0.31922054506368325, "bad-redirect": 0.0012066295277501676, "redirect": 0.04690367767735373, "oneh-out": 0.01414900256582141, "oneh-in": 0.014162871870738078, "dsfb-red": 0.02030466239800282, "dsfb-alt": 0.029920713806893044, "alternate": 0.2269908231432468, "sfR": 0.09591664547745082, "unknown": 0.04539192344143686}, "gutenberg": {"sft": 0.0, "sfb": 0.016366769303512954, "dsfb": 0.0, "sfT": 0.0002761988222336642, "roll-out": 0.16214159035206066, "roll-in": 0.3213614972779829, "bad-redirect": 0.001169393230211529, "redirect": 0.042323207179805436, "oneh-out": 0.012817102958509935, "oneh-in": 0.012720869075317411, "dsfb-red": 0.016751704836283052, "dsfb-alt": 0.034493974584404126, "alternate": 0.20677024311937206, "sfR": 0.09761014138424484, "unknown": 0.07519730787606137}, "english-200": {"sft": 0.0, "sfb": 0.004454342984409799, "dsfb": 0.0, "sfT": 0.0, "roll-out": 0.19376391982182628, "roll-in": 0.34743875278396436, "bad-redirect": 0.0, "redirect": 0.0400890868596882, "oneh-out": 0.011135857461024499, "oneh-in": 0.0066815144766146995, "dsfb-red": 0.017817371937639197, "dsfb-alt": 0.035634743875278395, "alternate": 0.23608017817371937, "sfR": 0.10690423162583519, "unknown": 0.0}, "monkeyracer": {"sft": 0.0, "sfb": 0.013476156216275396, "dsfb": 0.0, "sfT": 2.1505544520387257e-05, "roll-out": 0.17226038913305286, "roll-in": 0.3198089525626789, "bad-redirect": 0.0012834899979667486, "redirect": 0.04677846943084599, "oneh-out": 0.014215164927975976, "oneh-in": 0.014039210472809172, "dsfb-red": 0.020248447690695528, "dsfb-alt": 0.02985556094280307, "alternate": 0.22666746172013075, "sfR": 0.09605353707555875, "unknown": 0.04529165428468649}, "chained-bigrams": {"sft": 0.0, "sfb": 0.016463120467447433, "dsfb": 0.0, "sfT": 5.9086726978415166e-05, "roll-out": 0.13203740774191958, "roll-in": 0.283664338043606, "bad-redirect": 0.0027127950034705334, "redirect": 0.054354594382605384, "oneh-out": 0.006691084851786464, "oneh-in": 0.014597668087128897, "dsfb-red": 0.028891461578368804, "dsfb-alt": 0.041639909902480926, "alternate": 0.22953115656099665, "sfR": 0.11643721321023381, "unknown": 0.07292016344297708}, "english-5k": {"sft": 0.0, "sfb": 0.020491973285767618, "dsfb": 0.0, "sfT": 0.0, "roll-out": 0.17194175965487202, "roll-in": 0.3091218318330775, "bad-redirect": 0.00016592690919649896, "redirect": 0.04056912929854399, "oneh-out": 0.009623760733396939, "oneh-in": 0.025096445015970466, "dsfb-red": 0.026299415107645083, "dsfb-alt": 0.03285352802090679, "alternate": 0.2543659517982329, "sfR": 0.10644211224955408, "unknown": 0.0030281660928361057}, "mt-quotes": {"sft": 0.0, "sfb": 0.01251180358829084, "dsfb": 0.0, "sfT": 1.1953000800851053e-05, "roll-out": 0.17340517086814644, "roll-in": 0.3271416789184925, "bad-redirect": 0.001331265464194786, "redirect": 0.04676910388352996, "oneh-out": 0.014524390098134136, "oneh-in": 0.01377135104768052, "dsfb-red": 0.020157241725535197, "dsfb-alt": 0.02972860711681668, "alternate": 0.22862205806767788, "sfR": 0.09572710103871578, "unknown": 0.03629827518198444}, "english-1k": {"sft": 0.0, "sfb": 0.019054340155257588, "dsfb": 0.0, "sfT": 0.0, "roll-out": 0.20324629498941427, "roll-in": 0.312985179957657, "bad-redirect": 0.0, "redirect": 0.0465772759350741, "oneh-out": 0.0187014820042343, "oneh-in": 0.013761467889908258, "dsfb-red": 0.025405786873676783, "dsfb-alt": 0.034227240649259, "alternate": 0.2177134791813691, "sfR": 0.10832745236414962, "unknown": 0.0}, "english-10k": {"sft": 0.0, "sfb": 0.02184442600490149, "dsfb": 0.0, "sfT": 5.789158835221242e-05, "roll-out": 0.18027440612878948, "roll-in": 0.3075201173269524, "bad-redirect": 0.00046313270681769936, "redirect": 0.042550317438876134, "oneh-out": 0.010150325157754578, "oneh-in": 0.02161285965149264, "dsfb-red": 0.024893382991451343, "dsfb-alt": 0.033615715636518016, "alternate": 0.24382007294340133, "sfR": 0.10543987958549622, "unknown": 0.0077574728391964646}, "reddit": {"sft": 0.0, "sfb": 0.013120657632313163, "dsfb": 0.0, "sfT": 2.2174788651227845e-05, "roll-out": 0.16639365831010505, "roll-in": 0.29600170206485865, "bad-redirect": 0.0005904786626654658, "redirect": 0.043256307781571586, "oneh-out": 0.011569321404645505, "oneh-in": 0.012770131159005408, "dsfb-red": 0.020069269994345804, "dsfb-alt": 0.029601469978726064, "alternate": 0.2202494776095503, "sfR": 0.1028716913164539, "unknown": 0.0834836592971079}, "akl": {"sft": 0.0, "sfb": 0.021641301976055672, "dsfb": 0.0, "sfT": 7.465487454201867e-05, "roll-out": 0.15608587156809065, "roll-in": 0.28484427984438576, "bad-redirect": 0.0005100074084895417, "redirect": 0.03628041039983912, "oneh-out": 0.010352989311280593, "oneh-in": 0.009503100872303487, "dsfb-red": 0.019636090632132872, "dsfb-alt": 0.02949474696086511, "alternate": 0.20959656505797494, "sfR": 0.11706348985084018, "unknown": 0.10491649124320006}, "keymash": {"sft": 0.0, "sfb": 0.014432727317507686, "dsfb": 0.0, "sfT": 3.694384125641899e-05, "roll-out": 0.17212135641365608, "roll-in": 0.32224881266599076, "bad-redirect": 0.0013381880277325102, "redirect": 0.04649587665682866, "oneh-out": 0.01430958117998629, "oneh-in": 0.014153596072459187, "dsfb-red": 0.019744430715930596, "dsfb-alt": 0.031131343565409073, "alternate": 0.2236333857388563, "sfR": 0.09899307508220005, "unknown": 0.04136068272218642}, "movie": {"sft": 0.0, "sfb": 0.010872745021686666, "dsfb": 0.0, "sfT": 1.6581327661641956e-05, "roll-out": 0.16145607218088806, "roll-in": 0.274100268867544, "bad-redirect": 0.002274010650739468, "redirect": 0.04665169697386822, "oneh-out": 0.014405488998486492, "oneh-in": 0.011099751293244859, "dsfb-red": 0.023214385117653072, "dsfb-alt": 0.030428315433176, "alternate": 0.20804315461601133, "sfR": 0.1138359467128768, "unknown": 0.10360158280616336}}