{"english-450k": {"sft": 0.0, "sfb": 0.031776862669202675, "dsfb": 0.0, "sfT": 0.00015318940934958233, "roll-out": 0.22083042692485125, "roll-in": 0.2378496533651094, "bad-redirect": 0.004965500224814228, "redirect": 0.03103839616535335, "oneh-out": 0.018290055376217404, "oneh-in": 0.0073986976561435675, "dsfb-red": 0.016013263162449182, "dsfb-alt": 0.04436412070156072, "alternate": 0.26449145501288956, "sfR": 0.11328269117541298, "unknown": 0.009545688156646111}, "shai": {"sft": 0.0, "sfb": 0.022409488941932412, "dsfb": 0.0, "sfT": 7.485370628799e-05, "roll-out": 0.23709120355161098, "roll-in": 0.22724260388099823, "bad-redirect": 0.004847830233342302, "redirect": 0.03731249804544355, "oneh-out": 0.014817333734204475, "oneh-in": 0.011587284066022363, "dsfb-red": 0.012706908184304533, "dsfb-alt": 0.040896330171260944, "alternate": 0.23362009708223813, "sfR": 0.09728563198976478, "unknown": 0.0601079364125893}, "tr-quotes": {"sft": 0.0, "sfb": 0.02480525184346178, "dsfb": 0.0, "sfT": 4.969834261806246e-05, "roll-out": 0.2502219088786667, "roll-in": 0.21412010818057836, "bad-redirect": 0.004675111532327038, "redirect": 0.04092485148285985, "oneh-out": 0.015777490118120248, "oneh-in": 0.013574582187189385, "dsfb-red": 0.013197799403619889, "dsfb-alt": 0.04100806731235986, "alternate": 0.24429278102679086, "sfR": 0.09591664547745082, "unknown": 0.04143570421395714}, "gutenberg": {"sft": 0.0, "sfb": 0.02084694910174763, "dsfb": 0.0, "sfT": 6.762892972388074e-05, "roll-out": 0.2625330425099918, "roll-in": 0.2158918134138667, "bad-redirect": 0.005702236452712981, "redirect": 0.03377411482823957, "oneh-out": 0.014777963046946601, "oneh-in": 0.012316610991197631, "dsfb-red": 0.010704314574166962, "dsfb-alt": 0.036214818275193295, "alternate": 0.22127825875775697, "sfR": 0.09761014138424484, "unknown": 0.0682821077342111}, "english-200": {"sft": 0.0, "sfb": 0.015590200445434299, "dsfb": 0.0, "sfT": 0.0, "roll-out": 0.2828507795100223, "roll-in": 0.23608017817371937, "bad-redirect": 0.0, "redirect": 0.028953229398663696, "oneh-out": 0.013363028953229399, "oneh-in": 0.0200445434298441, "dsfb-red": 0.0066815144766146995, "dsfb-alt": 0.035634743875278395, "alternate": 0.25389755011135856, "sfR": 0.10690423162583519, "unknown": 0.0}, "monkeyracer": {"sft": 0.0, "sfb": 0.02474408402020739, "dsfb": 0.0, "sfT": 5.083128704818806e-05, "roll-out": 0.2504496613854263, "roll-in": 0.2137641350078984, "bad-redirect": 0.00464422009165272, "redirect": 0.04126229726136666, "oneh-out": 0.015912147895584716, "oneh-in": 0.013664818493204249, "dsfb-red": 0.013194629088008508, "dsfb-alt": 0.04091332092528583, "alternate": 0.24396769476203137, "sfR": 0.09605353707555875, "unknown": 0.04137862270672694}, "chained-bigrams": {"sft": 0.0, "sfb": 0.02192312362306824, "dsfb": 0.0, "sfT": 9.025335219779899e-05, "roll-out": 0.2098968319774769, "roll-in": 0.18956320624059725, "bad-redirect": 0.003959460012245886, "redirect": 0.04204832255379327, "oneh-out": 0.017521487115522344, "oneh-in": 0.009072734462301045, "dsfb-red": 0.023880777269660782, "dsfb-alt": 0.05445588591456838, "alternate": 0.2443593278138106, "sfR": 0.11643721321023381, "unknown": 0.06679137645452367}, "english-5k": {"sft": 0.0, "sfb": 0.02269050483262123, "dsfb": 0.0, "sfT": 0.0, "roll-out": 0.22180279586841997, "roll-in": 0.2755631144480856, "bad-redirect": 0.003567428547724727, "redirect": 0.03281204629360766, "oneh-out": 0.015223793918778778, "oneh-in": 0.010287468370182934, "dsfb-red": 0.014435641100095408, "dsfb-alt": 0.04152320902642386, "alternate": 0.254739287343925, "sfR": 0.10644211224955408, "unknown": 0.0009125980005807441}, "mt-quotes": {"sft": 0.0, "sfb": 0.024394580509436894, "dsfb": 0.0, "sfT": 4.482375300319145e-05, "roll-out": 0.25612441878533604, "roll-in": 0.21194164545009025, "bad-redirect": 0.00461684655932872, "redirect": 0.04212685719749943, "oneh-out": 0.015764513931222433, "oneh-in": 0.014014893438997861, "dsfb-red": 0.013084053501631585, "dsfb-alt": 0.04090316874051231, "alternate": 0.2476318117163314, "sfR": 0.09572710103871578, "unknown": 0.033625285377894124}, "english-1k": {"sft": 0.0, "sfb": 0.01834862385321101, "dsfb": 0.0, "sfT": 0.0, "roll-out": 0.24100211714890615, "roll-in": 0.28757939308398023, "bad-redirect": 0.004234297812279464, "redirect": 0.03881439661256175, "oneh-out": 0.010938602681721948, "oneh-in": 0.016937191249117856, "dsfb-red": 0.013408609738884969, "dsfb-alt": 0.0374029640084686, "alternate": 0.22300635144671843, "sfR": 0.10832745236414962, "unknown": 0.0}, "english-10k": {"sft": 0.0, "sfb": 0.025645973640030104, "dsfb": 0.0, "sfT": 1.929719611740414e-05, "roll-out": 0.2255456282202196, "roll-in": 0.26803805407074355, "bad-redirect": 0.0049786765982902685, "redirect": 0.03315258292970032, "oneh-out": 0.014472897088053107, "oneh-in": 0.008625846664479651, "dsfb-red": 0.014511491480287915, "dsfb-alt": 0.04262750622334575, "alternate": 0.24918469346403968, "sfR": 0.10543987958549622, "unknown": 0.0077574728391964646}, "reddit": {"sft": 0.0, "sfb": 0.025486473472566284, "dsfb": 0.0, "sfT": 0.0001902087445454983, "roll-out": 0.23157034399202756, "roll-in": 0.2063679100842286, "bad-redirect": 0.004459717080411889, "redirect": 0.037839441420070466, "oneh-out": 0.014350609254191063, "oneh-in": 0.011641127265869161, "dsfb-red": 0.012079678660343107, "dsfb-alt": 0.042357404778105096, "alternate": 0.2382385501583793, "sfR": 0.1028716913164539, "unknown": 0.07254684377280805}, "akl": {"sft": 0.0, "sfb": 0.028619643141026094, "dsfb": 0.0, "sfT": 0.0005165745592791301, "roll-out": 0.22697572421733503, "roll-in": 0.18821014287765855, "bad-redirect": 0.00341460863932229, "redirect": 0.038787822916407234, "oneh-out": 0.012096258074652644, "oneh-in": 0.01185977869197473, "dsfb-red": 0.013797026220650566, "dsfb-alt": 0.04144095183540093, "alternate": 0.22666663445045523, "sfR": 0.11706348985084018, "unknown": 0.09055134452499736}, "keymash": {"sft": 0.0, "sfb": 0.024945302590584247, "dsfb": 0.0, "sfT": 6.567794001141154e-05, "roll-out": 0.2506721726673043, "roll-in": 0.2177346857515814, "bad-redirect": 0.004355268397006728, "redirect": 0.04164391883848563, "oneh-out": 0.015208547983892486, "oneh-in": 0.01367332613612574, "dsfb-red": 0.012954973667250926, "dsfb-alt": 0.04074495203457944, "alternate": 0.24124738827566675, "sfR": 0.09899307508220005, "unknown": 0.037760710635310925}, "movie": {"sft": 0.0, "sfb": 0.02906693579301976, "dsfb": 0.0, "sfT": 0.00011409532605272678, "roll-out": 0.21673413907180622, "roll-in": 0.17617081610004803, "bad-redirect": 0.0038534479094301565, "redirect": 0.043105266821855615, "oneh-out": 0.01368130609275621, "oneh-in": 0.01405135921485571, "dsfb-red": 0.015331674586443923, "dsfb-alt": 0.041974183399222174, "alternate": 0.23372473601144586, "sfR": 0.1138359467128768, "unknown": 0.09835609296018678}}