{"english-450k": {"sft": 0.0, "sfb": 0.025625898599135475, "dsfb": 0.0, "sfT": 5.671516300347132e-05, "roll-out": 0.2149013536213801, "roll-in": 0.23440347634714592, "bad-redirect": 0.01845932382662467, "redirect": 0.07155991840032837, "oneh-out": 0.007553933488900492, "oneh-in": 0.015546093933173166, "dsfb-red": 0.023725648292318137, "dsfb-alt": 0.035993079580728775, "alternate": 0.22919299000585278, "sfR": 0.11328269117541298, "unknown": 0.009698877565995693}, "shai": {"sft": 0.0, "sfb": 0.017141150403157262, "dsfb": 0.0, "sfT": 2.083054018831242e-05, "roll-out": 0.23466136477426383, "roll-in": 0.21479601552250674, "bad-redirect": 0.012461106261918924, "redirect": 0.06739562591167479, "oneh-out": 0.008141513292686815, "oneh-in": 0.01351958179149148, "dsfb-red": 0.01655222899939405, "dsfb-alt": 0.03618141751709869, "alternate": 0.21477707761222406, "sfR": 0.09728563198976478, "unknown": 0.06706645538363028}, "tr-quotes": {"sft": 0.0, "sfb": 0.017008390929474586, "dsfb": 0.0, "sfT": 9.246203277779062e-06, "roll-out": 0.25923464552368186, "roll-in": 0.20299923718822957, "bad-redirect": 0.010266752964563926, "redirect": 0.06722336515568295, "oneh-out": 0.010480571415362567, "oneh-in": 0.011749612815237743, "dsfb-red": 0.01743833938189131, "dsfb-alt": 0.04079424886156122, "alternate": 0.22153440743394742, "sfR": 0.09591664547745082, "unknown": 0.045344536649638244}, "gutenberg": {"sft": 0.0, "sfb": 0.021018389385781558, "dsfb": 0.0, "sfT": 1.913311457174217e-05, "roll-out": 0.2635330792607268, "roll-in": 0.1905845753755679, "bad-redirect": 0.0094799846783534, "redirect": 0.06138300971848558, "oneh-out": 0.008995026526832015, "oneh-in": 0.010938837305254256, "dsfb-red": 0.02006931112831197, "dsfb-alt": 0.036291161296702325, "alternate": 0.2048859154892224, "sfR": 0.09761014138424484, "unknown": 0.07519143533594529}, "english-200": {"sft": 0.0, "sfb": 0.004454342984409799, "dsfb": 0.0, "sfT": 0.0, "roll-out": 0.28507795100222716, "roll-in": 0.19599109131403117, "bad-redirect": 0.013363028953229399, "redirect": 0.062360801781737196, "oneh-out": 0.008908685968819599, "oneh-in": 0.015590200445434299, "dsfb-red": 0.0200445434298441, "dsfb-alt": 0.0378619153674833, "alternate": 0.24944320712694878, "sfR": 0.10690423162583519, "unknown": 0.0}, "monkeyracer": {"sft": 0.0, "sfb": 0.01708224502244397, "dsfb": 0.0, "sfT": 8.797722758340242e-06, "roll-out": 0.2590665420648451, "roll-in": 0.20314137353957804, "bad-redirect": 0.010164302360135758, "redirect": 0.0672937813785445, "oneh-out": 0.010458537310164693, "oneh-in": 0.011713679090354567, "dsfb-red": 0.01752604125936469, "dsfb-alt": 0.04068555765831991, "alternate": 0.22155989489653877, "sfR": 0.09605353707555875, "unknown": 0.04524571062139293}, "chained-bigrams": {"sft": 0.0, "sfb": 0.018703221655090647, "dsfb": 0.0, "sfT": 7.337143020396608e-05, "roll-out": 0.22232841961185865, "roll-in": 0.20011570609612697, "bad-redirect": 0.014532737617921848, "redirect": 0.05901400485290327, "oneh-out": 0.008527318520961828, "oneh-in": 0.013040635435543848, "dsfb-red": 0.02632281221653792, "dsfb-alt": 0.03948551693419102, "alternate": 0.20864107670301257, "sfR": 0.11643721321023381, "unknown": 0.07277796571541365}, "english-5k": {"sft": 0.0, "sfb": 0.020367528103870245, "dsfb": 0.0, "sfT": 0.0, "roll-out": 0.20769900858671755, "roll-in": 0.25025926079561955, "bad-redirect": 0.01775417928402539, "redirect": 0.07441821877462977, "oneh-out": 0.006471149458663459, "oneh-in": 0.019496411830588627, "dsfb-red": 0.020035674285477246, "dsfb-alt": 0.03430538847637615, "alternate": 0.23972290206164185, "sfR": 0.10644211224955408, "unknown": 0.0030281660928361057}, "mt-quotes": {"sft": 0.0, "sfb": 0.01685223700409988, "dsfb": 0.0, "sfT": 5.9765004004255265e-06, "roll-out": 0.265786925807724, "roll-in": 0.20269151695533164, "bad-redirect": 0.009774566404895949, "redirect": 0.06895835574520984, "oneh-out": 0.010721841718363396, "oneh-in": 0.011422586390313289, "dsfb-red": 0.017485746046544987, "dsfb-alt": 0.0410436164999223, "alternate": 0.22324918420769535, "sfR": 0.09572710103871578, "unknown": 0.03628034568078316}, "english-1k": {"sft": 0.0, "sfb": 0.01799576570218772, "dsfb": 0.0, "sfT": 0.0, "roll-out": 0.25335215243472126, "roll-in": 0.21030345800988004, "bad-redirect": 0.014114326040931546, "redirect": 0.06492589978828511, "oneh-out": 0.009880028228652082, "oneh-in": 0.01058574453069866, "dsfb-red": 0.020112914608327453, "dsfb-alt": 0.038108680310515175, "alternate": 0.25229357798165136, "sfR": 0.10832745236414962, "unknown": 0.0}, "english-10k": {"sft": 0.0, "sfb": 0.0228285830068891, "dsfb": 0.0, "sfT": 1.929719611740414e-05, "roll-out": 0.20235039848709982, "roll-in": 0.24683043553771636, "bad-redirect": 0.017348179309546324, "redirect": 0.08070087416298412, "oneh-out": 0.007583798074139827, "oneh-in": 0.018235850330946914, "dsfb-red": 0.017579745662955174, "dsfb-alt": 0.03614364832789796, "alternate": 0.2371818374790143, "sfR": 0.10543987958549622, "unknown": 0.0077574728391964646}, "reddit": {"sft": 0.0, "sfb": 0.01838795654265828, "dsfb": 0.0, "sfT": 7.712481390688873e-05, "roll-out": 0.24342445410970565, "roll-in": 0.19490331960706425, "bad-redirect": 0.01007784212337086, "redirect": 0.06649308901360959, "oneh-out": 0.00900169064034759, "oneh-in": 0.012170512887503964, "dsfb-red": 0.015993865974004182, "dsfb-alt": 0.040737221824861496, "alternate": 0.20748807402783498, "sfR": 0.1028716913164539, "unknown": 0.07837315711867839}, "akl": {"sft": 0.0, "sfb": 0.02152464211816138, "dsfb": 0.0, "sfT": 0.0002852373795779701, "roll-out": 0.23362539807156238, "roll-in": 0.18272849255018697, "bad-redirect": 0.009230254343271911, "redirect": 0.06598450078068555, "oneh-out": 0.0078037576741184006, "oneh-in": 0.011298844887739514, "dsfb-red": 0.017689611919799973, "dsfb-alt": 0.04423601794740357, "alternate": 0.18981605906272384, "sfR": 0.11706348985084018, "unknown": 0.09871369341392838}, "keymash": {"sft": 0.0, "sfb": 0.017704309704326123, "dsfb": 0.0, "sfT": 2.052435625356611e-05, "roll-out": 0.25861509853743436, "roll-in": 0.20257129135144678, "bad-redirect": 0.010221129414275922, "redirect": 0.06803824098057164, "oneh-out": 0.01027038786928448, "oneh-in": 0.012372081949649649, "dsfb-red": 0.01865663983449159, "dsfb-alt": 0.03997734111069606, "alternate": 0.22125256041344263, "sfR": 0.09899307508220005, "unknown": 0.04130731939592715}, "movie": {"sft": 0.0, "sfb": 0.01608401942963128, "dsfb": 0.0, "sfT": 1.8028903886071013e-05, "roll-out": 0.23674359042857337, "roll-in": 0.17253463622212084, "bad-redirect": 0.007922058284945905, "redirect": 0.057967005526714424, "oneh-out": 0.011251878394648494, "oneh-in": 0.009468596083990479, "dsfb-red": 0.017514619532882945, "dsfb-alt": 0.04961435911392017, "alternate": 0.20346565539868947, "sfR": 0.1138359467128768, "unknown": 0.10357960596711975}}