{"english-450k": {"sft": 0.0, "sfb": 0.042871693345206484, "dsfb": 0.0, "sfT": 0.00014091086890553184, "roll-out": 0.22662443628343784, "roll-in": 0.2395932061081646, "bad-redirect": 0.006490085663283831, "redirect": 0.04835230757626874, "oneh-out": 0.014284620075647503, "oneh-in": 0.009008648185319426, "dsfb-red": 0.03744984070055505, "dsfb-alt": 0.039933321678464785, "alternate": 0.21226936077333755, "sfR": 0.11328269117541298, "unknown": 0.009698877565995693}, "shai": {"sft": 0.0, "sfb": 0.02456342562761775, "dsfb": 0.0, "sfT": 7.219086503017526e-05, "roll-out": 0.2275095730691382, "roll-in": 0.23464804282715715, "bad-redirect": 0.004381577566243595, "redirect": 0.04228332212978998, "oneh-out": 0.009720001467659018, "oneh-in": 0.010561455434719673, "dsfb-red": 0.036662648666272606, "dsfb-alt": 0.04383836723863052, "alternate": 0.2012111283232491, "sfR": 0.09728563198976478, "unknown": 0.06726263479472745}, "tr-quotes": {"sft": 0.0, "sfb": 0.025613138854857723, "dsfb": 0.0, "sfT": 5.085411802778484e-05, "roll-out": 0.24338780888097825, "roll-in": 0.22904810337255266, "bad-redirect": 0.004841543191327061, "redirect": 0.04667483414622871, "oneh-out": 0.01274704699382816, "oneh-in": 0.010722128475994545, "dsfb-red": 0.03682069300293567, "dsfb-alt": 0.04798779501167333, "alternate": 0.20214743071126418, "sfR": 0.09591664547745082, "unknown": 0.044041977762881115}, "gutenberg": {"sft": 0.0, "sfb": 0.020763218045899017, "dsfb": 0.0, "sfT": 2.8794390246582278e-05, "roll-out": 0.24230668829276925, "roll-in": 0.21385214762580781, "bad-redirect": 0.004787825125606056, "redirect": 0.04150616635655866, "oneh-out": 0.010542346129029935, "oneh-in": 0.010136383113908713, "dsfb-red": 0.03960346335894897, "dsfb-alt": 0.04264941731141474, "alternate": 0.19794457307201666, "sfR": 0.09761014138424484, "unknown": 0.07826883579354876}, "english-200": {"sft": 0.0, "sfb": 0.011135857461024499, "dsfb": 0.0, "sfT": 0.0, "roll-out": 0.24053452115812918, "roll-in": 0.2383073496659243, "bad-redirect": 0.004454342984409799, "redirect": 0.04899777282850779, "oneh-out": 0.008908685968819599, "oneh-in": 0.0200445434298441, "dsfb-red": 0.04899777282850779, "dsfb-alt": 0.0467706013363029, "alternate": 0.22494432071269488, "sfR": 0.10690423162583519, "unknown": 0.0}, "monkeyracer": {"sft": 0.0, "sfb": 0.025402935702331982, "dsfb": 0.0, "sfT": 5.96290098065283e-05, "roll-out": 0.24286797941723884, "roll-in": 0.22933414924065879, "bad-redirect": 0.004859275536856594, "redirect": 0.046731548242801506, "oneh-out": 0.012788956316373931, "oneh-in": 0.010729311666171387, "dsfb-red": 0.03683117756541596, "dsfb-alt": 0.047833218637095894, "alternate": 0.20263697076809986, "sfR": 0.09605353707555875, "unknown": 0.04387131082159}, "chained-bigrams": {"sft": 0.0, "sfb": 0.025451445319779314, "dsfb": 0.0, "sfT": 7.726725835638906e-05, "roll-out": 0.21162138523961616, "roll-in": 0.2101085053070919, "bad-redirect": 0.004530848141267923, "redirect": 0.04541172085871844, "oneh-out": 0.013902262761921396, "oneh-in": 0.009787618928270661, "dsfb-red": 0.03772849843744826, "dsfb-alt": 0.04592661947953035, "alternate": 0.20610943770862972, "sfR": 0.11643721321023381, "unknown": 0.07290717734913568}, "english-5k": {"sft": 0.0, "sfb": 0.029991288837267184, "dsfb": 0.0, "sfT": 8.296345459824948e-05, "roll-out": 0.21292570622640727, "roll-in": 0.2695067822624134, "bad-redirect": 0.00622225909486871, "redirect": 0.0466254614842162, "oneh-out": 0.01348156137221554, "oneh-in": 0.01182229228025055, "dsfb-red": 0.040693574480441363, "dsfb-alt": 0.044883228937652966, "alternate": 0.2142946032272784, "sfR": 0.10644211224955408, "unknown": 0.0030281660928361057}, "mt-quotes": {"sft": 0.0, "sfb": 0.024806959037066256, "dsfb": 0.0, "sfT": 5.976500400425527e-05, "roll-out": 0.2489406653040246, "roll-in": 0.22980092277166184, "bad-redirect": 0.004757294318738719, "redirect": 0.04726814166696549, "oneh-out": 0.012980958869724245, "oneh-in": 0.010939983982978926, "dsfb-red": 0.036969137351932205, "dsfb-alt": 0.048893749775881234, "alternate": 0.20377625177800887, "sfR": 0.09572710103871578, "unknown": 0.03507906910029763}, "english-1k": {"sft": 0.0, "sfb": 0.017642907551164433, "dsfb": 0.0, "sfT": 0.0, "roll-out": 0.23112208892025407, "roll-in": 0.2544107268877911, "bad-redirect": 0.0067043048694424845, "redirect": 0.0497529992942837, "oneh-out": 0.012350035285815103, "oneh-in": 0.014820042342978124, "dsfb-red": 0.03705010585744531, "dsfb-alt": 0.0465772759350741, "alternate": 0.221242060691602, "sfR": 0.10832745236414962, "unknown": 0.0}, "english-10k": {"sft": 0.0, "sfb": 0.03226491190829973, "dsfb": 0.0, "sfT": 7.718878446961657e-05, "roll-out": 0.22008452171899423, "roll-in": 0.2589683718955636, "bad-redirect": 0.005422512108990564, "redirect": 0.04505895293413867, "oneh-out": 0.011751992435499122, "oneh-in": 0.01020821674610679, "dsfb-red": 0.03834352868528203, "dsfb-alt": 0.04669921460411802, "alternate": 0.21792323575384498, "sfR": 0.10543987958549622, "unknown": 0.0077574728391964646}, "reddit": {"sft": 0.0, "sfb": 0.024586708948594757, "dsfb": 0.0, "sfT": 0.00011166054893464562, "roll-out": 0.22108934772971556, "roll-in": 0.22390015202091174, "bad-redirect": 0.003630672152679413, "redirect": 0.04498627841308672, "oneh-out": 0.011063571410779157, "oneh-in": 0.010156802350527598, "dsfb-red": 0.0359033426433734, "dsfb-alt": 0.045706809214598576, "alternate": 0.19368325674228756, "sfR": 0.1028716913164539, "unknown": 0.082309706508057}, "akl": {"sft": 0.0, "sfb": 0.03009173814019033, "dsfb": 0.0, "sfT": 0.0007842169310812219, "roll-out": 0.20412526109070958, "roll-in": 0.2140162575393679, "bad-redirect": 0.002997036975908841, "redirect": 0.04403293190694818, "oneh-out": 0.009956296231037817, "oneh-in": 0.0093726871703027, "dsfb-red": 0.03397261448557339, "dsfb-alt": 0.04321965843133567, "alternate": 0.18808759736575473, "sfR": 0.11706348985084018, "unknown": 0.10228021388094945}, "keymash": {"sft": 0.0, "sfb": 0.026357378300829595, "dsfb": 0.0, "sfT": 0.0001149363950199702, "roll-out": 0.2426717785996642, "roll-in": 0.22802970284837015, "bad-redirect": 0.0048068042345851825, "redirect": 0.04610180901676019, "oneh-out": 0.012425445275908921, "oneh-in": 0.010701399350609368, "dsfb-red": 0.03667702462512263, "dsfb-alt": 0.04748925549950126, "alternate": 0.20537081354443318, "sfR": 0.09899307508220005, "unknown": 0.040260577226995276}, "movie": {"sft": 0.0, "sfb": 0.028245633682414145, "dsfb": 0.0, "sfT": 1.7897306047486553e-05, "roll-out": 0.2128023904484183, "roll-in": 0.20951915597357462, "bad-redirect": 0.005330633647540719, "redirect": 0.0472404657036951, "oneh-out": 0.012924355325218396, "oneh-in": 0.010050126932695207, "dsfb-red": 0.03358218923269116, "dsfb-alt": 0.0495167135176905, "alternate": 0.18657217766392517, "sfR": 0.1138359467128768, "unknown": 0.09036231385321235}}