{"english-450k": {"sft": 0.0, "sfb": 0.1071779178051115, "dsfb": 0.0, "sfT": 0.002146698154301494, "roll-out": 0.19226791073618035, "roll-in": 0.22428069678962942, "bad-redirect": 0.012429683429992733, "redirect": 0.06261792514884806, "oneh-out": 0.01765303300413202, "oneh-in": 0.01400484476124378, "dsfb-red": 0.032170360655814384, "dsfb-alt": 0.03805031979750933, "alternate": 0.17421845628342614, "sfR": 0.11328269117541298, "unknown": 0.00969946225839779}, "shai": {"sft": 0.0, "sfb": 0.1043516322133196, "dsfb": 0.0, "sfT": 0.001164126078721638, "roll-out": 0.1682432686624146, "roll-in": 0.2157143629012956, "bad-redirect": 0.013336317934576467, "redirect": 0.06206452482371836, "oneh-out": 0.017914837382451813, "oneh-in": 0.0125844523201243, "dsfb-red": 0.030486912135217842, "dsfb-alt": 0.03488827523127241, "alternate": 0.16721871726601753, "sfR": 0.09728563198976478, "unknown": 0.07474694106110509}, "tr-quotes": {"sft": 0.0, "sfb": 0.10944268509743187, "dsfb": 0.0, "sfT": 0.001132659901527935, "roll-out": 0.16591387161646748, "roll-in": 0.22299068445019762, "bad-redirect": 0.00930399204826518, "redirect": 0.06497653775918263, "oneh-out": 0.018198839601488638, "oneh-in": 0.011714939552946071, "dsfb-red": 0.03483160352280345, "dsfb-alt": 0.03677792931277594, "alternate": 0.1610353436120293, "sfR": 0.09591664547745082, "unknown": 0.06776426804743302}, "gutenberg": {"sft": 0.0, "sfb": 0.10018023015053025, "dsfb": 0.0, "sfT": 0.0013756898813860558, "roll-out": 0.16347711963652387, "roll-in": 0.22099675570574104, "bad-redirect": 0.007856322054646448, "redirect": 0.06412510707913872, "oneh-out": 0.017704382392533462, "oneh-in": 0.01326644699577897, "dsfb-red": 0.03403913688057489, "dsfb-alt": 0.03537788659026302, "alternate": 0.16225563129237938, "sfR": 0.09761014138424484, "unknown": 0.08173514995625905}, "english-200": {"sft": 0.0, "sfb": 0.0801781737193764, "dsfb": 0.0, "sfT": 0.0, "roll-out": 0.20489977728285078, "roll-in": 0.24498886414253898, "bad-redirect": 0.004454342984409799, "redirect": 0.08463251670378619, "oneh-out": 0.024498886414253896, "oneh-in": 0.011135857461024499, "dsfb-red": 0.04899777282850779, "dsfb-alt": 0.0400890868596882, "alternate": 0.1492204899777283, "sfR": 0.10690423162583519, "unknown": 0.0}, "monkeyracer": {"sft": 0.0, "sfb": 0.10962060309367033, "dsfb": 0.0, "sfT": 0.0011417489090823779, "roll-out": 0.16597490498459422, "roll-in": 0.22248561083566637, "bad-redirect": 0.009178957411201652, "redirect": 0.06509141811470666, "oneh-out": 0.018376487792670912, "oneh-in": 0.011729319486369395, "dsfb-red": 0.03508727340976273, "dsfb-alt": 0.037099996871920796, "alternate": 0.16057505826047516, "sfR": 0.09605353707555875, "unknown": 0.06758508375432067}, "chained-bigrams": {"sft": 0.0, "sfb": 0.09593411894872376, "dsfb": 0.0, "sfT": 0.001725851871523379, "roll-out": 0.16418708026509812, "roll-in": 0.2215063998716974, "bad-redirect": 0.008951963789575933, "redirect": 0.061991716170738564, "oneh-out": 0.01422042206103594, "oneh-in": 0.017251376363621018, "dsfb-red": 0.02960764465372256, "dsfb-alt": 0.038405723231277784, "alternate": 0.14843300052139166, "sfR": 0.11643721321023381, "unknown": 0.08134748904136006}, "english-5k": {"sft": 0.0, "sfb": 0.11345252416310615, "dsfb": 0.0, "sfT": 0.0018251960011614883, "roll-out": 0.18737296221014643, "roll-in": 0.21636868959223463, "bad-redirect": 0.022483096196125606, "redirect": 0.06520927531422409, "oneh-out": 0.01891566764840088, "oneh-in": 0.012817853735429542, "dsfb-red": 0.03189944829302692, "dsfb-alt": 0.03608910275023852, "alternate": 0.18401294229891732, "sfR": 0.10644211224955408, "unknown": 0.003111129547434355}, "mt-quotes": {"sft": 0.0, "sfb": 0.11069823454178171, "dsfb": 0.0, "sfT": 0.0010966878234780842, "roll-out": 0.16626474701473806, "roll-in": 0.22664682468533726, "bad-redirect": 0.008722702334421056, "redirect": 0.06634513094512377, "oneh-out": 0.01891263551714658, "oneh-in": 0.011854388544244032, "dsfb-red": 0.035864978902953586, "dsfb-alt": 0.03754736376567337, "alternate": 0.16061994238653615, "sfR": 0.09572710103871578, "unknown": 0.05969926249985059}, "english-1k": {"sft": 0.0, "sfb": 0.10726887791107975, "dsfb": 0.0, "sfT": 0.0017642907551164433, "roll-out": 0.19371912491178547, "roll-in": 0.21277346506704306, "bad-redirect": 0.012702893436838392, "redirect": 0.0652787579393084, "oneh-out": 0.021877205363443897, "oneh-in": 0.014114326040931546, "dsfb-red": 0.04163726182074806, "dsfb-alt": 0.03987297106563162, "alternate": 0.1806633733239238, "sfR": 0.10832745236414962, "unknown": 0.0}, "english-10k": {"sft": 0.0, "sfb": 0.11800235425792632, "dsfb": 0.0, "sfT": 0.00191042241562301, "roll-out": 0.18550394627660602, "roll-in": 0.21670751239844852, "bad-redirect": 0.020821674610679068, "redirect": 0.06346847803014222, "oneh-out": 0.02041643349221358, "oneh-in": 0.015090407363810038, "dsfb-red": 0.031647401632542795, "dsfb-alt": 0.035410354875436596, "alternate": 0.17782366222187915, "sfR": 0.10543987958549622, "unknown": 0.0077574728391964646}, "reddit": {"sft": 0.0, "sfb": 0.10350884191604408, "dsfb": 0.0, "sfT": 0.0010749903032121417, "roll-out": 0.16114171693919743, "roll-in": 0.2107191879532464, "bad-redirect": 0.010018397208523735, "redirect": 0.06260422291131376, "oneh-out": 0.01864480202539725, "oneh-in": 0.012594493348218909, "dsfb-red": 0.0329809527180691, "dsfb-alt": 0.03288978137418888, "alternate": 0.1542855869305092, "sfR": 0.1028716913164539, "unknown": 0.09666533505562519}, "akl": {"sft": 0.0, "sfb": 0.10287268239982524, "dsfb": 0.0, "sfT": 0.0009651233490585618, "roll-out": 0.15415457164767707, "roll-in": 0.19420502223476177, "bad-redirect": 0.008027164709469868, "redirect": 0.05886261161213515, "oneh-out": 0.017416207802493807, "oneh-in": 0.01357993851907776, "dsfb-red": 0.03388346231589209, "dsfb-alt": 0.03411467558708779, "alternate": 0.14661473909019684, "sfR": 0.11706348985084018, "unknown": 0.11824031088148387}, "keymash": {"sft": 0.0, "sfb": 0.11038819767417996, "dsfb": 0.0, "sfT": 0.0011042103664418565, "roll-out": 0.16729402782281733, "roll-in": 0.22404387286392763, "bad-redirect": 0.009437099005389697, "redirect": 0.06478718295000677, "oneh-out": 0.01799165069187605, "oneh-in": 0.012499332958421759, "dsfb-red": 0.03554408015992579, "dsfb-alt": 0.03638147389507128, "alternate": 0.16084527508794685, "sfR": 0.09899307508220005, "unknown": 0.06069052144179498}, "movie": {"sft": 0.0, "sfb": 0.10237048502620573, "dsfb": 0.0, "sfT": 0.0009260539901188447, "roll-out": 0.15080993863724385, "roll-in": 0.18857338599527906, "bad-redirect": 0.006365387452330328, "redirect": 0.05981095444095988, "oneh-out": 0.01570133291502767, "oneh-in": 0.010898275002372051, "dsfb-red": 0.03248282088915659, "dsfb-alt": 0.028839797923622984, "alternate": 0.13918063764153513, "sfR": 0.1138359467128768, "unknown": 0.1502049833732711}}