{"english-450k": {"sft": 0.0, "sfb": 0.02881364157537182, "dsfb": 0.0, "sfT": 7.396358886535177e-05, "roll-out": 0.15602487515355484, "roll-in": 0.22981130222107102, "bad-redirect": 0.002999179676559857, "redirect": 0.025995131851060137, "oneh-out": 0.004056595885753443, "oneh-in": 0.007018939940981149, "dsfb-red": 0.010491720463240097, "dsfb-alt": 0.05539492755953484, "alternate": 0.3563381533425988, "sfR": 0.11328269117541298, "unknown": 0.009698877565995693}, "shai": {"sft": 0.0, "sfb": 0.017085370071460132, "dsfb": 0.0, "sfT": 1.887985415061092e-05, "roll-out": 0.17336572762292185, "roll-in": 0.24020698327023535, "bad-redirect": 0.003370622915978379, "redirect": 0.023685411778985414, "oneh-out": 0.01274569355093907, "oneh-in": 0.0048424697171474285, "dsfb-red": 0.009226919126724306, "dsfb-alt": 0.04546652824020562, "alternate": 0.3050022943783396, "sfR": 0.09728563198976478, "unknown": 0.06769746748314746}, "tr-quotes": {"sft": 0.0, "sfb": 0.015620304662398003, "dsfb": 0.0, "sfT": 1.733663114583574e-05, "roll-out": 0.17730403827928157, "roll-in": 0.24310464390559627, "bad-redirect": 0.00285707681283373, "redirect": 0.023288874505906013, "oneh-out": 0.02219551096830864, "oneh-in": 0.0039030535586324867, "dsfb-red": 0.010076050021959732, "dsfb-alt": 0.045836896974179975, "alternate": 0.31448764476087004, "sfR": 0.09591664547745082, "unknown": 0.04539192344143686}, "gutenberg": {"sft": 0.0, "sfb": 0.01553533128514289, "dsfb": 0.0, "sfT": 2.898382702452032e-05, "roll-out": 0.17894349593449732, "roll-in": 0.24919896658448898, "bad-redirect": 0.003110551893742638, "redirect": 0.019583216356122958, "oneh-out": 0.013610085310958576, "oneh-in": 0.004351552226014747, "dsfb-red": 0.00811622931397744, "dsfb-alt": 0.0470737132601577, "alternate": 0.287640424747566, "sfR": 0.09761014138424484, "unknown": 0.07519730787606137}, "english-200": {"sft": 0.0, "sfb": 0.015590200445434299, "dsfb": 0.0, "sfT": 0.0, "roll-out": 0.18040089086859687, "roll-in": 0.2873051224944321, "bad-redirect": 0.0022271714922048997, "redirect": 0.024498886414253896, "oneh-out": 0.015590200445434299, "oneh-in": 0.0022271714922048997, "dsfb-red": 0.008908685968819599, "dsfb-alt": 0.04899777282850779, "alternate": 0.30734966592427615, "sfR": 0.10690423162583519, "unknown": 0.0}, "monkeyracer": {"sft": 0.0, "sfb": 0.01552993571797238, "dsfb": 0.0, "sfT": 1.7595445516680483e-05, "roll-out": 0.17762797754039134, "roll-in": 0.24262164318000531, "bad-redirect": 0.002841664450943898, "redirect": 0.023218167884010824, "oneh-out": 0.022703012340272454, "oneh-in": 0.003929649498725308, "dsfb-red": 0.010044066815771776, "dsfb-alt": 0.045692439432566435, "alternate": 0.31442865633357836, "sfR": 0.09605353707555875, "unknown": 0.04529165428468649}, "chained-bigrams": {"sft": 0.0, "sfb": 0.01702087319793599, "dsfb": 0.0, "sfT": 8.051378181674155e-05, "roll-out": 0.1497835542808983, "roll-in": 0.2102448592924267, "bad-redirect": 0.003953616270017252, "redirect": 0.03028551875224416, "oneh-out": 0.0057275166887538476, "oneh-in": 0.0125861221510945, "dsfb-red": 0.016629991773309552, "dsfb-alt": 0.058251071839720434, "alternate": 0.3060789853185716, "sfR": 0.11643721321023381, "unknown": 0.07292016344297708}, "english-5k": {"sft": 0.0, "sfb": 0.018957149375700005, "dsfb": 0.0, "sfT": 0.0, "roll-out": 0.17094619819969303, "roll-in": 0.2552370680715145, "bad-redirect": 0.0029037209109387314, "redirect": 0.025801634380055585, "oneh-out": 0.004770398639399345, "oneh-in": 0.007466710913842453, "dsfb-red": 0.011614883643754926, "dsfb-alt": 0.049861036213547934, "alternate": 0.3429709213091633, "sfR": 0.10644211224955408, "unknown": 0.0030281660928361057}, "mt-quotes": {"sft": 0.0, "sfb": 0.014835168118956264, "dsfb": 0.0, "sfT": 8.96475060063829e-06, "roll-out": 0.17893642198874027, "roll-in": 0.24622135762183095, "bad-redirect": 0.0028149316886004233, "redirect": 0.02315296255124849, "oneh-out": 0.024488710390743598, "oneh-in": 0.0037741600028687204, "dsfb-red": 0.010127179928521055, "dsfb-alt": 0.046077323962180707, "alternate": 0.31753744277500867, "sfR": 0.09572710103871578, "unknown": 0.03629827518198444}, "english-1k": {"sft": 0.0, "sfb": 0.016231474947071278, "dsfb": 0.0, "sfT": 0.0, "roll-out": 0.18454481298517997, "roll-in": 0.276287932251235, "bad-redirect": 0.0014114326040931546, "redirect": 0.024347212420606917, "oneh-out": 0.007057163020465773, "oneh-in": 0.008468595624558928, "dsfb-red": 0.010232886379675371, "dsfb-alt": 0.0465772759350741, "alternate": 0.3165137614678899, "sfR": 0.10832745236414962, "unknown": 0.0}, "english-10k": {"sft": 0.0, "sfb": 0.018756874626116825, "dsfb": 0.0, "sfT": 0.0, "roll-out": 0.177051774377183, "roll-in": 0.24480422994538895, "bad-redirect": 0.004862893421585844, "redirect": 0.024874085795333938, "oneh-out": 0.005962833600277879, "oneh-in": 0.006908396210030683, "dsfb-red": 0.01067134945292449, "dsfb-alt": 0.051041083730533954, "alternate": 0.34186912641593176, "sfR": 0.10543987958549622, "unknown": 0.0077574728391964646}, "reddit": {"sft": 0.0, "sfb": 0.014632775948295285, "dsfb": 0.0, "sfT": 2.8542548905803408e-05, "roll-out": 0.1656278414959592, "roll-in": 0.23395660596130988, "bad-redirect": 0.0028933604300260874, "redirect": 0.022112909004518674, "oneh-out": 0.017276295431862435, "oneh-in": 0.003496724442853753, "dsfb-red": 0.009484554154710728, "dsfb-alt": 0.045580802476384505, "alternate": 0.29855423749161186, "sfR": 0.1028716913164539, "unknown": 0.0834836592971079}, "akl": {"sft": 0.0, "sfb": 0.016402202548029723, "dsfb": 0.0, "sfT": 8.035466579335951e-05, "roll-out": 0.15631807610733003, "roll-in": 0.21980197933924797, "bad-redirect": 0.0027957476087826843, "redirect": 0.02021536289517675, "oneh-out": 0.018784653336837466, "oneh-in": 0.003537092196973386, "dsfb-red": 0.010764055778157186, "dsfb-alt": 0.04509718206037789, "alternate": 0.2842233123692533, "sfR": 0.11706348985084018, "unknown": 0.10491649124320006}, "keymash": {"sft": 0.0, "sfb": 0.016082885560294403, "dsfb": 0.0, "sfT": 2.052435625356611e-05, "roll-out": 0.18031057455882896, "roll-in": 0.2425691568183964, "bad-redirect": 0.0029349829442599533, "redirect": 0.023262305377791826, "oneh-out": 0.021398693829968025, "oneh-in": 0.004334744040753162, "dsfb-red": 0.010159556345515222, "dsfb-alt": 0.046118228501763045, "alternate": 0.312454589861789, "sfR": 0.09899307508220005, "unknown": 0.04136068272218642}, "movie": {"sft": 0.0, "sfb": 0.01489226940341041, "dsfb": 0.0, "sfT": 1.0922620602510176e-05, "roll-out": 0.163218167239534, "roll-in": 0.20435157204804005, "bad-redirect": 0.0019181700952070884, "redirect": 0.020148681869989495, "oneh-out": 0.029401325900862873, "oneh-in": 0.0026016892688147733, "dsfb-red": 0.01077523102329558, "dsfb-alt": 0.04972740165726422, "alternate": 0.28551703935393885, "sfR": 0.1138359467128768, "unknown": 0.10360158280616336}}