{"english-450k": {"sft": 0.0, "sfb": 0.02888146589401515, "dsfb": 0.0, "sfT": 3.157338971327269e-05, "roll-out": 0.2676107889780805, "roll-in": 0.2009622867553723, "bad-redirect": 0.01075629377518928, "redirect": 0.06399926094880375, "oneh-out": 0.026994078820043958, "oneh-in": 0.022299875869803035, "dsfb-red": 0.03840932093239728, "dsfb-alt": 0.035426804989297206, "alternate": 0.18164609621347352, "sfR": 0.11328269117541298, "unknown": 0.00969946225839779}, "shai": {"sft": 0.0, "sfb": 0.01723718298642601, "dsfb": 0.0, "sfT": 5.263755974750072e-06, "roll-out": 0.25659104687746254, "roll-in": 0.2022315654750865, "bad-redirect": 0.006699700863844282, "redirect": 0.05183755398833242, "oneh-out": 0.03882122210170629, "oneh-in": 0.018822730787058466, "dsfb-red": 0.027600628306683764, "dsfb-alt": 0.025380043181376957, "alternate": 0.15146587476038298, "sfR": 0.09728563198976478, "unknown": 0.10602155492590025}, "tr-quotes": {"sft": 0.0, "sfb": 0.016566884722960633, "dsfb": 0.0, "sfT": 0.0, "roll-out": 0.2693164744226902, "roll-in": 0.19981045283280552, "bad-redirect": 0.006784401655070387, "redirect": 0.04762025843138162, "oneh-out": 0.04369640091537413, "oneh-in": 0.013723677215043573, "dsfb-red": 0.023338572848524076, "dsfb-alt": 0.020170592450475023, "alternate": 0.14544855643651325, "sfR": 0.09591664547745082, "unknown": 0.11760708259171078}, "gutenberg": {"sft": 0.0, "sfb": 0.017658538692272456, "dsfb": 0.0, "sfT": 5.304229782265156e-06, "roll-out": 0.2557835995488374, "roll-in": 0.19291654211198517, "bad-redirect": 0.010222576847870523, "redirect": 0.045095993298484544, "oneh-out": 0.05233929793972349, "oneh-in": 0.012851012141760845, "dsfb-red": 0.020524717142475023, "dsfb-alt": 0.019362901383381016, "alternate": 0.1410205262326367, "sfR": 0.09761014138424484, "unknown": 0.13460884904654574}, "english-200": {"sft": 0.0, "sfb": 0.017817371937639197, "dsfb": 0.0, "sfT": 0.0, "roll-out": 0.36525612472160357, "roll-in": 0.21380846325167038, "bad-redirect": 0.0022271714922048997, "redirect": 0.05790645879732739, "oneh-out": 0.0400890868596882, "oneh-in": 0.008908685968819599, "dsfb-red": 0.0334075723830735, "dsfb-alt": 0.024498886414253896, "alternate": 0.1291759465478842, "sfR": 0.10690423162583519, "unknown": 0.0}, "monkeyracer": {"sft": 0.0, "sfb": 0.016577842250965796, "dsfb": 0.0, "sfT": 0.0, "roll-out": 0.2697948762062655, "roll-in": 0.1995479925551715, "bad-redirect": 0.00680552731595164, "redirect": 0.04758003972660588, "oneh-out": 0.04346075042620079, "oneh-in": 0.013476156216275396, "dsfb-red": 0.023291482240330324, "dsfb-alt": 0.02021521184916402, "alternate": 0.14534131254203356, "sfR": 0.09605353707555875, "unknown": 0.1178552715954768}, "chained-bigrams": {"sft": 0.0, "sfb": 0.017411105317870358, "dsfb": 0.0, "sfT": 2.4024273606608363e-05, "roll-out": 0.23533658981279895, "roll-in": 0.19067286795934574, "bad-redirect": 0.012172515062245594, "redirect": 0.04979387822550222, "oneh-out": 0.04035233869810513, "oneh-in": 0.015454750280661953, "dsfb-red": 0.033722937792065366, "dsfb-alt": 0.03826871994125091, "alternate": 0.14408915213144005, "sfR": 0.11643721321023381, "unknown": 0.10626390729487328}, "english-5k": {"sft": 0.0, "sfb": 0.022317169286929107, "dsfb": 0.0, "sfT": 0.0, "roll-out": 0.27763720081304183, "roll-in": 0.22192724105031733, "bad-redirect": 0.007425229186543328, "redirect": 0.06072924876591861, "oneh-out": 0.02190235201393786, "oneh-in": 0.03401501638528228, "dsfb-red": 0.03214833865682167, "dsfb-alt": 0.03513502302235865, "alternate": 0.17720993902186086, "sfR": 0.10644211224955408, "unknown": 0.003111129547434355}, "mt-quotes": {"sft": 0.0, "sfb": 0.01645181147727137, "dsfb": 0.0, "sfT": 0.0, "roll-out": 0.27452755764334635, "roll-in": 0.20249728069231782, "bad-redirect": 0.0068281517074861645, "redirect": 0.0472696357920656, "oneh-out": 0.04506430714430858, "oneh-in": 0.012782240231410096, "dsfb-red": 0.02268978377021551, "dsfb-alt": 0.01958050943689413, "alternate": 0.1462614001745138, "sfR": 0.09572710103871578, "unknown": 0.1103202208914548}, "english-1k": {"sft": 0.0, "sfb": 0.021877205363443897, "dsfb": 0.0, "sfT": 0.0, "roll-out": 0.31157374735356386, "roll-in": 0.2244177840508116, "bad-redirect": 0.007410021171489062, "redirect": 0.05716302046577276, "oneh-out": 0.028228652081863093, "oneh-in": 0.02399435426958363, "dsfb-red": 0.027522935779816515, "dsfb-alt": 0.02928722653493296, "alternate": 0.16019760056457305, "sfR": 0.10832745236414962, "unknown": 0.0}, "english-10k": {"sft": 0.0, "sfb": 0.02255842226124544, "dsfb": 0.0, "sfT": 0.0, "roll-out": 0.2669188166959341, "roll-in": 0.2232299646861311, "bad-redirect": 0.007834661623666082, "redirect": 0.06593851913316995, "oneh-out": 0.019374384901873758, "oneh-in": 0.03155091565195577, "dsfb-red": 0.0344840894618012, "dsfb-alt": 0.03243858667335636, "alternate": 0.18247428648617356, "sfR": 0.10543987958549622, "unknown": 0.0077574728391964646}, "reddit": {"sft": 0.0, "sfb": 0.016395896390547473, "dsfb": 0.0, "sfT": 1.3671955840706357e-05, "roll-out": 0.2514715800304791, "roll-in": 0.19458983851547282, "bad-redirect": 0.0068599881222542545, "redirect": 0.04717042018040614, "oneh-out": 0.038001632019495836, "oneh-in": 0.01488160554459614, "dsfb-red": 0.024909704223154788, "dsfb-alt": 0.023983344935767092, "alternate": 0.1408805151592961, "sfR": 0.1028716913164539, "unknown": 0.13797011160623568}, "akl": {"sft": 0.0, "sfb": 0.019541114762694767, "dsfb": 0.0, "sfT": 8.407192095727747e-05, "roll-out": 0.24788813440999913, "roll-in": 0.19209609947176565, "bad-redirect": 0.006884790243345153, "redirect": 0.04120416268145936, "oneh-out": 0.0320377831727541, "oneh-in": 0.012118685514141615, "dsfb-red": 0.026640328674745254, "dsfb-alt": 0.025518461066274818, "alternate": 0.13960015468737821, "sfR": 0.11706348985084018, "unknown": 0.13932272354364447}, "keymash": {"sft": 0.0, "sfb": 0.016813552642921354, "dsfb": 0.0, "sfT": 4.104871250713221e-06, "roll-out": 0.2688157035954567, "roll-in": 0.20303514180277735, "bad-redirect": 0.00699470061121533, "redirect": 0.048556522024686695, "oneh-out": 0.044550167683990595, "oneh-in": 0.013562494612356483, "dsfb-red": 0.022864132866472642, "dsfb-alt": 0.02121807949493664, "alternate": 0.14422875626505974, "sfR": 0.09899307508220005, "unknown": 0.11036356844667566}, "movie": {"sft": 0.0, "sfb": 0.011938292720705039, "dsfb": 0.0, "sfT": 9.211848700912197e-07, "roll-out": 0.24058427334766083, "roll-in": 0.16861341542581967, "bad-redirect": 0.006726886714921839, "redirect": 0.04097009189082275, "oneh-out": 0.03233529971210341, "oneh-in": 0.009987354763690419, "dsfb-red": 0.019782445085208943, "dsfb-alt": 0.018335790045649975, "alternate": 0.12084787434617258, "sfR": 0.1138359467128768, "unknown": 0.21604140804949762}}