{"english-450k": {"sft": 0.0, "sfb": 0.024190478751985763, "dsfb": 0.0, "sfT": 0.00013009405946672544, "roll-out": 0.178510975553426, "roll-in": 0.2181180388715203, "bad-redirect": 0.0013775352993420456, "redirect": 0.04032038804865343, "oneh-out": 0.00460562205132313, "oneh-in": 0.0031260579278150455, "dsfb-red": 0.013908662861098719, "dsfb-alt": 0.048261680253943604, "alternate": 0.34446889758001664, "sfR": 0.11328269117541298, "unknown": 0.009698877565995693}, "shai": {"sft": 0.0, "sfb": 0.012645833133362212, "dsfb": 0.0, "sfT": 1.900757764117471e-05, "roll-out": 0.20937479196552675, "roll-in": 0.2089010345757552, "bad-redirect": 0.0007044724586353929, "redirect": 0.04700521313102758, "oneh-out": 0.007072456065441491, "oneh-in": 0.0029522278537530426, "dsfb-red": 0.010075146309193645, "dsfb-alt": 0.040749459768339005, "alternate": 0.29614826978792946, "sfR": 0.09728563198976478, "unknown": 0.06706645538363028}, "tr-quotes": {"sft": 0.0, "sfb": 0.011081574628418205, "dsfb": 0.0, "sfT": 2.080395737500289e-05, "roll-out": 0.2256847969302605, "roll-in": 0.20206768220799334, "bad-redirect": 0.001340699475277964, "redirect": 0.05355747671112549, "oneh-out": 0.009135248838445712, "oneh-in": 0.00327431173574351, "dsfb-red": 0.010746399759598714, "dsfb-alt": 0.04412634936779085, "alternate": 0.2977034742608816, "sfR": 0.09591664547745082, "unknown": 0.045344536649638244}, "gutenberg": {"sft": 0.0, "sfb": 0.011123727600521785, "dsfb": 0.0, "sfT": 0.00016575718069578613, "roll-out": 0.22914177940996505, "roll-in": 0.20558380057914613, "bad-redirect": 0.0011218445989490805, "redirect": 0.040479797893690356, "oneh-out": 0.008488283145847755, "oneh-in": 0.003641164308747092, "dsfb-red": 0.008107515222192292, "dsfb-alt": 0.03729934382888858, "alternate": 0.28204540951116597, "sfR": 0.09761014138424484, "unknown": 0.07519143533594529}, "english-200": {"sft": 0.0, "sfb": 0.008908685968819599, "dsfb": 0.0, "sfT": 0.0, "roll-out": 0.20489977728285078, "roll-in": 0.26057906458797325, "bad-redirect": 0.0, "redirect": 0.051224944320712694, "oneh-out": 0.013363028953229399, "oneh-in": 0.004454342984409799, "dsfb-red": 0.008908685968819599, "dsfb-alt": 0.042316258351893093, "alternate": 0.2984409799554566, "sfR": 0.10690423162583519, "unknown": 0.0}, "monkeyracer": {"sft": 0.0, "sfb": 0.010976625428155841, "dsfb": 0.0, "sfT": 1.955049501853387e-05, "roll-out": 0.22634096845332125, "roll-in": 0.20153041275005082, "bad-redirect": 0.0014056805918325852, "redirect": 0.05388409684533212, "oneh-out": 0.009285507609052661, "oneh-in": 0.0033597525689350455, "dsfb-red": 0.01074592958693714, "dsfb-alt": 0.04420562428640693, "alternate": 0.2969466036880054, "sfR": 0.09605353707555875, "unknown": 0.04524571062139293}, "chained-bigrams": {"sft": 0.0, "sfb": 0.013639294361632845, "dsfb": 0.0, "sfT": 2.077775014625588e-05, "roll-out": 0.19384407207541804, "roll-in": 0.1710716579151216, "bad-redirect": 0.0021433547885247083, "redirect": 0.04402480603645586, "oneh-out": 0.0065683662649851406, "oneh-in": 0.005595707836263537, "dsfb-red": 0.01961224822398934, "dsfb-alt": 0.0546623648066468, "alternate": 0.2996021710151684, "sfR": 0.11643721321023381, "unknown": 0.07277796571541365}, "english-5k": {"sft": 0.0, "sfb": 0.01601194673746215, "dsfb": 0.0, "sfT": 0.0, "roll-out": 0.1926826233044344, "roll-in": 0.23806363296967686, "bad-redirect": 0.0008296345459824947, "redirect": 0.044758783755755586, "oneh-out": 0.005143734185091467, "oneh-in": 0.003194093002032605, "dsfb-red": 0.011697847098353175, "dsfb-alt": 0.04351433193678185, "alternate": 0.33463309412203923, "sfR": 0.10644211224955408, "unknown": 0.0030281660928361057}, "mt-quotes": {"sft": 0.0, "sfb": 0.010213839184327226, "dsfb": 0.0, "sfT": 7.470625500531909e-06, "roll-out": 0.23120689449086193, "roll-in": 0.2018622775247726, "bad-redirect": 0.0014388424714024456, "redirect": 0.05559490084985836, "oneh-out": 0.009571365391281481, "oneh-in": 0.003421546479243614, "dsfb-red": 0.01065759433905882, "dsfb-alt": 0.045248084531621664, "alternate": 0.2987697373925724, "sfR": 0.09572710103871578, "unknown": 0.03628034568078316}, "english-1k": {"sft": 0.0, "sfb": 0.011997177134791814, "dsfb": 0.0, "sfT": 0.0, "roll-out": 0.21841919548341568, "roll-in": 0.25405786873676783, "bad-redirect": 0.0, "redirect": 0.04269583627381793, "oneh-out": 0.0077628793225123505, "oneh-in": 0.0045871559633027525, "dsfb-red": 0.011644318983768526, "dsfb-alt": 0.0374029640084686, "alternate": 0.30310515172900493, "sfR": 0.10832745236414962, "unknown": 0.0}, "english-10k": {"sft": 0.0, "sfb": 0.01597807838521063, "dsfb": 0.0, "sfT": 5.789158835221242e-05, "roll-out": 0.19501746396248626, "roll-in": 0.23233824125354585, "bad-redirect": 0.0008490766291657822, "redirect": 0.04534841087589973, "oneh-out": 0.004766407440998823, "oneh-in": 0.00270160745643658, "dsfb-red": 0.011520426082090272, "dsfb-alt": 0.044846683776847224, "alternate": 0.33337836012427396, "sfR": 0.10543987958549622, "unknown": 0.0077574728391964646}, "reddit": {"sft": 0.0, "sfb": 0.011350120622235057, "dsfb": 0.0, "sfT": 7.094434071862422e-05, "roll-out": 0.20813698625518948, "roll-in": 0.1938339853732547, "bad-redirect": 0.0006926250286315102, "redirect": 0.04845865553732004, "oneh-out": 0.007762337207740874, "oneh-in": 0.003254637180940095, "dsfb-red": 0.010102301814231083, "dsfb-alt": 0.04473722407230629, "alternate": 0.29035533413229997, "sfR": 0.1028716913164539, "unknown": 0.07837315711867839}, "akl": {"sft": 0.0, "sfb": 0.018746737334165504, "dsfb": 0.0, "sfT": 0.00017638375752790635, "roll-out": 0.18961737177421242, "roll-in": 0.18527462647471257, "bad-redirect": 0.0007423358562344131, "redirect": 0.044809962144712494, "oneh-out": 0.0071572030926076065, "oneh-in": 0.0034104577043892483, "dsfb-red": 0.012142042267421566, "dsfb-alt": 0.0453592485494341, "alternate": 0.2767864477798136, "sfR": 0.11706348985084018, "unknown": 0.09871369341392838}, "keymash": {"sft": 0.0, "sfb": 0.011542897957005579, "dsfb": 0.0, "sfT": 2.873409875499255e-05, "roll-out": 0.2250947199041102, "roll-in": 0.20512452126939038, "bad-redirect": 0.0013751318689889291, "redirect": 0.052041557716542224, "oneh-out": 0.008907570614047691, "oneh-in": 0.0038216351344140093, "dsfb-red": 0.01113651570318497, "dsfb-alt": 0.042834331501192466, "alternate": 0.29779198975424137, "sfR": 0.09899307508220005, "unknown": 0.04130731939592715}, "movie": {"sft": 0.0, "sfb": 0.010063155118715068, "dsfb": 0.0, "sfT": 1.3422979535614915e-05, "roll-out": 0.19595641953338302, "roll-in": 0.17825137792806836, "bad-redirect": 0.0023720510404848906, "redirect": 0.05431345473409407, "oneh-out": 0.008706118207232117, "oneh-in": 0.0028769919471334634, "dsfb-red": 0.010988682717479575, "dsfb-alt": 0.046033581926037015, "alternate": 0.27300919118784023, "sfR": 0.1138359467128768, "unknown": 0.10357960596711975}}