{"english-450k": {"sft": 0.0, "sfb": 0.03242762531273735, "dsfb": 0.0, "sfT": 0.00014412667711706886, "roll-out": 0.21488118173350773, "roll-in": 0.19107396885109698, "bad-redirect": 0.002091444722303267, "redirect": 0.03794682924233805, "oneh-out": 0.005716829961509699, "oneh-in": 0.006602346604486579, "dsfb-red": 0.017337299106999295, "dsfb-alt": 0.044915193290537746, "alternate": 0.3238815857559576, "sfR": 0.11328269117541298, "unknown": 0.009698877565995693}, "shai": {"sft": 0.0, "sfb": 0.019197185098121055, "dsfb": 0.0, "sfT": 1.923206135186258e-05, "roll-out": 0.2590257972035832, "roll-in": 0.16995901701524602, "bad-redirect": 0.002099139437824669, "redirect": 0.030875528272097788, "oneh-out": 0.009776753271966195, "oneh-in": 0.005274790510253023, "dsfb-red": 0.014149804327612456, "dsfb-alt": 0.032603154909551645, "alternate": 0.2920364984194799, "sfR": 0.09728563198976478, "unknown": 0.06769746748314746}, "tr-quotes": {"sft": 0.0, "sfb": 0.016416633919696725, "dsfb": 0.0, "sfT": 1.9648181965280506e-05, "roll-out": 0.28293497607544904, "roll-in": 0.1606215760153487, "bad-redirect": 0.0021717019948683572, "redirect": 0.03492753288181041, "oneh-out": 0.011741522387369686, "oneh-in": 0.005477219666674372, "dsfb-red": 0.01679341670326622, "dsfb-alt": 0.03376597859503941, "alternate": 0.2938212246596241, "sfR": 0.09591664547745082, "unknown": 0.04539192344143686}, "gutenberg": {"sft": 0.0, "sfb": 0.019461219071130857, "dsfb": 0.0, "sfT": 0.00016594661747372418, "roll-out": 0.2857000238311467, "roll-in": 0.14273379245230836, "bad-redirect": 0.002389176643354577, "redirect": 0.033289724987051995, "oneh-out": 0.013072463735170415, "oneh-in": 0.005510526433439683, "dsfb-red": 0.02075526170122562, "dsfb-alt": 0.02752421665050771, "alternate": 0.2765901986168842, "sfR": 0.09761014138424484, "unknown": 0.07519730787606137}, "english-200": {"sft": 0.0, "sfb": 0.011135857461024499, "dsfb": 0.0, "sfT": 0.0, "roll-out": 0.32962138084632514, "roll-in": 0.14699331848552338, "bad-redirect": 0.004454342984409799, "redirect": 0.0334075723830735, "oneh-out": 0.008908685968819599, "oneh-in": 0.004454342984409799, "dsfb-red": 0.008908685968819599, "dsfb-alt": 0.035634743875278395, "alternate": 0.30957683741648107, "sfR": 0.10690423162583519, "unknown": 0.0}, "monkeyracer": {"sft": 0.0, "sfb": 0.016302180271204468, "dsfb": 0.0, "sfT": 1.7595445516680483e-05, "roll-out": 0.2832544145017752, "roll-in": 0.16056235043871311, "bad-redirect": 0.002197475640083207, "redirect": 0.034938689647621875, "oneh-out": 0.011830004535714844, "oneh-in": 0.005523992367486745, "dsfb-red": 0.016792897696169668, "dsfb-alt": 0.03372949153072556, "alternate": 0.29350571656474345, "sfR": 0.09605353707555875, "unknown": 0.04529165428468649}, "chained-bigrams": {"sft": 0.0, "sfb": 0.019410314464755416, "dsfb": 0.0, "sfT": 3.636106275594779e-05, "roll-out": 0.23970965691389376, "roll-in": 0.147155818192089, "bad-redirect": 0.003954914879401393, "redirect": 0.03369566699499841, "oneh-out": 0.008133190572875038, "oneh-in": 0.004732132595809777, "dsfb-red": 0.02043751448761094, "dsfb-alt": 0.04792258210295505, "alternate": 0.2854544710796444, "sfR": 0.11643721321023381, "unknown": 0.07292016344297708}, "english-5k": {"sft": 0.0, "sfb": 0.025884597834653834, "dsfb": 0.0, "sfT": 0.0, "roll-out": 0.22935247023686067, "roll-in": 0.2111419919525449, "bad-redirect": 0.0029452026382378563, "redirect": 0.032272783838719045, "oneh-out": 0.004106691002613349, "oneh-in": 0.007134857095449454, "dsfb-red": 0.014145269009001534, "dsfb-alt": 0.04144024557182561, "alternate": 0.3221056124777036, "sfR": 0.10644211224955408, "unknown": 0.0030281660928361057}, "mt-quotes": {"sft": 0.0, "sfb": 0.015219158269683604, "dsfb": 0.0, "sfT": 5.9765004004255265e-06, "roll-out": 0.291517254156656, "roll-in": 0.15990575058868528, "bad-redirect": 0.0021709637704545727, "redirect": 0.03555718913233167, "oneh-out": 0.012250331695772224, "oneh-in": 0.005580557248897336, "dsfb-red": 0.017272086157229773, "dsfb-alt": 0.03349828474438508, "alternate": 0.2949970715148038, "sfR": 0.09572710103871578, "unknown": 0.03629827518198444}, "english-1k": {"sft": 0.0, "sfb": 0.020465772759350742, "dsfb": 0.0, "sfT": 0.0, "roll-out": 0.25017642907551163, "roll-in": 0.1831333803810868, "bad-redirect": 0.0014114326040931546, "redirect": 0.033168666196189134, "oneh-out": 0.009527170077628794, "oneh-in": 0.009880028228652082, "dsfb-red": 0.012702893436838392, "dsfb-alt": 0.03669724770642202, "alternate": 0.33450952717007765, "sfR": 0.10832745236414962, "unknown": 0.0}, "english-10k": {"sft": 0.0, "sfb": 0.02566527083614751, "dsfb": 0.0, "sfT": 7.718878446961657e-05, "roll-out": 0.2297138225815789, "roll-in": 0.21271299280214584, "bad-redirect": 0.0019490168078578182, "redirect": 0.03290171938017406, "oneh-out": 0.0070048821906177035, "oneh-in": 0.006985584994500299, "dsfb-red": 0.013874684008413577, "dsfb-alt": 0.039173308118330405, "alternate": 0.31674417707107155, "sfR": 0.10543987958549622, "unknown": 0.0077574728391964646}, "reddit": {"sft": 0.0, "sfb": 0.016386082548272774, "dsfb": 0.0, "sfT": 2.5059009472417952e-05, "roll-out": 0.2640754002746003, "roll-in": 0.15972668823839095, "bad-redirect": 0.002225981697933306, "redirect": 0.03287176435840976, "oneh-out": 0.0108696543823207, "oneh-in": 0.005215308020737173, "dsfb-red": 0.015181639424826436, "dsfb-alt": 0.034591134541971685, "alternate": 0.27247593688950267, "sfR": 0.1028716913164539, "unknown": 0.0834836592971079}, "akl": {"sft": 0.0, "sfb": 0.025438292263239654, "dsfb": 0.0, "sfT": 0.00015290309574249135, "roll-out": 0.2462522943208643, "roll-in": 0.15051946782288173, "bad-redirect": 0.0023224790721631983, "redirect": 0.03366086068582615, "oneh-out": 0.00871807853593675, "oneh-in": 0.00611630969245785, "dsfb-red": 0.015219062183607376, "dsfb-alt": 0.03528369038188725, "alternate": 0.254336580851353, "sfR": 0.11706348985084018, "unknown": 0.10491649124320006}, "keymash": {"sft": 0.0, "sfb": 0.017683785348072557, "dsfb": 0.0, "sfT": 3.283897000570577e-05, "roll-out": 0.28273532200662527, "roll-in": 0.161444586290551, "bad-redirect": 0.002163267149125868, "redirect": 0.034636903613518163, "oneh-out": 0.011920546112071195, "oneh-in": 0.00588638537352276, "dsfb-red": 0.01740465410302406, "dsfb-alt": 0.032760977451942216, "alternate": 0.29297697577715476, "sfR": 0.09899307508220005, "unknown": 0.04136068272218642}, "movie": {"sft": 0.0, "sfb": 0.01340600341443752, "dsfb": 0.0, "sfT": 1.1975403311185856e-05, "roll-out": 0.2585754086540581, "roll-in": 0.1333546697295625, "bad-redirect": 0.0016040460545059824, "redirect": 0.03340505854195648, "oneh-out": 0.013261772183348952, "oneh-in": 0.005479865596495497, "dsfb-red": 0.01823538089481003, "dsfb-alt": 0.03690635063533462, "alternate": 0.268321939373139, "sfR": 0.1138359467128768, "unknown": 0.10360158280616336}}