{"english-450k": {"sft": 0.0, "sfb": 0.12946376105726418, "dsfb": 0.0, "sfT": 0.00030053189467818824, "roll-out": 0.20698491084317908, "roll-in": 0.1816525278298966, "bad-redirect": 0.028184220204513707, "redirect": 0.04222151539407391, "oneh-out": 0.013639996702334851, "oneh-in": 0.012025076287741163, "dsfb-red": 0.017247841169478355, "dsfb-alt": 0.02490731163695747, "alternate": 0.22039015354607172, "sfR": 0.11328269117541298, "unknown": 0.00969946225839779}, "shai": {"sft": 0.0, "sfb": 0.1618703889884702, "dsfb": 0.0, "sfT": 0.00030980300238448144, "roll-out": 0.18797769746593498, "roll-in": 0.15120133618897255, "bad-redirect": 0.027708666898065507, "redirect": 0.03175469937296281, "oneh-out": 0.01485576689363776, "oneh-in": 0.007457174700654842, "dsfb-red": 0.013178138197126424, "dsfb-alt": 0.015103341463256042, "alternate": 0.2165504137776645, "sfR": 0.09728563198976478, "unknown": 0.07474694106110509}, "tr-quotes": {"sft": 0.0, "sfb": 0.17886664663322624, "dsfb": 0.0, "sfT": 0.0006426111278056448, "roll-out": 0.18041191835602505, "roll-in": 0.1599350454219736, "bad-redirect": 0.028190518018538637, "redirect": 0.030053627979011118, "oneh-out": 0.015518596426342433, "oneh-in": 0.0069843508009523585, "dsfb-red": 0.012587549987286471, "dsfb-alt": 0.012673077367605926, "alternate": 0.21045514435634868, "sfR": 0.09591664547745082, "unknown": 0.06776426804743302}, "gutenberg": {"sft": 0.0, "sfb": 0.18661511713065418, "dsfb": 0.0, "sfT": 0.0009240726027817654, "roll-out": 0.174113615844189, "roll-in": 0.15196372058378352, "bad-redirect": 0.027420973606531476, "redirect": 0.028181562269952713, "oneh-out": 0.016209157904268502, "oneh-in": 0.006834689511226592, "dsfb-red": 0.013624482506081868, "dsfb-alt": 0.013221550479407655, "alternate": 0.20154576622061882, "sfR": 0.09761014138424484, "unknown": 0.08173514995625905}, "english-200": {"sft": 0.0, "sfb": 0.1915367483296214, "dsfb": 0.0, "sfT": 0.0, "roll-out": 0.22271714922049, "roll-in": 0.14253897550111358, "bad-redirect": 0.0334075723830735, "redirect": 0.017817371937639197, "oneh-out": 0.017817371937639197, "oneh-in": 0.0066815144766146995, "dsfb-red": 0.0066815144766146995, "dsfb-alt": 0.008908685968819599, "alternate": 0.24498886414253898, "sfR": 0.10690423162583519, "unknown": 0.0}, "monkeyracer": {"sft": 0.0, "sfb": 0.17884597338004599, "dsfb": 0.0, "sfT": 0.0006617842563773715, "roll-out": 0.18022819337785634, "roll-in": 0.1601918685581119, "bad-redirect": 0.02832768975710465, "redirect": 0.02989759450709292, "oneh-out": 0.01544391353989083, "oneh-in": 0.007011785038397172, "dsfb-red": 0.01250254156435241, "dsfb-alt": 0.012543597603891331, "alternate": 0.2107064375869997, "sfR": 0.09605353707555875, "unknown": 0.06758508375432067}, "chained-bigrams": {"sft": 0.0, "sfb": 0.16377671969970956, "dsfb": 0.0, "sfT": 0.00044802023752864246, "roll-out": 0.20529715753884953, "roll-in": 0.14659157241467974, "bad-redirect": 0.020988124866486723, "redirect": 0.030542643410304077, "oneh-out": 0.015002834214980887, "oneh-in": 0.006701473726859593, "dsfb-red": 0.016911790009668148, "dsfb-alt": 0.02485798083122688, "alternate": 0.17109698079811234, "sfR": 0.11643721321023381, "unknown": 0.08134748904136006}, "english-5k": {"sft": 0.0, "sfb": 0.13145559381092628, "dsfb": 0.0, "sfT": 8.296345459824948e-05, "roll-out": 0.20985605840627203, "roll-in": 0.17600696893018625, "bad-redirect": 0.02576015265275646, "redirect": 0.03949060438876675, "oneh-out": 0.016883063010743767, "oneh-in": 0.00850375409632057, "dsfb-red": 0.0159289832828639, "dsfb-alt": 0.019496411830588627, "alternate": 0.24698220433898868, "sfR": 0.10644211224955408, "unknown": 0.003111129547434355}, "mt-quotes": {"sft": 0.0, "sfb": 0.18317376077264197, "dsfb": 0.0, "sfT": 0.0006663797946474462, "roll-out": 0.1811208328850958, "roll-in": 0.16141631106489285, "bad-redirect": 0.029243016459282102, "redirect": 0.02941334672069423, "oneh-out": 0.01592289119183371, "oneh-in": 0.0068625165847886116, "dsfb-red": 0.01228917894837499, "dsfb-alt": 0.012018742305255735, "alternate": 0.2124466597339262, "sfR": 0.09572710103871578, "unknown": 0.05969926249985059}, "english-1k": {"sft": 0.0, "sfb": 0.15349329569513057, "dsfb": 0.0, "sfT": 0.0, "roll-out": 0.22900494001411434, "roll-in": 0.15384615384615385, "bad-redirect": 0.02646436132674665, "redirect": 0.043048694424841216, "oneh-out": 0.019760056457304165, "oneh-in": 0.004234297812279464, "dsfb-red": 0.017642907551164433, "dsfb-alt": 0.012702893436838392, "alternate": 0.23147494707127736, "sfR": 0.10832745236414962, "unknown": 0.0}, "english-10k": {"sft": 0.0, "sfb": 0.1318770382663399, "dsfb": 0.0, "sfT": 0.00011578317670442484, "roll-out": 0.20603616294552402, "roll-in": 0.17477470523532931, "bad-redirect": 0.03280523339958704, "redirect": 0.04143108006406669, "oneh-out": 0.015071110167692634, "oneh-in": 0.009050384979062543, "dsfb-red": 0.016421913895910925, "dsfb-alt": 0.01995330078539588, "alternate": 0.23926593465969395, "sfR": 0.10543987958549622, "unknown": 0.0077574728391964646}, "reddit": {"sft": 0.0, "sfb": 0.15684789874212388, "dsfb": 0.0, "sfT": 0.0002970372871693189, "roll-out": 0.17752049529188407, "roll-in": 0.1517396440084901, "bad-redirect": 0.027967764899294808, "redirect": 0.028994997000597635, "oneh-out": 0.01599727459861104, "oneh-in": 0.007823617535837848, "dsfb-red": 0.012120657070451964, "dsfb-alt": 0.013419605247558853, "alternate": 0.20773398194590137, "sfR": 0.1028716913164539, "unknown": 0.09666533505562519}, "akl": {"sft": 0.0, "sfb": 0.14427912571645446, "dsfb": 0.0, "sfT": 0.0005692356741013009, "roll-out": 0.17982296200556325, "roll-in": 0.14145587041945878, "bad-redirect": 0.025882008621305994, "redirect": 0.033073472415674376, "oneh-out": 0.016938664422435815, "oneh-in": 0.005614108519812536, "dsfb-red": 0.01292316148586619, "dsfb-alt": 0.012624789804709043, "alternate": 0.1915128001822942, "sfR": 0.11706348985084018, "unknown": 0.11824031088148387}, "keymash": {"sft": 0.0, "sfb": 0.17939929314117062, "dsfb": 0.0, "sfT": 0.0005787868463505643, "roll-out": 0.18233427608543057, "roll-in": 0.1588708320163538, "bad-redirect": 0.029226683305078136, "redirect": 0.03156645991798467, "oneh-out": 0.01610751478779868, "oneh-in": 0.007261517242511689, "dsfb-red": 0.012790778817222398, "dsfb-alt": 0.01373489920488644, "alternate": 0.2084453621112174, "sfR": 0.09899307508220005, "unknown": 0.06069052144179498}, "movie": {"sft": 0.0, "sfb": 0.16480707954260276, "dsfb": 0.0, "sfT": 0.0004526965647305422, "roll-out": 0.14729588155352302, "roll-in": 0.14762750810675584, "bad-redirect": 0.02501122200568529, "redirect": 0.02510439327540309, "oneh-out": 0.012506400589874152, "oneh-in": 0.0074634398174790615, "dsfb-red": 0.011452170304974044, "dsfb-alt": 0.012112923052506617, "alternate": 0.1821253551003177, "sfR": 0.1138359467128768, "unknown": 0.1502049833732711}}