{"english-450k": {"sft": 0.0, "sfb": 0.10594450918288652, "dsfb": 0.0, "sfT": 0.0024928360563432985, "roll-out": 0.141995765657624, "roll-in": 0.22233220935963904, "bad-redirect": 0.0027027406286963523, "redirect": 0.02456029669631252, "oneh-out": 0.004175580789580313, "oneh-in": 0.005619771022761491, "dsfb-red": 0.013646135972556877, "dsfb-alt": 0.06023325718689283, "alternate": 0.29346851811464764, "sfR": 0.11328269117541298, "unknown": 0.009545688156646111}, "shai": {"sft": 0.0, "sfb": 0.10275885061863066, "dsfb": 0.0, "sfT": 0.0018346705337727227, "roll-out": 0.1306392630370076, "roll-in": 0.2573084194086449, "bad-redirect": 0.003119921056045687, "redirect": 0.029202605992693288, "oneh-out": 0.006486894176520985, "oneh-in": 0.003975602645873386, "dsfb-red": 0.014701960718137324, "dsfb-alt": 0.04827097227455875, "alternate": 0.2436568102319985, "sfR": 0.09728563198976478, "unknown": 0.06075839731635142}, "tr-quotes": {"sft": 0.0, "sfb": 0.11020202954161948, "dsfb": 0.0, "sfT": 0.0017960749867085828, "roll-out": 0.11852245671621091, "roll-in": 0.26795150366380804, "bad-redirect": 0.002780795635792053, "redirect": 0.032461108157462844, "oneh-out": 0.007432791659924644, "oneh-in": 0.003345969811146298, "dsfb-red": 0.022563047548600355, "dsfb-alt": 0.048270959987055315, "alternate": 0.2472723700330552, "sfR": 0.09591664547745082, "unknown": 0.04148424678116548}, "gutenberg": {"sft": 0.0, "sfb": 0.09968163255099732, "dsfb": 0.0, "sfT": 0.0016337027729376682, "roll-out": 0.1156973755049911, "roll-in": 0.29600386905675263, "bad-redirect": 0.002377431563122418, "redirect": 0.028661216191691832, "oneh-out": 0.0071485862522699265, "oneh-in": 0.003890463108513554, "dsfb-red": 0.013627134620973, "dsfb-alt": 0.05167399597560509, "alternate": 0.2137062813067955, "sfR": 0.09761014138424484, "unknown": 0.06828816971110513}, "english-200": {"sft": 0.0, "sfb": 0.10690423162583519, "dsfb": 0.0, "sfT": 0.0022271714922048997, "roll-out": 0.08908685968819599, "roll-in": 0.32293986636971045, "bad-redirect": 0.0022271714922048997, "redirect": 0.031180400890868598, "oneh-out": 0.008908685968819599, "oneh-in": 0.0022271714922048997, "dsfb-red": 0.013363028953229399, "dsfb-alt": 0.053452115812917596, "alternate": 0.26057906458797325, "sfR": 0.10690423162583519, "unknown": 0.0}, "monkeyracer": {"sft": 0.0, "sfb": 0.11011132051863554, "dsfb": 0.0, "sfT": 0.0017790950466865822, "roll-out": 0.11855322426763845, "roll-in": 0.2682885105650875, "bad-redirect": 0.0027820354411373697, "redirect": 0.03253495628509314, "oneh-out": 0.00753573830489388, "oneh-in": 0.0033098988066377843, "dsfb-red": 0.022905359963714282, "dsfb-alt": 0.04832295853731017, "alternate": 0.24639782129283513, "sfR": 0.09605353707555875, "unknown": 0.04142554389477142}, "chained-bigrams": {"sft": 0.0, "sfb": 0.09115263919631662, "dsfb": 0.0, "sfT": 0.002049854912866557, "roll-out": 0.11308615169445799, "roll-in": 0.2390129529793021, "bad-redirect": 0.002471253658020309, "redirect": 0.03058679612936487, "oneh-out": 0.004547080758569686, "oneh-in": 0.010712878114471119, "dsfb-red": 0.014658053423491454, "dsfb-alt": 0.05014515206391236, "alternate": 0.2581953614971408, "sfR": 0.11643721321023381, "unknown": 0.06694461236185231}, "english-5k": {"sft": 0.0, "sfb": 0.11693698925623262, "dsfb": 0.0, "sfT": 0.0019081594557597379, "roll-out": 0.15323350064296679, "roll-in": 0.233127307421081, "bad-redirect": 0.0023229767287509854, "redirect": 0.025345335379765212, "oneh-out": 0.004977807275894968, "oneh-in": 0.003982245820715975, "dsfb-red": 0.013688970008711162, "dsfb-alt": 0.05832330858256938, "alternate": 0.27879868917741735, "sfR": 0.10644211224955408, "unknown": 0.0009125980005807441}, "mt-quotes": {"sft": 0.0, "sfb": 0.10940133395488938, "dsfb": 0.0, "sfT": 0.0016689377368188283, "roll-out": 0.1159396253929549, "roll-in": 0.27526864369299914, "bad-redirect": 0.0027342489331946785, "redirect": 0.033623791252794015, "oneh-out": 0.007751521019351908, "oneh-in": 0.003175015837726061, "dsfb-red": 0.024067367112513595, "dsfb-alt": 0.04818105210313049, "alternate": 0.24881814704581584, "sfR": 0.09572710103871578, "unknown": 0.0336432148790954}, "english-1k": {"sft": 0.0, "sfb": 0.13761467889908258, "dsfb": 0.0, "sfT": 0.0014114326040931546, "roll-out": 0.13302752293577982, "roll-in": 0.2674664784756528, "bad-redirect": 0.002117148906139732, "redirect": 0.032815808045165845, "oneh-out": 0.007057163020465773, "oneh-in": 0.004940014114326041, "dsfb-red": 0.014114326040931546, "dsfb-alt": 0.053634438955539876, "alternate": 0.23747353563867327, "sfR": 0.10832745236414962, "unknown": 0.0}, "english-10k": {"sft": 0.0, "sfb": 0.11186584589259181, "dsfb": 0.0, "sfT": 0.0021419887690318595, "roll-out": 0.16481735203874878, "roll-in": 0.22668416279114645, "bad-redirect": 0.003647170066189383, "redirect": 0.025819648405086743, "oneh-out": 0.005441809305107968, "oneh-in": 0.0037436560467764032, "dsfb-red": 0.012215125142316822, "dsfb-alt": 0.054533876227784106, "alternate": 0.275892012890527, "sfR": 0.10543987958549622, "unknown": 0.0077574728391964646}, "reddit": {"sft": 0.0, "sfb": 0.10076242691824563, "dsfb": 0.0, "sfT": 0.0014563816850479557, "roll-out": 0.11643895368709238, "roll-in": 0.2523532151664317, "bad-redirect": 0.0027905023732080606, "redirect": 0.02875691768190303, "oneh-out": 0.006614005289361327, "oneh-in": 0.003646441723662803, "dsfb-red": 0.018352746574191805, "dsfb-alt": 0.04742576736661462, "alternate": 0.24055566574277956, "sfR": 0.1028716913164539, "unknown": 0.07797528447500719}, "akl": {"sft": 0.0, "sfb": 0.09602035618491164, "dsfb": 0.0, "sfT": 0.0013740214170895354, "roll-out": 0.1054067352450681, "roll-in": 0.24574786279512062, "bad-redirect": 0.002016610926425484, "redirect": 0.02967949454251183, "oneh-out": 0.007560711140650898, "oneh-in": 0.00413984512180268, "dsfb-red": 0.02189054393479637, "dsfb-alt": 0.0463800687716987, "alternate": 0.22566855143894327, "sfR": 0.11706348985084018, "unknown": 0.09705170863014068}, "keymash": {"sft": 0.0, "sfb": 0.10906642913145029, "dsfb": 0.0, "sfT": 0.0016912069552938473, "roll-out": 0.12008800843961528, "roll-in": 0.27279742870864854, "bad-redirect": 0.00281594167798927, "redirect": 0.032974430756979305, "oneh-out": 0.007318985440021674, "oneh-in": 0.0036122867006276346, "dsfb-red": 0.02258089675017343, "dsfb-alt": 0.04909015528727941, "alternate": 0.24115708110815104, "sfR": 0.09899307508220005, "unknown": 0.037814073961570195}, "movie": {"sft": 0.0, "sfb": 0.10161234987812066, "dsfb": 0.0, "sfT": 0.0016678710062194456, "roll-out": 0.1076042626645483, "roll-in": 0.22771229396219905, "bad-redirect": 0.002537601121424141, "redirect": 0.03168467999814184, "oneh-out": 0.007032193700437787, "oneh-in": 0.0028838350347398555, "dsfb-red": 0.028579234203225754, "dsfb-alt": 0.04193694121090277, "alternate": 0.2345331415338702, "sfR": 0.1138359467128768, "unknown": 0.0983796489732934}}