{"english-450k": {"sft": 0.0, "sfb": 0.03817135112474354, "dsfb": 0.0, "sfT": 7.951816668527937e-05, "roll-out": 0.20227959873729828, "roll-in": 0.2299302871248979, "bad-redirect": 0.005519203929600696, "redirect": 0.0653373295110042, "oneh-out": 0.00992076833259175, "oneh-in": 0.00945126033370734, "dsfb-red": 0.02737237480420113, "dsfb-alt": 0.047066276637854974, "alternate": 0.2418904625560062, "sfR": 0.11328269117541298, "unknown": 0.009698877565995693}, "shai": {"sft": 0.0, "sfb": 0.03315092612690049, "dsfb": 0.0, "sfT": 7.648314839487955e-05, "roll-out": 0.20339465041383958, "roll-in": 0.22443177754252572, "bad-redirect": 0.009952531758252408, "redirect": 0.0510336391162711, "oneh-out": 0.01047627547774004, "oneh-in": 0.009877043304920403, "dsfb-red": 0.025818773371463568, "dsfb-alt": 0.043626052093225454, "alternate": 0.22380976027307128, "sfR": 0.09728563198976478, "unknown": 0.06706645538363028}, "tr-quotes": {"sft": 0.0, "sfb": 0.03413582672615057, "dsfb": 0.0, "sfT": 7.974850327084441e-05, "roll-out": 0.21614964980005086, "roll-in": 0.22219435519289893, "bad-redirect": 0.016630452370495364, "redirect": 0.0534650146783477, "oneh-out": 0.012793278010217055, "oneh-in": 0.009390675203994359, "dsfb-red": 0.03166015579852523, "dsfb-alt": 0.0399204826518111, "alternate": 0.22231917893714892, "sfR": 0.09591664547745082, "unknown": 0.045344536649638244}, "gutenberg": {"sft": 0.0, "sfb": 0.030173489989971217, "dsfb": 0.0, "sfT": 0.0001119571357613824, "roll-out": 0.2204174580388065, "roll-in": 0.20810539353027938, "bad-redirect": 0.009789145499948283, "redirect": 0.04715138233911229, "oneh-out": 0.010692569493934804, "oneh-in": 0.010385681913675176, "dsfb-red": 0.03197389712749436, "dsfb-alt": 0.03907626080594741, "alternate": 0.21932118740487905, "sfR": 0.09761014138424484, "unknown": 0.07519143533594529}, "english-200": {"sft": 0.0, "sfb": 0.0200445434298441, "dsfb": 0.0, "sfT": 0.0, "roll-out": 0.24944320712694878, "roll-in": 0.2516703786191537, "bad-redirect": 0.0066815144766146995, "redirect": 0.04899777282850779, "oneh-out": 0.011135857461024499, "oneh-in": 0.011135857461024499, "dsfb-red": 0.022271714922048998, "dsfb-alt": 0.0334075723830735, "alternate": 0.2383073496659243, "sfR": 0.10690423162583519, "unknown": 0.0}, "monkeyracer": {"sft": 0.0, "sfb": 0.03391522123340163, "dsfb": 0.0, "sfT": 8.113455432691556e-05, "roll-out": 0.21596747579648717, "roll-in": 0.22250613885543583, "bad-redirect": 0.01699329027010964, "redirect": 0.053044403084286096, "oneh-out": 0.012677518494768288, "oneh-in": 0.009332428797097142, "dsfb-red": 0.03164052113799522, "dsfb-alt": 0.03976668439244882, "alternate": 0.2227759356866916, "sfR": 0.09605353707555875, "unknown": 0.04524571062139293}, "chained-bigrams": {"sft": 0.0, "sfb": 0.031101694750176774, "dsfb": 0.0, "sfT": 0.00013245815718238124, "roll-out": 0.19841517710759432, "roll-in": 0.21769822785270393, "bad-redirect": 0.006093075230389537, "redirect": 0.05101651896067096, "oneh-out": 0.009366220183116909, "oneh-in": 0.008216950878152132, "dsfb-red": 0.033867083433705016, "dsfb-alt": 0.04840891131731585, "alternate": 0.2064685032033447, "sfR": 0.11643721321023381, "unknown": 0.07277796571541365}, "english-5k": {"sft": 0.0, "sfb": 0.039573567843365, "dsfb": 0.0, "sfT": 4.148172729912474e-05, "roll-out": 0.1814410752063716, "roll-in": 0.2547807690712241, "bad-redirect": 0.005475588003484465, "redirect": 0.0677396606794707, "oneh-out": 0.010287468370182934, "oneh-in": 0.011200066370763678, "dsfb-red": 0.029576471564275935, "dsfb-alt": 0.050524743850333925, "alternate": 0.23988882897083835, "sfR": 0.10644211224955408, "unknown": 0.0030281660928361057}, "mt-quotes": {"sft": 0.0, "sfb": 0.033682062131698165, "dsfb": 0.0, "sfT": 7.620038010542547e-05, "roll-out": 0.22067181841001182, "roll-in": 0.2244624137889817, "bad-redirect": 0.018304526601403283, "redirect": 0.053432901830004424, "oneh-out": 0.013130371379734882, "oneh-in": 0.009345752501165417, "dsfb-red": 0.03260629205962157, "dsfb-alt": 0.03883978197726539, "alternate": 0.22344043222050897, "sfR": 0.09572710103871578, "unknown": 0.03628034568078316}, "english-1k": {"sft": 0.0, "sfb": 0.02893436838390967, "dsfb": 0.0, "sfT": 0.0, "roll-out": 0.189484827099506, "roll-in": 0.2544107268877911, "bad-redirect": 0.007410021171489062, "redirect": 0.05822159491884263, "oneh-out": 0.011644318983768526, "oneh-in": 0.017642907551164433, "dsfb-red": 0.027170077628793227, "dsfb-alt": 0.043754410726887794, "alternate": 0.25299929428369794, "sfR": 0.10832745236414962, "unknown": 0.0}, "english-10k": {"sft": 0.0, "sfb": 0.041045136141718605, "dsfb": 0.0, "sfT": 5.789158835221242e-05, "roll-out": 0.18747226028058123, "roll-in": 0.255456282202196, "bad-redirect": 0.005692672854634221, "redirect": 0.06366144999131626, "oneh-out": 0.01020821674610679, "oneh-in": 0.010922213002450745, "dsfb-red": 0.027749368016827154, "dsfb-alt": 0.050713031396538086, "alternate": 0.23382412535458597, "sfR": 0.10543987958549622, "unknown": 0.0077574728391964646}, "reddit": {"sft": 0.0, "sfb": 0.03399057983513869, "dsfb": 0.0, "sfT": 0.0001389295457895339, "roll-out": 0.2052789107084564, "roll-in": 0.2176096664098961, "bad-redirect": 0.012484555840294325, "redirect": 0.05014427659153271, "oneh-out": 0.013120133228527491, "oneh-in": 0.00925449072245424, "dsfb-red": 0.030041220010424398, "dsfb-alt": 0.03980913949646374, "alternate": 0.2068832491758901, "sfR": 0.1028716913164539, "unknown": 0.07837315711867839}, "akl": {"sft": 0.0, "sfb": 0.03796525630288492, "dsfb": 0.0, "sfT": 0.00032779995120483054, "roll-out": 0.19171557645148593, "roll-in": 0.21033190008365063, "bad-redirect": 0.013750064897079736, "redirect": 0.0476138877148558, "oneh-out": 0.010042908276357105, "oneh-in": 0.008869246912602746, "dsfb-red": 0.029947880365346707, "dsfb-alt": 0.03920458917453517, "alternate": 0.19445370660522787, "sfR": 0.11706348985084018, "unknown": 0.09871369341392838}, "keymash": {"sft": 0.0, "sfb": 0.03404580215341546, "dsfb": 0.0, "sfT": 7.79925537635512e-05, "roll-out": 0.2164252318226039, "roll-in": 0.22212689798984456, "bad-redirect": 0.016136248886553673, "redirect": 0.053535730851801834, "oneh-out": 0.012010853279586885, "oneh-in": 0.009572559756663232, "dsfb-red": 0.032847179748207195, "dsfb-alt": 0.041024083279627935, "alternate": 0.22189702519980462, "sfR": 0.09899307508220005, "unknown": 0.04130731939592715}, "movie": {"sft": 0.0, "sfb": 0.03359363824464801, "dsfb": 0.0, "sfT": 5.079676569360154e-05, "roll-out": 0.19969827247569355, "roll-in": 0.19542344828711594, "bad-redirect": 0.02259350651521159, "redirect": 0.0482160004811217, "oneh-out": 0.012990022646672043, "oneh-in": 0.008923781032250814, "dsfb-red": 0.034197145932396346, "dsfb-alt": 0.03727679855094988, "alternate": 0.18962103638824995, "sfR": 0.1138359467128768, "unknown": 0.10357960596711975}}