{"english-450k": {"sft": 0.0, "sfb": 0.02688649541805799, "dsfb": 0.0, "sfT": 0.00019674899330585668, "roll-out": 0.21769209045659213, "roll-in": 0.189379530269818, "bad-redirect": 0.0021449440770952015, "redirect": 0.06152396566452338, "oneh-out": 0.004936850297111444, "oneh-in": 0.004827220471718136, "dsfb-red": 0.022225912280937683, "dsfb-alt": 0.040386165943889406, "alternate": 0.30681850738554206, "sfR": 0.11328269117541298, "unknown": 0.009698877565995693}, "shai": {"sft": 0.0, "sfb": 0.014203537213051762, "dsfb": 0.0, "sfT": 2.413973971655603e-05, "roll-out": 0.20571882316040244, "roll-in": 0.19654516859965204, "bad-redirect": 0.0010371224841955727, "redirect": 0.05399992042439497, "oneh-out": 0.004680017048376704, "oneh-in": 0.004101859251500093, "dsfb-red": 0.01489060057288243, "dsfb-alt": 0.0350179532782827, "alternate": 0.3047977587546325, "sfR": 0.09728563198976478, "unknown": 0.06769746748314746}, "tr-quotes": {"sft": 0.0, "sfb": 0.012882272716765678, "dsfb": 0.0, "sfT": 2.080395737500289e-05, "roll-out": 0.21469915166084927, "roll-in": 0.20825801530246643, "bad-redirect": 0.0009431127343334643, "redirect": 0.05356672291440327, "oneh-out": 0.006370634058389774, "oneh-in": 0.004790689073299276, "dsfb-red": 0.016296433277085597, "dsfb-alt": 0.03843646702572756, "alternate": 0.302427128360417, "sfR": 0.09591664547745082, "unknown": 0.04539192344143686}, "gutenberg": {"sft": 0.0, "sfb": 0.012968273507304492, "dsfb": 0.0, "sfT": 0.0001668938013634144, "roll-out": 0.20222698087408403, "roll-in": 0.2066344169495905, "bad-redirect": 0.0012445996310529314, "redirect": 0.04395122684940496, "oneh-out": 0.006235690419386505, "oneh-in": 0.004458773442327678, "dsfb-red": 0.011879012034160755, "dsfb-alt": 0.03188220972697235, "alternate": 0.3055444735040462, "sfR": 0.09761014138424484, "unknown": 0.07519730787606137}, "english-200": {"sft": 0.0, "sfb": 0.008908685968819599, "dsfb": 0.0, "sfT": 0.0, "roll-out": 0.25389755011135856, "roll-in": 0.2071269487750557, "bad-redirect": 0.0, "redirect": 0.060133630289532294, "oneh-out": 0.0, "oneh-in": 0.004454342984409799, "dsfb-red": 0.011135857461024499, "dsfb-alt": 0.0400890868596882, "alternate": 0.30734966592427615, "sfR": 0.10690423162583519, "unknown": 0.0}, "monkeyracer": {"sft": 0.0, "sfb": 0.012789933841124857, "dsfb": 0.0, "sfT": 1.955049501853387e-05, "roll-out": 0.21523824233229585, "roll-in": 0.2087758262039195, "bad-redirect": 0.0009628618796627931, "redirect": 0.05356151367752632, "oneh-out": 0.00645068583136525, "oneh-in": 0.004854387913101959, "dsfb-red": 0.016205405320862724, "dsfb-alt": 0.03861711528535903, "alternate": 0.301179285859518, "sfR": 0.09605353707555875, "unknown": 0.04529165428468649}, "chained-bigrams": {"sft": 0.0, "sfb": 0.014631431931116564, "dsfb": 0.0, "sfT": 4.220480498458226e-05, "roll-out": 0.17503696166959612, "roll-in": 0.1798061046328539, "bad-redirect": 0.0026959130814767007, "redirect": 0.04589350494023475, "oneh-out": 0.006526161460000558, "oneh-in": 0.005932047666756054, "dsfb-red": 0.020704378716051915, "dsfb-alt": 0.05338907830549656, "alternate": 0.30598483613822136, "sfR": 0.11643721321023381, "unknown": 0.07292016344297708}, "english-5k": {"sft": 0.0, "sfb": 0.01733936201103414, "dsfb": 0.0, "sfT": 0.0, "roll-out": 0.21325756004480026, "roll-in": 0.20603973949475257, "bad-redirect": 0.0018666777284606132, "redirect": 0.06832040486165844, "oneh-out": 0.00394076409341685, "oneh-in": 0.005600033185381839, "dsfb-red": 0.019164558012195628, "dsfb-alt": 0.03953208611606587, "alternate": 0.3154685361098436, "sfR": 0.10644211224955408, "unknown": 0.0030281660928361057}, "mt-quotes": {"sft": 0.0, "sfb": 0.012087472059860629, "dsfb": 0.0, "sfT": 8.96475060063829e-06, "roll-out": 0.21723533067976716, "roll-in": 0.2128919090137579, "bad-redirect": 0.0008770514337624461, "redirect": 0.054508671902081016, "oneh-out": 0.006615985943271058, "oneh-in": 0.004842459449444783, "dsfb-red": 0.016536976607977434, "dsfb-alt": 0.039214807377392094, "alternate": 0.3031549945613846, "sfR": 0.09572710103871578, "unknown": 0.03629827518198444}, "english-1k": {"sft": 0.0, "sfb": 0.014467184191954835, "dsfb": 0.0, "sfT": 0.0, "roll-out": 0.22265349329569514, "roll-in": 0.20959774170783346, "bad-redirect": 0.0, "redirect": 0.04481298517995766, "oneh-out": 0.006351446718419196, "oneh-in": 0.008115737473535639, "dsfb-red": 0.014114326040931546, "dsfb-alt": 0.03669724770642202, "alternate": 0.3348623853211009, "sfR": 0.10832745236414962, "unknown": 0.0}, "english-10k": {"sft": 0.0, "sfb": 0.018004283977538064, "dsfb": 0.0, "sfT": 5.789158835221242e-05, "roll-out": 0.22162829740838655, "roll-in": 0.20480114239401015, "bad-redirect": 0.0012543177476312692, "redirect": 0.06593851913316995, "oneh-out": 0.0039752224001852535, "oneh-in": 0.005268134540051331, "dsfb-red": 0.017946392389185852, "dsfb-alt": 0.03809266513575577, "alternate": 0.3098357808610409, "sfR": 0.10543987958549622, "unknown": 0.0077574728391964646}, "reddit": {"sft": 0.0, "sfb": 0.012722934818295025, "dsfb": 0.0, "sfT": 2.753119874772376e-05, "roll-out": 0.20336011725668648, "roll-in": 0.19888275773462807, "bad-redirect": 0.00101307319908971, "redirect": 0.053011416832275254, "oneh-out": 0.004293331250701156, "oneh-in": 0.0035485280453953884, "dsfb-red": 0.01552894456059364, "dsfb-alt": 0.03794016440433255, "alternate": 0.2833158500856932, "sfR": 0.1028716913164539, "unknown": 0.0834836592971079}, "akl": {"sft": 0.0, "sfb": 0.019720720141364736, "dsfb": 0.0, "sfT": 0.00019280163450187727, "roll-out": 0.18529011503789555, "roll-in": 0.19134329334681954, "bad-redirect": 0.0012099046016025583, "redirect": 0.05399895495566492, "oneh-out": 0.0029329762785839887, "oneh-in": 0.003622031477468911, "dsfb-red": 0.01598909159081298, "dsfb-alt": 0.04016060524844213, "alternate": 0.2635595245928026, "sfR": 0.11706348985084018, "unknown": 0.10491649124320006}, "keymash": {"sft": 0.0, "sfb": 0.01309864416102589, "dsfb": 0.0, "sfT": 2.873409875499255e-05, "roll-out": 0.2179809780266242, "roll-in": 0.2063765070008579, "bad-redirect": 0.0009769593576697466, "redirect": 0.052316584090340006, "oneh-out": 0.006539059902386161, "oneh-in": 0.004810909105835895, "dsfb-red": 0.016214241440317224, "dsfb-alt": 0.03748157939026243, "alternate": 0.3038220456215391, "sfR": 0.09899307508220005, "unknown": 0.04136068272218642}, "movie": {"sft": 0.0, "sfb": 0.012088314256691322, "dsfb": 0.0, "sfT": 2.697755690981429e-05, "roll-out": 0.196925506016719, "roll-in": 0.1864390006512777, "bad-redirect": 0.0007468177339668103, "redirect": 0.049271020353053314, "oneh-out": 0.0076662320867377145, "oneh-in": 0.003908587403797045, "dsfb-red": 0.019015229686261542, "dsfb-alt": 0.03769843802577449, "alternate": 0.2687763467097711, "sfR": 0.1138359467128768, "unknown": 0.10360158280616336}}