{"english-450k": {"sft": 0.0, "sfb": 0.031100958252377797, "dsfb": 0.0, "sfT": 0.00023066115262751995, "roll-out": 0.18725388104199203, "roll-in": 0.22052638687576046, "bad-redirect": 0.0013480083330361147, "redirect": 0.037971678669427196, "oneh-out": 0.004711159029901754, "oneh-in": 0.012424128852172804, "dsfb-red": 0.017897434428208837, "dsfb-alt": 0.04490554586590314, "alternate": 0.31864858875718366, "sfR": 0.11328269117541298, "unknown": 0.009698877565995693}, "shai": {"sft": 0.0, "sfb": 0.017716072538272926, "dsfb": 0.0, "sfT": 3.3657074967960753e-05, "roll-out": 0.2288298701431401, "roll-in": 0.20932527395527603, "bad-redirect": 0.0012581537902294161, "redirect": 0.029131986513637926, "oneh-out": 0.00795962730130637, "oneh-in": 0.012206561086042903, "dsfb-red": 0.01721803607406786, "dsfb-alt": 0.03362742763651474, "alternate": 0.2777102344136315, "sfR": 0.09728563198976478, "unknown": 0.06769746748314746}, "tr-quotes": {"sft": 0.0, "sfb": 0.01851436628834285, "dsfb": 0.0, "sfT": 2.3115508194447656e-05, "roll-out": 0.2555569681699452, "roll-in": 0.20571877672730635, "bad-redirect": 0.0014031113474029726, "redirect": 0.033671205011442176, "oneh-out": 0.010312983980952822, "oneh-in": 0.009716603869536072, "dsfb-red": 0.023922239430433877, "dsfb-alt": 0.03200342109521278, "alternate": 0.26784863965234273, "sfR": 0.09591664547745082, "unknown": 0.04539192344143686}, "gutenberg": {"sft": 0.0, "sfb": 0.01685343238603578, "dsfb": 0.0, "sfT": 0.00017503958281475014, "roll-out": 0.2664350612619596, "roll-in": 0.1912712836955933, "bad-redirect": 0.001591837245013361, "redirect": 0.031783323728888695, "oneh-out": 0.012004040307599863, "oneh-in": 0.008431830986022218, "dsfb-red": 0.018942920046692378, "dsfb-alt": 0.026996445787172328, "alternate": 0.2527073357119015, "sfR": 0.09761014138424484, "unknown": 0.07519730787606137}, "english-200": {"sft": 0.0, "sfb": 0.013363028953229399, "dsfb": 0.0, "sfT": 0.0, "roll-out": 0.26948775055679286, "roll-in": 0.22271714922049, "bad-redirect": 0.0022271714922048997, "redirect": 0.028953229398663696, "oneh-out": 0.008908685968819599, "oneh-in": 0.004454342984409799, "dsfb-red": 0.024498886414253896, "dsfb-alt": 0.024498886414253896, "alternate": 0.29398663697104677, "sfR": 0.10690423162583519, "unknown": 0.0}, "monkeyracer": {"sft": 0.0, "sfb": 0.018357914822403305, "dsfb": 0.0, "sfT": 2.1505544520387257e-05, "roll-out": 0.2561300577130613, "roll-in": 0.20577580274332546, "bad-redirect": 0.001422298512598339, "redirect": 0.03351345856077076, "oneh-out": 0.010372515132083144, "oneh-in": 0.009618843549118664, "dsfb-red": 0.024118468179614307, "dsfb-alt": 0.031922048266262104, "alternate": 0.267401895615997, "sfR": 0.09605353707555875, "unknown": 0.04529165428468649}, "chained-bigrams": {"sft": 0.0, "sfb": 0.017914316454224994, "dsfb": 0.0, "sfT": 6.493046920704963e-05, "roll-out": 0.19963392201461067, "roll-in": 0.19628221119414274, "bad-redirect": 0.003290026874721205, "redirect": 0.038379101738902896, "oneh-out": 0.00794164568871424, "oneh-in": 0.008383822184014249, "dsfb-red": 0.027977240571933546, "dsfb-alt": 0.049588697942807944, "alternate": 0.2611867082135096, "sfR": 0.11643721321023381, "unknown": 0.07292016344297708}, "english-5k": {"sft": 0.0, "sfb": 0.022151242377732607, "dsfb": 0.0, "sfT": 4.148172729912474e-05, "roll-out": 0.17766623802215123, "roll-in": 0.24731405815738167, "bad-redirect": 0.0013688970008711163, "redirect": 0.0316920396565313, "oneh-out": 0.0041896544572115986, "oneh-in": 0.022980876923715105, "dsfb-red": 0.01692454473804289, "dsfb-alt": 0.04193802629941511, "alternate": 0.32426266229725803, "sfR": 0.10644211224955408, "unknown": 0.0030281660928361057}, "mt-quotes": {"sft": 0.0, "sfb": 0.01801167808178243, "dsfb": 0.0, "sfT": 1.0458875700744673e-05, "roll-out": 0.26474552061294987, "roll-in": 0.20698563249303736, "bad-redirect": 0.0014268894706015946, "redirect": 0.03363723837869497, "oneh-out": 0.010714371092862864, "oneh-in": 0.00932035237446361, "dsfb-red": 0.025192443312893702, "dsfb-alt": 0.03169636987365678, "alternate": 0.26623366921265584, "sfR": 0.09572710103871578, "unknown": 0.03629827518198444}, "english-1k": {"sft": 0.0, "sfb": 0.016584333098094567, "dsfb": 0.0, "sfT": 0.0, "roll-out": 0.20889202540578689, "roll-in": 0.24417784050811575, "bad-redirect": 0.00035285815102328866, "redirect": 0.034227240649259, "oneh-out": 0.009527170077628794, "oneh-in": 0.01305575158786168, "dsfb-red": 0.016937191249117856, "dsfb-alt": 0.03634438955539873, "alternate": 0.31157374735356386, "sfR": 0.10832745236414962, "unknown": 0.0}, "english-10k": {"sft": 0.0, "sfb": 0.021747940024314467, "dsfb": 0.0, "sfT": 5.789158835221242e-05, "roll-out": 0.18397946778333107, "roll-in": 0.2487794523455742, "bad-redirect": 0.0006175102757569325, "redirect": 0.03267015302676521, "oneh-out": 0.005017270990525077, "oneh-in": 0.020532216668918007, "dsfb-red": 0.016055267169680247, "dsfb-alt": 0.041681943613592946, "alternate": 0.31566353408849696, "sfR": 0.10543987958549622, "unknown": 0.0077574728391964646}, "reddit": {"sft": 0.0, "sfb": 0.017511078498189964, "dsfb": 0.0, "sfT": 4.150281389452779e-05, "roll-out": 0.23771010097207607, "roll-in": 0.19840532554518797, "bad-redirect": 0.0013868232686200333, "redirect": 0.030712531770909712, "oneh-out": 0.008777058533014121, "oneh-in": 0.01034656160611395, "dsfb-red": 0.022206739824740508, "dsfb-alt": 0.03215325625721406, "alternate": 0.2543936702964773, "sfR": 0.1028716913164539, "unknown": 0.0834836592971079}, "akl": {"sft": 0.0, "sfb": 0.026165449327554737, "dsfb": 0.0, "sfT": 0.00014528272265645957, "roll-out": 0.22417415290879553, "roll-in": 0.18666878302394, "bad-redirect": 0.0015621145283837832, "redirect": 0.02860180031623929, "oneh-out": 0.0071053473830709505, "oneh-in": 0.009208260583552064, "dsfb-red": 0.023909447168572937, "dsfb-alt": 0.032204935746624946, "alternate": 0.23827444519656907, "sfR": 0.11706348985084018, "unknown": 0.10491649124320006}, "keymash": {"sft": 0.0, "sfb": 0.01829541116442883, "dsfb": 0.0, "sfT": 3.694384125641899e-05, "roll-out": 0.2567145431483542, "roll-in": 0.20489464847935043, "bad-redirect": 0.0014531244227524805, "redirect": 0.03293748691572289, "oneh-out": 0.010348380423048031, "oneh-in": 0.00990094945672029, "dsfb-red": 0.023722050957871707, "dsfb-alt": 0.032116512665580244, "alternate": 0.26922619072052806, "sfR": 0.09899307508220005, "unknown": 0.04136068272218642}, "movie": {"sft": 0.0, "sfb": 0.01980863305508725, "dsfb": 0.0, "sfT": 2.710915474839875e-05, "roll-out": 0.24574567217478194, "roll-in": 0.16921929187466253, "bad-redirect": 0.0011975403311185857, "redirect": 0.03370997073395668, "oneh-out": 0.01115791753789919, "oneh-in": 0.00783072938496829, "dsfb-red": 0.027431832648607848, "dsfb-alt": 0.030810080762909517, "alternate": 0.23562369282221962, "sfR": 0.1138359467128768, "unknown": 0.10360158280616336}}