{"english-450k": {"sft": 0.0, "sfb": 0.03196016373726028, "dsfb": 0.0, "sfT": 0.00019382553129536847, "roll-out": 0.18972654521046295, "roll-in": 0.25213807394137056, "bad-redirect": 0.0009474940375992296, "redirect": 0.05303160087025617, "oneh-out": 0.006796172135781947, "oneh-in": 0.01613546387448759, "dsfb-red": 0.032368571380125485, "dsfb-alt": 0.04198559200982751, "alternate": 0.25173492853012425, "sfR": 0.11328269117541298, "unknown": 0.009698877565995693}, "shai": {"sft": 0.0, "sfb": 0.017873656232767005, "dsfb": 0.0, "sfT": 2.349338144612716e-05, "roll-out": 0.1700858967566903, "roll-in": 0.2783892357119214, "bad-redirect": 0.0011411900361434255, "redirect": 0.038967840928055913, "oneh-out": 0.009329593331502371, "oneh-in": 0.01594485348644877, "dsfb-red": 0.022470912329667178, "dsfb-alt": 0.04364053516297363, "alternate": 0.23714969316947157, "sfR": 0.09728563198976478, "unknown": 0.06769746748314746}, "tr-quotes": {"sft": 0.0, "sfb": 0.015811007605002196, "dsfb": 0.0, "sfT": 2.080395737500289e-05, "roll-out": 0.18024433092161532, "roll-in": 0.2942638866415478, "bad-redirect": 0.0019590393194794387, "redirect": 0.043064191766255984, "oneh-out": 0.012339058274196159, "oneh-in": 0.013158503039689328, "dsfb-red": 0.023124754397725433, "dsfb-alt": 0.046121217724971686, "alternate": 0.22858463743325397, "sfR": 0.09591664547745082, "unknown": 0.04539192344143686}, "gutenberg": {"sft": 0.0, "sfb": 0.017470238535002045, "dsfb": 0.0, "sfT": 0.0001803438125970153, "roll-out": 0.16443150212377572, "roll-in": 0.3003110930767299, "bad-redirect": 0.0017083408634452563, "redirect": 0.036760396195654854, "oneh-out": 0.011823317621446972, "oneh-in": 0.013059013723936815, "dsfb-red": 0.020859830802647417, "dsfb-alt": 0.04340867991739041, "alternate": 0.21717979406706744, "sfR": 0.09761014138424484, "unknown": 0.07519730787606137}, "english-200": {"sft": 0.0, "sfb": 0.008908685968819599, "dsfb": 0.0, "sfT": 0.0, "roll-out": 0.20489977728285078, "roll-in": 0.30957683741648107, "bad-redirect": 0.0022271714922048997, "redirect": 0.0378619153674833, "oneh-out": 0.011135857461024499, "oneh-in": 0.011135857461024499, "dsfb-red": 0.0200445434298441, "dsfb-alt": 0.051224944320712694, "alternate": 0.23608017817371937, "sfR": 0.10690423162583519, "unknown": 0.0}, "monkeyracer": {"sft": 0.0, "sfb": 0.015774316905704053, "dsfb": 0.0, "sfT": 2.052801976946056e-05, "roll-out": 0.18025947416988597, "roll-in": 0.2949573408198696, "bad-redirect": 0.0020332514819275224, "redirect": 0.04308733597134679, "oneh-out": 0.012287486119148537, "oneh-in": 0.013077326117897305, "dsfb-red": 0.022897539765706867, "dsfb-alt": 0.04624083081783631, "alternate": 0.22801937845066236, "sfR": 0.09605353707555875, "unknown": 0.04529165428468649}, "chained-bigrams": {"sft": 0.0, "sfb": 0.017694851468305167, "dsfb": 0.0, "sfT": 5.7138812902203675e-05, "roll-out": 0.1401861816274043, "roll-in": 0.2671135614427291, "bad-redirect": 0.003062770232496531, "redirect": 0.05088081428002823, "oneh-out": 0.006400845654430953, "oneh-in": 0.013884082230543422, "dsfb-red": 0.02763181047575204, "dsfb-alt": 0.04594869583906074, "alternate": 0.23778187128313646, "sfR": 0.11643721321023381, "unknown": 0.07292016344297708}, "english-5k": {"sft": 0.0, "sfb": 0.022026797195835234, "dsfb": 0.0, "sfT": 0.0, "roll-out": 0.17733438420375824, "roll-in": 0.2718712407184635, "bad-redirect": 0.0003318538183929979, "redirect": 0.042767660845397605, "oneh-out": 0.0077156012776372004, "oneh-in": 0.026174969925747707, "dsfb-red": 0.029369062927780312, "dsfb-alt": 0.0474550960301987, "alternate": 0.2654830547143983, "sfR": 0.10644211224955408, "unknown": 0.0030281660928361057}, "mt-quotes": {"sft": 0.0, "sfb": 0.01514594613977839, "dsfb": 0.0, "sfT": 1.3447125900957435e-05, "roll-out": 0.18212189670216708, "roll-in": 0.3023496611324273, "bad-redirect": 0.0021336106429519133, "redirect": 0.043368475155687834, "oneh-out": 0.012383308829681692, "oneh-in": 0.012770287230609245, "dsfb-red": 0.022743572273819342, "dsfb-alt": 0.047038046401549106, "alternate": 0.22790637214472692, "sfR": 0.09572710103871578, "unknown": 0.03629827518198444}, "english-1k": {"sft": 0.0, "sfb": 0.0187014820042343, "dsfb": 0.0, "sfT": 0.0, "roll-out": 0.1993648553281581, "roll-in": 0.28440366972477066, "bad-redirect": 0.00035285815102328866, "redirect": 0.043048694424841216, "oneh-out": 0.015172900494001412, "oneh-in": 0.01799576570218772, "dsfb-red": 0.029640084685956247, "dsfb-alt": 0.04693013408609739, "alternate": 0.2360621030345801, "sfR": 0.10832745236414962, "unknown": 0.0}, "english-10k": {"sft": 0.0, "sfb": 0.021728642828197062, "dsfb": 0.0, "sfT": 5.789158835221242e-05, "roll-out": 0.1867968584164721, "roll-in": 0.2717431157252851, "bad-redirect": 0.0005403214912873159, "redirect": 0.042106481928175836, "oneh-out": 0.009204762548001776, "oneh-in": 0.023600470851585266, "dsfb-red": 0.02782655680129677, "dsfb-alt": 0.0438239323826248, "alternate": 0.25937361301402906, "sfR": 0.10543987958549622, "unknown": 0.0077574728391964646}, "reddit": {"sft": 0.0, "sfb": 0.01644979760823179, "dsfb": 0.0, "sfT": 3.281269401769526e-05, "roll-out": 0.16772302190678087, "roll-in": 0.2754459351870633, "bad-redirect": 0.0012208869278684466, "redirect": 0.041237540493804827, "oneh-out": 0.009754996678463879, "oneh-in": 0.013145004950933598, "dsfb-red": 0.020060954448601592, "dsfb-alt": 0.046358867864667114, "alternate": 0.22221483062600514, "sfR": 0.1028716913164539, "unknown": 0.0834836592971079}, "akl": {"sft": 0.0, "sfb": 0.022680832382645327, "dsfb": 0.0, "sfT": 0.00013679499003218027, "roll-out": 0.16400635105435607, "roll-in": 0.26335507555878707, "bad-redirect": 0.0012236584457090546, "redirect": 0.038314864151051405, "oneh-out": 0.008797441933686399, "oneh-in": 0.011151145949226508, "dsfb-red": 0.019322354296298198, "dsfb-alt": 0.04678605498985127, "alternate": 0.20224544515431628, "sfR": 0.11706348985084018, "unknown": 0.10491649124320006}, "keymash": {"sft": 0.0, "sfb": 0.01691206955293847, "dsfb": 0.0, "sfT": 3.283897000570577e-05, "roll-out": 0.1781760415084581, "roll-in": 0.2957231346438819, "bad-redirect": 0.0019908625565959125, "redirect": 0.042189866714830486, "oneh-out": 0.012757939847216692, "oneh-in": 0.01329157310980941, "dsfb-red": 0.02402170655917377, "dsfb-alt": 0.04645482794432153, "alternate": 0.22809538078838157, "sfR": 0.09899307508220005, "unknown": 0.04136068272218642}, "movie": {"sft": 0.0, "sfb": 0.013860542348908244, "dsfb": 0.0, "sfT": 2.487199149246293e-05, "roll-out": 0.1668330282676105, "roll-in": 0.2565534078642079, "bad-redirect": 0.002967268064402403, "redirect": 0.04051384218445043, "oneh-out": 0.013523651882132027, "oneh-in": 0.010190936619980578, "dsfb-red": 0.023487450632715828, "dsfb-alt": 0.046683148857289906, "alternate": 0.20792432176776957, "sfR": 0.1138359467128768, "unknown": 0.10360158280616336}}