{"english-450k": {"sft": 0.0, "sfb": 0.0371645108083314, "dsfb": 0.0, "sfT": 0.0002517100791030351, "roll-out": 0.0970466602077646, "roll-in": 0.27337351729315484, "bad-redirect": 0.0032517667942660385, "redirect": 0.015725886846818193, "oneh-out": 0.0005601353212095415, "oneh-in": 0.007163943656701364, "dsfb-red": 0.007176806889547512, "dsfb-alt": 0.06780210033204681, "alternate": 0.367501393029648, "sfR": 0.11328269117541298, "unknown": 0.009698877565995693}, "shai": {"sft": 0.0, "sfb": 0.028476869508083428, "dsfb": 0.0, "sfT": 0.000354761671062935, "roll-out": 0.07660666475107233, "roll-in": 0.3319261662238403, "bad-redirect": 0.004580369503284119, "redirect": 0.013623517749539963, "oneh-out": 0.00018335287631752586, "oneh-in": 0.014005469042457766, "dsfb-red": 0.005831254665777814, "dsfb-alt": 0.06158976499806634, "alternate": 0.2981168255030835, "sfR": 0.09728563198976478, "unknown": 0.06741935151764922}, "tr-quotes": {"sft": 0.0, "sfb": 0.028820415616837337, "dsfb": 0.0, "sfT": 0.0002554263655486466, "roll-out": 0.07424816809597559, "roll-in": 0.349646332724625, "bad-redirect": 0.006700030050160653, "redirect": 0.012789810683987888, "oneh-out": 0.0003340190934097686, "oneh-in": 0.023041538568225422, "dsfb-red": 0.005513048704375766, "dsfb-alt": 0.06543653637225215, "alternate": 0.29102309239268626, "sfR": 0.09591664547745082, "unknown": 0.04627493585446476}, "gutenberg": {"sft": 0.0, "sfb": 0.023702519092385663, "dsfb": 0.0, "sfT": 0.0003911869464420553, "roll-out": 0.07477694766581686, "roll-in": 0.35919884155621556, "bad-redirect": 0.006391786324407451, "redirect": 0.012838698751194873, "oneh-out": 0.00015306491657393736, "oneh-in": 0.016947014154337175, "dsfb-red": 0.007422322396390396, "dsfb-alt": 0.05492245784368662, "alternate": 0.26549943301572365, "sfR": 0.09761014138424484, "unknown": 0.08014558595258095}, "english-200": {"sft": 0.0, "sfb": 0.017817371937639197, "dsfb": 0.0, "sfT": 0.0, "roll-out": 0.0801781737193764, "roll-in": 0.39643652561247217, "bad-redirect": 0.0066815144766146995, "redirect": 0.0022271714922048997, "oneh-out": 0.0, "oneh-in": 0.022271714922048998, "dsfb-red": 0.004454342984409799, "dsfb-alt": 0.066815144766147, "alternate": 0.2962138084632517, "sfR": 0.10690423162583519, "unknown": 0.0}, "monkeyracer": {"sft": 0.0, "sfb": 0.028940597775935686, "dsfb": 0.0, "sfT": 0.0002541564352409403, "roll-out": 0.07417751067457028, "roll-in": 0.34996168102976366, "bad-redirect": 0.006633482959788542, "redirect": 0.01273323740557111, "oneh-out": 0.00033920108857156265, "oneh-in": 0.02341660540844894, "dsfb-red": 0.005503464347717284, "dsfb-alt": 0.06539249573799208, "alternate": 0.2904372663715845, "sfR": 0.09605353707555875, "unknown": 0.046156763689256614}, "chained-bigrams": {"sft": 0.0, "sfb": 0.026667593008027353, "dsfb": 0.0, "sfT": 0.0003155620803462612, "roll-out": 0.06822244399584705, "roll-in": 0.3063341620625553, "bad-redirect": 0.005369100498730934, "redirect": 0.01797600039997169, "oneh-out": 0.0006421623404577209, "oneh-in": 0.013622412439639013, "dsfb-red": 0.011105058148481698, "dsfb-alt": 0.062357274712374254, "alternate": 0.29747569814863756, "sfR": 0.11643721321023381, "unknown": 0.07347531895469736}, "english-5k": {"sft": 0.0, "sfb": 0.034097979839880534, "dsfb": 0.0, "sfT": 0.00041481727299124733, "roll-out": 0.09395611233251752, "roll-in": 0.3070892271954204, "bad-redirect": 0.003484465093126478, "redirect": 0.013896378645206786, "oneh-out": 0.00012444518189737422, "oneh-in": 0.008005973368731075, "dsfb-red": 0.0059318870037748375, "dsfb-alt": 0.06554112913261709, "alternate": 0.35798730659144645, "sfR": 0.10644211224955408, "unknown": 0.0030281660928361057}, "mt-quotes": {"sft": 0.0, "sfb": 0.029035333070367316, "dsfb": 0.0, "sfT": 0.00023457764071670192, "roll-out": 0.07424457034938621, "roll-in": 0.3576591840881653, "bad-redirect": 0.006979058342596909, "redirect": 0.01271799285210552, "oneh-out": 0.00035111939852499973, "oneh-in": 0.024993724674579554, "dsfb-red": 0.00535195610858106, "dsfb-alt": 0.06657970858584047, "alternate": 0.28895333548487345, "sfR": 0.09572710103871578, "unknown": 0.03717233836554667}, "english-1k": {"sft": 0.0, "sfb": 0.028228652081863093, "dsfb": 0.0, "sfT": 0.0, "roll-out": 0.10056457304163727, "roll-in": 0.33062808750882144, "bad-redirect": 0.0035285815102328866, "redirect": 0.012702893436838392, "oneh-out": 0.0, "oneh-in": 0.012350035285815103, "dsfb-red": 0.0045871559633027525, "dsfb-alt": 0.06774876499647142, "alternate": 0.331333803810868, "sfR": 0.10832745236414962, "unknown": 0.0}, "english-10k": {"sft": 0.0, "sfb": 0.03517878852202775, "dsfb": 0.0, "sfT": 0.0004824299029351035, "roll-out": 0.09241427220624843, "roll-in": 0.31078134347079367, "bad-redirect": 0.0027594990447887924, "redirect": 0.01844811948823836, "oneh-out": 0.00015437756893923313, "oneh-in": 0.007468014897435402, "dsfb-red": 0.006329480326508558, "dsfb-alt": 0.06713494529244901, "alternate": 0.34565137685494296, "sfR": 0.10543987958549622, "unknown": 0.0077574728391964646}, "reddit": {"sft": 0.0, "sfb": 0.03427851497088529, "dsfb": 0.0, "sfT": 0.0002349703533938383, "roll-out": 0.07765528579350814, "roll-in": 0.3214062936320337, "bad-redirect": 0.0063157693649676175, "redirect": 0.01314283242096439, "oneh-out": 0.00043394413264269356, "oneh-in": 0.017287382826188052, "dsfb-red": 0.0057775437938029335, "dsfb-alt": 0.06098958365523298, "alternate": 0.2797327488478568, "sfR": 0.1028716913164539, "unknown": 0.07987343889206965}, "akl": {"sft": 0.0, "sfb": 0.03408927434346769, "dsfb": 0.0, "sfT": 0.0003805849745324653, "roll-out": 0.08010994649506825, "roll-in": 0.2988640935578605, "bad-redirect": 0.004292500400534244, "redirect": 0.016936124298073806, "oneh-out": 0.0012187021054904973, "oneh-in": 0.01952990104295028, "dsfb-red": 0.005644218286640272, "dsfb-alt": 0.05940087015987047, "alternate": 0.26351045682463886, "sfR": 0.11706348985084018, "unknown": 0.09895983766003248}, "keymash": {"sft": 0.0, "sfb": 0.029222578433827424, "dsfb": 0.0, "sfT": 0.0002503971462935065, "roll-out": 0.0754105897468526, "roll-in": 0.350371285604627, "bad-redirect": 0.006099838678559847, "redirect": 0.012901610340991654, "oneh-out": 0.00036122867006276347, "oneh-in": 0.021952851448814308, "dsfb-red": 0.0061039435498105605, "dsfb-alt": 0.06574361795142296, "alternate": 0.290210292554174, "sfR": 0.09899307508220005, "unknown": 0.0423786907923633}, "movie": {"sft": 0.0, "sfb": 0.027058226384866563, "dsfb": 0.0, "sfT": 0.0001294922731671086, "roll-out": 0.0659334122832633, "roll-in": 0.31067775650425605, "bad-redirect": 0.005291022698126797, "redirect": 0.01242402034292028, "oneh-out": 0.0006337751906227592, "oneh-in": 0.029198007240249884, "dsfb-red": 0.006503301987166842, "dsfb-alt": 0.060377614733904565, "alternate": 0.26415384103165335, "sfR": 0.1138359467128768, "unknown": 0.10378358261692566}}