{"english-450k": {"sft": 0.0, "sfb": 0.11720743892449341, "dsfb": 0.0, "sfT": 0.0028202638015179782, "roll-out": 0.1919928129609934, "roll-in": 0.21731554854964127, "bad-redirect": 0.011011219662503851, "redirect": 0.05623980808056594, "oneh-out": 0.019905560483213187, "oneh-in": 0.02692420807799329, "dsfb-red": 0.03605330289814483, "dsfb-alt": 0.03370167005690811, "alternate": 0.16399978717196564, "sfR": 0.11328269117541298, "unknown": 0.009545688156646111}, "shai": {"sft": 0.0, "sfb": 0.12886326015990052, "dsfb": 0.0, "sfT": 0.001428974282836471, "roll-out": 0.15318806347346586, "roll-in": 0.21346869752693262, "bad-redirect": 0.014788561115148377, "redirect": 0.058888142244025866, "oneh-out": 0.02463224923698761, "oneh-in": 0.027534072756873612, "dsfb-red": 0.03342992454560627, "dsfb-alt": 0.024590448821894005, "alternate": 0.16177553687988697, "sfR": 0.09728563198976478, "unknown": 0.06012643696667702}, "tr-quotes": {"sft": 0.0, "sfb": 0.14993989967869445, "dsfb": 0.0, "sfT": 0.0013603476572432445, "roll-out": 0.14664131665934677, "roll-in": 0.2304304107625806, "bad-redirect": 0.016090705254155013, "redirect": 0.05357943644391022, "oneh-out": 0.02831880908901782, "oneh-in": 0.0278426296202122, "dsfb-red": 0.03269341901481704, "dsfb-alt": 0.0225549571207323, "alternate": 0.15319456323247266, "sfR": 0.09591664547745082, "unknown": 0.041436859989366866}, "gutenberg": {"sft": 0.0, "sfb": 0.1517886810009688, "dsfb": 0.0, "sfT": 0.0013552307093687474, "roll-out": 0.14274269598087144, "roll-in": 0.2053591285605116, "bad-redirect": 0.016338732660378122, "redirect": 0.0517562115372302, "oneh-out": 0.027764611921711084, "oneh-in": 0.02566413692793408, "dsfb-red": 0.031749225108859844, "dsfb-alt": 0.02092727029559336, "alternate": 0.15866163674133885, "sfR": 0.09761014138424484, "unknown": 0.06828229717098905}, "english-200": {"sft": 0.0, "sfb": 0.1603563474387528, "dsfb": 0.0, "sfT": 0.0, "roll-out": 0.16258351893095768, "roll-in": 0.24053452115812918, "bad-redirect": 0.017817371937639197, "redirect": 0.062360801781737196, "oneh-out": 0.0334075723830735, "oneh-in": 0.031180400890868598, "dsfb-red": 0.035634743875278395, "dsfb-alt": 0.022271714922048998, "alternate": 0.12694877505567928, "sfR": 0.10690423162583519, "unknown": 0.0}, "monkeyracer": {"sft": 0.0, "sfb": 0.14954075887201465, "dsfb": 0.0, "sfT": 0.0013675571265464443, "roll-out": 0.14689850947025979, "roll-in": 0.23110933418834165, "bad-redirect": 0.016114495519026543, "redirect": 0.05347451397469384, "oneh-out": 0.028509509360777015, "oneh-in": 0.027971870747767334, "dsfb-red": 0.032555484304862596, "dsfb-alt": 0.022338395608176798, "alternate": 0.15268643352049674, "sfR": 0.09605353707555875, "unknown": 0.04137960023147786}, "chained-bigrams": {"sft": 0.0, "sfb": 0.1298641849375596, "dsfb": 0.0, "sfT": 0.0030413431776582047, "roll-out": 0.14909529130730356, "roll-in": 0.21004941858011347, "bad-redirect": 0.01834155894160738, "redirect": 0.055242843201357826, "oneh-out": 0.017379938692650976, "oneh-in": 0.023785329479926422, "dsfb-red": 0.03075366743522699, "dsfb-alt": 0.027352609458161727, "alternate": 0.1518548362486032, "sfR": 0.11643721321023381, "unknown": 0.06680176532959681}, "english-5k": {"sft": 0.0, "sfb": 0.10926286970589455, "dsfb": 0.0, "sfT": 0.0021155680922553613, "roll-out": 0.2008960053096611, "roll-in": 0.20367528103870244, "bad-redirect": 0.012817853735429542, "redirect": 0.06985522877172605, "oneh-out": 0.02555274401626084, "oneh-in": 0.026174969925747707, "dsfb-red": 0.03741651802381051, "dsfb-alt": 0.032646119384411164, "alternate": 0.1722321317459659, "sfR": 0.10644211224955408, "unknown": 0.0009125980005807441}, "mt-quotes": {"sft": 0.0, "sfb": 0.15321804664060912, "dsfb": 0.0, "sfT": 0.0012864417111915947, "roll-out": 0.1456219146316683, "roll-in": 0.2365603447245431, "bad-redirect": 0.016776036623994454, "redirect": 0.05336267795029942, "oneh-out": 0.029662865612411996, "oneh-in": 0.028301717646215082, "dsfb-red": 0.032615256810222204, "dsfb-alt": 0.02161251957303881, "alternate": 0.15162979165919604, "sfR": 0.09572710103871578, "unknown": 0.033625285377894124}, "english-1k": {"sft": 0.0, "sfb": 0.12879322512350036, "dsfb": 0.0, "sfT": 0.0014114326040931546, "roll-out": 0.18136908962597037, "roll-in": 0.2081863091037403, "bad-redirect": 0.013761467889908258, "redirect": 0.07727593507410022, "oneh-out": 0.031051517290049402, "oneh-in": 0.02364149611856034, "dsfb-red": 0.040931545518701484, "dsfb-alt": 0.030698659139026113, "alternate": 0.15455187014820043, "sfR": 0.10832745236414962, "unknown": 0.0}, "english-10k": {"sft": 0.0, "sfb": 0.11153779355859593, "dsfb": 0.0, "sfT": 0.0024121495146755176, "roll-out": 0.18507940796202313, "roll-in": 0.21664962081009628, "bad-redirect": 0.010767835433511511, "redirect": 0.0680226163138496, "oneh-out": 0.02371625402828969, "oneh-in": 0.03083691939561182, "dsfb-red": 0.04021535670867023, "dsfb-alt": 0.030682541826672585, "alternate": 0.16688215202331103, "sfR": 0.10543987958549622, "unknown": 0.0077574728391964646}, "reddit": {"sft": 0.0, "sfb": 0.132629021591764, "dsfb": 0.0, "sfT": 0.0013762977354933525, "roll-out": 0.14629239968483332, "roll-in": 0.21592322129259164, "bad-redirect": 0.01663644789851738, "redirect": 0.051934291456507166, "oneh-out": 0.027624018217787514, "oneh-in": 0.027358707359651287, "dsfb-red": 0.031147449796297223, "dsfb-alt": 0.02214216324427646, "alternate": 0.1512068872196617, "sfR": 0.1028716913164539, "unknown": 0.07285740318616503}, "akl": {"sft": 0.0, "sfb": 0.12416282767139614, "dsfb": 0.0, "sfT": 0.001902367284387739, "roll-out": 0.13889573483381576, "roll-in": 0.21475481418618567, "bad-redirect": 0.015499033451703129, "redirect": 0.04772193593162035, "oneh-out": 0.02798888689396195, "oneh-in": 0.026602350717820557, "dsfb-red": 0.02981783838886231, "dsfb-alt": 0.022870226533246944, "alternate": 0.14188707201847328, "sfR": 0.11706348985084018, "unknown": 0.090833422237686}, "keymash": {"sft": 0.0, "sfb": 0.14890830949087283, "dsfb": 0.0, "sfT": 0.0014326000664989143, "roll-out": 0.14700364923054188, "roll-in": 0.23103036373264152, "bad-redirect": 0.01628402425157935, "redirect": 0.05514894525333213, "oneh-out": 0.027083940512205834, "oneh-in": 0.028471386994946904, "dsfb-red": 0.033376708139549204, "dsfb-alt": 0.021784551727535066, "alternate": 0.1527217348827854, "sfR": 0.09899307508220005, "unknown": 0.037760710635310925}, "movie": {"sft": 0.0, "sfb": 0.14623533457237084, "dsfb": 0.0, "sfT": 0.0009893525504779698, "roll-out": 0.1312656856398728, "roll-in": 0.2141532422614878, "bad-redirect": 0.012619837926733957, "redirect": 0.04441084897845204, "oneh-out": 0.028700830606077792, "oneh-in": 0.02261416737586935, "dsfb-red": 0.027056778808642136, "dsfb-alt": 0.018127470667170773, "alternate": 0.14163283176571795, "sfR": 0.1138359467128768, "unknown": 0.0983576721342498}}