{"english-450k": {"sft": 0.0, "sfb": 0.032993315211766815, "dsfb": 0.0, "sfT": 0.00012804763605938369, "roll-out": 0.19756230043717452, "roll-in": 0.1908292750808191, "bad-redirect": 0.0036490652814913866, "redirect": 0.03038617179081343, "oneh-out": 0.004159794094723677, "oneh-in": 0.002804477106661342, "dsfb-red": 0.012066297102089047, "dsfb-alt": 0.0522688696317198, "alternate": 0.3501708178852728, "sfR": 0.11328269117541298, "unknown": 0.009698877565995693}, "shai": {"sft": 0.0, "sfb": 0.018674946967658555, "dsfb": 0.0, "sfT": 4.95296214771152e-05, "roll-out": 0.20237935703530402, "roll-in": 0.2033376392921425, "bad-redirect": 0.0034989966352214014, "redirect": 0.029421326664670566, "oneh-out": 0.010427574123747188, "oneh-in": 0.003320303731105051, "dsfb-red": 0.009962792211994366, "dsfb-alt": 0.048266796103458194, "alternate": 0.3056776381403088, "sfR": 0.09728563198976478, "unknown": 0.06769746748314746}, "tr-quotes": {"sft": 0.0, "sfb": 0.017304269434363515, "dsfb": 0.0, "sfT": 2.6582834423614803e-05, "roll-out": 0.20238089734402812, "roll-in": 0.20847067797785535, "bad-redirect": 0.003083608793139317, "redirect": 0.028566145026698412, "oneh-out": 0.020379787799634775, "oneh-in": 0.0037400892258616304, "dsfb-red": 0.011297704630036291, "dsfb-alt": 0.052046878250618336, "alternate": 0.31139478976445295, "sfR": 0.09591664547745082, "unknown": 0.04539192344143686}, "gutenberg": {"sft": 0.0, "sfb": 0.016557342702118623, "dsfb": 0.0, "sfT": 2.955213735833444e-05, "roll-out": 0.20898703229480303, "roll-in": 0.2079371736714704, "bad-redirect": 0.004053568174318208, "redirect": 0.028907862876567162, "oneh-out": 0.01232437789909309, "oneh-in": 0.003951840624565479, "dsfb-red": 0.009414439553186838, "dsfb-alt": 0.04726277116453986, "alternate": 0.28776658964167273, "sfR": 0.09761014138424484, "unknown": 0.07519730787606137}, "english-200": {"sft": 0.0, "sfb": 0.011135857461024499, "dsfb": 0.0, "sfT": 0.0, "roll-out": 0.24053452115812918, "roll-in": 0.18262806236080179, "bad-redirect": 0.0022271714922048997, "redirect": 0.024498886414253896, "oneh-out": 0.011135857461024499, "oneh-in": 0.0066815144766146995, "dsfb-red": 0.008908685968819599, "dsfb-alt": 0.0645879732739421, "alternate": 0.34075723830734966, "sfR": 0.10690423162583519, "unknown": 0.0}, "monkeyracer": {"sft": 0.0, "sfb": 0.01725624442810892, "dsfb": 0.0, "sfT": 2.248306927131395e-05, "roll-out": 0.20256658898603314, "roll-in": 0.208395569075809, "bad-redirect": 0.003090933262430205, "redirect": 0.028512441935029796, "oneh-out": 0.02080172669972004, "oneh-in": 0.003771290489075183, "dsfb-red": 0.011404781269061732, "dsfb-alt": 0.05204341773933716, "alternate": 0.3107893316858783, "sfR": 0.09605353707555875, "unknown": 0.04529165428468649}, "chained-bigrams": {"sft": 0.0, "sfb": 0.019189550869451448, "dsfb": 0.0, "sfT": 5.454159413392169e-05, "roll-out": 0.17288062078723, "roll-in": 0.19444727613435153, "bad-redirect": 0.005184048661490842, "redirect": 0.03468001290817728, "oneh-out": 0.00528534019345384, "oneh-in": 0.00561258975825737, "dsfb-red": 0.019110335697018848, "dsfb-alt": 0.056990122127719534, "alternate": 0.29720818461550447, "sfR": 0.11643721321023381, "unknown": 0.07292016344297708}, "english-5k": {"sft": 0.0, "sfb": 0.024681627742979217, "dsfb": 0.0, "sfT": 8.296345459824948e-05, "roll-out": 0.22271539386900072, "roll-in": 0.19479819139668975, "bad-redirect": 0.004604471730202846, "redirect": 0.028041647654208322, "oneh-out": 0.005019289003194093, "oneh-in": 0.0024059401833492347, "dsfb-red": 0.009333388642303065, "dsfb-alt": 0.05317957439747791, "alternate": 0.3456672335836064, "sfR": 0.10644211224955408, "unknown": 0.0030281660928361057}, "mt-quotes": {"sft": 0.0, "sfb": 0.016502611730674986, "dsfb": 0.0, "sfT": 1.792950120127658e-05, "roll-out": 0.20314124861046365, "roll-in": 0.2124690716104278, "bad-redirect": 0.002974803074311806, "redirect": 0.028285282270113912, "oneh-out": 0.02246417088009945, "oneh-in": 0.003899666511277656, "dsfb-red": 0.01164521103022914, "dsfb-alt": 0.052948805297569956, "alternate": 0.31362582326293015, "sfR": 0.09572710103871578, "unknown": 0.03629827518198444}, "english-1k": {"sft": 0.0, "sfb": 0.02081863091037403, "dsfb": 0.0, "sfT": 0.0, "roll-out": 0.25511644318983767, "roll-in": 0.18454481298517997, "bad-redirect": 0.0028228652081863093, "redirect": 0.030698659139026113, "oneh-out": 0.01058574453069866, "oneh-in": 0.004234297812279464, "dsfb-red": 0.008468595624558928, "dsfb-alt": 0.05469301340860974, "alternate": 0.3196894848270995, "sfR": 0.10832745236414962, "unknown": 0.0}, "english-10k": {"sft": 0.0, "sfb": 0.025163543737095, "dsfb": 0.0, "sfT": 0.00013508037282182898, "roll-out": 0.20929738908936532, "roll-in": 0.21703556473244437, "bad-redirect": 0.003126145771019471, "redirect": 0.03178248200536462, "oneh-out": 0.004187491557476698, "oneh-in": 0.003415603712780533, "dsfb-red": 0.010594160668454873, "dsfb-alt": 0.051060380926651355, "alternate": 0.3310048050018332, "sfR": 0.10543987958549622, "unknown": 0.0077574728391964646}, "reddit": {"sft": 0.0, "sfb": 0.01735637938141704, "dsfb": 0.0, "sfT": 6.39023470253289e-05, "roll-out": 0.19540693452837465, "roll-in": 0.19175652231890605, "bad-redirect": 0.0027557044362874683, "redirect": 0.02640691448865855, "oneh-out": 0.015039563456322878, "oneh-in": 0.003945801370454379, "dsfb-red": 0.010697350281314537, "dsfb-alt": 0.05163032454788434, "alternate": 0.298585252229793, "sfR": 0.1028716913164539, "unknown": 0.0834836592971079}, "akl": {"sft": 0.0, "sfb": 0.021837325231699612, "dsfb": 0.0, "sfT": 0.00017731307131888584, "roll-out": 0.1789528764801955, "roll-in": 0.18374342711844202, "bad-redirect": 0.0022958387434884532, "redirect": 0.022463434909808858, "oneh-out": 0.01768893042301992, "oneh-in": 0.003522842718845034, "dsfb-red": 0.01363575930078926, "dsfb-alt": 0.05070490929215903, "alternate": 0.28299736161619315, "sfR": 0.11706348985084018, "unknown": 0.10491649124320006}, "keymash": {"sft": 0.0, "sfb": 0.018496549855713775, "dsfb": 0.0, "sfT": 2.052435625356611e-05, "roll-out": 0.2092252876488529, "roll-in": 0.20781321193860755, "bad-redirect": 0.0034521967218498193, "redirect": 0.028853140021263234, "oneh-out": 0.019883996338454845, "oneh-in": 0.003407043138091974, "dsfb-red": 0.01174814151954124, "dsfb-alt": 0.05116311526888959, "alternate": 0.30558303538809506, "sfR": 0.09899307508220005, "unknown": 0.04136068272218642}, "movie": {"sft": 0.0, "sfb": 0.015238240121048956, "dsfb": 0.0, "sfT": 1.6844523338810876e-05, "roll-out": 0.1849636572829073, "roll-in": 0.17551427448335016, "bad-redirect": 0.002139254464028981, "redirect": 0.026168098604681278, "oneh-out": 0.028464744083657272, "oneh-in": 0.003278496952654651, "dsfb-red": 0.01151875881129778, "dsfb-alt": 0.05335292211026609, "alternate": 0.28190717904372853, "sfR": 0.1138359467128768, "unknown": 0.10360158280616336}}