{"english-450k": {"sft": 0.0, "sfb": 0.024039335766043522, "dsfb": 0.0, "sfT": 0.00012453948164679784, "roll-out": 0.19028229533865676, "roll-in": 0.2680048716570943, "bad-redirect": 0.01358357388553243, "redirect": 0.05453864553666284, "oneh-out": 0.013811896268551558, "oneh-in": 0.024933915141252913, "dsfb-red": 0.028701965326571172, "dsfb-alt": 0.03449714406996195, "alternate": 0.22449966409421498, "sfR": 0.11328269117541298, "unknown": 0.00969946225839779}, "shai": {"sft": 0.0, "sfb": 0.012360394354404974, "dsfb": 0.0, "sfT": 1.7591008018558146e-05, "roll-out": 0.19447830450085196, "roll-in": 0.24331932993624972, "bad-redirect": 0.016611512051059672, "redirect": 0.05555344446257516, "oneh-out": 0.01812854587502667, "oneh-in": 0.03231950038905349, "dsfb-red": 0.020367399329892902, "dsfb-alt": 0.029610713508315033, "alternate": 0.205200691533682, "sfR": 0.09728563198976478, "unknown": 0.07474694106110509}, "tr-quotes": {"sft": 0.0, "sfb": 0.010541827512077852, "dsfb": 0.0, "sfT": 1.733663114583574e-05, "roll-out": 0.19655463350361757, "roll-in": 0.24417258038417974, "bad-redirect": 0.016516030604932848, "redirect": 0.05909941980074432, "oneh-out": 0.021121795612676544, "oneh-in": 0.031401262106747416, "dsfb-red": 0.0181606990129678, "dsfb-alt": 0.0323917616328795, "alternate": 0.2063417396731467, "sfR": 0.09591664547745082, "unknown": 0.06776426804743302}, "gutenberg": {"sft": 0.0, "sfb": 0.009869087820238136, "dsfb": 0.0, "sfT": 0.00015022336490486674, "roll-out": 0.20810425690961176, "roll-in": 0.2281066968553116, "bad-redirect": 0.019659559377631988, "redirect": 0.06009711286984216, "oneh-out": 0.020074804794872173, "oneh-in": 0.03649158540776077, "dsfb-red": 0.016066890884037035, "dsfb-alt": 0.028152199569372316, "alternate": 0.1938822908059133, "sfR": 0.09761014138424484, "unknown": 0.08173514995625905}, "english-200": {"sft": 0.0, "sfb": 0.008908685968819599, "dsfb": 0.0, "sfT": 0.0, "roll-out": 0.21380846325167038, "roll-in": 0.2962138084632517, "bad-redirect": 0.013363028953229399, "redirect": 0.060133630289532294, "oneh-out": 0.024498886414253896, "oneh-in": 0.028953229398663696, "dsfb-red": 0.015590200445434299, "dsfb-alt": 0.028953229398663696, "alternate": 0.2026726057906459, "sfR": 0.10690423162583519, "unknown": 0.0}, "monkeyracer": {"sft": 0.0, "sfb": 0.010438009290395232, "dsfb": 0.0, "sfT": 1.661792076575379e-05, "roll-out": 0.19652548602530617, "roll-in": 0.24424237921704178, "bad-redirect": 0.01659934779548618, "redirect": 0.05884796753053787, "oneh-out": 0.021138972738789747, "oneh-in": 0.03131989301969126, "dsfb-red": 0.018213241159266154, "dsfb-alt": 0.032347271532915216, "alternate": 0.20667219293992523, "sfR": 0.09605353707555875, "unknown": 0.06758508375432067}, "chained-bigrams": {"sft": 0.0, "sfb": 0.013058166662229751, "dsfb": 0.0, "sfT": 1.5583312609691913e-05, "roll-out": 0.1860673497784897, "roll-in": 0.23524438854652496, "bad-redirect": 0.01432431081176722, "redirect": 0.05992757655464646, "oneh-out": 0.01700788710409458, "oneh-in": 0.025768955314201786, "dsfb-red": 0.03316973019442131, "dsfb-alt": 0.03979718318638486, "alternate": 0.1778341662830358, "sfR": 0.11643721321023381, "unknown": 0.08134748904136006}, "english-5k": {"sft": 0.0, "sfb": 0.0159289832828639, "dsfb": 0.0, "sfT": 0.0, "roll-out": 0.18616999211847182, "roll-in": 0.2900817190027793, "bad-redirect": 0.012859335462728667, "redirect": 0.057410710581988635, "oneh-out": 0.016634172646949018, "oneh-in": 0.02600904301655121, "dsfb-red": 0.0270046044717302, "dsfb-alt": 0.030240179201061933, "alternate": 0.22810801841788692, "sfR": 0.10644211224955408, "unknown": 0.003111129547434355}, "mt-quotes": {"sft": 0.0, "sfb": 0.009708824900491268, "dsfb": 0.0, "sfT": 7.470625500531909e-06, "roll-out": 0.19904136933577174, "roll-in": 0.24519339955295777, "bad-redirect": 0.01680591912599658, "redirect": 0.05985913388556197, "oneh-out": 0.02223258148958296, "oneh-in": 0.031416968479936885, "dsfb-red": 0.017862265571771792, "dsfb-alt": 0.03327566010446923, "alternate": 0.2091700433893929, "sfR": 0.09572710103871578, "unknown": 0.05969926249985059}, "english-1k": {"sft": 0.0, "sfb": 0.011644318983768526, "dsfb": 0.0, "sfT": 0.0, "roll-out": 0.20324629498941427, "roll-in": 0.28757939308398023, "bad-redirect": 0.015172900494001412, "redirect": 0.061397318278052226, "oneh-out": 0.0187014820042343, "oneh-in": 0.025405786873676783, "dsfb-red": 0.02328863796753705, "dsfb-alt": 0.02646436132674665, "alternate": 0.21877205363443897, "sfR": 0.10832745236414962, "unknown": 0.0}, "english-10k": {"sft": 0.0, "sfb": 0.015920186796858415, "dsfb": 0.0, "sfT": 5.789158835221242e-05, "roll-out": 0.18799328457575115, "roll-in": 0.27809189324791106, "bad-redirect": 0.01669207464155458, "redirect": 0.058663476196908586, "oneh-out": 0.015090407363810038, "oneh-in": 0.023600470851585266, "dsfb-red": 0.025356515698269043, "dsfb-alt": 0.03326836610640474, "alternate": 0.2320680805079022, "sfR": 0.10543987958549622, "unknown": 0.0077574728391964646}, "reddit": {"sft": 0.0, "sfb": 0.011437658597028841, "dsfb": 0.0, "sfT": 7.435296532548526e-05, "roll-out": 0.18497152393800273, "roll-in": 0.23401200547552467, "bad-redirect": 0.016945359185690817, "redirect": 0.05705408307342571, "oneh-out": 0.020393014417171076, "oneh-in": 0.028426917871062968, "dsfb-red": 0.020498269748437884, "dsfb-alt": 0.031083023045486224, "alternate": 0.1955667653107645, "sfR": 0.1028716913164539, "unknown": 0.09666533505562519}, "akl": {"sft": 0.0, "sfb": 0.018847722766118607, "dsfb": 0.0, "sfT": 0.00016262991342140998, "roll-out": 0.17781366168096013, "roll-in": 0.2125124419628049, "bad-redirect": 0.012426288378955826, "redirect": 0.05483106252410795, "oneh-out": 0.019529467363181157, "oneh-in": 0.02360475615363713, "dsfb-red": 0.02106159603324267, "dsfb-alt": 0.03301424415006262, "alternate": 0.19089232834118355, "sfR": 0.11706348985084018, "unknown": 0.11824031088148387}, "keymash": {"sft": 0.0, "sfb": 0.011037998793167853, "dsfb": 0.0, "sfT": 2.873409875499255e-05, "roll-out": 0.19763723610808948, "roll-in": 0.24560676154392416, "bad-redirect": 0.015783229958992336, "redirect": 0.05783353105129858, "oneh-out": 0.020684446232343924, "oneh-in": 0.03095072923037769, "dsfb-red": 0.018053223760636748, "dsfb-alt": 0.032145246764335236, "alternate": 0.21055526593408397, "sfR": 0.09899307508220005, "unknown": 0.06069052144179498}, "movie": {"sft": 0.0, "sfb": 0.00923527311618023, "dsfb": 0.0, "sfT": 1.1580609795432476e-05, "roll-out": 0.16535965886681891, "roll-in": 0.21980892257033213, "bad-redirect": 0.014884110337418174, "redirect": 0.05617898569386737, "oneh-out": 0.01688123913577594, "oneh-in": 0.025077942109847613, "dsfb-red": 0.017364203203380908, "dsfb-alt": 0.02944041045892246, "alternate": 0.18171674381151295, "sfR": 0.1138359467128768, "unknown": 0.1502049833732711}}