{"english-450k": {"sft": 0.0, "sfb": 0.036660213611522184, "dsfb": 0.0, "sfT": 2.0171887872368665e-05, "roll-out": 0.24539890931479313, "roll-in": 0.2000671226877608, "bad-redirect": 0.027699510203174762, "redirect": 0.06635878713746879, "oneh-out": 0.021912224807212298, "oneh-in": 0.021828906139913385, "dsfb-red": 0.028578595229728568, "dsfb-alt": 0.027094061220802653, "alternate": 0.20155311842769197, "sfR": 0.11328269117541298, "unknown": 0.009545688156646111}, "shai": {"sft": 0.0, "sfb": 0.021530673918677447, "dsfb": 0.0, "sfT": 5.3945757923578315e-05, "roll-out": 0.23236482287615962, "roll-in": 0.2122280070212312, "bad-redirect": 0.030024015112553037, "redirect": 0.05847780537293246, "oneh-out": 0.02035045080973597, "oneh-in": 0.025456270882790708, "dsfb-red": 0.026849989611822767, "dsfb-alt": 0.0235528347957802, "alternate": 0.1910671545342768, "sfR": 0.09728563198976478, "unknown": 0.06075839731635142}, "tr-quotes": {"sft": 0.0, "sfb": 0.023125910173135155, "dsfb": 0.0, "sfT": 3.236171147222672e-05, "roll-out": 0.23053327477404592, "roll-in": 0.229912623379025, "bad-redirect": 0.029356695406948522, "redirect": 0.06190795404636971, "oneh-out": 0.01760130371466217, "oneh-in": 0.027906197267746933, "dsfb-red": 0.026506553246573125, "dsfb-alt": 0.024181133122211693, "alternate": 0.19153510089919326, "sfR": 0.09591664547745082, "unknown": 0.04148424678116548}, "gutenberg": {"sft": 0.0, "sfb": 0.020692747564506064, "dsfb": 0.0, "sfT": 6.270357349749167e-05, "roll-out": 0.21931834585321, "roll-in": 0.2334535499126128, "bad-redirect": 0.02514110198404715, "redirect": 0.057425296553804024, "oneh-out": 0.01621237832949345, "oneh-in": 0.02824748626867515, "dsfb-red": 0.027066347958231464, "dsfb-alt": 0.020933332272487375, "alternate": 0.18554839863408507, "sfR": 0.09761014138424484, "unknown": 0.06828816971110513}, "english-200": {"sft": 0.0, "sfb": 0.011135857461024499, "dsfb": 0.0, "sfT": 0.0, "roll-out": 0.24053452115812918, "roll-in": 0.24053452115812918, "bad-redirect": 0.024498886414253896, "redirect": 0.08463251670378619, "oneh-out": 0.013363028953229399, "oneh-in": 0.0467706013363029, "dsfb-red": 0.026726057906458798, "dsfb-alt": 0.013363028953229399, "alternate": 0.1915367483296214, "sfR": 0.10690423162583519, "unknown": 0.0}, "monkeyracer": {"sft": 0.0, "sfb": 0.023101842438650547, "dsfb": 0.0, "sfT": 3.714594053521435e-05, "roll-out": 0.23034881993212067, "roll-in": 0.229851259833899, "bad-redirect": 0.02945184322067035, "redirect": 0.06230742762406744, "oneh-out": 0.017469344823810937, "oneh-in": 0.027910286688458952, "dsfb-red": 0.026401965997779064, "dsfb-alt": 0.02418005223892269, "alternate": 0.19146093029075495, "sfR": 0.09605353707555875, "unknown": 0.04142554389477142}, "chained-bigrams": {"sft": 0.0, "sfb": 0.021172527399034743, "dsfb": 0.0, "sfT": 8.505891466123501e-05, "roll-out": 0.22229790229133134, "roll-in": 0.21261417211379194, "bad-redirect": 0.025228733810399133, "redirect": 0.06343057536836678, "oneh-out": 0.01916747450992105, "oneh-in": 0.025422875913328213, "dsfb-red": 0.024682668564367845, "dsfb-alt": 0.026159836738828227, "alternate": 0.17635634880388337, "sfR": 0.11643721321023381, "unknown": 0.06694461236185231}, "english-5k": {"sft": 0.0, "sfb": 0.024183847015389722, "dsfb": 0.0, "sfT": 4.148172729912474e-05, "roll-out": 0.26606379889658605, "roll-in": 0.19044261003028165, "bad-redirect": 0.030613514746754056, "redirect": 0.06355000622225909, "oneh-out": 0.03173352138383042, "oneh-in": 0.022317169286929107, "dsfb-red": 0.03368316256688929, "dsfb-alt": 0.02522089019786784, "alternate": 0.20479528767577881, "sfR": 0.10644211224955408, "unknown": 0.0009125980005807441}, "mt-quotes": {"sft": 0.0, "sfb": 0.023006538291438065, "dsfb": 0.0, "sfT": 2.9882502002127634e-05, "roll-out": 0.2311037998589546, "roll-in": 0.23442225170629086, "bad-redirect": 0.02973159536701689, "redirect": 0.06349882262942112, "oneh-out": 0.017113708896618497, "oneh-in": 0.0283764239012204, "dsfb-red": 0.025955941239048062, "dsfb-alt": 0.02411069674041668, "alternate": 0.19328002294976154, "sfR": 0.09572710103871578, "unknown": 0.0336432148790954}, "english-1k": {"sft": 0.0, "sfb": 0.016937191249117856, "dsfb": 0.0, "sfT": 0.0, "roll-out": 0.24417784050811575, "roll-in": 0.21383203952011293, "bad-redirect": 0.032462949894142556, "redirect": 0.06669019054340156, "oneh-out": 0.02117148906139732, "oneh-in": 0.032815808045165845, "dsfb-red": 0.03387438249823571, "dsfb-alt": 0.020465772759350742, "alternate": 0.20924488355681017, "sfR": 0.10832745236414962, "unknown": 0.0}, "english-10k": {"sft": 0.0, "sfb": 0.026031917562378187, "dsfb": 0.0, "sfT": 0.0, "roll-out": 0.2619594372937612, "roll-in": 0.1813164547191293, "bad-redirect": 0.03265085583064781, "redirect": 0.06364215279519886, "oneh-out": 0.029524710059628336, "oneh-in": 0.02180583161266668, "dsfb-red": 0.03070183902278999, "dsfb-alt": 0.02846336427317111, "alternate": 0.21070608440593583, "sfR": 0.10543987958549622, "unknown": 0.0077574728391964646}, "reddit": {"sft": 0.0, "sfb": 0.02558371291739498, "dsfb": 0.0, "sfT": 8.34925741614643e-05, "roll-out": 0.21459048652872226, "roll-in": 0.21627224946936893, "bad-redirect": 0.028118306243195626, "redirect": 0.05937161068937185, "oneh-out": 0.016783093671438928, "oneh-in": 0.028117931669063005, "dsfb-red": 0.023481303225813703, "dsfb-alt": 0.022198199534516724, "alternate": 0.18455263768549146, "sfR": 0.1028716913164539, "unknown": 0.07797528447500719}, "akl": {"sft": 0.0, "sfb": 0.025801777864018098, "dsfb": 0.0, "sfT": 0.0001893321963488872, "roll-out": 0.20784586178427505, "roll-in": 0.20007463009284093, "bad-redirect": 0.02427454357992241, "redirect": 0.061244195041404645, "oneh-out": 0.01535759189271605, "oneh-in": 0.02607629715787344, "dsfb-red": 0.02189550027501493, "dsfb-alt": 0.020749160736715365, "alternate": 0.18237591089788935, "sfR": 0.11706348985084018, "unknown": 0.09705170863014068}, "keymash": {"sft": 0.0, "sfb": 0.02381646299663811, "dsfb": 0.0, "sfT": 6.157306876069832e-05, "roll-out": 0.23305817013049385, "roll-in": 0.22812411488713658, "bad-redirect": 0.029140481008813158, "redirect": 0.062008185113273925, "oneh-out": 0.01742107358802691, "oneh-in": 0.02751084712228001, "dsfb-red": 0.02743695943976717, "dsfb-alt": 0.023898560421652375, "alternate": 0.19071642317938697, "sfR": 0.09899307508220005, "unknown": 0.037814073961570195}, "movie": {"sft": 0.0, "sfb": 0.023931988131454134, "dsfb": 0.0, "sfT": 4.23745040241961e-05, "roll-out": 0.21401953885748598, "roll-in": 0.20660426384892883, "bad-redirect": 0.02867885376703419, "redirect": 0.0555224440771695, "oneh-out": 0.013240848127014022, "oneh-in": 0.02802007498708038, "dsfb-red": 0.02451904608937941, "dsfb-alt": 0.02259403290656593, "alternate": 0.1706109390176932, "sfR": 0.1138359467128768, "unknown": 0.0983796489732934}}