{"english-450k": {"sft": 0.0, "sfb": 0.029712021451194847, "dsfb": 0.0, "sfT": 0.0001789158750418786, "roll-out": 0.21493234231869127, "roll-in": 0.2525429734298232, "bad-redirect": 0.0017093482375324578, "redirect": 0.04999324680275577, "oneh-out": 0.00910716885507288, "oneh-in": 0.007109274917105234, "dsfb-red": 0.018718634906954974, "dsfb-alt": 0.04501195988308491, "alternate": 0.24800254458133392, "sfR": 0.11328269117541298, "unknown": 0.009698877565995693}, "shai": {"sft": 0.0, "sfb": 0.020877991400261267, "dsfb": 0.0, "sfT": 2.706963918191324e-05, "roll-out": 0.18871156954985288, "roll-in": 0.28045753960279696, "bad-redirect": 0.001666369677297699, "redirect": 0.043663908561746796, "oneh-out": 0.01202881643208377, "oneh-in": 0.008449299812083911, "dsfb-red": 0.012384077385882545, "dsfb-alt": 0.04134984145257371, "alternate": 0.22567853297882454, "sfR": 0.09728563198976478, "unknown": 0.06741935151764922}, "tr-quotes": {"sft": 0.0, "sfb": 0.02049883266683618, "dsfb": 0.0, "sfT": 2.6582834423614803e-05, "roll-out": 0.1802281500658792, "roll-in": 0.29355770786620744, "bad-redirect": 0.002153209588312799, "redirect": 0.045430064029957695, "oneh-out": 0.014056540533043619, "oneh-in": 0.010333787938327824, "dsfb-red": 0.012243128915189201, "dsfb-alt": 0.04599870553154111, "alternate": 0.23328170869836573, "sfR": 0.09591664547745082, "unknown": 0.04627493585446476}, "gutenberg": {"sft": 0.0, "sfb": 0.02037411490401428, "dsfb": 0.0, "sfT": 0.0001542015372415656, "roll-out": 0.179629257070633, "roll-in": 0.296177014271788, "bad-redirect": 0.002407552010814567, "redirect": 0.041096793479434554, "oneh-out": 0.013212646950844566, "oneh-in": 0.009519955838498326, "dsfb-red": 0.009375605013709539, "dsfb-alt": 0.036213302780969785, "alternate": 0.21408382880522603, "sfR": 0.09761014138424484, "unknown": 0.08014558595258095}, "english-200": {"sft": 0.0, "sfb": 0.022271714922048998, "dsfb": 0.0, "sfT": 0.0, "roll-out": 0.19821826280623608, "roll-in": 0.30957683741648107, "bad-redirect": 0.0022271714922048997, "redirect": 0.044543429844097995, "oneh-out": 0.015590200445434299, "oneh-in": 0.008908685968819599, "dsfb-red": 0.008908685968819599, "dsfb-alt": 0.04899777282850779, "alternate": 0.23385300668151449, "sfR": 0.10690423162583519, "unknown": 0.0}, "monkeyracer": {"sft": 0.0, "sfb": 0.020452750363639208, "dsfb": 0.0, "sfT": 2.541564352409403e-05, "roll-out": 0.1798498912992477, "roll-in": 0.2940169620094781, "bad-redirect": 0.0021867228678230134, "redirect": 0.04562401270000156, "oneh-out": 0.014080266512348092, "oneh-in": 0.010448762062655426, "dsfb-red": 0.012300193940910583, "dsfb-alt": 0.046111797550713984, "alternate": 0.2326929242848429, "sfR": 0.09605353707555875, "unknown": 0.046156763689256614}, "chained-bigrams": {"sft": 0.0, "sfb": 0.021146555211351923, "dsfb": 0.0, "sfT": 6.493046920704963e-05, "roll-out": 0.16043669636369892, "roll-in": 0.24329966255635152, "bad-redirect": 0.004106852177345889, "redirect": 0.048258921933447566, "oneh-out": 0.005939839323060901, "oneh-in": 0.012289389906818283, "dsfb-red": 0.024132707490184136, "dsfb-alt": 0.05156453212077847, "alternate": 0.23884738028282415, "sfR": 0.11643721321023381, "unknown": 0.07347531895469736}, "english-5k": {"sft": 0.0, "sfb": 0.020823827104160617, "dsfb": 0.0, "sfT": 0.0, "roll-out": 0.22279835732359896, "roll-in": 0.2825735263616377, "bad-redirect": 0.0019081594557597379, "redirect": 0.04372174057327747, "oneh-out": 0.010370431824781184, "oneh-in": 0.006720039822458207, "dsfb-red": 0.015265275646077903, "dsfb-alt": 0.04496619239225121, "alternate": 0.24138217115360683, "sfR": 0.10644211224955408, "unknown": 0.0030281660928361057}, "mt-quotes": {"sft": 0.0, "sfb": 0.019822557703111365, "dsfb": 0.0, "sfT": 2.0917751401489345e-05, "roll-out": 0.17790099329436654, "roll-in": 0.3005432638863987, "bad-redirect": 0.0021575166445536153, "redirect": 0.04616697146818709, "oneh-out": 0.014433248467027647, "oneh-in": 0.010650123713558288, "dsfb-red": 0.012224931569070415, "dsfb-alt": 0.04717102353545858, "alternate": 0.23600901256260384, "sfR": 0.09572710103871578, "unknown": 0.03717233836554667}, "english-1k": {"sft": 0.0, "sfb": 0.022230063514467185, "dsfb": 0.0, "sfT": 0.0, "roll-out": 0.2399435426958363, "roll-in": 0.28793225123500354, "bad-redirect": 0.0014114326040931546, "redirect": 0.05257586450247001, "oneh-out": 0.020465772759350742, "oneh-in": 0.00529287226534933, "dsfb-red": 0.012702893436838392, "dsfb-alt": 0.04163726182074806, "alternate": 0.20748059280169373, "sfR": 0.10832745236414962, "unknown": 0.0}, "english-10k": {"sft": 0.0, "sfb": 0.022056695162192934, "dsfb": 0.0, "sfT": 3.859439223480828e-05, "roll-out": 0.22803496651936472, "roll-in": 0.27376932131761256, "bad-redirect": 0.002006908396210031, "redirect": 0.04453792863896876, "oneh-out": 0.012851932614191158, "oneh-in": 0.005654078462399414, "dsfb-red": 0.014897435402635996, "dsfb-alt": 0.043515177244746336, "alternate": 0.2394396094247506, "sfR": 0.10543987958549622, "unknown": 0.0077574728391964646}, "reddit": {"sft": 0.0, "sfb": 0.019610379224470478, "dsfb": 0.0, "sfT": 5.127919875596439e-05, "roll-out": 0.1770164683390278, "roll-in": 0.2665197586918523, "bad-redirect": 0.0016423577418948245, "redirect": 0.040398382064491554, "oneh-out": 0.012066606023114596, "oneh-in": 0.008491595586542826, "dsfb-red": 0.012190215486879886, "dsfb-alt": 0.04542438031860152, "alternate": 0.23384344711584473, "sfR": 0.1028716913164539, "unknown": 0.07987343889206965}, "akl": {"sft": 0.0, "sfb": 0.02583659615405346, "dsfb": 0.0, "sfT": 8.1283979584339e-05, "roll-out": 0.1683974826252396, "roll-in": 0.2520666389855065, "bad-redirect": 0.0016622326007986398, "redirect": 0.03878206117090316, "oneh-out": 0.01208572585168821, "oneh-in": 0.006747375710785653, "dsfb-red": 0.010716351003553571, "dsfb-alt": 0.04887162099956743, "alternate": 0.21872930340744673, "sfR": 0.11706348985084018, "unknown": 0.09895983766003248}, "keymash": {"sft": 0.0, "sfb": 0.020565404966073238, "dsfb": 0.0, "sfT": 6.567794001141154e-05, "roll-out": 0.18192378896035927, "roll-in": 0.29567798106012405, "bad-redirect": 0.0022453645741401323, "redirect": 0.0452972542516204, "oneh-out": 0.014662600107547627, "oneh-in": 0.010389429135555163, "dsfb-red": 0.012203782228370407, "dsfb-alt": 0.045059171719079034, "alternate": 0.23053777918255594, "sfR": 0.09899307508220005, "unknown": 0.0423786907923633}, "movie": {"sft": 0.0, "sfb": 0.020615064609932822, "dsfb": 0.0, "sfT": 0.00010383069464313891, "roll-out": 0.15670460062095756, "roll-in": 0.25768620205874293, "bad-redirect": 0.0020724027620280753, "redirect": 0.03745629800277908, "oneh-out": 0.012975415286589166, "oneh-in": 0.01177695377060049, "dsfb-red": 0.013371656378566976, "dsfb-alt": 0.04623479502123266, "alternate": 0.22338325146412466, "sfR": 0.1138359467128768, "unknown": 0.10378358261692566}}