{"english-450k": {"sft": 0.0, "sfb": 0.3433038979688371, "dsfb": 0.0, "sfT": 0.05880163784035675, "roll-out": 0.118809788452442, "roll-in": 0.10734572452451352, "bad-redirect": 3.2742774517467975e-05, "redirect": 0.01179529217371679, "oneh-out": 0.005251414809439975, "oneh-in": 0.003020520949236421, "dsfb-red": 0.03894548386512082, "dsfb-alt": 0.07899779044741247, "alternate": 0.11071413745299805, "sfR": 0.11328269117541298, "unknown": 0.009698877565995693}, "shai": {"sft": 0.0, "sfb": 0.3501359868133624, "dsfb": 0.0, "sfT": 0.0637153393280289, "roll-out": 0.10392839139927045, "roll-in": 0.09505076118555886, "bad-redirect": 0.00022965844726010665, "redirect": 0.015196734427719806, "oneh-out": 0.008781721483524598, "oneh-in": 0.0020566887940518318, "dsfb-red": 0.033208877757937204, "dsfb-alt": 0.06435886832962136, "alternate": 0.0986319885262505, "sfR": 0.09728563198976478, "unknown": 0.06741935151764922}, "tr-quotes": {"sft": 0.0, "sfb": 0.3789440835856776, "dsfb": 0.0, "sfT": 0.059277409213841566, "roll-out": 0.10937911744989713, "roll-in": 0.09142876956149881, "bad-redirect": 0.00041030027045144585, "redirect": 0.018153764360509465, "oneh-out": 0.01099142414645986, "oneh-in": 0.0016203971244307805, "dsfb-red": 0.031758396708351636, "dsfb-alt": 0.05672661288458427, "alternate": 0.09911814336238182, "sfR": 0.09591664547745082, "unknown": 0.04627493585446476}, "gutenberg": {"sft": 0.0, "sfb": 0.3674825329818902, "dsfb": 0.0, "sfT": 0.06214208288768331, "roll-out": 0.09912014194118897, "roll-in": 0.08939862537096457, "bad-redirect": 0.00017579732992650232, "redirect": 0.016234352995734263, "oneh-out": 0.00921590980990777, "oneh-in": 0.001587859072676662, "dsfb-red": 0.03317549460995536, "dsfb-alt": 0.051871767971772405, "alternate": 0.09183970769147418, "sfR": 0.09761014138424484, "unknown": 0.08014558595258095}, "english-200": {"sft": 0.0, "sfb": 0.44320712694877507, "dsfb": 0.0, "sfT": 0.0556792873051225, "roll-out": 0.10244988864142539, "roll-in": 0.08908685968819599, "bad-redirect": 0.0, "redirect": 0.017817371937639197, "oneh-out": 0.013363028953229399, "oneh-in": 0.0, "dsfb-red": 0.035634743875278395, "dsfb-alt": 0.0400890868596882, "alternate": 0.0957683741648107, "sfR": 0.10690423162583519, "unknown": 0.0}, "monkeyracer": {"sft": 0.0, "sfb": 0.37926298543879133, "dsfb": 0.0, "sfT": 0.05941004426232072, "roll-out": 0.10918267200525518, "roll-in": 0.091129744905141, "bad-redirect": 0.0004340209894114519, "redirect": 0.01834422947589033, "oneh-out": 0.011060692556735537, "oneh-in": 0.0016226910865383111, "dsfb-red": 0.031588712326196096, "dsfb-alt": 0.056606503276662966, "alternate": 0.09914740291224174, "sfR": 0.09605353707555875, "unknown": 0.046156763689256614}, "chained-bigrams": {"sft": 0.0, "sfb": 0.3766467178621773, "dsfb": 0.0, "sfT": 0.05367931750285207, "roll-out": 0.09219152670362941, "roll-in": 0.09815798751906521, "bad-redirect": 0.0004765896439797443, "redirect": 0.013731495627906857, "oneh-out": 0.006624855773195274, "oneh-in": 0.0022849032113960764, "dsfb-red": 0.029144041103584227, "dsfb-alt": 0.04775116566424844, "alternate": 0.08939886722303421, "sfR": 0.11643721321023381, "unknown": 0.07347531895469736}, "english-5k": {"sft": 0.0, "sfb": 0.3361264363048077, "dsfb": 0.0, "sfT": 0.05861368067366325, "roll-out": 0.11295474343551666, "roll-in": 0.12253702244161446, "bad-redirect": 8.296345459824948e-05, "redirect": 0.012112664371344423, "oneh-out": 0.007591156095739827, "oneh-in": 0.0026963122744431078, "dsfb-red": 0.037001700750819266, "dsfb-alt": 0.0853693947815987, "alternate": 0.11544364707346413, "sfR": 0.10644211224955408, "unknown": 0.0030281660928361057}, "mt-quotes": {"sft": 0.0, "sfb": 0.38784798173581475, "dsfb": 0.0, "sfT": 0.06051953717980899, "roll-out": 0.10928628632218118, "roll-in": 0.08966842375778439, "bad-redirect": 0.0004646729061330847, "redirect": 0.01866909312582924, "oneh-out": 0.011524186897120522, "oneh-in": 0.0015434312284098924, "dsfb-red": 0.03142593323053753, "dsfb-alt": 0.056120832885095805, "alternate": 0.10003018132702216, "sfR": 0.09572710103871578, "unknown": 0.03717233836554667}, "english-1k": {"sft": 0.0, "sfb": 0.3662667607621736, "dsfb": 0.0, "sfT": 0.05222300635144672, "roll-out": 0.12491178546224418, "roll-in": 0.11326746647847566, "bad-redirect": 0.0, "redirect": 0.01305575158786168, "oneh-out": 0.0077628793225123505, "oneh-in": 0.0014114326040931546, "dsfb-red": 0.04163726182074806, "dsfb-alt": 0.058927311220889206, "alternate": 0.1122088920254058, "sfR": 0.10832745236414962, "unknown": 0.0}, "english-10k": {"sft": 0.0, "sfb": 0.3300206479998456, "dsfb": 0.0, "sfT": 0.06987514714112039, "roll-out": 0.11375697111209741, "roll-in": 0.11495339727137648, "bad-redirect": 5.789158835221242e-05, "redirect": 0.012678257849134521, "oneh-out": 0.006966287798382895, "oneh-in": 0.002566527083614751, "dsfb-red": 0.03944346886397406, "dsfb-alt": 0.08382701993400359, "alternate": 0.11265703093340537, "sfR": 0.10543987958549622, "unknown": 0.0077574728391964646}, "reddit": {"sft": 0.0, "sfb": 0.34902454340817884, "dsfb": 0.0, "sfT": 0.05586020294051931, "roll-out": 0.10635897649116557, "roll-in": 0.08636125015615059, "bad-redirect": 0.00030883637234691485, "redirect": 0.017607044390967743, "oneh-out": 0.010544636407444512, "oneh-in": 0.001735551786091201, "dsfb-red": 0.030909782509148505, "dsfb-alt": 0.059441281478039565, "alternate": 0.09910276385142368, "sfR": 0.1028716913164539, "unknown": 0.07987343889206965}, "akl": {"sft": 0.0, "sfb": 0.3396324080713505, "dsfb": 0.0, "sfT": 0.050614579991675825, "roll-out": 0.10567865246030869, "roll-in": 0.08307513898507286, "bad-redirect": 0.00012434218523305518, "redirect": 0.014425861885880019, "oneh-out": 0.010928048685138698, "oneh-in": 0.0025232728052674994, "dsfb-red": 0.029236583589731007, "dsfb-alt": 0.056015070248068545, "alternate": 0.09172271358140063, "sfR": 0.11706348985084018, "unknown": 0.09895983766003248}, "keymash": {"sft": 0.0, "sfb": 0.38058724288112705, "dsfb": 0.0, "sfT": 0.06101891114185204, "roll-out": 0.10844248870134188, "roll-in": 0.09042210391071084, "bad-redirect": 0.00038996276881775603, "redirect": 0.018545808310722334, "oneh-out": 0.009601293855418224, "oneh-in": 0.001892345646578795, "dsfb-red": 0.03126269944543189, "dsfb-alt": 0.057718594656278606, "alternate": 0.09874678280715725, "sfR": 0.09899307508220005, "unknown": 0.0423786907923633}, "movie": {"sft": 0.0, "sfb": 0.34394621648976187, "dsfb": 0.0, "sfT": 0.046200053191846356, "roll-out": 0.11026780291749776, "roll-in": 0.08081857540339014, "bad-redirect": 0.0006435134306780092, "redirect": 0.019073001137400118, "oneh-out": 0.011490991667356459, "oneh-in": 0.0016418146341797223, "dsfb-red": 0.029887053523078116, "dsfb-alt": 0.05004020971957948, "alternate": 0.08837123855542947, "sfR": 0.1138359467128768, "unknown": 0.10378358261692566}}