{"english-450k": {"sft": 0.0, "sfb": 0.024665541328690095, "dsfb": 0.0, "sfT": 1.4909656253489883e-05, "roll-out": 0.17350425451426385, "roll-in": 0.28910905156460764, "bad-redirect": 0.026273445434458614, "redirect": 0.027083536757564898, "oneh-out": 0.0051444160998561075, "oneh-in": 0.010623568599913114, "dsfb-red": 0.011755533090374151, "dsfb-alt": 0.031616072258625824, "alternate": 0.27722810195398356, "sfR": 0.11328269117541298, "unknown": 0.009698877565995693}, "shai": {"sft": 0.0, "sfb": 0.014781780158922082, "dsfb": 0.0, "sfT": 2.6384576823434737e-05, "roll-out": 0.1478054046698185, "roll-in": 0.3169872281153927, "bad-redirect": 0.025407805623734958, "redirect": 0.02672437162364888, "oneh-out": 0.0034970807828629447, "oneh-in": 0.016163071005281405, "dsfb-red": 0.010836169310878357, "dsfb-alt": 0.03573254298553427, "alternate": 0.2376860737737074, "sfR": 0.09728563198976478, "unknown": 0.06706645538363028}, "tr-quotes": {"sft": 0.0, "sfb": 0.013986038233050554, "dsfb": 0.0, "sfT": 1.5025080326390976e-05, "roll-out": 0.1400649545780264, "roll-in": 0.3273618270497677, "bad-redirect": 0.031012921569080695, "redirect": 0.027525947157948268, "oneh-out": 0.003297427243937958, "oneh-in": 0.019812302073461085, "dsfb-red": 0.011007605002195973, "dsfb-alt": 0.03793601627331777, "alternate": 0.24675573842490928, "sfR": 0.09591664547745082, "unknown": 0.04530755183652713}, "gutenberg": {"sft": 0.0, "sfb": 0.013944820097575096, "dsfb": 0.0, "sfT": 2.9741574136272482e-05, "roll-out": 0.13363533344472217, "roll-in": 0.34574920919617047, "bad-redirect": 0.024101472946723178, "redirect": 0.023924160122573174, "oneh-out": 0.004425622006188521, "oneh-in": 0.014260800643175748, "dsfb-red": 0.010856811180407084, "dsfb-alt": 0.04073743191168609, "alternate": 0.21571847876205338, "sfR": 0.09761014138424484, "unknown": 0.07500597673034394}, "english-200": {"sft": 0.0, "sfb": 0.011135857461024499, "dsfb": 0.0, "sfT": 0.0, "roll-out": 0.1492204899777283, "roll-in": 0.3741648106904232, "bad-redirect": 0.022271714922048998, "redirect": 0.015590200445434299, "oneh-out": 0.0022271714922048997, "oneh-in": 0.0200445434298441, "dsfb-red": 0.008908685968819599, "dsfb-alt": 0.0334075723830735, "alternate": 0.2561247216035635, "sfR": 0.10690423162583519, "unknown": 0.0}, "monkeyracer": {"sft": 0.0, "sfb": 0.013919952453196115, "dsfb": 0.0, "sfT": 1.5640396014827094e-05, "roll-out": 0.13982807294680702, "roll-in": 0.3274815443327025, "bad-redirect": 0.0313980949997654, "redirect": 0.02760627649092075, "oneh-out": 0.00327568544035535, "oneh-in": 0.019986471057447174, "dsfb-red": 0.010966850180646574, "dsfb-alt": 0.03782727528661026, "alternate": 0.246426169510612, "sfR": 0.09605353707555875, "unknown": 0.04521442982936328}, "chained-bigrams": {"sft": 0.0, "sfb": 0.017105282807905155, "dsfb": 0.0, "sfT": 5.778811759427417e-05, "roll-out": 0.11450812897009238, "roll-in": 0.284419479400484, "bad-redirect": 0.02622801373149563, "redirect": 0.03125038552466092, "oneh-out": 0.005447017061779393, "oneh-in": 0.020850472271767777, "dsfb-red": 0.013533457696825355, "dsfb-alt": 0.038482990489634175, "alternate": 0.25912841233964606, "sfR": 0.11643721321023381, "unknown": 0.07255135837788104}, "english-5k": {"sft": 0.0, "sfb": 0.017837142738623635, "dsfb": 0.0, "sfT": 0.0, "roll-out": 0.19322188575932303, "roll-in": 0.30646700128593357, "bad-redirect": 0.02111419919525449, "redirect": 0.025096445015970466, "oneh-out": 0.004562990002903721, "oneh-in": 0.013066744099224292, "dsfb-red": 0.013274152735719915, "dsfb-alt": 0.03351723565769279, "alternate": 0.26237192516696395, "sfR": 0.10644211224955408, "unknown": 0.0030281660928361057}, "mt-quotes": {"sft": 0.0, "sfb": 0.013330584143149138, "dsfb": 0.0, "sfT": 1.3447125900957435e-05, "roll-out": 0.1389282341831917, "roll-in": 0.3329090018049031, "bad-redirect": 0.03250170330261412, "redirect": 0.027656255602969127, "oneh-out": 0.003155592211424678, "oneh-in": 0.02066375013447126, "dsfb-red": 0.010784594972567863, "dsfb-alt": 0.038373614946032204, "alternate": 0.2496757748532769, "sfR": 0.09572710103871578, "unknown": 0.03628034568078316}, "english-1k": {"sft": 0.0, "sfb": 0.011997177134791814, "dsfb": 0.0, "sfT": 0.0, "roll-out": 0.1806633733239238, "roll-in": 0.3539167254763585, "bad-redirect": 0.02081863091037403, "redirect": 0.02328863796753705, "oneh-out": 0.006351446718419196, "oneh-in": 0.01834862385321101, "dsfb-red": 0.01587861679604799, "dsfb-alt": 0.02893436838390967, "alternate": 0.23147494707127736, "sfR": 0.10832745236414962, "unknown": 0.0}, "english-10k": {"sft": 0.0, "sfb": 0.01952876247081299, "dsfb": 0.0, "sfT": 0.0, "roll-out": 0.1883020397136296, "roll-in": 0.3088902182512881, "bad-redirect": 0.022867177399123906, "redirect": 0.025819648405086743, "oneh-out": 0.00470851585264661, "oneh-in": 0.01188707280832095, "dsfb-red": 0.012987012987012988, "dsfb-alt": 0.03278593620346964, "alternate": 0.2590262634839158, "sfR": 0.10543987958549622, "unknown": 0.0077574728391964646}, "reddit": {"sft": 0.0, "sfb": 0.016268278983563124, "dsfb": 0.0, "sfT": 5.727238487791786e-05, "roll-out": 0.13844211247075278, "roll-in": 0.3003263851704603, "bad-redirect": 0.026649413782118093, "redirect": 0.02585992388279051, "oneh-out": 0.0037299342978242673, "oneh-in": 0.016941950561083958, "dsfb-red": 0.00988220205390234, "dsfb-alt": 0.040407783875220364, "alternate": 0.2415767548283074, "sfR": 0.1028716913164539, "unknown": 0.07698629639264509}, "akl": {"sft": 0.0, "sfb": 0.018057248455511456, "dsfb": 0.0, "sfT": 9.2125973812433e-05, "roll-out": 0.13101310939596958, "roll-in": 0.28329511375482297, "bad-redirect": 0.025678241084070557, "redirect": 0.022927286400013083, "oneh-out": 0.008386003741293413, "oneh-in": 0.01573384006955728, "dsfb-red": 0.009729853437302483, "dsfb-alt": 0.04166460668776333, "alternate": 0.22909784323616306, "sfR": 0.11706348985084018, "unknown": 0.09726123791288017}, "keymash": {"sft": 0.0, "sfb": 0.014835004700077582, "dsfb": 0.0, "sfT": 8.209742501426442e-06, "roll-out": 0.13966003456301593, "roll-in": 0.33169822628513257, "bad-redirect": 0.02985472860643726, "redirect": 0.027005947958442283, "oneh-out": 0.0039242569156818395, "oneh-in": 0.020023561960979094, "dsfb-red": 0.011308920295714925, "dsfb-alt": 0.03868841153797211, "alternate": 0.2426923029559178, "sfR": 0.09899307508220005, "unknown": 0.04130731939592715}, "movie": {"sft": 0.0, "sfb": 0.012660764854533723, "dsfb": 0.0, "sfT": 6.527252793789214e-05, "roll-out": 0.11348997599523826, "roll-in": 0.28495208983289577, "bad-redirect": 0.031478071391564236, "redirect": 0.029230248710703077, "oneh-out": 0.0024919366714353337, "oneh-in": 0.022773663956233717, "dsfb-red": 0.01082800175656795, "dsfb-alt": 0.039686486573269925, "alternate": 0.2349420160183521, "sfR": 0.1138359467128768, "unknown": 0.10356552499839122}}