{"english-450k": {"sft": 0.0, "sfb": 0.027567662066501745, "dsfb": 0.0, "sfT": 3.040400490907741e-05, "roll-out": 0.2336688103439102, "roll-in": 0.22590877278327032, "bad-redirect": 0.025672966337504335, "redirect": 0.027873456192798813, "oneh-out": 0.00752469886879561, "oneh-in": 0.008371625813234045, "dsfb-red": 0.011555860635057806, "dsfb-alt": 0.03567149875957507, "alternate": 0.2731726754530343, "sfR": 0.11328269117541298, "unknown": 0.009698877565995693}, "shai": {"sft": 0.0, "sfb": 0.01769900790585184, "dsfb": 0.0, "sfT": 2.6763876886321138e-05, "roll-out": 0.20994469418042236, "roll-in": 0.25214951667883007, "bad-redirect": 0.024203725314919683, "redirect": 0.026641506171134616, "oneh-out": 0.006180272650174184, "oneh-in": 0.01450790229106527, "dsfb-red": 0.010875906798078915, "dsfb-alt": 0.03355148634535255, "alternate": 0.23986713041388913, "sfR": 0.09728563198976478, "unknown": 0.06706645538363028}, "tr-quotes": {"sft": 0.0, "sfb": 0.019294514689905458, "dsfb": 0.0, "sfT": 1.5025080326390976e-05, "roll-out": 0.19757056008876356, "roll-in": 0.26471417674117564, "bad-redirect": 0.029943829315087492, "redirect": 0.027020873303899587, "oneh-out": 0.005954554910889716, "oneh-in": 0.01854903955063452, "dsfb-red": 0.011021474307112642, "dsfb-alt": 0.035216476734241005, "alternate": 0.24947527796398603, "sfR": 0.09591664547745082, "unknown": 0.04530755183652713}, "gutenberg": {"sft": 0.0, "sfb": 0.016694305492567826, "dsfb": 0.0, "sfT": 3.523524069647568e-05, "roll-out": 0.1984312361545395, "roll-in": 0.27825364296395816, "bad-redirect": 0.023338042731632872, "redirect": 0.023692100069599074, "oneh-out": 0.006842077545566176, "oneh-in": 0.012927355163269877, "dsfb-red": 0.010713975849841802, "dsfb-alt": 0.033439001168067174, "alternate": 0.2230169095056723, "sfR": 0.09761014138424484, "unknown": 0.07500597673034394}, "english-200": {"sft": 0.0, "sfb": 0.015590200445434299, "dsfb": 0.0, "sfT": 0.0, "roll-out": 0.19821826280623608, "roll-in": 0.3207126948775056, "bad-redirect": 0.022271714922048998, "redirect": 0.017817371937639197, "oneh-out": 0.0022271714922048997, "oneh-in": 0.017817371937639197, "dsfb-red": 0.008908685968819599, "dsfb-alt": 0.026726057906458798, "alternate": 0.26280623608017817, "sfR": 0.10690423162583519, "unknown": 0.0}, "monkeyracer": {"sft": 0.0, "sfb": 0.01908617076184369, "dsfb": 0.0, "sfT": 1.5640396014827094e-05, "roll-out": 0.19736322473685033, "roll-in": 0.26492875799615245, "bad-redirect": 0.030302289753976572, "redirect": 0.02712435678871389, "oneh-out": 0.005941395436132443, "oneh-in": 0.018738171950513787, "dsfb-red": 0.010978580477657695, "dsfb-alt": 0.03508629588501181, "alternate": 0.24916714891221045, "sfR": 0.09605353707555875, "unknown": 0.04521442982936328}, "chained-bigrams": {"sft": 0.0, "sfb": 0.01937525201138361, "dsfb": 0.0, "sfT": 6.298255513083814e-05, "roll-out": 0.17349810954938905, "roll-in": 0.22361339359746615, "bad-redirect": 0.026409169740583296, "redirect": 0.03628574341166762, "oneh-out": 0.006544991296070603, "oneh-in": 0.013928234949604216, "dsfb-red": 0.013682148471309498, "dsfb-alt": 0.03817522006559276, "alternate": 0.2594361827636875, "sfR": 0.11643721321023381, "unknown": 0.07255135837788104}, "english-5k": {"sft": 0.0, "sfb": 0.020326046376571122, "dsfb": 0.0, "sfT": 0.0, "roll-out": 0.2561496660720952, "roll-in": 0.24096735388061558, "bad-redirect": 0.021777906832040485, "redirect": 0.02696312274443108, "oneh-out": 0.004936325548595843, "oneh-in": 0.010411913552080309, "dsfb-red": 0.013108225826523417, "dsfb-alt": 0.03666984693242627, "alternate": 0.25921931389223046, "sfR": 0.10644211224955408, "unknown": 0.0030281660928361057}, "mt-quotes": {"sft": 0.0, "sfb": 0.018733340505133814, "dsfb": 0.0, "sfT": 1.3447125900957435e-05, "roll-out": 0.19731864309534908, "roll-in": 0.2692488136646705, "bad-redirect": 0.031248132343624866, "redirect": 0.027003322934222636, "oneh-out": 0.006040747779730102, "oneh-in": 0.01949534430618807, "dsfb-red": 0.010841371726371906, "dsfb-alt": 0.03522848161030827, "alternate": 0.2528209081890008, "sfR": 0.09572710103871578, "unknown": 0.03628034568078316}, "english-1k": {"sft": 0.0, "sfb": 0.014820042342978124, "dsfb": 0.0, "sfT": 0.0, "roll-out": 0.22865208186309105, "roll-in": 0.30310515172900493, "bad-redirect": 0.022582921665490474, "redirect": 0.02399435426958363, "oneh-out": 0.006351446718419196, "oneh-in": 0.016584333098094567, "dsfb-red": 0.015172900494001412, "dsfb-alt": 0.02893436838390967, "alternate": 0.23147494707127736, "sfR": 0.10832745236414962, "unknown": 0.0}, "english-10k": {"sft": 0.0, "sfb": 0.02255842226124544, "dsfb": 0.0, "sfT": 0.0, "roll-out": 0.2575210821867583, "roll-in": 0.2367187047721966, "bad-redirect": 0.02101464657185311, "redirect": 0.025645973640030104, "oneh-out": 0.008934601802358118, "oneh-in": 0.009532814881997646, "dsfb-red": 0.013064201771482603, "dsfb-alt": 0.03562262403272805, "alternate": 0.2561895756546574, "sfR": 0.10543987958549622, "unknown": 0.0077574728391964646}, "reddit": {"sft": 0.0, "sfb": 0.020711215142833545, "dsfb": 0.0, "sfT": 4.378771610352255e-05, "roll-out": 0.19020544829313124, "roll-in": 0.24447359879776687, "bad-redirect": 0.025583787832221504, "redirect": 0.025834939788144617, "oneh-out": 0.005874071547779646, "oneh-in": 0.01551759496437519, "dsfb-red": 0.00991302950501714, "dsfb-alt": 0.0368324737793425, "alternate": 0.24515206492418526, "sfR": 0.1028716913164539, "unknown": 0.07698629639264509}, "akl": {"sft": 0.0, "sfb": 0.022267287745659455, "dsfb": 0.0, "sfT": 0.00018195964027378328, "roll-out": 0.17577846447871506, "roll-in": 0.2341879426863686, "bad-redirect": 0.024886465734156035, "redirect": 0.022656236544310735, "oneh-out": 0.01021582259573202, "oneh-in": 0.015103703365020456, "dsfb-red": 0.00963493952211711, "dsfb-alt": 0.0343680065265088, "alternate": 0.23639444339741758, "sfR": 0.11706348985084018, "unknown": 0.09726123791288017}, "keymash": {"sft": 0.0, "sfb": 0.01889472236703296, "dsfb": 0.0, "sfT": 8.209742501426442e-06, "roll-out": 0.19816265962818075, "roll-in": 0.2690866250980038, "bad-redirect": 0.02898860077253677, "redirect": 0.026763760554650202, "oneh-out": 0.006493906318628316, "oneh-in": 0.01854991318197305, "dsfb-red": 0.011370493364475624, "dsfb-alt": 0.035897099087487123, "alternate": 0.2454836154064028, "sfR": 0.09899307508220005, "unknown": 0.04130731939592715}, "movie": {"sft": 0.0, "sfb": 0.020223561040144052, "dsfb": 0.0, "sfT": 6.514093009930767e-05, "roll-out": 0.15083283666115754, "roll-in": 0.24038174427407935, "bad-redirect": 0.031246985587009925, "redirect": 0.02838644336969952, "oneh-out": 0.004150859024631036, "oneh-in": 0.02186024335861898, "dsfb-red": 0.010822211451670232, "dsfb-alt": 0.0359225251940772, "alternate": 0.23870597739754484, "sfR": 0.1138359467128768, "unknown": 0.10356552499839122}}