{"english-450k": {"sft": 0.0, "sfb": 0.024469669373987386, "dsfb": 0.0, "sfT": 0.00018651687626914794, "roll-out": 0.17439795685087012, "roll-in": 0.218547495440861, "bad-redirect": 0.0021449440770952015, "redirect": 0.0365818648296411, "oneh-out": 0.004614684783555643, "oneh-in": 0.002413902582060117, "dsfb-red": 0.012904746006697066, "dsfb-alt": 0.049466438948465793, "alternate": 0.3512902114890888, "sfR": 0.11328269117541298, "unknown": 0.009698877565995693}, "shai": {"sft": 0.0, "sfb": 0.013099464397347934, "dsfb": 0.0, "sfT": 1.6321513930530187e-05, "roll-out": 0.19695733230370138, "roll-in": 0.20956376854583786, "bad-redirect": 0.0010371224841955727, "redirect": 0.03269080418734884, "oneh-out": 0.012042115156737624, "oneh-in": 0.0020338417708761335, "dsfb-red": 0.008103412988410757, "dsfb-alt": 0.04424502722135921, "alternate": 0.3152276899573419, "sfR": 0.09728563198976478, "unknown": 0.06769746748314746}, "tr-quotes": {"sft": 0.0, "sfb": 0.011423684149696032, "dsfb": 0.0, "sfT": 1.9648181965280506e-05, "roll-out": 0.21330528651672406, "roll-in": 0.20160190471787523, "bad-redirect": 0.0009431127343334643, "redirect": 0.03131804627724741, "oneh-out": 0.021253554009384897, "oneh-in": 0.0021936617276530823, "dsfb-red": 0.009212685790897113, "dsfb-alt": 0.046315387993805045, "alternate": 0.3211044589815307, "sfR": 0.09591664547745082, "unknown": 0.04539192344143686}, "gutenberg": {"sft": 0.0, "sfb": 0.011334191860810949, "dsfb": 0.0, "sfT": 0.00016537830713991004, "roll-out": 0.22374756715817934, "roll-in": 0.20112067009092585, "bad-redirect": 0.0012445996310529314, "redirect": 0.02766155831451279, "oneh-out": 0.013143313090119242, "oneh-in": 0.0017229274953464856, "dsfb-red": 0.006358634888268294, "dsfb-alt": 0.03936609907619261, "alternate": 0.3013276108271454, "sfR": 0.09761014138424484, "unknown": 0.07519730787606137}, "english-200": {"sft": 0.0, "sfb": 0.008908685968819599, "dsfb": 0.0, "sfT": 0.0, "roll-out": 0.20044543429844097, "roll-in": 0.24944320712694878, "bad-redirect": 0.0, "redirect": 0.028953229398663696, "oneh-out": 0.0200445434298441, "oneh-in": 0.004454342984409799, "dsfb-red": 0.0022271714922048997, "dsfb-alt": 0.0467706013363029, "alternate": 0.33184855233853006, "sfR": 0.10690423162583519, "unknown": 0.0}, "monkeyracer": {"sft": 0.0, "sfb": 0.01133439948699501, "dsfb": 0.0, "sfT": 1.7595445516680483e-05, "roll-out": 0.21381398877019567, "roll-in": 0.20093119007773277, "bad-redirect": 0.0009628618796627931, "redirect": 0.031285679653408824, "oneh-out": 0.021762633529880976, "oneh-in": 0.0022219137588563743, "dsfb-red": 0.009172114737945165, "dsfb-alt": 0.04637866180771697, "alternate": 0.32077376949184355, "sfR": 0.09605353707555875, "unknown": 0.04529165428468649}, "chained-bigrams": {"sft": 0.0, "sfb": 0.014004203598576464, "dsfb": 0.0, "sfT": 2.2725664222467372e-05, "roll-out": 0.18541739578172714, "roll-in": 0.17134956032332777, "bad-redirect": 0.0026959130814767007, "redirect": 0.03572669207179492, "oneh-out": 0.006387859560589543, "oneh-in": 0.0040990605210410435, "dsfb-red": 0.016837119970080038, "dsfb-alt": 0.05882375857812661, "alternate": 0.3152783341958264, "sfR": 0.11643721321023381, "unknown": 0.07292016344297708}, "english-5k": {"sft": 0.0, "sfb": 0.017131953374538517, "dsfb": 0.0, "sfT": 0.0, "roll-out": 0.17194175965487202, "roll-in": 0.2470236860662878, "bad-redirect": 0.0018666777284606132, "redirect": 0.035881694113742896, "oneh-out": 0.005351142821587091, "oneh-in": 0.0015348239100676153, "dsfb-red": 0.009706724187995189, "dsfb-alt": 0.04849213921267682, "alternate": 0.35159912058738124, "sfR": 0.10644211224955408, "unknown": 0.0030281660928361057}, "mt-quotes": {"sft": 0.0, "sfb": 0.01055449970715148, "dsfb": 0.0, "sfT": 8.96475060063829e-06, "roll-out": 0.21845154851125376, "roll-in": 0.2008343194558994, "bad-redirect": 0.0008770514337624461, "redirect": 0.03101056645270795, "oneh-out": 0.02348764657367232, "oneh-in": 0.0022830231529625514, "dsfb-red": 0.00915898686365212, "dsfb-alt": 0.047374224549073043, "alternate": 0.32393379232856406, "sfR": 0.09572710103871578, "unknown": 0.03629827518198444}, "english-1k": {"sft": 0.0, "sfb": 0.011644318983768526, "dsfb": 0.0, "sfT": 0.0, "roll-out": 0.1930134086097389, "roll-in": 0.26852505292872264, "bad-redirect": 0.0, "redirect": 0.03493295695130558, "oneh-out": 0.008468595624558928, "oneh-in": 0.0024700070571630206, "dsfb-red": 0.009174311926605505, "dsfb-alt": 0.03987297106563162, "alternate": 0.32357092448835567, "sfR": 0.10832745236414962, "unknown": 0.0}, "english-10k": {"sft": 0.0, "sfb": 0.017444665290133343, "dsfb": 0.0, "sfT": 5.789158835221242e-05, "roll-out": 0.17458173327415527, "roll-in": 0.24154300380154764, "bad-redirect": 0.0012543177476312692, "redirect": 0.03761023523282067, "oneh-out": 0.00470851585264661, "oneh-in": 0.0018525308272707975, "dsfb-red": 0.009532814881997646, "dsfb-alt": 0.0494008220605546, "alternate": 0.34881611701819726, "sfR": 0.10543987958549622, "unknown": 0.0077574728391964646}, "reddit": {"sft": 0.0, "sfb": 0.011406831145914042, "dsfb": 0.0, "sfT": 2.0713949534001685e-05, "roll-out": 0.19640000546878233, "roll-in": 0.1923884288806395, "bad-redirect": 0.00101307319908971, "redirect": 0.030000990748580786, "oneh-out": 0.016287045147607492, "oneh-in": 0.002481366341555048, "dsfb-red": 0.008477174482436874, "dsfb-alt": 0.04687907642005268, "alternate": 0.3082899436022457, "sfR": 0.1028716913164539, "unknown": 0.0834836592971079}, "akl": {"sft": 0.0, "sfb": 0.019730137187779995, "dsfb": 0.0, "sfT": 0.00013778625807589172, "roll-out": 0.17911426730856228, "roll-in": 0.18411837425597588, "bad-redirect": 0.0012099046016025583, "redirect": 0.02672440059570253, "oneh-out": 0.01688928688300844, "oneh-in": 0.0023235942487123736, "dsfb-red": 0.010645537292680935, "dsfb-alt": 0.04722035430150236, "alternate": 0.2899063759723565, "sfR": 0.11706348985084018, "unknown": 0.10491649124320006}, "keymash": {"sft": 0.0, "sfb": 0.011797399974549799, "dsfb": 0.0, "sfT": 2.873409875499255e-05, "roll-out": 0.21381042883589957, "roll-in": 0.20383559169666643, "bad-redirect": 0.0009769593576697466, "redirect": 0.031467943007967555, "oneh-out": 0.02075833391485676, "oneh-in": 0.0021468476641230147, "dsfb-red": 0.009560245142911093, "dsfb-alt": 0.045227471440358276, "alternate": 0.32003628706185633, "sfR": 0.09899307508220005, "unknown": 0.04136068272218642}, "movie": {"sft": 0.0, "sfb": 0.010305295141710474, "dsfb": 0.0, "sfT": 1.1843805472601396e-05, "roll-out": 0.18662679076693772, "roll-in": 0.1781663657243428, "bad-redirect": 0.0007468177339668103, "redirect": 0.026019524644919422, "oneh-out": 0.02866674676588442, "oneh-in": 0.0013712494780500728, "dsfb-red": 0.009762585655388161, "dsfb-alt": 0.04761315078256629, "alternate": 0.29327209998172105, "sfR": 0.1138359467128768, "unknown": 0.10360158280616336}}