{"english-450k": {"sft": 0.0, "sfb": 0.028685593939312436, "dsfb": 0.0, "sfT": 0.000459568228048747, "roll-out": 0.1964370599093376, "roll-in": 0.2140175910556095, "bad-redirect": 0.0021449440770952015, "redirect": 0.0522054305060922, "oneh-out": 0.006225512351334648, "oneh-in": 0.004936265604709346, "dsfb-red": 0.023279820335718685, "dsfb-alt": 0.03694846696575632, "alternate": 0.31167817828557665, "sfR": 0.11328269117541298, "unknown": 0.009698877565995693}, "shai": {"sft": 0.0, "sfb": 0.01698648886731093, "dsfb": 0.0, "sfT": 0.00025459936159929005, "roll-out": 0.21755789667123168, "roll-in": 0.204405759880457, "bad-redirect": 0.0010415115277804012, "redirect": 0.04480332982106636, "oneh-out": 0.008940516615974633, "oneh-in": 0.0038802357729190904, "dsfb-red": 0.018312030345243563, "dsfb-alt": 0.030327489996541404, "alternate": 0.2891380537664806, "sfR": 0.09728563198976478, "unknown": 0.06706645538363028}, "tr-quotes": {"sft": 0.0, "sfb": 0.01611382076234946, "dsfb": 0.0, "sfT": 0.0002334666327639213, "roll-out": 0.23734541503894963, "roll-in": 0.19347680358752686, "bad-redirect": 0.0009431127343334643, "redirect": 0.043983033216985275, "oneh-out": 0.012840664802015673, "oneh-in": 0.0038556667668338688, "dsfb-red": 0.017100852962252375, "dsfb-alt": 0.03401678185894917, "alternate": 0.29882919950995124, "sfR": 0.09591664547745082, "unknown": 0.045344536649638244}, "gutenberg": {"sft": 0.0, "sfb": 0.016310317143687417, "dsfb": 0.0, "sfT": 0.00030290940792292804, "roll-out": 0.23375854312509306, "roll-in": 0.1878199350383401, "bad-redirect": 0.0012445996310529314, "redirect": 0.04004219893665348, "oneh-out": 0.01161436885538131, "oneh-in": 0.003794986972432781, "dsfb-red": 0.01759716117622053, "dsfb-alt": 0.02824748626867515, "alternate": 0.2864659167243502, "sfR": 0.09761014138424484, "unknown": 0.07519143533594529}, "english-200": {"sft": 0.0, "sfb": 0.008908685968819599, "dsfb": 0.0, "sfT": 0.0, "roll-out": 0.24498886414253898, "roll-in": 0.21603563474387527, "bad-redirect": 0.0, "redirect": 0.0400890868596882, "oneh-out": 0.015590200445434299, "oneh-in": 0.0066815144766146995, "dsfb-red": 0.013363028953229399, "dsfb-alt": 0.035634743875278395, "alternate": 0.311804008908686, "sfR": 0.10690423162583519, "unknown": 0.0}, "monkeyracer": {"sft": 0.0, "sfb": 0.01612133819228303, "dsfb": 0.0, "sfT": 0.00023558346497333312, "roll-out": 0.23759618843549118, "roll-in": 0.19274539781347264, "bad-redirect": 0.0009628618796627931, "redirect": 0.04396222062342618, "oneh-out": 0.013030404929852824, "oneh-in": 0.003933559597729014, "dsfb-red": 0.016989380171105933, "dsfb-alt": 0.034217276381437976, "alternate": 0.2989065408136134, "sfR": 0.09605353707555875, "unknown": 0.04524571062139293}, "chained-bigrams": {"sft": 0.0, "sfb": 0.01713450151904833, "dsfb": 0.0, "sfT": 7.402073489603658e-05, "roll-out": 0.2004741222861499, "roll-in": 0.16808420702690524, "bad-redirect": 0.002698510300244983, "redirect": 0.04829138716805109, "oneh-out": 0.007215073738287355, "oneh-in": 0.0050567849418450255, "dsfb-red": 0.0258105108144943, "dsfb-alt": 0.048016731283305275, "alternate": 0.28792897126112504, "sfR": 0.11643721321023381, "unknown": 0.07277796571541365}, "english-5k": {"sft": 0.0, "sfb": 0.022358651014228233, "dsfb": 0.0, "sfT": 0.00020740863649562367, "roll-out": 0.19504708176048452, "roll-in": 0.24830961961256068, "bad-redirect": 0.0018666777284606132, "redirect": 0.04990251794084705, "oneh-out": 0.005475588003484465, "oneh-in": 0.003774837184220351, "dsfb-red": 0.024059401833492346, "dsfb-alt": 0.034720205749367405, "alternate": 0.30480773219396856, "sfR": 0.10644211224955408, "unknown": 0.0030281660928361057}, "mt-quotes": {"sft": 0.0, "sfb": 0.015289382149388605, "dsfb": 0.0, "sfT": 0.00020170688851436154, "roll-out": 0.24375455708155533, "roll-in": 0.19162453233884366, "bad-redirect": 0.0008770514337624461, "redirect": 0.04399750182283262, "oneh-out": 0.01359803253606818, "oneh-in": 0.003995290517684465, "dsfb-red": 0.01668788324308818, "dsfb-alt": 0.03503872772259476, "alternate": 0.30292788754616845, "sfR": 0.09572710103871578, "unknown": 0.03628034568078316}, "english-1k": {"sft": 0.0, "sfb": 0.01587861679604799, "dsfb": 0.0, "sfT": 0.00035285815102328866, "roll-out": 0.20783345095271702, "roll-in": 0.24700070571630206, "bad-redirect": 0.0, "redirect": 0.04904728299223712, "oneh-out": 0.010232886379675371, "oneh-in": 0.007057163020465773, "dsfb-red": 0.021524347212420608, "dsfb-alt": 0.03140437544107269, "alternate": 0.3013408609738885, "sfR": 0.10832745236414962, "unknown": 0.0}, "english-10k": {"sft": 0.0, "sfb": 0.02253912506512804, "dsfb": 0.0, "sfT": 0.00027016074564365796, "roll-out": 0.19690858918199186, "roll-in": 0.2447270411609193, "bad-redirect": 0.0012543177476312692, "redirect": 0.049670982806198256, "oneh-out": 0.005287431736168735, "oneh-in": 0.004457652303120356, "dsfb-red": 0.0228285830068891, "dsfb-alt": 0.03239999228112155, "alternate": 0.30645877154049517, "sfR": 0.10543987958549622, "unknown": 0.0077574728391964646}, "reddit": {"sft": 0.0, "sfb": 0.015879283746835084, "dsfb": 0.0, "sfT": 0.0003095480631988968, "roll-out": 0.21572705681933746, "roll-in": 0.18917641823599182, "bad-redirect": 0.001041016429383318, "redirect": 0.04248906758572176, "oneh-out": 0.011101890344546398, "oneh-in": 0.0034197120011866507, "dsfb-red": 0.018894830258922496, "dsfb-alt": 0.03503163372193527, "alternate": 0.2856846943578086, "sfR": 0.1028716913164539, "unknown": 0.07837315711867839}, "akl": {"sft": 0.0, "sfb": 0.022337605822510233, "dsfb": 0.0, "sfT": 0.0014850434379852179, "roll-out": 0.20588866498621952, "roll-in": 0.17698750172077937, "bad-redirect": 0.0012371644728046232, "redirect": 0.03953468143309108, "oneh-out": 0.008865219886175169, "oneh-in": 0.004369137811163685, "dsfb-red": 0.016341735197363327, "dsfb-alt": 0.040553085439499134, "alternate": 0.2666229765276401, "sfR": 0.11706348985084018, "unknown": 0.09871369341392838}, "keymash": {"sft": 0.0, "sfb": 0.016263499895325783, "dsfb": 0.0, "sfT": 0.0005048991638377262, "roll-out": 0.23625586483479946, "roll-in": 0.1971200223304996, "bad-redirect": 0.0009769593576697466, "redirect": 0.04488676712654908, "oneh-out": 0.01299602237975806, "oneh-in": 0.0042115979032317655, "dsfb-red": 0.017117313115474132, "dsfb-alt": 0.03313452073575712, "alternate": 0.29623213867897036, "sfR": 0.09899307508220005, "unknown": 0.04130731939592715}, "movie": {"sft": 0.0, "sfb": 0.013883308774983356, "dsfb": 0.0, "sfT": 9.580322648948685e-05, "roll-out": 0.2109860770802756, "roll-in": 0.1721081276272686, "bad-redirect": 0.000747344125321148, "redirect": 0.036066888023004354, "oneh-out": 0.014882267967677991, "oneh-in": 0.0033628511671872897, "dsfb-red": 0.016101916735678765, "dsfb-alt": 0.038425121290437875, "alternate": 0.275924741301679, "sfR": 0.1138359467128768, "unknown": 0.10357960596711975}}