{"english-450k": {"sft": 0.0, "sfb": 0.018216091787352052, "dsfb": 0.0, "sfT": 2.631115809439391e-06, "roll-out": 0.24102277903129332, "roll-in": 0.17907725014485754, "bad-redirect": 0.015290291007255447, "redirect": 0.05578871789234761, "oneh-out": 0.012910885276919092, "oneh-in": 0.015403428987061343, "dsfb-red": 0.01775476948209701, "dsfb-alt": 0.03474739241805975, "alternate": 0.2868041941155387, "sfR": 0.11328269117541298, "unknown": 0.009698877565995693}, "shai": {"sft": 0.0, "sfb": 0.011287369958134561, "dsfb": 0.0, "sfT": 8.0968952199832e-06, "roll-out": 0.2773405136125374, "roll-in": 0.15626047913183944, "bad-redirect": 0.0160379097253465, "redirect": 0.04574506608026361, "oneh-out": 0.017317656526298807, "oneh-in": 0.016649755560461513, "dsfb-red": 0.013816914336706369, "dsfb-alt": 0.031021260774831073, "alternate": 0.2495318779254485, "sfR": 0.09728563198976478, "unknown": 0.06769746748314746}, "tr-quotes": {"sft": 0.0, "sfb": 0.01146182473821687, "dsfb": 0.0, "sfT": 5.778877048611914e-06, "roll-out": 0.2939576061579714, "roll-in": 0.14493770370541598, "bad-redirect": 0.016110353436120294, "redirect": 0.050328240216361154, "oneh-out": 0.02111832828644738, "oneh-in": 0.025672083400753564, "dsfb-red": 0.01565382214927995, "dsfb-alt": 0.02815700053165669, "alternate": 0.2512886895818405, "sfR": 0.09591664547745082, "unknown": 0.04539192344143686}, "gutenberg": {"sft": 0.0, "sfb": 0.01304480596559146, "dsfb": 0.0, "sfT": 1.8185930682051963e-05, "roll-out": 0.3034068689017933, "roll-in": 0.1305028068847387, "bad-redirect": 0.01618131069791161, "redirect": 0.05047846047003811, "oneh-out": 0.027845501425890627, "oneh-in": 0.017264320757383392, "dsfb-red": 0.021974855677590728, "dsfb-alt": 0.026471516475506014, "alternate": 0.22000391755256776, "sfR": 0.09761014138424484, "unknown": 0.07519730787606137}, "english-200": {"sft": 0.0, "sfb": 0.0022271714922048997, "dsfb": 0.0, "sfT": 0.0, "roll-out": 0.31403118040089084, "roll-in": 0.1514476614699332, "bad-redirect": 0.013363028953229399, "redirect": 0.0556792873051225, "oneh-out": 0.026726057906458798, "oneh-in": 0.015590200445434299, "dsfb-red": 0.022271714922048998, "dsfb-alt": 0.024498886414253896, "alternate": 0.267260579064588, "sfR": 0.10690423162583519, "unknown": 0.0}, "monkeyracer": {"sft": 0.0, "sfb": 0.01132266918998389, "dsfb": 0.0, "sfT": 5.865148505560161e-06, "roll-out": 0.2939524453759169, "roll-in": 0.14434912491984297, "bad-redirect": 0.01625134898415628, "redirect": 0.05069638863256018, "oneh-out": 0.02116438838231384, "oneh-in": 0.026136079265527003, "dsfb-red": 0.015638440965325243, "dsfb-alt": 0.028199634014733254, "alternate": 0.25093842376088965, "sfR": 0.09605353707555875, "unknown": 0.04529165428468649}, "chained-bigrams": {"sft": 0.0, "sfb": 0.011958244513862331, "dsfb": 0.0, "sfT": 1.4934007917621416e-05, "roll-out": 0.25931346417688617, "roll-in": 0.13133810658855963, "bad-redirect": 0.02130238833744884, "redirect": 0.05602980048814727, "oneh-out": 0.016646873695303384, "oneh-in": 0.01165566852735748, "dsfb-red": 0.021195253063257213, "dsfb-alt": 0.03597277855008964, "alternate": 0.24521511139795948, "sfR": 0.11643721321023381, "unknown": 0.07292016344297708}, "english-5k": {"sft": 0.0, "sfb": 0.010702285643174181, "dsfb": 0.0, "sfT": 0.0, "roll-out": 0.2681378852615423, "roll-in": 0.19052557348487992, "bad-redirect": 0.01601194673746215, "redirect": 0.04633508939312233, "oneh-out": 0.01480897664578753, "oneh-in": 0.00883560791471357, "dsfb-red": 0.014726013191189281, "dsfb-alt": 0.03513502302235865, "alternate": 0.2853113203633799, "sfR": 0.10644211224955408, "unknown": 0.0030281660928361057}, "mt-quotes": {"sft": 0.0, "sfb": 0.010741265344664777, "dsfb": 0.0, "sfT": 5.9765004004255265e-06, "roll-out": 0.30241689676193206, "roll-in": 0.1427980181924672, "bad-redirect": 0.01638606997286669, "redirect": 0.05171017558958176, "oneh-out": 0.021820202961953597, "oneh-in": 0.027536725594960614, "dsfb-red": 0.015767502181422647, "dsfb-alt": 0.02771303235677317, "alternate": 0.25107875832227683, "sfR": 0.09572710103871578, "unknown": 0.03629827518198444}, "english-1k": {"sft": 0.0, "sfb": 0.009174311926605505, "dsfb": 0.0, "sfT": 0.0, "roll-out": 0.30275229357798167, "roll-in": 0.16619618913196896, "bad-redirect": 0.017290049400141144, "redirect": 0.0465772759350741, "oneh-out": 0.02646436132674665, "oneh-in": 0.008468595624558928, "dsfb-red": 0.020112914608327453, "dsfb-alt": 0.024700070571630206, "alternate": 0.2699364855328158, "sfR": 0.10832745236414962, "unknown": 0.0}, "english-10k": {"sft": 0.0, "sfb": 0.01202215318114278, "dsfb": 0.0, "sfT": 0.0, "roll-out": 0.25964377375967274, "roll-in": 0.19302985276239362, "bad-redirect": 0.014936029794870805, "redirect": 0.043013450145693834, "oneh-out": 0.01426062793076166, "oneh-in": 0.011346751317033636, "dsfb-red": 0.012543177476312692, "dsfb-alt": 0.03583489319001949, "alternate": 0.2901719380174061, "sfR": 0.10543987958549622, "unknown": 0.0077574728391964646}, "reddit": {"sft": 0.0, "sfb": 0.011323151284686268, "dsfb": 0.0, "sfT": 5.0679880143769044e-05, "roll-out": 0.2736894447069585, "roll-in": 0.14547365554574795, "bad-redirect": 0.014375780635903267, "redirect": 0.04821802911452361, "oneh-out": 0.019335816385258484, "oneh-in": 0.0211244827833555, "dsfb-red": 0.014035367664176311, "dsfb-alt": 0.028527565940498524, "alternate": 0.23749067544518604, "sfR": 0.1028716913164539, "unknown": 0.0834836592971079}, "akl": {"sft": 0.0, "sfb": 0.015831170200599196, "dsfb": 0.0, "sfT": 5.910435710629528e-05, "roll-out": 0.25863701139623696, "roll-in": 0.13764271007231177, "bad-redirect": 0.012502120384299752, "redirect": 0.049343030908604965, "oneh-out": 0.01732457746270323, "oneh-in": 0.02239571891157282, "dsfb-red": 0.015880547740026573, "dsfb-alt": 0.025739204068758813, "alternate": 0.2226648234037394, "sfR": 0.11706348985084018, "unknown": 0.10491649124320006}, "keymash": {"sft": 0.0, "sfb": 0.01186307791456121, "dsfb": 0.0, "sfT": 2.052435625356611e-05, "roll-out": 0.2930960170434254, "roll-in": 0.1461375213966414, "bad-redirect": 0.015602615623960954, "redirect": 0.05002196106119131, "oneh-out": 0.021829705311292913, "oneh-in": 0.02460870314802576, "dsfb-red": 0.017002376720454165, "dsfb-alt": 0.02815120703739127, "alternate": 0.25131253258241554, "sfR": 0.09899307508220005, "unknown": 0.04136068272218642}, "movie": {"sft": 0.0, "sfb": 0.012235703835905918, "dsfb": 0.0, "sfT": 1.5923338468719655e-05, "roll-out": 0.24911747199499296, "roll-in": 0.13478000591927078, "bad-redirect": 0.015172967593111064, "redirect": 0.044002632483163044, "oneh-out": 0.02035121094357098, "oneh-in": 0.03249413830327485, "dsfb-red": 0.017404866935503506, "dsfb-alt": 0.027537242517313997, "alternate": 0.22945030661638402, "sfR": 0.1138359467128768, "unknown": 0.10360158280616336}}