{"english-450k": {"sft": 0.0, "sfb": 0.07208701860081938, "dsfb": 0.0, "sfT": 9.121201472723222e-05, "roll-out": 0.13935090957673532, "roll-in": 0.21825631862461636, "bad-redirect": 0.0051499706776760345, "redirect": 0.022884275925699627, "oneh-out": 0.006436586308491897, "oneh-in": 0.004048410192124077, "dsfb-red": 0.010794591127526676, "dsfb-alt": 0.05880339191756305, "alternate": 0.33911574629261165, "sfR": 0.11328269117541298, "unknown": 0.009698877565995693}, "shai": {"sft": 0.0, "sfb": 0.05752449272099957, "dsfb": 0.0, "sfT": 0.00012794023345686647, "roll-out": 0.16121801997316723, "roll-in": 0.2205600760210216, "bad-redirect": 0.0046372412902642495, "redirect": 0.020897684040260923, "oneh-out": 0.004089024975902834, "oneh-in": 0.002585181505143154, "dsfb-red": 0.006762788527365183, "dsfb-alt": 0.047727311431360775, "alternate": 0.30888713980814536, "sfR": 0.09728563198976478, "unknown": 0.06769746748314746}, "tr-quotes": {"sft": 0.0, "sfb": 0.04982778946395137, "dsfb": 0.0, "sfT": 0.00020457224752086175, "roll-out": 0.1823755807771434, "roll-in": 0.21814567393264142, "bad-redirect": 0.005109683086382654, "redirect": 0.02111023785857932, "oneh-out": 0.004104158479924181, "oneh-in": 0.0031471764406740483, "dsfb-red": 0.006400684219042556, "dsfb-alt": 0.04624719724463142, "alternate": 0.3220186773306211, "sfR": 0.09591664547745082, "unknown": 0.04539192344143686}, "gutenberg": {"sft": 0.0, "sfb": 0.038869585281217, "dsfb": 0.0, "sfT": 0.0001326057445566289, "roll-out": 0.18432823634738613, "roll-in": 0.22234440894399227, "bad-redirect": 0.004738571563342165, "redirect": 0.01728023344673019, "oneh-out": 0.004929713272281648, "oneh-in": 0.0023836829767943735, "dsfb-red": 0.007044396024404004, "dsfb-alt": 0.04927989397602412, "alternate": 0.29586122316296526, "sfR": 0.09761014138424484, "unknown": 0.07519730787606137}, "english-200": {"sft": 0.0, "sfb": 0.06904231625835189, "dsfb": 0.0, "sfT": 0.0, "roll-out": 0.16926503340757237, "roll-in": 0.2516703786191537, "bad-redirect": 0.0066815144766146995, "redirect": 0.008908685968819599, "oneh-out": 0.004454342984409799, "oneh-in": 0.0022271714922048997, "dsfb-red": 0.0022271714922048997, "dsfb-alt": 0.04899777282850779, "alternate": 0.32962138084632514, "sfR": 0.10690423162583519, "unknown": 0.0}, "monkeyracer": {"sft": 0.0, "sfb": 0.049677807842094565, "dsfb": 0.0, "sfT": 0.00019941504918904546, "roll-out": 0.18288412812612415, "roll-in": 0.2178003347044747, "bad-redirect": 0.005142757714625334, "redirect": 0.02116145580806106, "oneh-out": 0.004051840092591144, "oneh-in": 0.003186730688021021, "dsfb-red": 0.0064086522670754025, "dsfb-alt": 0.04597983170933888, "alternate": 0.32216185463815944, "sfR": 0.09605353707555875, "unknown": 0.04529165428468649}, "chained-bigrams": {"sft": 0.0, "sfb": 0.051683354879427365, "dsfb": 0.0, "sfT": 0.00015323590732863713, "roll-out": 0.15169835381781419, "roll-in": 0.18083330465570943, "bad-redirect": 0.005403513647410671, "redirect": 0.027137689605086394, "oneh-out": 0.004398389984085542, "oneh-in": 0.006106710628923017, "dsfb-red": 0.010842089748193147, "dsfb-alt": 0.06148590781561565, "alternate": 0.31090007265719505, "sfR": 0.11643721321023381, "unknown": 0.07292016344297708}, "english-5k": {"sft": 0.0, "sfb": 0.08138714896088273, "dsfb": 0.0, "sfT": 0.00012444518189737422, "roll-out": 0.13738748081470112, "roll-in": 0.23657029078690836, "bad-redirect": 0.004438544821006347, "redirect": 0.0236445845605011, "oneh-out": 0.005475588003484465, "oneh-in": 0.003899282366117725, "dsfb-red": 0.008130418550628448, "dsfb-alt": 0.05342846476127266, "alternate": 0.33604347285020947, "sfR": 0.10644211224955408, "unknown": 0.0030281660928361057}, "mt-quotes": {"sft": 0.0, "sfb": 0.048441029870549004, "dsfb": 0.0, "sfT": 0.00018676563751329772, "roll-out": 0.18817160923249782, "roll-in": 0.21854269014236025, "bad-redirect": 0.005254837977074145, "redirect": 0.021098540538602217, "oneh-out": 0.004041608395787762, "oneh-in": 0.003098815457620636, "dsfb-red": 0.006196136790141165, "dsfb-alt": 0.04589504069996773, "alternate": 0.3270475490371858, "sfR": 0.09572710103871578, "unknown": 0.03629827518198444}, "english-1k": {"sft": 0.0, "sfb": 0.0561044460127029, "dsfb": 0.0, "sfT": 0.0, "roll-out": 0.15349329569513057, "roll-in": 0.2720536344389555, "bad-redirect": 0.0067043048694424845, "redirect": 0.024347212420606917, "oneh-out": 0.004940014114326041, "oneh-in": 0.0035285815102328866, "dsfb-red": 0.0067043048694424845, "dsfb-alt": 0.04728299223712068, "alternate": 0.3165137614678899, "sfR": 0.10832745236414962, "unknown": 0.0}, "english-10k": {"sft": 0.0, "sfb": 0.07668705737056405, "dsfb": 0.0, "sfT": 0.00015437756893923313, "roll-out": 0.13423129619266322, "roll-in": 0.23783794214700604, "bad-redirect": 0.004226085949711507, "redirect": 0.026205592327434822, "oneh-out": 0.0044769494992377605, "oneh-in": 0.0034734953011327455, "dsfb-red": 0.007776770035313869, "dsfb-alt": 0.05561451921035873, "alternate": 0.3361185619729453, "sfR": 0.10543987958549622, "unknown": 0.0077574728391964646}, "reddit": {"sft": 0.0, "sfb": 0.05128661532379031, "dsfb": 0.0, "sfT": 9.40930221146695e-05, "roll-out": 0.1648532221896967, "roll-in": 0.2073120241855026, "bad-redirect": 0.0050827462352022144, "redirect": 0.018587080151560187, "oneh-out": 0.004403905534651197, "oneh-in": 0.002776942789607141, "dsfb-red": 0.006255912418574607, "dsfb-alt": 0.04468006405966816, "alternate": 0.30831204347607044, "sfR": 0.1028716913164539, "unknown": 0.0834836592971079}, "akl": {"sft": 0.0, "sfb": 0.04868036822138386, "dsfb": 0.0, "sfT": 0.0001179608972016627, "roll-out": 0.16037459275920823, "roll-in": 0.19057468888742676, "bad-redirect": 0.006377942501744942, "redirect": 0.02013215833375772, "oneh-out": 0.005189040391818519, "oneh-in": 0.0023566778196712434, "dsfb-red": 0.005413748466477359, "dsfb-alt": 0.04251542444053141, "alternate": 0.29628741618673804, "sfR": 0.11706348985084018, "unknown": 0.10491649124320006}, "keymash": {"sft": 0.0, "sfb": 0.050580223551288314, "dsfb": 0.0, "sfT": 0.0001149363950199702, "roll-out": 0.18161592361655576, "roll-in": 0.2191631809468296, "bad-redirect": 0.005229605973408644, "redirect": 0.02185433453879719, "oneh-out": 0.004416841465767426, "oneh-in": 0.0031443313780463275, "dsfb-red": 0.006793561919930381, "dsfb-alt": 0.047054139146925654, "alternate": 0.31967916326304424, "sfR": 0.09899307508220005, "unknown": 0.04136068272218642}, "movie": {"sft": 0.0, "sfb": 0.04182718861352334, "dsfb": 0.0, "sfT": 0.00016699765716367968, "roll-out": 0.16556613587555793, "roll-in": 0.1927446426848907, "bad-redirect": 0.003534059955185672, "redirect": 0.020541369820325523, "oneh-out": 0.003643944150403696, "oneh-in": 0.0032895511710957456, "dsfb-red": 0.0055009212506690105, "dsfb-alt": 0.04768895113759094, "alternate": 0.2980587081645536, "sfR": 0.1138359467128768, "unknown": 0.10360158280616336}}