{"english-450k": {"sft": 0.0, "sfb": 0.06620296661230976, "dsfb": 0.0, "sfT": 0.000696660997099341, "roll-out": 0.18783623467448127, "roll-in": 0.239092709411969, "bad-redirect": 0.006713438160885131, "redirect": 0.056054460589100984, "oneh-out": 0.010844582327906024, "oneh-in": 0.01652545370668672, "dsfb-red": 0.026107392792262884, "dsfb-alt": 0.044850877126307004, "alternate": 0.22209365485958318, "sfR": 0.11328269117541298, "unknown": 0.009698877565995693}, "shai": {"sft": 0.0, "sfb": 0.05022450306273189, "dsfb": 0.0, "sfT": 0.0009914206970265663, "roll-out": 0.18470466303756494, "roll-in": 0.22501128998248407, "bad-redirect": 0.007369618312668962, "redirect": 0.055989298938919685, "oneh-out": 0.01101503638339093, "oneh-in": 0.0178387954606607, "dsfb-red": 0.023265360181791553, "dsfb-alt": 0.051198828164066935, "alternate": 0.2080390984052987, "sfR": 0.09728563198976478, "unknown": 0.06706645538363028}, "tr-quotes": {"sft": 0.0, "sfb": 0.050540902891750075, "dsfb": 0.0, "sfT": 0.0013996440211738056, "roll-out": 0.20319803055870184, "roll-in": 0.21470146321166872, "bad-redirect": 0.00893992279420263, "redirect": 0.06979380966690553, "oneh-out": 0.014263424331383926, "oneh-in": 0.01546427498208548, "dsfb-red": 0.026733085226878714, "dsfb-alt": 0.05003351748688195, "alternate": 0.2036707427012783, "sfR": 0.09591664547745082, "unknown": 0.045344536649638244}, "gutenberg": {"sft": 0.0, "sfb": 0.04560349442658056, "dsfb": 0.0, "sfT": 0.0010655818759014823, "roll-out": 0.20504049590001983, "roll-in": 0.20809989986371918, "bad-redirect": 0.011403904595092147, "redirect": 0.056800155186608484, "oneh-out": 0.011987180434363377, "oneh-in": 0.014908106113390036, "dsfb-red": 0.02397379255839294, "dsfb-alt": 0.054477849725866036, "alternate": 0.19383796259987582, "sfR": 0.09761014138424484, "unknown": 0.07519143533594529}, "english-200": {"sft": 0.0, "sfb": 0.0400890868596882, "dsfb": 0.0, "sfT": 0.0022271714922048997, "roll-out": 0.21158129175946547, "roll-in": 0.2516703786191537, "bad-redirect": 0.004454342984409799, "redirect": 0.042316258351893093, "oneh-out": 0.011135857461024499, "oneh-in": 0.0200445434298441, "dsfb-red": 0.026726057906458798, "dsfb-alt": 0.062360801781737196, "alternate": 0.22048997772828507, "sfR": 0.10690423162583519, "unknown": 0.0}, "monkeyracer": {"sft": 0.0, "sfb": 0.05017927803931996, "dsfb": 0.0, "sfT": 0.001425231086851119, "roll-out": 0.20319611492562992, "roll-in": 0.21510920906517353, "bad-redirect": 0.008967812065001485, "redirect": 0.07004160345339944, "oneh-out": 0.0143148724525705, "oneh-in": 0.015395037302344495, "dsfb-red": 0.026688380749800584, "dsfb-alt": 0.0497745827924363, "alternate": 0.203608630370521, "sfR": 0.09605353707555875, "unknown": 0.04524571062139293}, "chained-bigrams": {"sft": 0.0, "sfb": 0.04955623270820442, "dsfb": 0.0, "sfT": 0.0004376313624555145, "roll-out": 0.182634475871513, "roll-in": 0.2167742672758876, "bad-redirect": 0.007324806231247269, "redirect": 0.05587266875266621, "oneh-out": 0.011791373208000213, "oneh-in": 0.012013435412688322, "dsfb-red": 0.026422805139116778, "dsfb-alt": 0.04338524091476642, "alternate": 0.20457188419780678, "sfR": 0.11643721321023381, "unknown": 0.07277796571541365}, "english-5k": {"sft": 0.0, "sfb": 0.05865516240096238, "dsfb": 0.0, "sfT": 0.0008296345459824947, "roll-out": 0.1601194673746215, "roll-in": 0.27091716099058366, "bad-redirect": 0.0053926245488862155, "redirect": 0.05152030530551292, "oneh-out": 0.009167461733106567, "oneh-in": 0.027792757290413573, "dsfb-red": 0.0271705313809267, "dsfb-alt": 0.050690670759530425, "alternate": 0.22827394532708342, "sfR": 0.10644211224955408, "unknown": 0.0030281660928361057}, "mt-quotes": {"sft": 0.0, "sfb": 0.04971103620563943, "dsfb": 0.0, "sfT": 0.001565843104911488, "roll-out": 0.20768637716498728, "roll-in": 0.21576062920596215, "bad-redirect": 0.00914255148755095, "redirect": 0.0724829968563608, "oneh-out": 0.015104110636975412, "oneh-in": 0.015232605395584561, "dsfb-red": 0.026788168919807318, "dsfb-alt": 0.05046706350629326, "alternate": 0.20405117079642845, "sfR": 0.09572710103871578, "unknown": 0.03628034568078316}, "english-1k": {"sft": 0.0, "sfb": 0.04904728299223712, "dsfb": 0.0, "sfT": 0.0007057163020465773, "roll-out": 0.17678193366266762, "roll-in": 0.2734650670430487, "bad-redirect": 0.009880028228652082, "redirect": 0.05575158786167961, "oneh-out": 0.009174311926605505, "oneh-in": 0.021877205363443897, "dsfb-red": 0.02646436132674665, "dsfb-alt": 0.0465772759350741, "alternate": 0.22194777699364857, "sfR": 0.10832745236414962, "unknown": 0.0}, "english-10k": {"sft": 0.0, "sfb": 0.056810945369637794, "dsfb": 0.0, "sfT": 0.0005210242951699118, "roll-out": 0.16707512398448504, "roll-in": 0.27093263348835417, "bad-redirect": 0.0062329943459215375, "redirect": 0.049613091217846045, "oneh-out": 0.00941703170529322, "oneh-in": 0.02450743906910326, "dsfb-red": 0.02595472877790857, "dsfb-alt": 0.04791493795951448, "alternate": 0.22782269736207328, "sfR": 0.10543987958549622, "unknown": 0.0077574728391964646}, "reddit": {"sft": 0.0, "sfb": 0.05139445521657221, "dsfb": 0.0, "sfT": 0.0012783840572259378, "roll-out": 0.18488477256888747, "roll-in": 0.2112685009187367, "bad-redirect": 0.0076460693969749765, "redirect": 0.06617736047722243, "oneh-out": 0.013621201045736064, "oneh-in": 0.015533064876052483, "dsfb-red": 0.024112086065149304, "dsfb-alt": 0.050851285266856915, "alternate": 0.19198797167545323, "sfR": 0.1028716913164539, "unknown": 0.07837315711867839}, "akl": {"sft": 0.0, "sfb": 0.0483023233712134, "dsfb": 0.0, "sfT": 0.0017028126363380774, "roll-out": 0.17785188745489575, "roll-in": 0.20100592641990783, "bad-redirect": 0.00711730455384822, "redirect": 0.06456302240600331, "oneh-out": 0.014556709267649931, "oneh-in": 0.012664564434962966, "dsfb-red": 0.02520237046883633, "dsfb-alt": 0.05164072827967538, "alternate": 0.17961516744190023, "sfR": 0.11706348985084018, "unknown": 0.09871369341392838}, "keymash": {"sft": 0.0, "sfb": 0.050781362242573264, "dsfb": 0.0, "sfT": 0.001428495195248201, "roll-out": 0.20321165126655802, "roll-in": 0.21699170405520232, "bad-redirect": 0.009432994134138983, "redirect": 0.06849798656065152, "oneh-out": 0.013550179998604344, "oneh-in": 0.015664188692721653, "dsfb-red": 0.027010052829692998, "dsfb-alt": 0.051873257995262975, "alternate": 0.20125773255121854, "sfR": 0.09899307508220005, "unknown": 0.04130731939592715}, "movie": {"sft": 0.0, "sfb": 0.04473813280301159, "dsfb": 0.0, "sfT": 0.0009664545265642739, "roll-out": 0.18723464118335933, "roll-in": 0.1892462457439614, "bad-redirect": 0.008363569033396768, "redirect": 0.07744190646315148, "oneh-out": 0.013204527123564711, "oneh-in": 0.012080944777730593, "dsfb-red": 0.02746828524989574, "dsfb-alt": 0.04783634071680553, "alternate": 0.174003399698562, "sfR": 0.1138359467128768, "unknown": 0.10357960596711975}}