{"english-450k": {"sft": 0.0, "sfb": 0.0343231980803379, "dsfb": 0.0, "sfT": 1.8417810666075738e-05, "roll-out": 0.17566060009319998, "roll-in": 0.20185657378438066, "bad-redirect": 0.0029524042843920456, "redirect": 0.017839842226602218, "oneh-out": 0.006396827225149258, "oneh-in": 0.003670114207966902, "dsfb-red": 0.007915858085798932, "dsfb-alt": 0.05264336511526334, "alternate": 0.37374123034483403, "sfR": 0.11328269117541298, "unknown": 0.009698877565995693}, "shai": {"sft": 0.0, "sfb": 0.018750563144481123, "dsfb": 0.0, "sfT": 5.928305166562269e-05, "roll-out": 0.2087705127796254, "roll-in": 0.19992770850434088, "bad-redirect": 0.0033840416233051865, "redirect": 0.015664558480793327, "oneh-out": 0.008607363437269807, "oneh-in": 0.009551654166278336, "dsfb-red": 0.004774226669098315, "dsfb-alt": 0.04884801926410834, "alternate": 0.3166789694061214, "sfR": 0.09728563198976478, "unknown": 0.06769746748314746}, "tr-quotes": {"sft": 0.0, "sfb": 0.02095998705531541, "dsfb": 0.0, "sfT": 7.628117704167727e-05, "roll-out": 0.23019463257899725, "roll-in": 0.19274288620235316, "bad-redirect": 0.0031691361734587733, "redirect": 0.01851436628834285, "oneh-out": 0.010633133769445921, "oneh-in": 0.016140403596773076, "dsfb-red": 0.0058378215945077555, "dsfb-alt": 0.044152932202214466, "alternate": 0.316269850442662, "sfR": 0.09591664547745082, "unknown": 0.04539192344143686}, "gutenberg": {"sft": 0.0, "sfb": 0.022198391075557617, "dsfb": 0.0, "sfT": 0.00010816840020262158, "roll-out": 0.2467563687697559, "roll-in": 0.18808590427456512, "bad-redirect": 0.0031537434791125115, "redirect": 0.01968930095176826, "oneh-out": 0.011623651257500275, "oneh-in": 0.007654193012586559, "dsfb-red": 0.005688407567923504, "dsfb-alt": 0.04194547024459698, "alternate": 0.28028895170612445, "sfR": 0.09761014138424484, "unknown": 0.07519730787606137}, "english-200": {"sft": 0.0, "sfb": 0.011135857461024499, "dsfb": 0.0, "sfT": 0.0, "roll-out": 0.2650334075723831, "roll-in": 0.18930957683741648, "bad-redirect": 0.0022271714922048997, "redirect": 0.028953229398663696, "oneh-out": 0.008908685968819599, "oneh-in": 0.004454342984409799, "dsfb-red": 0.0, "dsfb-alt": 0.0334075723830735, "alternate": 0.34966592427616927, "sfR": 0.10690423162583519, "unknown": 0.0}, "monkeyracer": {"sft": 0.0, "sfb": 0.020958130659868308, "dsfb": 0.0, "sfT": 7.624693057228209e-05, "roll-out": 0.23060004379310883, "roll-in": 0.19289495910036442, "bad-redirect": 0.0031574049454932197, "redirect": 0.018537779376573815, "oneh-out": 0.010590503151539797, "oneh-in": 0.01646151680560552, "dsfb-red": 0.005839732862036067, "dsfb-alt": 0.043952445375916915, "alternate": 0.3155860456386756, "sfR": 0.09605353707555875, "unknown": 0.04529165428468649}, "chained-bigrams": {"sft": 0.0, "sfb": 0.020111563532191554, "dsfb": 0.0, "sfT": 6.493046920704963e-05, "roll-out": 0.19310905916399423, "roll-in": 0.18412008500697027, "bad-redirect": 0.003932189215178926, "redirect": 0.02121992664155589, "oneh-out": 0.007209229996058721, "oneh-in": 0.0058398464004820435, "dsfb-red": 0.010870009849952178, "dsfb-alt": 0.057269323145309844, "alternate": 0.3068964599258884, "sfR": 0.11643721321023381, "unknown": 0.07292016344297708}, "english-5k": {"sft": 0.0, "sfb": 0.018874185921101756, "dsfb": 0.0, "sfT": 0.0, "roll-out": 0.1872899987555482, "roll-in": 0.21794499522960137, "bad-redirect": 0.00315261127473348, "redirect": 0.015057867009582279, "oneh-out": 0.008960053096610942, "oneh-in": 0.002447421910648359, "dsfb-red": 0.005890405276475713, "dsfb-alt": 0.05243290330609367, "alternate": 0.3784792798772141, "sfR": 0.10644211224955408, "unknown": 0.0030281660928361057}, "mt-quotes": {"sft": 0.0, "sfb": 0.020499396373459558, "dsfb": 0.0, "sfT": 6.872975460489356e-05, "roll-out": 0.2376659972986218, "roll-in": 0.19370883685349208, "bad-redirect": 0.003056979954817657, "redirect": 0.018691505002330834, "oneh-out": 0.011068478741588075, "oneh-in": 0.01787571269767275, "dsfb-red": 0.005834558515915421, "dsfb-alt": 0.04319216839387528, "alternate": 0.3163122601929214, "sfR": 0.09572710103871578, "unknown": 0.03629827518198444}, "english-1k": {"sft": 0.0, "sfb": 0.013408609738884969, "dsfb": 0.0, "sfT": 0.0, "roll-out": 0.24488355681016233, "roll-in": 0.18877911079745943, "bad-redirect": 0.002117148906139732, "redirect": 0.019054340155257588, "oneh-out": 0.014467184191954835, "oneh-in": 0.0017642907551164433, "dsfb-red": 0.0056457304163726185, "dsfb-alt": 0.04269583627381793, "alternate": 0.35885673959068454, "sfR": 0.10832745236414962, "unknown": 0.0}, "english-10k": {"sft": 0.0, "sfb": 0.02265490824183246, "dsfb": 0.0, "sfT": 0.0, "roll-out": 0.17676231643542192, "roll-in": 0.22986820015051812, "bad-redirect": 0.002740201848671388, "redirect": 0.014376411107466085, "oneh-out": 0.008336388722718588, "oneh-in": 0.005885644815808263, "dsfb-red": 0.00563478126628201, "dsfb-alt": 0.05437949865884487, "alternate": 0.36616429632774355, "sfR": 0.10543987958549622, "unknown": 0.0077574728391964646}, "reddit": {"sft": 0.0, "sfb": 0.01853950923671718, "dsfb": 0.0, "sfT": 0.00012360946376529036, "roll-out": 0.2182201473312436, "roll-in": 0.18184334298423585, "bad-redirect": 0.003307302303986761, "redirect": 0.018031699085121408, "oneh-out": 0.010077804665957597, "oneh-in": 0.011891305329047456, "dsfb-red": 0.005008880216249139, "dsfb-alt": 0.04502841800300671, "alternate": 0.3015726307671072, "sfR": 0.1028716913164539, "unknown": 0.0834836592971079}, "akl": {"sft": 0.0, "sfb": 0.018766252923776074, "dsfb": 0.0, "sfT": 0.00016826775042001887, "roll-out": 0.21043839944409687, "roll-in": 0.17133027304106538, "bad-redirect": 0.003135876456281176, "redirect": 0.020015064796094304, "oneh-out": 0.008735859406470824, "oneh-in": 0.014002528476962497, "dsfb-red": 0.007644535244597249, "dsfb-alt": 0.0388331114751543, "alternate": 0.28494984989104105, "sfR": 0.11706348985084018, "unknown": 0.10491649124320006}, "keymash": {"sft": 0.0, "sfb": 0.020889689794879585, "dsfb": 0.0, "sfT": 7.79925537635512e-05, "roll-out": 0.23417059023943715, "roll-in": 0.19245278371843866, "bad-redirect": 0.0031197021505420483, "redirect": 0.018406242688198085, "oneh-out": 0.01048794604557228, "oneh-in": 0.01555746204020311, "dsfb-red": 0.0061162581635627, "dsfb-alt": 0.044562482297742734, "alternate": 0.31380509250327365, "sfR": 0.09899307508220005, "unknown": 0.04136068272218642}, "movie": {"sft": 0.0, "sfb": 0.01858437836273602, "dsfb": 0.0, "sfT": 5.211274407944614e-05, "roll-out": 0.2112775662927402, "roll-in": 0.15924259653589745, "bad-redirect": 0.0035982797004148886, "redirect": 0.01801021699299202, "oneh-out": 0.00834146059651458, "oneh-in": 0.022630222312176655, "dsfb-red": 0.008374228458322109, "dsfb-alt": 0.040257752790565066, "alternate": 0.29219365569452144, "sfR": 0.1138359467128768, "unknown": 0.10360158280616336}}