{"english-450k": {"sft": 0.0, "sfb": 0.029320862234191527, "dsfb": 0.0, "sfT": 9.033497612408576e-05, "roll-out": 0.1616025483233653, "roll-in": 0.2153875253537243, "bad-redirect": 0.00559755271148178, "redirect": 0.010794298781325627, "oneh-out": 0.0036750840933847317, "oneh-in": 0.004240481646213152, "dsfb-red": 0.004474650953253258, "dsfb-alt": 0.06028880296509211, "alternate": 0.3815457045280334, "sfR": 0.11328269117541298, "unknown": 0.00969946225839779}, "shai": {"sft": 0.0, "sfb": 0.018775465354732256, "dsfb": 0.0, "sfT": 5.679050839522633e-05, "roll-out": 0.12592348728168185, "roll-in": 0.28556257398286433, "bad-redirect": 0.007708991238323364, "redirect": 0.009166405285058705, "oneh-out": 0.00741624899795116, "oneh-in": 0.00764774201898482, "dsfb-red": 0.0031470487513596745, "dsfb-alt": 0.05128600912239874, "alternate": 0.31127666440738005, "sfR": 0.09728563198976478, "unknown": 0.07474694106110509}, "tr-quotes": {"sft": 0.0, "sfb": 0.019386976722683247, "dsfb": 0.0, "sfT": 3.467326229167148e-05, "roll-out": 0.11874667714569705, "roll-in": 0.30442315249300755, "bad-redirect": 0.008337763805737268, "redirect": 0.009781327292480525, "oneh-out": 0.013671667321606065, "oneh-in": 0.009174545202376275, "dsfb-red": 0.003593305748826888, "dsfb-alt": 0.04542890825454798, "alternate": 0.30374008922586165, "sfR": 0.09591664547745082, "unknown": 0.06776426804743302}, "gutenberg": {"sft": 0.0, "sfb": 0.01859530355917607, "dsfb": 0.0, "sfT": 2.8226079912768152e-05, "roll-out": 0.10825402562624957, "roll-in": 0.33064238390272344, "bad-redirect": 0.011130926198083431, "redirect": 0.008676014992784354, "oneh-out": 0.006882427579266978, "oneh-in": 0.01024398320377752, "dsfb-red": 0.003738534812607245, "dsfb-alt": 0.04151847974712464, "alternate": 0.28094440295779005, "sfR": 0.09761014138424484, "unknown": 0.08173514995625905}, "english-200": {"sft": 0.0, "sfb": 0.011135857461024499, "dsfb": 0.0, "sfT": 0.0, "roll-out": 0.13140311804008908, "roll-in": 0.33853006681514475, "bad-redirect": 0.013363028953229399, "redirect": 0.013363028953229399, "oneh-out": 0.0022271714922048997, "oneh-in": 0.004454342984409799, "dsfb-red": 0.0, "dsfb-alt": 0.044543429844097995, "alternate": 0.33407572383073497, "sfR": 0.10690423162583519, "unknown": 0.0}, "monkeyracer": {"sft": 0.0, "sfb": 0.01930220373179849, "dsfb": 0.0, "sfT": 3.225831678058088e-05, "roll-out": 0.11870278555453025, "roll-in": 0.3049965200118867, "bad-redirect": 0.008382274739196397, "redirect": 0.009742011667735428, "oneh-out": 0.014003042057024883, "oneh-in": 0.009135946322160877, "dsfb-red": 0.003632481974443593, "dsfb-alt": 0.045310227254954094, "alternate": 0.3031216275396093, "sfR": 0.09605353707555875, "unknown": 0.06758508375432067}, "chained-bigrams": {"sft": 0.0, "sfb": 0.01973107098263824, "dsfb": 0.0, "sfT": 6.817699266740211e-05, "roll-out": 0.10823584564469138, "roll-in": 0.2631417646413338, "bad-redirect": 0.006889122782867966, "redirect": 0.016317676216423643, "oneh-out": 0.0038412865582890562, "oneh-in": 0.00945907075408299, "dsfb-red": 0.00806046844736314, "dsfb-alt": 0.05980615657722928, "alternate": 0.30666465815081917, "sfR": 0.11643721321023381, "unknown": 0.08134748904136006}, "english-5k": {"sft": 0.0, "sfb": 0.021072717467955367, "dsfb": 0.0, "sfT": 8.296345459824948e-05, "roll-out": 0.16683950719707968, "roll-in": 0.23959845687974446, "bad-redirect": 0.008213382005226698, "redirect": 0.008171900277927573, "oneh-out": 0.005475588003484465, "oneh-in": 0.0029452026382378563, "dsfb-red": 0.003567428547724727, "dsfb-alt": 0.05749367403658688, "alternate": 0.3769859376944456, "sfR": 0.10644211224955408, "unknown": 0.003111129547434355}, "mt-quotes": {"sft": 0.0, "sfb": 0.018700469752931475, "dsfb": 0.0, "sfT": 2.8388376902021254e-05, "roll-out": 0.11764442213217628, "roll-in": 0.3144281684416873, "bad-redirect": 0.008476171692903503, "redirect": 0.009752154528394353, "oneh-out": 0.015196746393182008, "oneh-in": 0.00965055402158712, "dsfb-red": 0.0036038297414565925, "dsfb-alt": 0.04442482160146305, "alternate": 0.30266790977874997, "sfR": 0.09572710103871578, "unknown": 0.05969926249985059}, "english-1k": {"sft": 0.0, "sfb": 0.01587861679604799, "dsfb": 0.0, "sfT": 0.0, "roll-out": 0.15172900494001412, "roll-in": 0.2836979534227241, "bad-redirect": 0.009527170077628794, "redirect": 0.0067043048694424845, "oneh-out": 0.00529287226534933, "oneh-in": 0.0045871559633027525, "dsfb-red": 0.0024700070571630206, "dsfb-alt": 0.04763585038814397, "alternate": 0.3641496118560339, "sfR": 0.10832745236414962, "unknown": 0.0}, "english-10k": {"sft": 0.0, "sfb": 0.02381274000887671, "dsfb": 0.0, "sfT": 0.00011578317670442484, "roll-out": 0.16252098570077766, "roll-in": 0.24590417012408097, "bad-redirect": 0.006715424248856641, "redirect": 0.008336388722718588, "oneh-out": 0.003994519596302658, "oneh-in": 0.007352231720730977, "dsfb-red": 0.00382084483124602, "dsfb-alt": 0.05935817525713514, "alternate": 0.3648713841878775, "sfR": 0.10543987958549622, "unknown": 0.0077574728391964646}, "reddit": {"sft": 0.0, "sfb": 0.019116091199062366, "dsfb": 0.0, "sfT": 0.0001148818864751956, "roll-out": 0.1206032816065185, "roll-in": 0.2852613132157058, "bad-redirect": 0.008758142539316706, "redirect": 0.010423611505194313, "oneh-out": 0.009919622009751288, "oneh-in": 0.008142080463393151, "dsfb-red": 0.0031709947771255817, "dsfb-alt": 0.04823660799150166, "alternate": 0.28671634643387633, "sfR": 0.1028716913164539, "unknown": 0.09666533505562519}, "akl": {"sft": 0.0, "sfb": 0.02016710053229855, "dsfb": 0.0, "sfT": 0.000180658600966412, "roll-out": 0.1163605568993433, "roll-in": 0.26619803230815153, "bad-redirect": 0.00845867607974801, "redirect": 0.01374386947180654, "oneh-out": 0.011873718398839423, "oneh-in": 0.007876368058320263, "dsfb-red": 0.00580932637017096, "dsfb-alt": 0.044237938529238255, "alternate": 0.2697899540187927, "sfR": 0.11706348985084018, "unknown": 0.11824031088148387}, "keymash": {"sft": 0.0, "sfb": 0.019678752775919184, "dsfb": 0.0, "sfT": 2.873409875499255e-05, "roll-out": 0.11979245770956394, "roll-in": 0.30633012195572484, "bad-redirect": 0.008550446815235641, "redirect": 0.009790117932951033, "oneh-out": 0.013057595448518757, "oneh-in": 0.009108709305332639, "dsfb-red": 0.003710803610644752, "dsfb-alt": 0.0457939436729567, "alternate": 0.3044747201504025, "sfR": 0.09899307508220005, "unknown": 0.06069052144179498}, "movie": {"sft": 0.0, "sfb": 0.017362097637963553, "dsfb": 0.0, "sfT": 2.592477420113861e-05, "roll-out": 0.09978656146559986, "roll-in": 0.2635973137722797, "bad-redirect": 0.008885880854738489, "redirect": 0.009804696963735189, "oneh-out": 0.019137878871822257, "oneh-in": 0.007361319894737521, "dsfb-red": 0.005332081223765149, "dsfb-alt": 0.04100496531804763, "alternate": 0.2636603491369616, "sfR": 0.1138359467128768, "unknown": 0.1502049833732711}}