{"english-450k": {"sft": 0.0, "sfb": 0.02263753573201442, "dsfb": 0.0, "sfT": 2.806523530068684e-05, "roll-out": 0.19424300167046618, "roll-in": 0.1903387181554592, "bad-redirect": 0.001726596663394338, "redirect": 0.02081797297668656, "oneh-out": 0.0035020151423638293, "oneh-in": 0.0019315313503295618, "dsfb-red": 0.009618482360707267, "dsfb-alt": 0.06343474043457847, "alternate": 0.3687397715372908, "sfR": 0.11328269117541298, "unknown": 0.009698877565995693}, "shai": {"sft": 0.0, "sfb": 0.018208655596471796, "dsfb": 0.0, "sfT": 8.600048364628428e-06, "roll-out": 0.23783368729511992, "roll-in": 0.17805058268230478, "bad-redirect": 0.002130365896063113, "redirect": 0.020290490436529477, "oneh-out": 0.005852785749959825, "oneh-in": 0.006297441535926838, "dsfb-red": 0.007065315161196334, "dsfb-alt": 0.04995097740207634, "alternate": 0.3093279987230747, "sfR": 0.09728563198976478, "unknown": 0.06769746748314746}, "tr-quotes": {"sft": 0.0, "sfb": 0.019736020896419407, "dsfb": 0.0, "sfT": 4.623101638889531e-06, "roll-out": 0.26324634197082825, "roll-in": 0.16683155729178706, "bad-redirect": 0.0019243660571877674, "redirect": 0.022450937333857286, "oneh-out": 0.008457964448348397, "oneh-in": 0.01362081320357828, "dsfb-red": 0.007536811446799658, "dsfb-alt": 0.04287117727283234, "alternate": 0.312010818057835, "sfR": 0.09591664547745082, "unknown": 0.04539192344143686}, "gutenberg": {"sft": 0.0, "sfb": 0.020534757291705737, "dsfb": 0.0, "sfT": 2.2542976574626913e-05, "roll-out": 0.27824890704450966, "roll-in": 0.1614563975262588, "bad-redirect": 0.001986812927014177, "redirect": 0.022138339616951257, "oneh-out": 0.00963570170981847, "oneh-in": 0.005545572237358221, "dsfb-red": 0.0076005824044300925, "dsfb-alt": 0.03967222890934048, "alternate": 0.28035070809573226, "sfR": 0.09761014138424484, "unknown": 0.07519730787606137}, "english-200": {"sft": 0.0, "sfb": 0.017817371937639197, "dsfb": 0.0, "sfT": 0.0, "roll-out": 0.2806236080178174, "roll-in": 0.1915367483296214, "bad-redirect": 0.0022271714922048997, "redirect": 0.024498886414253896, "oneh-out": 0.004454342984409799, "oneh-in": 0.0022271714922048997, "dsfb-red": 0.0066815144766146995, "dsfb-alt": 0.0378619153674833, "alternate": 0.32516703786191536, "sfR": 0.10690423162583519, "unknown": 0.0}, "monkeyracer": {"sft": 0.0, "sfb": 0.019788033533009057, "dsfb": 0.0, "sfT": 4.887623754633467e-06, "roll-out": 0.2640059746312777, "roll-in": 0.1663404992414408, "bad-redirect": 0.0019276788088274394, "redirect": 0.02240877739024352, "oneh-out": 0.008449723947010337, "oneh-in": 0.013964918591738743, "dsfb-red": 0.0075689741464253875, "dsfb-alt": 0.04268264072446314, "alternate": 0.31151270000156406, "sfR": 0.09605353707555875, "unknown": 0.04529165428468649}, "chained-bigrams": {"sft": 0.0, "sfb": 0.018817499280895055, "dsfb": 0.0, "sfT": 2.7270797066960846e-05, "roll-out": 0.22118824057258285, "roll-in": 0.15972960355403415, "bad-redirect": 0.0036218215723692283, "redirect": 0.021891307693156784, "oneh-out": 0.008433169340611606, "oneh-in": 0.005271055490228289, "dsfb-red": 0.011985515310929291, "dsfb-alt": 0.06377535615985622, "alternate": 0.29590178357505864, "sfR": 0.11643721321023381, "unknown": 0.07292016344297708}, "english-5k": {"sft": 0.0, "sfb": 0.016219355373957772, "dsfb": 0.0, "sfT": 0.0, "roll-out": 0.19799228439872235, "roll-in": 0.2153316464097565, "bad-redirect": 0.0016177873646658647, "redirect": 0.019413448375990378, "oneh-out": 0.004065209275314224, "oneh-in": 0.0024059401833492347, "dsfb-red": 0.00796449164143195, "dsfb-alt": 0.06155888331190111, "alternate": 0.3639606753225204, "sfR": 0.10644211224955408, "unknown": 0.0030281660928361057}, "mt-quotes": {"sft": 0.0, "sfb": 0.019919675834618282, "dsfb": 0.0, "sfT": 1.4941251001063816e-06, "roll-out": 0.2722923464935872, "roll-in": 0.16575375623050168, "bad-redirect": 0.0019094918779359558, "redirect": 0.0228272432794253, "oneh-out": 0.008957279975137759, "oneh-in": 0.015247546646585626, "dsfb-red": 0.007491543251933398, "dsfb-alt": 0.041544148408457944, "alternate": 0.3120300976560165, "sfR": 0.09572710103871578, "unknown": 0.03629827518198444}, "english-1k": {"sft": 0.0, "sfb": 0.014467184191954835, "dsfb": 0.0, "sfT": 0.0, "roll-out": 0.24029640084685958, "roll-in": 0.19548341566690192, "bad-redirect": 0.0014114326040931546, "redirect": 0.01799576570218772, "oneh-out": 0.007057163020465773, "oneh-in": 0.002117148906139732, "dsfb-red": 0.0067043048694424845, "dsfb-alt": 0.051164431898376855, "alternate": 0.3549752999294284, "sfR": 0.10832745236414962, "unknown": 0.0}, "english-10k": {"sft": 0.0, "sfb": 0.01883406341058644, "dsfb": 0.0, "sfT": 0.0, "roll-out": 0.20703961714362903, "roll-in": 0.2078693965766774, "bad-redirect": 0.002084097180679647, "redirect": 0.022867177399123906, "oneh-out": 0.003936628007950445, "oneh-in": 0.0014472897088053105, "dsfb-red": 0.007139962563439533, "dsfb-alt": 0.06373863877578588, "alternate": 0.3518457768086297, "sfR": 0.10543987958549622, "unknown": 0.0077574728391964646}, "reddit": {"sft": 0.0, "sfb": 0.017863140725441467, "dsfb": 0.0, "sfT": 5.5212227148496355e-05, "roll-out": 0.24631272033152807, "roll-in": 0.164235137413457, "bad-redirect": 0.0022774107263423193, "redirect": 0.02259041610878532, "oneh-out": 0.007650976318112326, "oneh-in": 0.009594192003329215, "dsfb-red": 0.007560703952150402, "dsfb-alt": 0.04304628406541038, "alternate": 0.2924584555147332, "sfR": 0.1028716913164539, "unknown": 0.0834836592971079}, "akl": {"sft": 0.0, "sfb": 0.02014690344590793, "dsfb": 0.0, "sfT": 0.00010364946482057863, "roll-out": 0.2343340308143106, "roll-in": 0.15238676900022316, "bad-redirect": 0.0028893604846606845, "redirect": 0.025577503469128383, "oneh-out": 0.006637468866439146, "oneh-in": 0.011614749622419807, "dsfb-red": 0.009860948636083321, "dsfb-alt": 0.03917881620539867, "alternate": 0.2752898188965675, "sfR": 0.11706348985084018, "unknown": 0.10491649124320006}, "keymash": {"sft": 0.0, "sfb": 0.020282168849774025, "dsfb": 0.0, "sfT": 8.209742501426442e-06, "roll-out": 0.2647724054135042, "roll-in": 0.1667891286589796, "bad-redirect": 0.001953918715339493, "redirect": 0.022178619367603535, "oneh-out": 0.008271315570187142, "oneh-in": 0.01307401493352161, "dsfb-red": 0.007639165397577305, "dsfb-alt": 0.04298621173746885, "alternate": 0.31169108380915633, "sfR": 0.09899307508220005, "unknown": 0.04136068272218642}, "movie": {"sft": 0.0, "sfb": 0.017568048255348235, "dsfb": 0.0, "sfT": 1.0659424925341256e-05, "roll-out": 0.23625917878474398, "roll-in": 0.13935737353875405, "bad-redirect": 0.0025197038153766545, "redirect": 0.022370184983133763, "oneh-out": 0.007269201407728399, "oneh-in": 0.021104740167305597, "dsfb-red": 0.010784442871996492, "dsfb-alt": 0.03726377036493002, "alternate": 0.28805516686671734, "sfR": 0.1138359467128768, "unknown": 0.10360158280616336}}