{"english-450k": {"sft": 0.0, "sfb": 0.07243900342688217, "dsfb": 0.0, "sfT": 0.0006639182225818731, "roll-out": 0.14941814335605252, "roll-in": 0.19772864542557128, "bad-redirect": 0.003939657405333915, "redirect": 0.035315128740496554, "oneh-out": 0.00622258888932416, "oneh-in": 0.007406298657370837, "dsfb-red": 0.011350925948122582, "dsfb-alt": 0.06447841637232277, "alternate": 0.32805570481453267, "sfR": 0.11328269117541298, "unknown": 0.009698877565995693}, "shai": {"sft": 0.0, "sfb": 0.05646954313384833, "dsfb": 0.0, "sfT": 0.0003248743742710085, "roll-out": 0.19340263274495895, "roll-in": 0.1738589105944855, "bad-redirect": 0.002547847541810478, "redirect": 0.02509020761801728, "oneh-out": 0.008155195187812362, "oneh-in": 0.0038766943488625486, "dsfb-red": 0.009161876906756898, "dsfb-alt": 0.057119094491541296, "alternate": 0.3056410356842403, "sfR": 0.09728563198976478, "unknown": 0.06706645538363028}, "tr-quotes": {"sft": 0.0, "sfb": 0.047945031321513606, "dsfb": 0.0, "sfT": 0.00020803957375002888, "roll-out": 0.21981230207346109, "roll-in": 0.16849818543260672, "bad-redirect": 0.0025403943505697972, "redirect": 0.025602736876170224, "oneh-out": 0.011555442546404383, "oneh-in": 0.0028917500751254018, "dsfb-red": 0.008957259425348467, "dsfb-alt": 0.05810545294838307, "alternate": 0.31262222324957817, "sfR": 0.09591664547745082, "unknown": 0.045344536649638244}, "gutenberg": {"sft": 0.0, "sfb": 0.051548588828610103, "dsfb": 0.0, "sfT": 0.00019152058249535974, "roll-out": 0.2201634233195916, "roll-in": 0.1633681934892095, "bad-redirect": 0.002248993427680426, "redirect": 0.024165692014444174, "oneh-out": 0.012948950955954813, "oneh-in": 0.003242778764743391, "dsfb-red": 0.007228907446115655, "dsfb-alt": 0.057753779926748586, "alternate": 0.28433759452421625, "sfR": 0.09761014138424484, "unknown": 0.07519143533594529}, "english-200": {"sft": 0.0, "sfb": 0.042316258351893093, "dsfb": 0.0, "sfT": 0.0, "roll-out": 0.2383073496659243, "roll-in": 0.18040089086859687, "bad-redirect": 0.0, "redirect": 0.022271714922048998, "oneh-out": 0.008908685968819599, "oneh-in": 0.0022271714922048997, "dsfb-red": 0.008908685968819599, "dsfb-alt": 0.0645879732739421, "alternate": 0.32516703786191536, "sfR": 0.10690423162583519, "unknown": 0.0}, "monkeyracer": {"sft": 0.0, "sfb": 0.04756830942959476, "dsfb": 0.0, "sfT": 0.00020234762344182555, "roll-out": 0.22026565212631183, "roll-in": 0.16839623379263963, "bad-redirect": 0.0025532946494205232, "redirect": 0.025662957286078484, "oneh-out": 0.011721499288361982, "oneh-in": 0.0029227990052708135, "dsfb-red": 0.008888632560176423, "dsfb-alt": 0.05799752099723165, "alternate": 0.3125215055445204, "sfR": 0.09605353707555875, "unknown": 0.04524571062139293}, "chained-bigrams": {"sft": 0.0, "sfb": 0.05385073394155868, "dsfb": 0.0, "sfT": 0.0012615990166929742, "roll-out": 0.180792398460109, "roll-in": 0.15773169301653325, "bad-redirect": 0.004611361923084665, "redirect": 0.02865251745168686, "oneh-out": 0.0067975708212860255, "oneh-in": 0.004642528548304049, "dsfb-red": 0.013949662004442543, "dsfb-alt": 0.06263712503465664, "alternate": 0.29585763085599787, "sfR": 0.11643721321023381, "unknown": 0.07277796571541365}, "english-5k": {"sft": 0.0, "sfb": 0.07549674368440702, "dsfb": 0.0, "sfT": 0.0005807441821877463, "roll-out": 0.16775210519766043, "roll-in": 0.19807524785332062, "bad-redirect": 0.003111129547434355, "redirect": 0.029742398473472435, "oneh-out": 0.00858671755091882, "oneh-in": 0.0033600199112291036, "dsfb-red": 0.009665242460696064, "dsfb-alt": 0.0657485377691127, "alternate": 0.32841083502717056, "sfR": 0.10644211224955408, "unknown": 0.0030281660928361057}, "mt-quotes": {"sft": 0.0, "sfb": 0.04598917058127443, "dsfb": 0.0, "sfT": 0.00018078913711287218, "roll-out": 0.2278720072674245, "roll-in": 0.1676139419801341, "bad-redirect": 0.002501165417578083, "redirect": 0.025380703075507105, "oneh-out": 0.012048624807257862, "oneh-in": 0.0028119434384002106, "dsfb-red": 0.008864644218931163, "dsfb-alt": 0.05802285413753123, "alternate": 0.3167067092193495, "sfR": 0.09572710103871578, "unknown": 0.03628034568078316}, "english-1k": {"sft": 0.0, "sfb": 0.06669019054340156, "dsfb": 0.0, "sfT": 0.0, "roll-out": 0.18877911079745943, "roll-in": 0.20077628793225125, "bad-redirect": 0.0028228652081863093, "redirect": 0.030698659139026113, "oneh-out": 0.009527170077628794, "oneh-in": 0.0038814396612561752, "dsfb-red": 0.012702893436838392, "dsfb-alt": 0.06386732533521525, "alternate": 0.3119266055045872, "sfR": 0.10832745236414962, "unknown": 0.0}, "english-10k": {"sft": 0.0, "sfb": 0.0749696069161151, "dsfb": 0.0, "sfT": 0.0005210242951699118, "roll-out": 0.14972694467493874, "roll-in": 0.20294861156673935, "bad-redirect": 0.0026244186719669633, "redirect": 0.02674591381872214, "oneh-out": 0.0059821307963952835, "oneh-in": 0.005962833600277879, "dsfb-red": 0.00964859805870207, "dsfb-alt": 0.06499295652341715, "alternate": 0.34267960865286273, "sfR": 0.10543987958549622, "unknown": 0.0077574728391964646}, "reddit": {"sft": 0.0, "sfb": 0.04848326505783331, "dsfb": 0.0, "sfT": 0.0002813800884257155, "roll-out": 0.20081788261858033, "roll-in": 0.16197360863033786, "bad-redirect": 0.0028261243732204218, "redirect": 0.024065489043051117, "oneh-out": 0.009549730053786972, "oneh-in": 0.0031034965184270806, "dsfb-red": 0.00967768457749068, "dsfb-alt": 0.05617300979867202, "alternate": 0.3018034808050422, "sfR": 0.1028716913164539, "unknown": 0.07837315711867839}, "akl": {"sft": 0.0, "sfb": 0.05151000480641093, "dsfb": 0.0, "sfT": 0.0006971092517400781, "roll-out": 0.18157930311626175, "roll-in": 0.1589594956725574, "bad-redirect": 0.0027683638290751556, "redirect": 0.021805604654300845, "oneh-out": 0.00832665156717619, "oneh-in": 0.0027448831672897407, "dsfb-red": 0.00978716112107955, "dsfb-alt": 0.05543115141606977, "alternate": 0.29061308813327, "sfR": 0.11706348985084018, "unknown": 0.09871369341392838}, "keymash": {"sft": 0.0, "sfb": 0.04922561603855295, "dsfb": 0.0, "sfT": 0.0002298727900399404, "roll-out": 0.21765258832656714, "roll-in": 0.17098430707720852, "bad-redirect": 0.00257375427419719, "redirect": 0.025877108364496148, "oneh-out": 0.011916441240820481, "oneh-in": 0.0026969004117185866, "dsfb-red": 0.008936304712802682, "dsfb-alt": 0.057464092638734386, "alternate": 0.3121426196467348, "sfR": 0.09899307508220005, "unknown": 0.04130731939592715}, "movie": {"sft": 0.0, "sfb": 0.040555953492797454, "dsfb": 0.0, "sfT": 0.00011475331524564907, "roll-out": 0.20486875155367698, "roll-in": 0.14412332086092886, "bad-redirect": 0.0025837919627672867, "redirect": 0.022903419425077995, "oneh-out": 0.01334849515897611, "oneh-in": 0.002048846748921457, "dsfb-red": 0.007665310901867623, "dsfb-alt": 0.05742903356258115, "alternate": 0.28694277033716287, "sfR": 0.1138359467128768, "unknown": 0.10357960596711975}}