{"english-450k": {"sft": 0.0, "sfb": 0.03746942789602532, "dsfb": 0.0, "sfT": 6.548554903493595e-05, "roll-out": 0.1995072797127523, "roll-in": 0.2296183537283788, "bad-redirect": 0.00149301204875633, "redirect": 0.05423314375656683, "oneh-out": 0.008932638173046733, "oneh-in": 0.014278188459224428, "dsfb-red": 0.024021502647779542, "dsfb-alt": 0.04701599309127458, "alternate": 0.2603834061957515, "sfR": 0.11328269117541298, "unknown": 0.009698877565995693}, "shai": {"sft": 0.0, "sfb": 0.02189729452231879, "dsfb": 0.0, "sfT": 5.0582372672065216e-05, "roll-out": 0.17388388247209513, "roll-in": 0.2633508435788215, "bad-redirect": 0.002495140314704488, "redirect": 0.042316507014883736, "oneh-out": 0.009773231199953679, "oneh-in": 0.020972673210857086, "dsfb-red": 0.01853104516829002, "dsfb-alt": 0.0437116345727208, "alternate": 0.23866507819928767, "sfR": 0.09728563198976478, "unknown": 0.06706645538363028}, "tr-quotes": {"sft": 0.0, "sfb": 0.02597374078269111, "dsfb": 0.0, "sfT": 2.195973278472527e-05, "roll-out": 0.18059684242158064, "roll-in": 0.26975566907838466, "bad-redirect": 0.002529992371882296, "redirect": 0.04470654862347149, "oneh-out": 0.011427151475925199, "oneh-in": 0.024785603661496496, "dsfb-red": 0.01989205057673193, "dsfb-alt": 0.044779362474284, "alternate": 0.23426989667367837, "sfR": 0.09591664547745082, "unknown": 0.045344536649638244}, "gutenberg": {"sft": 0.0, "sfb": 0.02083330965373609, "dsfb": 0.0, "sfT": 2.0080298461432378e-05, "roll-out": 0.1782742157980422, "roll-in": 0.2770842497337466, "bad-redirect": 0.0025583436860532474, "redirect": 0.03910467632263811, "oneh-out": 0.012215451751778716, "oneh-in": 0.01689340354618071, "dsfb-red": 0.015106446419891164, "dsfb-alt": 0.03773883715370483, "alternate": 0.22736940891557675, "sfR": 0.09761014138424484, "unknown": 0.07519143533594529}, "english-200": {"sft": 0.0, "sfb": 0.008908685968819599, "dsfb": 0.0, "sfT": 0.0, "roll-out": 0.22271714922049, "roll-in": 0.2873051224944321, "bad-redirect": 0.004454342984409799, "redirect": 0.042316258351893093, "oneh-out": 0.011135857461024499, "oneh-in": 0.013363028953229399, "dsfb-red": 0.015590200445434299, "dsfb-alt": 0.04899777282850779, "alternate": 0.2383073496659243, "sfR": 0.10690423162583519, "unknown": 0.0}, "monkeyracer": {"sft": 0.0, "sfb": 0.02576168728592208, "dsfb": 0.0, "sfT": 2.1505544520387257e-05, "roll-out": 0.18068958506029373, "roll-in": 0.2698193143250387, "bad-redirect": 0.0025464519761640367, "redirect": 0.04482635250324538, "oneh-out": 0.011358837605768179, "oneh-in": 0.025131183821574362, "dsfb-red": 0.020062717988019455, "dsfb-alt": 0.04471589220639067, "alternate": 0.23376722398611133, "sfR": 0.09605353707555875, "unknown": 0.04524571062139293}, "chained-bigrams": {"sft": 0.0, "sfb": 0.02159652336295678, "dsfb": 0.0, "sfT": 6.752768797533162e-05, "roll-out": 0.1452630950147035, "roll-in": 0.2551910286869306, "bad-redirect": 0.004046466840983333, "redirect": 0.058437422286344666, "oneh-out": 0.006741081313075893, "oneh-in": 0.010493413128551291, "dsfb-red": 0.023471715313656372, "dsfb-alt": 0.046857073103267366, "alternate": 0.23861947433590738, "sfR": 0.11643721321023381, "unknown": 0.07277796571541365}, "english-5k": {"sft": 0.0, "sfb": 0.024723109470278344, "dsfb": 0.0, "sfT": 8.296345459824948e-05, "roll-out": 0.20197453021943834, "roll-in": 0.24187995188119632, "bad-redirect": 0.00157630563736674, "redirect": 0.0474550960301987, "oneh-out": 0.011448956734558428, "oneh-in": 0.023976438378894096, "dsfb-red": 0.01986974737628075, "dsfb-alt": 0.048823993031069816, "alternate": 0.26871862944373004, "sfR": 0.10644211224955408, "unknown": 0.0030281660928361057}, "mt-quotes": {"sft": 0.0, "sfb": 0.025525633210217426, "dsfb": 0.0, "sfT": 2.0917751401489345e-05, "roll-out": 0.18135989290111282, "roll-in": 0.2759170939864453, "bad-redirect": 0.0025624245466824448, "redirect": 0.04516590765111581, "oneh-out": 0.011433045266014033, "oneh-in": 0.02614270687656136, "dsfb-red": 0.0202991836100453, "dsfb-alt": 0.04517935477701677, "alternate": 0.2343863927038883, "sfR": 0.09572710103871578, "unknown": 0.03628034568078316}, "english-1k": {"sft": 0.0, "sfb": 0.01834862385321101, "dsfb": 0.0, "sfT": 0.0, "roll-out": 0.24064925899788286, "roll-in": 0.24982357092448837, "bad-redirect": 0.0014114326040931546, "redirect": 0.043401552575864505, "oneh-out": 0.019054340155257588, "oneh-in": 0.015525758645024701, "dsfb-red": 0.01587861679604799, "dsfb-alt": 0.04763585038814397, "alternate": 0.2399435426958363, "sfR": 0.10832745236414962, "unknown": 0.0}, "english-10k": {"sft": 0.0, "sfb": 0.027209046525539838, "dsfb": 0.0, "sfT": 0.00013508037282182898, "roll-out": 0.19673491441693522, "roll-in": 0.25512822986820016, "bad-redirect": 0.001524478493274927, "redirect": 0.044981764149669055, "oneh-out": 0.010497674687867853, "oneh-in": 0.02278998861465429, "dsfb-red": 0.021883020397136296, "dsfb-alt": 0.04548349124872156, "alternate": 0.2604349588004863, "sfR": 0.10543987958549622, "unknown": 0.0077574728391964646}, "reddit": {"sft": 0.0, "sfb": 0.02427056838066171, "dsfb": 0.0, "sfT": 0.00014597153948282923, "roll-out": 0.1735763045902, "roll-in": 0.25276955431484116, "bad-redirect": 0.0024060394834847457, "redirect": 0.04349895690468418, "oneh-out": 0.009331428249294817, "oneh-in": 0.021797180468131512, "dsfb-red": 0.016931724687263373, "dsfb-alt": 0.04505516259607592, "alternate": 0.22897226035074747, "sfR": 0.1028716913164539, "unknown": 0.07837315711867839}, "akl": {"sft": 0.0, "sfb": 0.026082864308663026, "dsfb": 0.0, "sfT": 0.0008703952966313862, "roll-out": 0.16476479501630079, "roll-in": 0.2405962427719522, "bad-redirect": 0.002957510162665847, "redirect": 0.038722275317016816, "oneh-out": 0.010594239171418867, "oneh-in": 0.02186724913576915, "dsfb-red": 0.016013005932367517, "dsfb-alt": 0.0443765921468524, "alternate": 0.21737764747559343, "sfR": 0.11706348985084018, "unknown": 0.09871369341392838}, "keymash": {"sft": 0.0, "sfb": 0.025721123256969045, "dsfb": 0.0, "sfT": 4.104871250713222e-05, "roll-out": 0.18379971512193521, "roll-in": 0.2701703111081921, "bad-redirect": 0.0027051101542200128, "redirect": 0.0433104965662752, "oneh-out": 0.01219557248586898, "oneh-in": 0.02421053063670658, "dsfb-red": 0.018952190564542944, "dsfb-alt": 0.04434492412145493, "alternate": 0.23424858279320068, "sfR": 0.09899307508220005, "unknown": 0.04130731939592715}, "movie": {"sft": 0.0, "sfb": 0.0286702999075262, "dsfb": 0.0, "sfT": 1.9739675787668994e-05, "roll-out": 0.16460047093602515, "roll-in": 0.22860189535103, "bad-redirect": 0.0030066158181391565, "redirect": 0.044493624018921665, "oneh-out": 0.011263722200121097, "oneh-in": 0.027944274632055732, "dsfb-red": 0.01859503778766136, "dsfb-alt": 0.04353085423183775, "alternate": 0.21185791276089766, "sfR": 0.1138359467128768, "unknown": 0.10357960596711975}}