{"english-450k": {"sft": 0.0, "sfb": 0.04379375326331447, "dsfb": 0.0, "sfT": 0.0008197387477408947, "roll-out": 0.14249597000761854, "roll-in": 0.2536784460746968, "bad-redirect": 0.003550252265536885, "redirect": 0.039196316905620705, "oneh-out": 0.002982808289301123, "oneh-in": 0.007811198145823454, "dsfb-red": 0.013625087046081362, "dsfb-alt": 0.043390900198269196, "alternate": 0.3256739603145879, "sfR": 0.11328269117541298, "unknown": 0.009698877565995693}, "shai": {"sft": 0.0, "sfb": 0.031239033196651136, "dsfb": 0.0, "sfT": 0.0001848352428898268, "roll-out": 0.14995673269996931, "roll-in": 0.27083751079457014, "bad-redirect": 0.00336155454814835, "redirect": 0.031338529795800325, "oneh-out": 0.00531565815682463, "oneh-in": 0.006895903497394286, "dsfb-red": 0.013475083701460815, "dsfb-alt": 0.035153483383406105, "alternate": 0.28788958760949, "sfR": 0.09728563198976478, "unknown": 0.06706645538363028}, "tr-quotes": {"sft": 0.0, "sfb": 0.032040405908323896, "dsfb": 0.0, "sfT": 0.0001282910704791845, "roll-out": 0.16267885624465453, "roll-in": 0.2764788146367398, "bad-redirect": 0.0025808464899100807, "redirect": 0.032454173505004506, "oneh-out": 0.007329927648459351, "oneh-in": 0.007231686738632949, "dsfb-red": 0.015145280969002103, "dsfb-alt": 0.03337532650655325, "alternate": 0.2892952081551513, "sfR": 0.09591664547745082, "unknown": 0.045344536649638244}, "gutenberg": {"sft": 0.0, "sfb": 0.03356327169439453, "dsfb": 0.0, "sfT": 7.93740099560393e-05, "roll-out": 0.1550545710526206, "roll-in": 0.2771486582382455, "bad-redirect": 0.0026316557191152696, "redirect": 0.029587940909364733, "oneh-out": 0.00830396116091404, "oneh-in": 0.006536326585974177, "dsfb-red": 0.014474674765467797, "dsfb-alt": 0.030167806886633074, "alternate": 0.26965018225712406, "sfR": 0.09761014138424484, "unknown": 0.07519143533594529}, "english-200": {"sft": 0.0, "sfb": 0.042316258351893093, "dsfb": 0.0, "sfT": 0.0, "roll-out": 0.18040089086859687, "roll-in": 0.2828507795100223, "bad-redirect": 0.0, "redirect": 0.028953229398663696, "oneh-out": 0.004454342984409799, "oneh-in": 0.0066815144766146995, "dsfb-red": 0.013363028953229399, "dsfb-alt": 0.026726057906458798, "alternate": 0.30734966592427615, "sfR": 0.10690423162583519, "unknown": 0.0}, "monkeyracer": {"sft": 0.0, "sfb": 0.031784217276381435, "dsfb": 0.0, "sfT": 0.00013098831662417692, "roll-out": 0.1634255204341774, "roll-in": 0.2764146738195411, "bad-redirect": 0.002593373164208518, "redirect": 0.03262195598792562, "oneh-out": 0.007480996918841985, "oneh-in": 0.00728451444390572, "dsfb-red": 0.015232768193690665, "dsfb-alt": 0.03322313370974553, "alternate": 0.28850861003800615, "sfR": 0.09605353707555875, "unknown": 0.04524571062139293}, "chained-bigrams": {"sft": 0.0, "sfb": 0.03292429302081866, "dsfb": 0.0, "sfT": 0.00023699621260573115, "roll-out": 0.12421133828839387, "roll-in": 0.2466805920879626, "bad-redirect": 0.004535393274112416, "redirect": 0.0393296838080941, "oneh-out": 0.004621101493465722, "oneh-in": 0.011431658408593158, "dsfb-red": 0.01783185475833204, "dsfb-alt": 0.049300406659528645, "alternate": 0.2796815030624456, "sfR": 0.11643721321023381, "unknown": 0.07277796571541365}, "english-5k": {"sft": 0.0, "sfb": 0.033226863566598916, "dsfb": 0.0, "sfT": 0.0003318538183929979, "roll-out": 0.15485128800763265, "roll-in": 0.273032729082839, "bad-redirect": 0.005102252457792342, "redirect": 0.03662836520512714, "oneh-out": 0.0030281660928361057, "oneh-in": 0.005682996639980089, "dsfb-red": 0.011988219189447048, "dsfb-alt": 0.04056912929854399, "alternate": 0.3260878582984195, "sfR": 0.10644211224955408, "unknown": 0.0030281660928361057}, "mt-quotes": {"sft": 0.0, "sfb": 0.031055390205711145, "dsfb": 0.0, "sfT": 0.00010010638170712757, "roll-out": 0.1664380655263504, "roll-in": 0.281699358123857, "bad-redirect": 0.0023756589091691468, "redirect": 0.03272283381742987, "oneh-out": 0.007884498153261376, "oneh-in": 0.0072734009873178665, "dsfb-red": 0.015399947406796476, "dsfb-alt": 0.03303809421355231, "alternate": 0.29000519955534837, "sfR": 0.09572710103871578, "unknown": 0.03628034568078316}, "english-1k": {"sft": 0.0, "sfb": 0.04269583627381793, "dsfb": 0.0, "sfT": 0.0, "roll-out": 0.1838390966831334, "roll-in": 0.2618207480592802, "bad-redirect": 0.0024700070571630206, "redirect": 0.031051517290049402, "oneh-out": 0.004940014114326041, "oneh-in": 0.0077628793225123505, "dsfb-red": 0.015172900494001412, "dsfb-alt": 0.029992942836979536, "alternate": 0.3119266055045872, "sfR": 0.10832745236414962, "unknown": 0.0}, "english-10k": {"sft": 0.0, "sfb": 0.035391057679319195, "dsfb": 0.0, "sfT": 0.00034734953011327456, "roll-out": 0.14791300823990275, "roll-in": 0.2707203643310627, "bad-redirect": 0.0038787364195982323, "redirect": 0.032612261438413, "oneh-out": 0.0029331738098454293, "oneh-in": 0.0072557457401439575, "dsfb-red": 0.01188707280832095, "dsfb-alt": 0.04191350996700179, "alternate": 0.33195036761158603, "sfR": 0.10543987958549622, "unknown": 0.0077574728391964646}, "reddit": {"sft": 0.0, "sfb": 0.03072500508952603, "dsfb": 0.0, "sfT": 0.00027838349536473875, "roll-out": 0.14908125393185784, "roll-in": 0.26002808931420535, "bad-redirect": 0.0032164306194126416, "redirect": 0.03040916418089908, "oneh-out": 0.007011016412527482, "oneh-in": 0.006374390216722974, "dsfb-red": 0.0157096765795838, "dsfb-alt": 0.03481868832753961, "alternate": 0.2811030533972282, "sfR": 0.1028716913164539, "unknown": 0.07837315711867839}, "akl": {"sft": 0.0, "sfb": 0.03315599548031335, "dsfb": 0.0, "sfT": 0.0002626860315835346, "roll-out": 0.14104251164523113, "roll-in": 0.2437449437585489, "bad-redirect": 0.002509518961161003, "redirect": 0.028116264837578873, "oneh-out": 0.005841232810327923, "oneh-in": 0.00620267392076621, "dsfb-red": 0.01441297540131177, "dsfb-alt": 0.036683794539376945, "alternate": 0.2722502193490318, "sfR": 0.11706348985084018, "unknown": 0.09871369341392838}, "keymash": {"sft": 0.0, "sfb": 0.03397601934215334, "dsfb": 0.0, "sfT": 0.0001354607512735363, "roll-out": 0.1645519738273409, "roll-in": 0.2742012946763925, "bad-redirect": 0.0026845857979664466, "redirect": 0.03175117912426677, "oneh-out": 0.007355929281278093, "oneh-in": 0.006859239859941793, "dsfb-red": 0.015536937683949543, "dsfb-alt": 0.033269981487030656, "alternate": 0.28937700369027924, "sfR": 0.09899307508220005, "unknown": 0.04130731939592715}, "movie": {"sft": 0.0, "sfb": 0.03235411820302098, "dsfb": 0.0, "sfT": 0.00023411255484175424, "roll-out": 0.15239714016841102, "roll-in": 0.23113423255891075, "bad-redirect": 0.0022045269919668733, "redirect": 0.02965557292500805, "oneh-out": 0.009209216744140507, "oneh-in": 0.007425276444289568, "dsfb-red": 0.016223118345015053, "dsfb-alt": 0.03522755700851267, "alternate": 0.2665195753758862, "sfR": 0.1138359467128768, "unknown": 0.10357960596711975}}