{"english-450k": {"sft": 0.0, "sfb": 0.028529481067952365, "dsfb": 0.0, "sfT": 1.4324963851392241e-05, "roll-out": 0.18123944264781464, "roll-in": 0.229170479348372, "bad-redirect": 0.0011421966074977447, "redirect": 0.04153830232222281, "oneh-out": 0.007880484195472026, "oneh-in": 0.012629648231510126, "dsfb-red": 0.018187149513448218, "dsfb-alt": 0.04193121561643243, "alternate": 0.3147557067440176, "sfR": 0.11328269117541298, "unknown": 0.009698877565995693}, "shai": {"sft": 0.0, "sfb": 0.017897877251068464, "dsfb": 0.0, "sfT": 1.1777653993503286e-05, "roll-out": 0.17427653931576745, "roll-in": 0.24957838088724013, "bad-redirect": 0.0025234252622511597, "redirect": 0.029096425197537926, "oneh-out": 0.009120807998927432, "oneh-in": 0.01837197910722364, "dsfb-red": 0.013449403539039884, "dsfb-alt": 0.04121148207861389, "alternate": 0.2801098143349415, "sfR": 0.09728563198976478, "unknown": 0.06706645538363028}, "tr-quotes": {"sft": 0.0, "sfb": 0.02168696978803079, "dsfb": 0.0, "sfT": 3.4673262291671484e-06, "roll-out": 0.1844675342687409, "roll-in": 0.2549467187536118, "bad-redirect": 0.0033136080996740715, "redirect": 0.03432884121957421, "oneh-out": 0.012180717043064192, "oneh-in": 0.02157601534869744, "dsfb-red": 0.013078754536418484, "dsfb-alt": 0.039622292596102726, "alternate": 0.27353389889276714, "sfR": 0.09591664547745082, "unknown": 0.045344536649638244}, "gutenberg": {"sft": 0.0, "sfb": 0.017629933738803814, "dsfb": 0.0, "sfT": 5.4936665602031975e-06, "roll-out": 0.18116009567315033, "roll-in": 0.26227654511266374, "bad-redirect": 0.0027002318327288407, "redirect": 0.029435444303124607, "oneh-out": 0.012416633609948916, "oneh-in": 0.013451905601380312, "dsfb-red": 0.010864199214746668, "dsfb-alt": 0.04290477808807522, "alternate": 0.2543531624386272, "sfR": 0.09761014138424484, "unknown": 0.07519143533594529}, "english-200": {"sft": 0.0, "sfb": 0.0022271714922048997, "dsfb": 0.0, "sfT": 0.0, "roll-out": 0.22939866369710468, "roll-in": 0.2583518930957684, "bad-redirect": 0.0066815144766146995, "redirect": 0.031180400890868598, "oneh-out": 0.008908685968819599, "oneh-in": 0.008908685968819599, "dsfb-red": 0.013363028953229399, "dsfb-alt": 0.0378619153674833, "alternate": 0.2962138084632517, "sfR": 0.10690423162583519, "unknown": 0.0}, "monkeyracer": {"sft": 0.0, "sfb": 0.02153389273816413, "dsfb": 0.0, "sfT": 3.9100990037067735e-06, "roll-out": 0.18482549228146455, "roll-in": 0.2551134319720975, "bad-redirect": 0.0033617076184368987, "redirect": 0.034277882915995435, "oneh-out": 0.01215356522827158, "oneh-in": 0.021820307490185653, "dsfb-red": 0.01305484304862599, "dsfb-alt": 0.03949297746218934, "alternate": 0.2730627414486135, "sfR": 0.09605353707555875, "unknown": 0.04524571062139293}, "chained-bigrams": {"sft": 0.0, "sfb": 0.017954573345133364, "dsfb": 0.0, "sfT": 4.8697851905287224e-05, "roll-out": 0.14359178473731404, "roll-in": 0.24961220277266088, "bad-redirect": 0.0028777183952564396, "redirect": 0.04504551301239068, "oneh-out": 0.006250206965870597, "oneh-in": 0.010453805542334991, "dsfb-red": 0.021610158761490257, "dsfb-alt": 0.04744599245897531, "alternate": 0.26589416723102066, "sfR": 0.11643721321023381, "unknown": 0.07277796571541365}, "english-5k": {"sft": 0.0, "sfb": 0.018168996557016634, "dsfb": 0.0, "sfT": 0.0, "roll-out": 0.18845148711992368, "roll-in": 0.2336250881486705, "bad-redirect": 0.001078524909777243, "redirect": 0.030032770564566307, "oneh-out": 0.010992657734268056, "oneh-in": 0.022026797195835234, "dsfb-red": 0.015265275646077903, "dsfb-alt": 0.042269880117808106, "alternate": 0.32861824366366615, "sfR": 0.10644211224955408, "unknown": 0.0030281660928361057}, "mt-quotes": {"sft": 0.0, "sfb": 0.021310706302817322, "dsfb": 0.0, "sfT": 2.9882502002127633e-06, "roll-out": 0.1869016028974074, "roll-in": 0.2608458541016722, "bad-redirect": 0.003494758609148827, "redirect": 0.034586007817262523, "oneh-out": 0.012389285330082118, "oneh-in": 0.022739089898519024, "dsfb-red": 0.012816605108712542, "dsfb-alt": 0.03928951363239741, "alternate": 0.27361614133228146, "sfR": 0.09572710103871578, "unknown": 0.03628034568078316}, "english-1k": {"sft": 0.0, "sfb": 0.010938602681721948, "dsfb": 0.0, "sfT": 0.0, "roll-out": 0.24206069160197602, "roll-in": 0.22829922371206776, "bad-redirect": 0.0017642907551164433, "redirect": 0.03211009174311927, "oneh-out": 0.019407198306280876, "oneh-in": 0.013408609738884969, "dsfb-red": 0.009527170077628794, "dsfb-alt": 0.04199011997177135, "alternate": 0.292166549047283, "sfR": 0.10832745236414962, "unknown": 0.0}, "english-10k": {"sft": 0.0, "sfb": 0.02059010825727022, "dsfb": 0.0, "sfT": 0.0, "roll-out": 0.1812971575230119, "roll-in": 0.24995658130873585, "bad-redirect": 0.0010613457864572277, "redirect": 0.030875513787846625, "oneh-out": 0.010266108334459003, "oneh-in": 0.021130429748557535, "dsfb-red": 0.015032515775457826, "dsfb-alt": 0.043920418363211824, "alternate": 0.3126724686902993, "sfR": 0.10543987958549622, "unknown": 0.0077574728391964646}, "reddit": {"sft": 0.0, "sfb": 0.019451784536718284, "dsfb": 0.0, "sfT": 5.9894403806272504e-05, "roll-out": 0.17787173345604382, "roll-in": 0.23962657206422372, "bad-redirect": 0.002480991767422426, "redirect": 0.0323669133424617, "oneh-out": 0.0097780704450334, "oneh-in": 0.017857709400518448, "dsfb-red": 0.014233255178440561, "dsfb-alt": 0.039876188266203094, "alternate": 0.26515203870399595, "sfR": 0.1028716913164539, "unknown": 0.07837315711867839}, "akl": {"sft": 0.0, "sfb": 0.023074861430020625, "dsfb": 0.0, "sfT": 0.00013103324452810747, "roll-out": 0.17196598562834808, "roll-in": 0.22804579807052153, "bad-redirect": 0.0025810141688136913, "redirect": 0.03012141422724894, "oneh-out": 0.008131619579575963, "oneh-in": 0.017876961580061437, "dsfb-red": 0.016802860700447345, "dsfb-alt": 0.03390650929790839, "alternate": 0.2515847588077573, "sfR": 0.11706348985084018, "unknown": 0.09871369341392838}, "keymash": {"sft": 0.0, "sfb": 0.02184201992504505, "dsfb": 0.0, "sfT": 2.873409875499255e-05, "roll-out": 0.18919762081662309, "roll-in": 0.2538288186591028, "bad-redirect": 0.0032551629018155847, "redirect": 0.033623000414592, "oneh-out": 0.012084740962099725, "oneh-in": 0.020840431339871023, "dsfb-red": 0.013554284869855058, "dsfb-alt": 0.04047813540328308, "alternate": 0.27096665613083043, "sfR": 0.09899307508220005, "unknown": 0.04130731939592715}, "movie": {"sft": 0.0, "sfb": 0.02589819143774455, "dsfb": 0.0, "sfT": 1.2633392504108155e-05, "roll-out": 0.17313235360497145, "roll-in": 0.21236535402647932, "bad-redirect": 0.0031547949843852585, "redirect": 0.0364924754329865, "oneh-out": 0.010737199247944673, "oneh-in": 0.02452141485047393, "dsfb-red": 0.015001890402951266, "dsfb-alt": 0.04084586353119902, "alternate": 0.24042227640836336, "sfR": 0.1138359467128768, "unknown": 0.10357960596711975}}