{"english-450k": {"sft": 0.0, "sfb": 0.024474054567003117, "dsfb": 0.0, "sfT": 0.0001251241740488955, "roll-out": 0.23375943766623536, "roll-in": 0.22765261787252652, "bad-redirect": 0.0232751427965019, "redirect": 0.07387442327403188, "oneh-out": 0.028502292871254827, "oneh-in": 0.029539537192576043, "dsfb-red": 0.02716451665525542, "dsfb-alt": 0.03491432209885862, "alternate": 0.17373696209029874, "sfR": 0.11328269117541298, "unknown": 0.009698877565995693}, "shai": {"sft": 0.0, "sfb": 0.015541874262493602, "dsfb": 0.0, "sfT": 1.978552981097233e-05, "roll-out": 0.2312361923165883, "roll-in": 0.21389539461604462, "bad-redirect": 0.025428856777225152, "redirect": 0.07100085365736603, "oneh-out": 0.04129788895518469, "oneh-in": 0.02549637992923654, "dsfb-red": 0.02214092127495601, "dsfb-alt": 0.03057891949332943, "alternate": 0.15865794968035069, "sfR": 0.09728563198976478, "unknown": 0.06741935151764922}, "tr-quotes": {"sft": 0.0, "sfb": 0.019049490303044314, "dsfb": 0.0, "sfT": 3.467326229167148e-05, "roll-out": 0.23043965696585839, "roll-in": 0.217639444303183, "bad-redirect": 0.024851482859850674, "redirect": 0.06604678578858557, "oneh-out": 0.05089225861630568, "oneh-in": 0.02489886965164929, "dsfb-red": 0.025229421418829893, "dsfb-alt": 0.029473428723330482, "alternate": 0.16925290677515545, "sfR": 0.09591664547745082, "unknown": 0.04627493585446476}, "gutenberg": {"sft": 0.0, "sfb": 0.012018626939501093, "dsfb": 0.0, "sfT": 0.00021728398429493337, "roll-out": 0.24466195575287292, "roll-in": 0.20620610039467258, "bad-redirect": 0.024968525079345594, "redirect": 0.06363029821516457, "oneh-out": 0.041302521820275266, "oneh-in": 0.021157057107232202, "dsfb-red": 0.01880633612979905, "dsfb-alt": 0.026735401907173707, "alternate": 0.16254016533284232, "sfR": 0.09761014138424484, "unknown": 0.08014558595258095}, "english-200": {"sft": 0.0, "sfb": 0.008908685968819599, "dsfb": 0.0, "sfT": 0.0, "roll-out": 0.23162583518930957, "roll-in": 0.22939866369710468, "bad-redirect": 0.031180400890868598, "redirect": 0.07349665924276169, "oneh-out": 0.051224944320712694, "oneh-in": 0.042316258351893093, "dsfb-red": 0.022271714922048998, "dsfb-alt": 0.028953229398663696, "alternate": 0.17371937639198218, "sfR": 0.10690423162583519, "unknown": 0.0}, "monkeyracer": {"sft": 0.0, "sfb": 0.018999171059011215, "dsfb": 0.0, "sfT": 3.225831678058088e-05, "roll-out": 0.22979163082409246, "roll-in": 0.21775341351643024, "bad-redirect": 0.024941544019894582, "redirect": 0.06610706633091949, "oneh-out": 0.05153510486885528, "oneh-in": 0.02493372382188717, "dsfb-red": 0.02539413797957364, "dsfb-alt": 0.02926513599324335, "alternate": 0.1690365125044966, "sfR": 0.09605353707555875, "unknown": 0.046156763689256614}, "chained-bigrams": {"sft": 0.0, "sfb": 0.015615777844295436, "dsfb": 0.0, "sfT": 7.791656304845956e-05, "roll-out": 0.23192319504658437, "roll-in": 0.1877445037981078, "bad-redirect": 0.026674735359640128, "redirect": 0.06592974912814613, "oneh-out": 0.02616568048105686, "oneh-in": 0.022493213142706133, "dsfb-red": 0.03923748254182009, "dsfb-alt": 0.03722204077763327, "alternate": 0.15700317315203016, "sfR": 0.11643721321023381, "unknown": 0.07347531895469736}, "english-5k": {"sft": 0.0, "sfb": 0.016592690919649895, "dsfb": 0.0, "sfT": 0.0, "roll-out": 0.2389347492429585, "roll-in": 0.23988882897083835, "bad-redirect": 0.022897913469116855, "redirect": 0.07914713568673, "oneh-out": 0.032272783838719045, "oneh-in": 0.03513502302235865, "dsfb-red": 0.02654830547143983, "dsfb-alt": 0.03156759447463393, "alternate": 0.1675446965611648, "sfR": 0.10644211224955408, "unknown": 0.0030281660928361057}, "mt-quotes": {"sft": 0.0, "sfb": 0.018845399887641792, "dsfb": 0.0, "sfT": 2.2411876501595726e-05, "roll-out": 0.23145193100727937, "roll-in": 0.2197036253451429, "bad-redirect": 0.02513865480928987, "redirect": 0.06599699979679899, "oneh-out": 0.05413812887725464, "oneh-in": 0.025102795806887318, "dsfb-red": 0.02602765924385317, "dsfb-alt": 0.029187733830578166, "alternate": 0.17148522011450976, "sfR": 0.09572710103871578, "unknown": 0.03717233836554667}, "english-1k": {"sft": 0.0, "sfb": 0.011644318983768526, "dsfb": 0.0, "sfT": 0.0, "roll-out": 0.2208892025405787, "roll-in": 0.25935074100211714, "bad-redirect": 0.027170077628793227, "redirect": 0.07727593507410022, "oneh-out": 0.04128440366972477, "oneh-in": 0.040578687367678196, "dsfb-red": 0.024347212420606917, "dsfb-alt": 0.027170077628793227, "alternate": 0.1619618913196895, "sfR": 0.10832745236414962, "unknown": 0.0}, "english-10k": {"sft": 0.0, "sfb": 0.015997375581328032, "dsfb": 0.0, "sfT": 5.789158835221242e-05, "roll-out": 0.24204473090060014, "roll-in": 0.23868701877617182, "bad-redirect": 0.0209760521796183, "redirect": 0.08066227977074931, "oneh-out": 0.02884930819551919, "oneh-in": 0.03230350630053453, "dsfb-red": 0.02526002971768202, "dsfb-alt": 0.03413673993168793, "alternate": 0.1678277146330638, "sfR": 0.10543987958549622, "unknown": 0.0077574728391964646}, "reddit": {"sft": 0.0, "sfb": 0.020792947218571684, "dsfb": 0.0, "sfT": 0.00010802717984821133, "roll-out": 0.21149837706392688, "roll-in": 0.2075705177944251, "bad-redirect": 0.024483738519536943, "redirect": 0.06731321907698566, "oneh-out": 0.04480764400923925, "oneh-in": 0.025119915226382305, "dsfb-red": 0.024853405731021686, "dsfb-alt": 0.03111092881836657, "alternate": 0.15959614915317216, "sfR": 0.1028716913164539, "unknown": 0.07987343889206965}, "akl": {"sft": 0.0, "sfb": 0.029084485899274034, "dsfb": 0.0, "sfT": 0.00021739747283646766, "roll-out": 0.19931246887573228, "roll-in": 0.19586694506429675, "bad-redirect": 0.022528982509199276, "redirect": 0.058435622902306444, "oneh-out": 0.04624098147431544, "oneh-in": 0.0259890036157741, "dsfb-red": 0.02605021441747328, "dsfb-alt": 0.030971240711973318, "alternate": 0.14927932954594594, "sfR": 0.11706348985084018, "unknown": 0.09895983766003248}, "keymash": {"sft": 0.0, "sfb": 0.01847602549946021, "dsfb": 0.0, "sfT": 4.925845500855866e-05, "roll-out": 0.232540956352904, "roll-in": 0.21768132242532212, "bad-redirect": 0.025417362784416267, "redirect": 0.06839946965063441, "oneh-out": 0.050760837886319694, "oneh-in": 0.025376314071909135, "dsfb-red": 0.02485910029431927, "dsfb-alt": 0.02932109534384454, "alternate": 0.16574649136129846, "sfR": 0.09899307508220005, "unknown": 0.0423786907923633}, "movie": {"sft": 0.0, "sfb": 0.0287659715361771, "dsfb": 0.0, "sfT": 9.606642216665577e-05, "roll-out": 0.20064854046811192, "roll-in": 0.19388559594541796, "bad-redirect": 0.021659161861261926, "redirect": 0.053774561585090704, "oneh-out": 0.053972089940805976, "oneh-in": 0.02150703475985829, "dsfb-red": 0.026368785308522578, "dsfb-alt": 0.029184979054230023, "alternate": 0.15251768378855438, "sfR": 0.1138359467128768, "unknown": 0.10378358261692566}}