{"english-450k": {"sft": 0.0, "sfb": 0.04865020835513749, "dsfb": 0.0, "sfT": 0.00021370507296668832, "roll-out": 0.20730766104913698, "roll-in": 0.2297200902063438, "bad-redirect": 0.0017029166211093836, "redirect": 0.07431060380599672, "oneh-out": 0.015220712611405828, "oneh-in": 0.008068755148947466, "dsfb-red": 0.05849262790584815, "dsfb-alt": 0.041832110254276876, "alternate": 0.19149904022742195, "sfR": 0.11328269117541298, "unknown": 0.009698877565995693}, "shai": {"sft": 0.0, "sfb": 0.02930333725225126, "dsfb": 0.0, "sfT": 0.0001542512725130069, "roll-out": 0.20962475070696887, "roll-in": 0.2497878861158528, "bad-redirect": 0.0010114190993218116, "redirect": 0.06244178518116455, "oneh-out": 0.011803597343722955, "oneh-in": 0.014024778511985728, "dsfb-red": 0.051618407571386596, "dsfb-alt": 0.038015681657946894, "alternate": 0.16750912177947153, "sfR": 0.09728563198976478, "unknown": 0.06741935151764922}, "tr-quotes": {"sft": 0.0, "sfb": 0.02721157624650378, "dsfb": 0.0, "sfT": 8.090427868056679e-05, "roll-out": 0.22746700261205244, "roll-in": 0.25464852869790344, "bad-redirect": 0.0009569820392501329, "redirect": 0.06566884722960634, "oneh-out": 0.01355262245440466, "oneh-in": 0.015819098032870252, "dsfb-red": 0.05691269272554957, "dsfb-alt": 0.033196181318046275, "alternate": 0.162293983033217, "sfR": 0.09591664547745082, "unknown": 0.04627493585446476}, "gutenberg": {"sft": 0.0, "sfb": 0.02806960513419133, "dsfb": 0.0, "sfT": 7.634302150903064e-05, "roll-out": 0.2308226519406093, "roll-in": 0.23682059920368356, "bad-redirect": 0.0011114255761624882, "redirect": 0.055163042551667936, "oneh-out": 0.012490324516566814, "oneh-in": 0.015091670351211997, "dsfb-red": 0.06096340725535282, "dsfb-alt": 0.03195552176003437, "alternate": 0.14967968135218457, "sfR": 0.09761014138424484, "unknown": 0.08014558595258095}, "english-200": {"sft": 0.0, "sfb": 0.028953229398663696, "dsfb": 0.0, "sfT": 0.0, "roll-out": 0.22271714922049, "roll-in": 0.26280623608017817, "bad-redirect": 0.0, "redirect": 0.0556792873051225, "oneh-out": 0.015590200445434299, "oneh-in": 0.0200445434298441, "dsfb-red": 0.0779510022271715, "dsfb-alt": 0.024498886414253896, "alternate": 0.18485523385300667, "sfR": 0.10690423162583519, "unknown": 0.0}, "monkeyracer": {"sft": 0.0, "sfb": 0.027156615105494473, "dsfb": 0.0, "sfT": 7.820198007413547e-05, "roll-out": 0.22686198914556516, "roll-in": 0.2554125545458811, "bad-redirect": 0.0009560192064063062, "redirect": 0.06559386583668299, "oneh-out": 0.013648200572438493, "oneh-in": 0.01596688928163661, "dsfb-red": 0.056831333969376105, "dsfb-alt": 0.033070639848600966, "alternate": 0.1622133897430283, "sfR": 0.09605353707555875, "unknown": 0.046156763689256614}, "chained-bigrams": {"sft": 0.0, "sfb": 0.029557648192433134, "dsfb": 0.0, "sfT": 0.0001564824307889896, "roll-out": 0.17985869831291162, "roll-in": 0.20589516716024645, "bad-redirect": 0.002369312821365241, "redirect": 0.07145078692482155, "oneh-out": 0.01087195776402839, "oneh-in": 0.009845407045864936, "dsfb-red": 0.06634465482637918, "dsfb-alt": 0.04705900686250129, "alternate": 0.18667834549372805, "sfR": 0.11643721321023381, "unknown": 0.07347531895469736}, "english-5k": {"sft": 0.0, "sfb": 0.033434272203094535, "dsfb": 0.0, "sfT": 8.296345459824948e-05, "roll-out": 0.19811672958061974, "roll-in": 0.2677645497158502, "bad-redirect": 0.001410378728170241, "redirect": 0.0702700460447173, "oneh-out": 0.012071182644045298, "oneh-in": 0.010743767370473306, "dsfb-red": 0.05695441158169826, "dsfb-alt": 0.041647654208321234, "alternate": 0.1980337661260215, "sfR": 0.10644211224955408, "unknown": 0.0030281660928361057}, "mt-quotes": {"sft": 0.0, "sfb": 0.026434061271082106, "dsfb": 0.0, "sfT": 5.080025340361698e-05, "roll-out": 0.23093795197284278, "roll-in": 0.25977456640489593, "bad-redirect": 0.0008740631835622333, "redirect": 0.06584908141188846, "oneh-out": 0.013859504428586796, "oneh-in": 0.01651008235617552, "dsfb-red": 0.058057219014833676, "dsfb-alt": 0.03255549180621795, "alternate": 0.16219773849224847, "sfR": 0.09572710103871578, "unknown": 0.03717233836554667}, "english-1k": {"sft": 0.0, "sfb": 0.027170077628793227, "dsfb": 0.0, "sfT": 0.0, "roll-out": 0.2180663373323924, "roll-in": 0.276287932251235, "bad-redirect": 0.0007057163020465773, "redirect": 0.06739590684544813, "oneh-out": 0.014467184191954835, "oneh-in": 0.017290049400141144, "dsfb-red": 0.06457304163726182, "dsfb-alt": 0.034227240649259, "alternate": 0.1714890613973183, "sfR": 0.10832745236414962, "unknown": 0.0}, "english-10k": {"sft": 0.0, "sfb": 0.034040253951100906, "dsfb": 0.0, "sfT": 0.00013508037282182898, "roll-out": 0.20530286949306265, "roll-in": 0.27002566527083616, "bad-redirect": 0.0008297794330483781, "redirect": 0.0685243434129021, "oneh-out": 0.012967715790895583, "oneh-in": 0.009667895254819476, "dsfb-red": 0.05457247062001891, "dsfb-alt": 0.04235734547770209, "alternate": 0.18837922849809924, "sfR": 0.10543987958549622, "unknown": 0.0077574728391964646}, "reddit": {"sft": 0.0, "sfb": 0.026923602047197466, "dsfb": 0.0, "sfT": 0.0002809680568798312, "roll-out": 0.20705068381317215, "roll-in": 0.24437411190814243, "bad-redirect": 0.0011595316849449479, "redirect": 0.06253885972517122, "oneh-out": 0.01166435086209173, "oneh-in": 0.013976896642074002, "dsfb-red": 0.05044348640867124, "dsfb-alt": 0.038196185823979746, "alternate": 0.16064619281915168, "sfR": 0.1028716913164539, "unknown": 0.07987343889206965}, "akl": {"sft": 0.0, "sfb": 0.03550096394621826, "dsfb": 0.0, "sfT": 0.00021144986457419896, "roll-out": 0.19968797360154072, "roll-in": 0.23373524296165615, "bad-redirect": 0.0011981332935834849, "redirect": 0.0540857528637424, "oneh-out": 0.010483403013281382, "oneh-in": 0.01096968194297458, "dsfb-red": 0.050310446565014606, "dsfb-alt": 0.038245785159255266, "alternate": 0.1495478392772863, "sfR": 0.11706348985084018, "unknown": 0.09895983766003248}, "keymash": {"sft": 0.0, "sfb": 0.029124061523810307, "dsfb": 0.0, "sfT": 0.0001559851075271024, "roll-out": 0.22446667460275108, "roll-in": 0.25708398156091833, "bad-redirect": 0.0010672665251854375, "redirect": 0.06472150500999536, "oneh-out": 0.012663527808450288, "oneh-in": 0.01600489300653085, "dsfb-red": 0.05750514135124152, "dsfb-alt": 0.034000648569657614, "alternate": 0.16183454905936875, "sfR": 0.09899307508220005, "unknown": 0.0423786907923633}, "movie": {"sft": 0.0, "sfb": 0.021658240676391834, "dsfb": 0.0, "sfT": 8.90917367216794e-05, "roll-out": 0.19896435132990803, "roll-in": 0.2292683068056217, "bad-redirect": 0.0007644518443371279, "redirect": 0.06417802871438519, "oneh-out": 0.012245310478122584, "oneh-in": 0.016170347611742686, "dsfb-red": 0.05662865550831047, "dsfb-alt": 0.03285458478315769, "alternate": 0.14955910118149857, "sfR": 0.1138359467128768, "unknown": 0.10378358261692566}}