{"english-450k": {"sft": 0.0, "sfb": 0.05668505134476329, "dsfb": 0.0, "sfT": 0.0006683034155976053, "roll-out": 0.12743897126880005, "roll-in": 0.2818141368098364, "bad-redirect": 0.013808388114138974, "redirect": 0.03313071792625976, "oneh-out": 0.005441732186322759, "oneh-in": 0.01793368535713889, "dsfb-red": 0.024510597842134222, "dsfb-alt": 0.0684864827887021, "alternate": 0.24710036420489725, "sfR": 0.11328269117541298, "unknown": 0.009698877565995693}, "shai": {"sft": 0.0, "sfb": 0.056721785416485405, "dsfb": 0.0, "sfT": 0.0009765196231274575, "roll-out": 0.10567116294637811, "roll-in": 0.3279404231068979, "bad-redirect": 0.014080462083462733, "redirect": 0.028217757249817548, "oneh-out": 0.004563730615831582, "oneh-in": 0.020683182113881052, "dsfb-red": 0.022485906293377607, "dsfb-alt": 0.055739320845433524, "alternate": 0.19821476619789308, "sfR": 0.09728563198976478, "unknown": 0.06741935151764922}, "tr-quotes": {"sft": 0.0, "sfb": 0.06557291787059938, "dsfb": 0.0, "sfT": 0.0010240170130140312, "roll-out": 0.10138693049166686, "roll-in": 0.3562099812764384, "bad-redirect": 0.014827442731328449, "redirect": 0.02906890732992765, "oneh-out": 0.004808025704445112, "oneh-in": 0.022601188137121194, "dsfb-red": 0.026631376990823144, "dsfb-alt": 0.05398164628649361, "alternate": 0.18169598483622662, "sfR": 0.09591664547745082, "unknown": 0.04627493585446476}, "gutenberg": {"sft": 0.0, "sfb": 0.06356854182555677, "dsfb": 0.0, "sfT": 0.0010494797497767488, "roll-out": 0.10068470029017926, "roll-in": 0.3526448973498931, "bad-redirect": 0.013277244892121438, "redirect": 0.020132583012143275, "oneh-out": 0.0037510376399511555, "oneh-in": 0.021373962217971262, "dsfb-red": 0.02392756998457606, "dsfb-alt": 0.05280133424111437, "alternate": 0.16903292145989074, "sfR": 0.09761014138424484, "unknown": 0.08014558595258095}, "english-200": {"sft": 0.0, "sfb": 0.0779510022271715, "dsfb": 0.0, "sfT": 0.0022271714922048997, "roll-out": 0.09799554565701558, "roll-in": 0.38530066815144765, "bad-redirect": 0.015590200445434299, "redirect": 0.013363028953229399, "oneh-out": 0.004454342984409799, "oneh-in": 0.026726057906458798, "dsfb-red": 0.026726057906458798, "dsfb-alt": 0.066815144766147, "alternate": 0.1759465478841871, "sfR": 0.10690423162583519, "unknown": 0.0}, "monkeyracer": {"sft": 0.0, "sfb": 0.06578350563836276, "dsfb": 0.0, "sfT": 0.0010224908894693214, "roll-out": 0.10128622706726935, "roll-in": 0.35681706210801256, "bad-redirect": 0.014916050174390415, "redirect": 0.029068653518307085, "oneh-out": 0.004838747517087133, "oneh-in": 0.022649248478971488, "dsfb-red": 0.026727481739837654, "dsfb-alt": 0.0537843893207376, "alternate": 0.18089584278273926, "sfR": 0.09605353707555875, "unknown": 0.046156763689256614}, "chained-bigrams": {"sft": 0.0, "sfb": 0.05298196426356836, "dsfb": 0.0, "sfT": 0.0012304323914735906, "roll-out": 0.09258435604233207, "roll-in": 0.30068845776500236, "bad-redirect": 0.018675950858023687, "redirect": 0.02500017855879032, "oneh-out": 0.005608693930104947, "oneh-in": 0.026694214500402245, "dsfb-red": 0.024939143917735693, "dsfb-alt": 0.061195019313568064, "alternate": 0.2004890562940675, "sfR": 0.11643721321023381, "unknown": 0.07347531895469736}, "english-5k": {"sft": 0.0, "sfb": 0.05023437175924005, "dsfb": 0.0, "sfT": 0.0005392624548886216, "roll-out": 0.1135354876177044, "roll-in": 0.3098685029244618, "bad-redirect": 0.015306757373377028, "redirect": 0.03642095656863152, "oneh-out": 0.005102252457792342, "oneh-in": 0.024100883560791472, "dsfb-red": 0.02181938855933961, "dsfb-alt": 0.06686854440618907, "alternate": 0.24673331397519394, "sfR": 0.10644211224955408, "unknown": 0.0030281660928361057}, "mt-quotes": {"sft": 0.0, "sfb": 0.06631674256822175, "dsfb": 0.0, "sfT": 0.001010028567671914, "roll-out": 0.10138535279281864, "roll-in": 0.36557356474342884, "bad-redirect": 0.015298346899989242, "redirect": 0.029679300988513166, "oneh-out": 0.004710976440635422, "oneh-in": 0.023305363311459344, "dsfb-red": 0.027482937091356786, "dsfb-alt": 0.05386320985883506, "alternate": 0.17847473733280741, "sfR": 0.09572710103871578, "unknown": 0.03717233836554667}, "english-1k": {"sft": 0.0, "sfb": 0.06880733944954129, "dsfb": 0.0, "sfT": 0.001058574453069866, "roll-out": 0.09139026111503176, "roll-in": 0.35638673253352154, "bad-redirect": 0.014467184191954835, "redirect": 0.020465772759350742, "oneh-out": 0.004234297812279464, "oneh-in": 0.029640084685956247, "dsfb-red": 0.021877205363443897, "dsfb-alt": 0.05963302752293578, "alternate": 0.223712067748765, "sfR": 0.10832745236414962, "unknown": 0.0}, "english-10k": {"sft": 0.0, "sfb": 0.05200594353640416, "dsfb": 0.0, "sfT": 0.0005403214912873159, "roll-out": 0.1304876401458868, "roll-in": 0.304683429497694, "bad-redirect": 0.01472376063757936, "redirect": 0.03295961096852627, "oneh-out": 0.0060593195808649, "oneh-in": 0.023137338144767566, "dsfb-red": 0.02062870264950503, "dsfb-alt": 0.06397020512919473, "alternate": 0.2376063757935972, "sfR": 0.10543987958549622, "unknown": 0.0077574728391964646}, "reddit": {"sft": 0.0, "sfb": 0.06042686093579481, "dsfb": 0.0, "sfT": 0.0007934603851333774, "roll-out": 0.09991135703151498, "roll-in": 0.3318861287145346, "bad-redirect": 0.014203251790417532, "redirect": 0.02749385370670134, "oneh-out": 0.004463013332778963, "oneh-in": 0.02114249979913462, "dsfb-red": 0.022994581597884554, "dsfb-alt": 0.05342472193021047, "alternate": 0.1805151405673712, "sfR": 0.1028716913164539, "unknown": 0.07987343889206965}, "akl": {"sft": 0.0, "sfb": 0.05689438695709333, "dsfb": 0.0, "sfT": 0.0008655628649182929, "roll-out": 0.10043639336539342, "roll-in": 0.31052406978477465, "bad-redirect": 0.013751489844892571, "redirect": 0.03091399498244898, "oneh-out": 0.005253410860407032, "oneh-in": 0.019808881043002324, "dsfb-red": 0.021159112027042782, "dsfb-alt": 0.050924351255335655, "alternate": 0.1734450195038183, "sfR": 0.11706348985084018, "unknown": 0.09895983766003248}, "keymash": {"sft": 0.0, "sfb": 0.06430280814242262, "dsfb": 0.0, "sfT": 0.0011165249801939963, "roll-out": 0.1005939748699782, "roll-in": 0.3600136281725524, "bad-redirect": 0.013541970256102917, "redirect": 0.02810605345363343, "oneh-out": 0.005336332625927188, "oneh-in": 0.02349628303908248, "dsfb-red": 0.027543686092285715, "dsfb-alt": 0.053515206495548265, "alternate": 0.18106176599770948, "sfR": 0.09899307508220005, "unknown": 0.0423786907923633}, "movie": {"sft": 0.0, "sfb": 0.06786803210829344, "dsfb": 0.0, "sfT": 0.0008605182665037837, "roll-out": 0.08817476298242287, "roll-in": 0.3239653218639676, "bad-redirect": 0.012520218362925519, "redirect": 0.031544659897887975, "oneh-out": 0.003407331236628837, "oneh-in": 0.021077236219041444, "dsfb-red": 0.025184799554778193, "dsfb-alt": 0.05058910430431526, "alternate": 0.15718848587343262, "sfR": 0.1138359467128768, "unknown": 0.10378358261692566}}