{"english-450k": {"sft": 0.0, "sfb": 0.10732847609865163, "dsfb": 0.0, "sfT": 0.0023849603081562837, "roll-out": 0.08633012551591795, "roll-in": 0.09414161600794246, "bad-redirect": 0.02191894876983642, "redirect": 0.20871063046797025, "oneh-out": 0.05765944123285901, "oneh-in": 0.06550308980699888, "dsfb-red": 0.15193144364646924, "dsfb-alt": 0.021065297862773863, "alternate": 0.06004440154101529, "sfR": 0.11328269117541298, "unknown": 0.009698877565995693}, "shai": {"sft": 0.0, "sfb": 0.08228314176873967, "dsfb": 0.0, "sfT": 0.0012413059007014109, "roll-out": 0.09536995767011298, "roll-in": 0.10767036068804102, "bad-redirect": 0.02233807215866323, "redirect": 0.23111496724240804, "oneh-out": 0.04561858112051741, "oneh-in": 0.05893424268330179, "dsfb-red": 0.12680437297364747, "dsfb-alt": 0.013965123901074829, "alternate": 0.049954890385378155, "sfR": 0.09728563198976478, "unknown": 0.06741935151764922}, "tr-quotes": {"sft": 0.0, "sfb": 0.07353852199440605, "dsfb": 0.0, "sfT": 0.001054067173666813, "roll-out": 0.1144633734772659, "roll-in": 0.12697926538914958, "bad-redirect": 0.0204895864635584, "redirect": 0.2369674764799704, "oneh-out": 0.041158318115623774, "oneh-in": 0.053804812648806086, "dsfb-red": 0.1192193892882735, "dsfb-alt": 0.014376690321536718, "alternate": 0.05575691731582719, "sfR": 0.09591664547745082, "unknown": 0.04627493585446476}, "gutenberg": {"sft": 0.0, "sfb": 0.07574781115274931, "dsfb": 0.0, "sfT": 0.000908538786990846, "roll-out": 0.10058467767142797, "roll-in": 0.10920689261927792, "bad-redirect": 0.019178389961669363, "redirect": 0.24471215649902647, "oneh-out": 0.04075467065847845, "oneh-in": 0.04855662435785668, "dsfb-red": 0.12548254283260268, "dsfb-alt": 0.01153916245453991, "alternate": 0.045572805668554595, "sfR": 0.09761014138424484, "unknown": 0.08014558595258095}, "english-200": {"sft": 0.0, "sfb": 0.07349665924276169, "dsfb": 0.0, "sfT": 0.0, "roll-out": 0.12249443207126949, "roll-in": 0.10244988864142539, "bad-redirect": 0.026726057906458798, "redirect": 0.23608017817371937, "oneh-out": 0.051224944320712694, "oneh-in": 0.07126948775055679, "dsfb-red": 0.14699331848552338, "dsfb-alt": 0.013363028953229399, "alternate": 0.04899777282850779, "sfR": 0.10690423162583519, "unknown": 0.0}, "monkeyracer": {"sft": 0.0, "sfb": 0.07362129909129299, "dsfb": 0.0, "sfT": 0.001058659305253609, "roll-out": 0.11453364249182789, "roll-in": 0.1277722601936281, "bad-redirect": 0.02051726699720037, "redirect": 0.2367027308131442, "oneh-out": 0.040799928054178335, "oneh-in": 0.053645580806106014, "dsfb-red": 0.11900679575206845, "dsfb-alt": 0.014353973442607568, "alternate": 0.05577756228787713, "sfR": 0.09605353707555875, "unknown": 0.046156763689256614}, "chained-bigrams": {"sft": 0.0, "sfb": 0.07630433949804852, "dsfb": 0.0, "sfT": 0.0016089770269506899, "roll-out": 0.08328436493780635, "roll-in": 0.09018387659574745, "bad-redirect": 0.01718904311318225, "redirect": 0.21343034811172457, "oneh-out": 0.051252216563892554, "oneh-in": 0.054374073523367504, "dsfb-red": 0.15039844582428907, "dsfb-alt": 0.01678582489940647, "alternate": 0.05527595774065342, "sfR": 0.11643721321023381, "unknown": 0.07347531895469736}, "english-5k": {"sft": 0.0, "sfb": 0.08773385323764882, "dsfb": 0.0, "sfT": 0.0012029700916746174, "roll-out": 0.0903886837847928, "roll-in": 0.1027917202472311, "bad-redirect": 0.029576471564275935, "redirect": 0.23250508151159413, "oneh-out": 0.056912929854399136, "oneh-in": 0.0737959928651429, "dsfb-red": 0.14531049072883395, "dsfb-alt": 0.01779566101132451, "alternate": 0.052515866760691914, "sfR": 0.10644211224955408, "unknown": 0.0030281660928361057}, "mt-quotes": {"sft": 0.0, "sfb": 0.0724142671017559, "dsfb": 0.0, "sfT": 0.0009876166911703182, "roll-out": 0.11669864094380894, "roll-in": 0.13009496659136277, "bad-redirect": 0.020681679635672537, "redirect": 0.24202884259093246, "oneh-out": 0.040472860711681664, "oneh-in": 0.05350760808500974, "dsfb-red": 0.11943886637740404, "dsfb-alt": 0.014198670826310945, "alternate": 0.05657654104062825, "sfR": 0.09572710103871578, "unknown": 0.03717233836554667}, "english-1k": {"sft": 0.0, "sfb": 0.08645024700070572, "dsfb": 0.0, "sfT": 0.0007057163020465773, "roll-out": 0.10127028934368384, "roll-in": 0.09985885673959069, "bad-redirect": 0.027522935779816515, "redirect": 0.24735356386732535, "oneh-out": 0.05081157374735357, "oneh-in": 0.06704304869442484, "dsfb-red": 0.152787579393084, "dsfb-alt": 0.01305575158786168, "alternate": 0.04481298517995766, "sfR": 0.10832745236414962, "unknown": 0.0}, "english-10k": {"sft": 0.0, "sfb": 0.10358734875822544, "dsfb": 0.0, "sfT": 0.0016595588660967562, "roll-out": 0.08494625730881303, "roll-in": 0.09586847031126378, "bad-redirect": 0.02740201848671388, "redirect": 0.22678064877173346, "oneh-out": 0.05787229115609502, "oneh-in": 0.07255745740143957, "dsfb-red": 0.14685166245344553, "dsfb-alt": 0.01659558866096756, "alternate": 0.05268134540051331, "sfR": 0.10543987958549622, "unknown": 0.0077574728391964646}, "reddit": {"sft": 0.0, "sfb": 0.07464490840445091, "dsfb": 0.0, "sfT": 0.0010392933883732565, "roll-out": 0.10623386873086979, "roll-in": 0.1173295036874014, "bad-redirect": 0.021403315767679384, "redirect": 0.2235243043362387, "oneh-out": 0.039831276827701705, "oneh-in": 0.04992312802363263, "dsfb-red": 0.11169156367282673, "dsfb-alt": 0.015153059418507371, "alternate": 0.056480647533794545, "sfR": 0.1028716913164539, "unknown": 0.07987343889206965}, "akl": {"sft": 0.0, "sfb": 0.07201785372873529, "dsfb": 0.0, "sfT": 0.0012382176951010666, "roll-out": 0.09727592107077765, "roll-in": 0.11472812429410874, "bad-redirect": 0.02163808035491361, "redirect": 0.2107349744519248, "oneh-out": 0.03707441610285199, "oneh-in": 0.04510065149853088, "dsfb-red": 0.10848220630493562, "dsfb-alt": 0.01873459430063004, "alternate": 0.05695163268661767, "sfR": 0.11706348985084018, "unknown": 0.09895983766003248}, "keymash": {"sft": 0.0, "sfb": 0.07557888946813184, "dsfb": 0.0, "sfT": 0.0010426372976811583, "roll-out": 0.11061807046421988, "roll-in": 0.1275137205321555, "bad-redirect": 0.020930738507386717, "redirect": 0.23733134110248633, "oneh-out": 0.041533087314716374, "oneh-in": 0.05471793377200724, "dsfb-red": 0.12141798672484637, "dsfb-alt": 0.013414719247330807, "alternate": 0.054529109694474436, "sfR": 0.09899307508220005, "unknown": 0.0423786907923633}, "movie": {"sft": 0.0, "sfb": 0.059620269172850994, "dsfb": 0.0, "sfT": 0.0009031559662051487, "roll-out": 0.11726920272370678, "roll-in": 0.13834512296436238, "bad-redirect": 0.019825214382748892, "redirect": 0.1971871225198249, "oneh-out": 0.03323490253666678, "oneh-in": 0.04285917886370267, "dsfb-red": 0.09910475306389378, "dsfb-alt": 0.012619179937541034, "alternate": 0.061412368538694175, "sfR": 0.1138359467128768, "unknown": 0.10378358261692566}}