{"english-450k": {"sft": 0.0, "sfb": 0.05250011547674942, "dsfb": 0.0, "sfT": 0.00012366244304365138, "roll-out": 0.18680893012399571, "roll-in": 0.18881910260240742, "bad-redirect": 0.0018964498062037033, "redirect": 0.05462254889636386, "oneh-out": 0.006780970133327408, "oneh-in": 0.009621698168918804, "dsfb-red": 0.03675464143446095, "dsfb-alt": 0.09197299188856231, "alternate": 0.2471173202845581, "sfR": 0.11328269117541298, "unknown": 0.009698877565995693}, "shai": {"sft": 0.0, "sfb": 0.03893556558903132, "dsfb": 0.0, "sfT": 0.0001243330124506407, "roll-out": 0.1642959819273583, "roll-in": 0.17022744147709662, "bad-redirect": 0.0017279323997494453, "redirect": 0.046588548141538066, "oneh-out": 0.006375604441743071, "oneh-in": 0.008733275576512873, "dsfb-red": 0.027385824488417105, "dsfb-alt": 0.09160507556121701, "alternate": 0.2792954338774715, "sfR": 0.09728563198976478, "unknown": 0.06741935151764922}, "tr-quotes": {"sft": 0.0, "sfb": 0.035403712350616026, "dsfb": 0.0, "sfT": 6.70349737638982e-05, "roll-out": 0.16010147708097364, "roll-in": 0.1805806615658445, "bad-redirect": 0.0018804465916183166, "redirect": 0.040437114259957004, "oneh-out": 0.007127666951757934, "oneh-in": 0.008813943274542891, "dsfb-red": 0.02568479693026051, "dsfb-alt": 0.10528651672407018, "alternate": 0.2924250479646795, "sfR": 0.09591664547745082, "unknown": 0.04627493585446476}, "gutenberg": {"sft": 0.0, "sfb": 0.03901867202545424, "dsfb": 0.0, "sfT": 6.09986424960493e-05, "roll-out": 0.14903673292786285, "roll-in": 0.1703722394799127, "bad-redirect": 0.001527997050848241, "redirect": 0.04073421148646114, "oneh-out": 0.007047805886406888, "oneh-in": 0.008131952566546299, "dsfb-red": 0.0204688332929833, "dsfb-alt": 0.09752906244328736, "alternate": 0.28831576686091515, "sfR": 0.09761014138424484, "unknown": 0.08014558595258095}, "english-200": {"sft": 0.0, "sfb": 0.024498886414253896, "dsfb": 0.0, "sfT": 0.0, "roll-out": 0.15367483296213807, "roll-in": 0.19821826280623608, "bad-redirect": 0.0022271714922048997, "redirect": 0.031180400890868598, "oneh-out": 0.013363028953229399, "oneh-in": 0.015590200445434299, "dsfb-red": 0.028953229398663696, "dsfb-alt": 0.11804008908685969, "alternate": 0.30734966592427615, "sfR": 0.10690423162583519, "unknown": 0.0}, "monkeyracer": {"sft": 0.0, "sfb": 0.03541669925082503, "dsfb": 0.0, "sfT": 6.451663356116176e-05, "roll-out": 0.1598624427170496, "roll-in": 0.18055957426842048, "bad-redirect": 0.0018778250465301782, "redirect": 0.04027206468867792, "oneh-out": 0.007158413751036177, "oneh-in": 0.00886028434239955, "dsfb-red": 0.02566100223657663, "dsfb-alt": 0.10581998686206735, "alternate": 0.29223688943804055, "sfR": 0.09605353707555875, "unknown": 0.046156763689256614}, "chained-bigrams": {"sft": 0.0, "sfb": 0.037041534073237674, "dsfb": 0.0, "sfT": 0.0001759615715511045, "roll-out": 0.16507727699792676, "roll-in": 0.1630936511636514, "bad-redirect": 0.002450475907874053, "redirect": 0.03591434112780329, "oneh-out": 0.005256770787002738, "oneh-in": 0.009070137243532762, "dsfb-red": 0.028099309854042798, "dsfb-alt": 0.10427703493713757, "alternate": 0.25963097417130865, "sfR": 0.11643721321023381, "unknown": 0.07347531895469736}, "english-5k": {"sft": 0.0, "sfb": 0.04218691666320985, "dsfb": 0.0, "sfT": 8.296345459824948e-05, "roll-out": 0.197204131580039, "roll-in": 0.18604554693657444, "bad-redirect": 0.0019911229103579875, "redirect": 0.06164184676649936, "oneh-out": 0.007217820550047704, "oneh-in": 0.010245986642883809, "dsfb-red": 0.03198241174762517, "dsfb-alt": 0.09619612560667026, "alternate": 0.255734848799104, "sfR": 0.10644211224955408, "unknown": 0.0030281660928361057}, "mt-quotes": {"sft": 0.0, "sfb": 0.03504022184769486, "dsfb": 0.0, "sfT": 4.6317878103297835e-05, "roll-out": 0.15888227489511242, "roll-in": 0.18250738097799452, "bad-redirect": 0.0018422562484311687, "redirect": 0.03931790200929944, "oneh-out": 0.007242024360215632, "oneh-in": 0.008830279341628717, "dsfb-red": 0.02540012670180849, "dsfb-alt": 0.10897252005115884, "alternate": 0.29901925628429016, "sfR": 0.09572710103871578, "unknown": 0.03717233836554667}, "english-1k": {"sft": 0.0, "sfb": 0.038461538461538464, "dsfb": 0.0, "sfT": 0.0, "roll-out": 0.18101623147494708, "roll-in": 0.19230769230769232, "bad-redirect": 0.0028228652081863093, "redirect": 0.040578687367678196, "oneh-out": 0.008468595624558928, "oneh-in": 0.012702893436838392, "dsfb-red": 0.029640084685956247, "dsfb-alt": 0.10444601270289344, "alternate": 0.28122794636556103, "sfR": 0.10832745236414962, "unknown": 0.0}, "english-10k": {"sft": 0.0, "sfb": 0.04793423515563189, "dsfb": 0.0, "sfT": 7.718878446961657e-05, "roll-out": 0.19926284710831516, "roll-in": 0.17965689585303254, "bad-redirect": 0.0015437756893923313, "redirect": 0.05895293413866965, "oneh-out": 0.006580343876034812, "oneh-in": 0.01020821674610679, "dsfb-red": 0.03367360722487023, "dsfb-alt": 0.09056174137897763, "alternate": 0.25835086161980664, "sfR": 0.10543987958549622, "unknown": 0.0077574728391964646}, "reddit": {"sft": 0.0, "sfb": 0.0343949700687175, "dsfb": 0.0, "sfT": 0.0001775481388628716, "roll-out": 0.1547700611136426, "roll-in": 0.1751338212910559, "bad-redirect": 0.0018678139123200616, "redirect": 0.04031773625373802, "oneh-out": 0.006708248141129045, "oneh-in": 0.009392820949631578, "dsfb-red": 0.028386800981459143, "dsfb-alt": 0.09138099302224577, "alternate": 0.27472405591867394, "sfR": 0.1028716913164539, "unknown": 0.07987343889206965}, "akl": {"sft": 0.0, "sfb": 0.03696655374884564, "dsfb": 0.0, "sfT": 0.00023765651347982045, "roll-out": 0.14678486546819883, "roll-in": 0.1655381699531539, "bad-redirect": 0.002238221288447725, "redirect": 0.03493439230498443, "oneh-out": 0.006195549181702034, "oneh-in": 0.008338980463469852, "dsfb-red": 0.029626957336195123, "dsfb-alt": 0.09446307408824095, "alternate": 0.25865225214240906, "sfR": 0.11706348985084018, "unknown": 0.09895983766003248}, "keymash": {"sft": 0.0, "sfb": 0.03583552601872642, "dsfb": 0.0, "sfT": 0.00012314613752139664, "roll-out": 0.1621588338881751, "roll-in": 0.18015048458005115, "bad-redirect": 0.0018964505178295083, "redirect": 0.0415412970572178, "oneh-out": 0.007146580847491719, "oneh-in": 0.008669488081506324, "dsfb-red": 0.02519159486562704, "dsfb-alt": 0.10480557277320997, "alternate": 0.29110925935808024, "sfR": 0.09899307508220005, "unknown": 0.0423786907923633}, "movie": {"sft": 0.0, "sfb": 0.027740166384411236, "dsfb": 0.0, "sfT": 4.908599379200356e-05, "roll-out": 0.1420640778827592, "roll-in": 0.1757206198942506, "bad-redirect": 0.0026172178137677396, "redirect": 0.03403633337364614, "oneh-out": 0.0064857994746351086, "oneh-in": 0.007335395120536382, "dsfb-red": 0.028077056851187453, "dsfb-alt": 0.10319270832168144, "alternate": 0.2550620095595302, "sfR": 0.1138359467128768, "unknown": 0.10378358261692566}}