{"english-450k": {"sft": 0.0, "sfb": 0.029975133032138786, "dsfb": 0.0, "sfT": 2.0171887872368665e-05, "roll-out": 0.18395738527896552, "roll-in": 0.23445522162473156, "bad-redirect": 0.002116001803191368, "redirect": 0.03168682003927963, "oneh-out": 0.00626731785808463, "oneh-in": 0.01354615357179818, "dsfb-red": 0.011865162915767459, "dsfb-alt": 0.03880603472722053, "alternate": 0.3243230285195413, "sfR": 0.11328269117541298, "unknown": 0.009698877565995693}, "shai": {"sft": 0.0, "sfb": 0.020256256670649574, "dsfb": 0.0, "sfT": 1.025271292434775e-05, "roll-out": 0.1820038375877383, "roll-in": 0.24734045246007827, "bad-redirect": 0.0071772589950622875, "redirect": 0.028369210216764567, "oneh-out": 0.00575898639257154, "oneh-in": 0.01628062306150575, "dsfb-red": 0.011454556136873757, "dsfb-alt": 0.03882928416324703, "alternate": 0.2781671942291895, "sfR": 0.09728563198976478, "unknown": 0.06706645538363028}, "tr-quotes": {"sft": 0.0, "sfb": 0.019767226832481912, "dsfb": 0.0, "sfT": 6.934652458334297e-06, "roll-out": 0.19496890964147848, "roll-in": 0.24598830355285362, "bad-redirect": 0.01385774716257137, "redirect": 0.029464182520052704, "oneh-out": 0.005211391322438224, "oneh-in": 0.019496775386606876, "dsfb-red": 0.013862370264210258, "dsfb-alt": 0.04014701463211669, "alternate": 0.2759679619056425, "sfR": 0.09591664547745082, "unknown": 0.045344536649638244}, "gutenberg": {"sft": 0.0, "sfb": 0.019156794168984425, "dsfb": 0.0, "sfT": 2.898382702452032e-05, "roll-out": 0.19071642337301276, "roll-in": 0.2573265621051427, "bad-redirect": 0.00631544330289842, "redirect": 0.031503715044652145, "oneh-out": 0.005536100398461319, "oneh-in": 0.01665717588409197, "dsfb-red": 0.01407212161234946, "dsfb-alt": 0.03766135751152817, "alternate": 0.24822374605166395, "sfR": 0.09761014138424484, "unknown": 0.07519143533594529}, "english-200": {"sft": 0.0, "sfb": 0.0066815144766146995, "dsfb": 0.0, "sfT": 0.0, "roll-out": 0.2182628062360802, "roll-in": 0.2583518930957684, "bad-redirect": 0.004454342984409799, "redirect": 0.022271714922048998, "oneh-out": 0.0066815144766146995, "oneh-in": 0.031180400890868598, "dsfb-red": 0.015590200445434299, "dsfb-alt": 0.028953229398663696, "alternate": 0.30066815144766146, "sfR": 0.10690423162583519, "unknown": 0.0}, "monkeyracer": {"sft": 0.0, "sfb": 0.019708854028183995, "dsfb": 0.0, "sfT": 6.842673256486854e-06, "roll-out": 0.1953915573142312, "roll-in": 0.24581228396703003, "bad-redirect": 0.014206367205217636, "redirect": 0.029601404507562133, "oneh-out": 0.005207274348186496, "oneh-in": 0.01968050581040712, "dsfb-red": 0.013954165819478549, "dsfb-alt": 0.039862481818039634, "alternate": 0.27526901481145505, "sfR": 0.09605353707555875, "unknown": 0.04524571062139293}, "chained-bigrams": {"sft": 0.0, "sfb": 0.020257657087907416, "dsfb": 0.0, "sfT": 3.57117580638773e-05, "roll-out": 0.15974323895256765, "roll-in": 0.2300032010721319, "bad-redirect": 0.003495856462107552, "redirect": 0.03177112788770146, "oneh-out": 0.009374011839421756, "oneh-in": 0.016378061552786198, "dsfb-red": 0.012220563609458812, "dsfb-alt": 0.03835832398875664, "alternate": 0.28914706686344926, "sfR": 0.11643721321023381, "unknown": 0.07277796571541365}, "english-5k": {"sft": 0.0, "sfb": 0.02600904301655121, "dsfb": 0.0, "sfT": 0.0, "roll-out": 0.2014352677645497, "roll-in": 0.237109553241797, "bad-redirect": 0.0018666777284606132, "redirect": 0.026506823744140706, "oneh-out": 0.007923009914132825, "oneh-in": 0.014601568009291906, "dsfb-red": 0.010577840461276808, "dsfb-alt": 0.043306923300286224, "alternate": 0.32119301447712284, "sfR": 0.10644211224955408, "unknown": 0.0030281660928361057}, "mt-quotes": {"sft": 0.0, "sfb": 0.019526720933290304, "dsfb": 0.0, "sfT": 4.482375300319145e-06, "roll-out": 0.1989845925819677, "roll-in": 0.24856414577879776, "bad-redirect": 0.01539845328169637, "redirect": 0.029915372754329976, "oneh-out": 0.005115884342764251, "oneh-in": 0.02046951387145743, "dsfb-red": 0.014449683843128818, "dsfb-alt": 0.03966902140782443, "alternate": 0.2758946821099437, "sfR": 0.09572710103871578, "unknown": 0.03628034568078316}, "english-1k": {"sft": 0.0, "sfb": 0.017290049400141144, "dsfb": 0.0, "sfT": 0.0, "roll-out": 0.21559633027522937, "roll-in": 0.25052928722653495, "bad-redirect": 0.0017642907551164433, "redirect": 0.026817219477769938, "oneh-out": 0.0038814396612561752, "oneh-in": 0.016584333098094567, "dsfb-red": 0.010938602681721948, "dsfb-alt": 0.04163726182074806, "alternate": 0.3066337332392378, "sfR": 0.10832745236414962, "unknown": 0.0}, "english-10k": {"sft": 0.0, "sfb": 0.02678450821095695, "dsfb": 0.0, "sfT": 0.0, "roll-out": 0.19702437235869627, "roll-in": 0.2451515794755022, "bad-redirect": 0.0016209644738619479, "redirect": 0.029987842766446036, "oneh-out": 0.006831207425561066, "oneh-in": 0.013025607379247794, "dsfb-red": 0.00955211207811505, "dsfb-alt": 0.044055498736033656, "alternate": 0.31276895467088633, "sfR": 0.10543987958549622, "unknown": 0.0077574728391964646}, "reddit": {"sft": 0.0, "sfb": 0.023415265806232426, "dsfb": 0.0, "sfT": 3.0527791808700496e-05, "roll-out": 0.18356623416464443, "roll-in": 0.22883557824975367, "bad-redirect": 0.010294458344266216, "redirect": 0.027509922936990824, "oneh-out": 0.006053043068346481, "oneh-in": 0.01884827069423757, "dsfb-red": 0.013245128616583482, "dsfb-alt": 0.03958357095379871, "alternate": 0.2673731509382052, "sfR": 0.1028716913164539, "unknown": 0.07837315711867839}, "akl": {"sft": 0.0, "sfb": 0.022541497268251134, "dsfb": 0.0, "sfT": 8.989562071408224e-05, "roll-out": 0.17565077676383448, "roll-in": 0.21177289404794342, "bad-redirect": 0.012826017217582468, "redirect": 0.02689768664059384, "oneh-out": 0.0097924891868145, "oneh-in": 0.019763964209771646, "dsfb-red": 0.013537066176187239, "dsfb-alt": 0.03872723165723537, "alternate": 0.2526232979463033, "sfR": 0.11706348985084018, "unknown": 0.09871369341392838}, "keymash": {"sft": 0.0, "sfb": 0.02065571213358893, "dsfb": 0.0, "sfT": 0.0, "roll-out": 0.19265392240972362, "roll-in": 0.25069269702355784, "bad-redirect": 0.013057595448518757, "redirect": 0.029821889636431554, "oneh-out": 0.005373276467183607, "oneh-in": 0.01824615270942027, "dsfb-red": 0.013184846457290867, "dsfb-alt": 0.04156592628472208, "alternate": 0.2744475869514353, "sfR": 0.09899307508220005, "unknown": 0.04130731939592715}, "movie": {"sft": 0.0, "sfb": 0.01889100132663781, "dsfb": 0.0, "sfT": 5.395511381962858e-06, "roll-out": 0.17524041938125592, "roll-in": 0.20343946742881117, "bad-redirect": 0.02111632077710103, "redirect": 0.028408420208743124, "oneh-out": 0.004964265264921583, "oneh-in": 0.019149591079456275, "dsfb-red": 0.015143489677268144, "dsfb-alt": 0.04188219651005164, "alternate": 0.2543438801543748, "sfR": 0.1138359467128768, "unknown": 0.10357960596711975}}