{"english-450k": {"sft": 0.0, "sfb": 0.05801434952093228, "dsfb": 0.0, "sfT": 0.001756415975901318, "roll-out": 0.13591701109921586, "roll-in": 0.2385305276673521, "bad-redirect": 0.0014722554684818638, "redirect": 0.020156393523713078, "oneh-out": 0.0025431196029236957, "oneh-in": 0.0035397278022991276, "dsfb-red": 0.00999970180687493, "dsfb-alt": 0.05692097472900969, "alternate": 0.34832114347123694, "sfR": 0.11328269117541298, "unknown": 0.009545688156646111}, "shai": {"sft": 0.0, "sfb": 0.03694670570928647, "dsfb": 0.0, "sfT": 0.00029244034848541613, "roll-out": 0.12695214518182096, "roll-in": 0.2782054725722706, "bad-redirect": 0.0016841387241212857, "redirect": 0.02821883322346533, "oneh-out": 0.0015774702574564974, "oneh-in": 0.004959290266107635, "dsfb-red": 0.009212892765215119, "dsfb-alt": 0.06225263056204838, "alternate": 0.2922859114332805, "sfR": 0.09728563198976478, "unknown": 0.06012643696667702}, "tr-quotes": {"sft": 0.0, "sfb": 0.03587989181942165, "dsfb": 0.0, "sfT": 0.00027738609833337184, "roll-out": 0.13603592149973417, "roll-in": 0.28533552160144243, "bad-redirect": 0.00152793509165299, "redirect": 0.03771295161924135, "oneh-out": 0.0011892928966043318, "oneh-in": 0.006623748873118975, "dsfb-red": 0.011101222810383487, "dsfb-alt": 0.06656919627378008, "alternate": 0.2803934259494695, "sfR": 0.09591664547745082, "unknown": 0.041436859989366866}, "gutenberg": {"sft": 0.0, "sfb": 0.03234765589036612, "dsfb": 0.0, "sfT": 0.00021898891529637573, "roll-out": 0.13899260552480996, "roll-in": 0.29461624465835645, "bad-redirect": 0.002114872188900293, "redirect": 0.031629879938758876, "oneh-out": 0.0015490245331993635, "oneh-in": 0.0062292495689366114, "dsfb-red": 0.010785014641568566, "dsfb-alt": 0.05575143318394349, "alternate": 0.25987259240063, "sfR": 0.09761014138424484, "unknown": 0.06828229717098905}, "english-200": {"sft": 0.0, "sfb": 0.0200445434298441, "dsfb": 0.0, "sfT": 0.0, "roll-out": 0.16481069042316257, "roll-in": 0.29175946547884185, "bad-redirect": 0.0, "redirect": 0.0334075723830735, "oneh-out": 0.004454342984409799, "oneh-in": 0.011135857461024499, "dsfb-red": 0.0022271714922048997, "dsfb-alt": 0.06904231625835189, "alternate": 0.2962138084632517, "sfR": 0.10690423162583519, "unknown": 0.0}, "monkeyracer": {"sft": 0.0, "sfb": 0.03602080954689773, "dsfb": 0.0, "sfT": 0.00027272940550854746, "roll-out": 0.13669803869433975, "roll-in": 0.28523096954814897, "bad-redirect": 0.0014858376214085742, "redirect": 0.038142038256408654, "oneh-out": 0.0011964902951342728, "oneh-in": 0.006654988504308929, "dsfb-red": 0.011106636220029092, "dsfb-alt": 0.06631527910286689, "alternate": 0.279443045497912, "sfR": 0.09605353707555875, "unknown": 0.04137960023147786}, "chained-bigrams": {"sft": 0.0, "sfb": 0.03567085186827686, "dsfb": 0.0, "sfT": 0.00018635044662423245, "roll-out": 0.10952146893499097, "roll-in": 0.2635086217923537, "bad-redirect": 0.002846551770037056, "redirect": 0.023254847546504826, "oneh-out": 0.0027076005659339695, "oneh-in": 0.00710339333125123, "dsfb-red": 0.01105506168719227, "dsfb-alt": 0.06206768481971081, "alternate": 0.2988385886972935, "sfR": 0.11643721321023381, "unknown": 0.06680176532959681}, "english-5k": {"sft": 0.0, "sfb": 0.043929149209773095, "dsfb": 0.0, "sfT": 0.00041481727299124733, "roll-out": 0.1338200522669764, "roll-in": 0.26772306798855106, "bad-redirect": 0.0009125980005807441, "redirect": 0.01953789355788775, "oneh-out": 0.0014933421827684904, "oneh-in": 0.0038578006388186002, "dsfb-red": 0.00883560791471357, "dsfb-alt": 0.05981665076533787, "alternate": 0.3523043099514664, "sfR": 0.10644211224955408, "unknown": 0.0009125980005807441}, "mt-quotes": {"sft": 0.0, "sfb": 0.03519710498320604, "dsfb": 0.0, "sfT": 0.00021963638971563812, "roll-out": 0.13916580007410861, "roll-in": 0.2898513046700374, "bad-redirect": 0.001464242598104254, "redirect": 0.04023529482076475, "oneh-out": 0.0011474880768817012, "oneh-in": 0.006881940211089994, "dsfb-red": 0.011301562257204672, "dsfb-alt": 0.06737308901399697, "alternate": 0.27781015048828006, "sfR": 0.09572710103871578, "unknown": 0.033625285377894124}, "english-1k": {"sft": 0.0, "sfb": 0.029640084685956247, "dsfb": 0.0, "sfT": 0.0, "roll-out": 0.15102328863796755, "roll-in": 0.28510938602681724, "bad-redirect": 0.001058574453069866, "redirect": 0.02328863796753705, "oneh-out": 0.001058574453069866, "oneh-in": 0.0067043048694424845, "dsfb-red": 0.01058574453069866, "dsfb-alt": 0.061397318278052226, "alternate": 0.32180663373323926, "sfR": 0.10832745236414962, "unknown": 0.0}, "english-10k": {"sft": 0.0, "sfb": 0.04432565948167731, "dsfb": 0.0, "sfT": 0.0005017270990525077, "roll-out": 0.13214719901198355, "roll-in": 0.27284305590397717, "bad-redirect": 0.0011578317670442484, "redirect": 0.022461936280658422, "oneh-out": 0.001505181297157523, "oneh-in": 0.0037629532428938074, "dsfb-red": 0.008683738252831863, "dsfb-alt": 0.06082476216205785, "alternate": 0.33858860307597305, "sfR": 0.10543987958549622, "unknown": 0.0077574728391964646}, "reddit": {"sft": 0.0, "sfb": 0.034525022207563885, "dsfb": 0.0, "sfT": 0.00037404972883642106, "roll-out": 0.13217087997015392, "roll-in": 0.2636035866971495, "bad-redirect": 0.001394801697644884, "redirect": 0.03325532827021478, "oneh-out": 0.00177334631607277, "oneh-in": 0.0054140945129197175, "dsfb-red": 0.010671766868056449, "dsfb-alt": 0.06476057127799263, "alternate": 0.27632745795077607, "sfR": 0.1028716913164539, "unknown": 0.07285740318616503}, "akl": {"sft": 0.0, "sfb": 0.03805316938751158, "dsfb": 0.0, "sfT": 0.00043727311578221396, "roll-out": 0.13171827270056483, "roll-in": 0.24406983185987535, "bad-redirect": 0.000975407755012068, "redirect": 0.03382423405028034, "oneh-out": 0.0015169498781421804, "oneh-in": 0.005458913116718962, "dsfb-red": 0.011449269813372727, "dsfb-alt": 0.06110231980264844, "alternate": 0.26349744643156514, "sfR": 0.11706348985084018, "unknown": 0.090833422237686}, "keymash": {"sft": 0.0, "sfb": 0.035269053786128, "dsfb": 0.0, "sfT": 0.0002503971462935065, "roll-out": 0.13818638578400988, "roll-in": 0.28694691990985705, "bad-redirect": 0.0016296338865331489, "redirect": 0.036512829775094104, "oneh-out": 0.0012766149589718118, "oneh-in": 0.005771448978502789, "dsfb-red": 0.011382807978227763, "dsfb-alt": 0.06516483110507239, "alternate": 0.28085529097379863, "sfR": 0.09899307508220005, "unknown": 0.037760710635310925}, "movie": {"sft": 0.0, "sfb": 0.03363127522648317, "dsfb": 0.0, "sfT": 0.0002096353568650447, "roll-out": 0.12556868360971293, "roll-in": 0.2438660602462801, "bad-redirect": 0.0008742044417165675, "redirect": 0.043701931421997554, "oneh-out": 0.001220833148548035, "oneh-in": 0.005579616758142517, "dsfb-red": 0.013026343650121354, "dsfb-alt": 0.07136932420167158, "alternate": 0.24875847309133456, "sfR": 0.1138359467128768, "unknown": 0.0983576721342498}}