{"english-450k": {"sft": 0.0, "sfb": 0.24160074747076685, "dsfb": 0.0, "sfT": 0.026848490411921645, "roll-out": 0.1560982540500181, "roll-in": 0.12362356099891189, "bad-redirect": 0.0012179142735693892, "redirect": 0.027013666015514227, "oneh-out": 0.005662745914315667, "oneh-in": 0.005631172524602395, "dsfb-red": 0.03204319005835815, "dsfb-alt": 0.09563024286368306, "alternate": 0.16164786198452788, "sfR": 0.11328269117541298, "unknown": 0.00969946225839779}, "shai": {"sft": 0.0, "sfb": 0.24152269390980338, "dsfb": 0.0, "sfT": 0.028058509279537333, "roll-out": 0.12024362365631018, "roll-in": 0.10131600866104601, "bad-redirect": 0.0007382340346410877, "redirect": 0.016340633750026704, "oneh-out": 0.002593947981086396, "oneh-in": 0.003343967410538597, "dsfb-red": 0.024802791060160704, "dsfb-alt": 0.12663744224188941, "alternate": 0.1310949610992952, "sfR": 0.09728563198976478, "unknown": 0.10602155492590025}, "tr-quotes": {"sft": 0.0, "sfb": 0.23347934629342826, "dsfb": 0.0, "sfT": 0.029716141559372182, "roll-out": 0.11430618802154366, "roll-in": 0.09888236517879846, "bad-redirect": 0.0007177365294375997, "redirect": 0.01687432098194679, "oneh-out": 0.0022849679850211507, "oneh-in": 0.003239638473451839, "dsfb-red": 0.020486119137329235, "dsfb-alt": 0.13524305956866461, "alternate": 0.13124638820184462, "sfR": 0.09591664547745082, "unknown": 0.11760708259171078}, "gutenberg": {"sft": 0.0, "sfb": 0.22115360935787373, "dsfb": 0.0, "sfT": 0.028815796602489275, "roll-out": 0.10425027932452907, "roll-in": 0.09385020021573061, "bad-redirect": 0.00042149683091214187, "redirect": 0.012526317504375042, "oneh-out": 0.001931497387856269, "oneh-in": 0.0021768180152860325, "dsfb-red": 0.021952881011349915, "dsfb-alt": 0.14920457391311595, "alternate": 0.13149753940569137, "sfR": 0.09761014138424484, "unknown": 0.13460884904654574}, "english-200": {"sft": 0.0, "sfb": 0.3051224944320713, "dsfb": 0.0, "sfT": 0.04899777282850779, "roll-out": 0.12472160356347439, "roll-in": 0.09131403118040089, "bad-redirect": 0.0022271714922048997, "redirect": 0.022271714922048998, "oneh-out": 0.0066815144766146995, "oneh-in": 0.0022271714922048997, "dsfb-red": 0.0200445434298441, "dsfb-alt": 0.111358574610245, "alternate": 0.15812917594654788, "sfR": 0.10690423162583519, "unknown": 0.0}, "monkeyracer": {"sft": 0.0, "sfb": 0.234238390916058, "dsfb": 0.0, "sfT": 0.02993865054663184, "roll-out": 0.11381222922564399, "roll-in": 0.098677213507046, "bad-redirect": 0.0007311885136931667, "redirect": 0.016746954032876113, "oneh-out": 0.002267857422149929, "oneh-in": 0.0032189890048016016, "dsfb-red": 0.020370638284561364, "dsfb-alt": 0.13479479800428548, "alternate": 0.13129428187121697, "sfR": 0.09605353707555875, "unknown": 0.1178552715954768}, "chained-bigrams": {"sft": 0.0, "sfb": 0.2117434545217254, "dsfb": 0.0, "sfT": 0.0234204202429828, "roll-out": 0.12154399461336828, "roll-in": 0.10594315077699046, "bad-redirect": 0.0004551625891414179, "redirect": 0.018336364504070817, "oneh-out": 0.0021108895539211836, "oneh-in": 0.004054258497288179, "dsfb-red": 0.02208544979608586, "dsfb-alt": 0.11161093143407382, "alternate": 0.15599480296524468, "sfR": 0.11643721321023381, "unknown": 0.10626390729487328}, "english-5k": {"sft": 0.0, "sfb": 0.2639482308043307, "dsfb": 0.0, "sfT": 0.0310283320197453, "roll-out": 0.15418758037084665, "roll-in": 0.12452814535197246, "bad-redirect": 0.0007466710913842452, "redirect": 0.023686066287800223, "oneh-out": 0.003899282366117725, "oneh-in": 0.0048118803666984695, "dsfb-red": 0.033060936657402416, "dsfb-alt": 0.10494877006678559, "alternate": 0.14560086281992782, "sfR": 0.10644211224955408, "unknown": 0.003111129547434355}, "mt-quotes": {"sft": 0.0, "sfb": 0.23716397126498606, "dsfb": 0.0, "sfT": 0.030405445787164868, "roll-out": 0.11332789471796895, "roll-in": 0.09912025914105736, "bad-redirect": 0.0007336154241522334, "redirect": 0.016725236370590837, "oneh-out": 0.002179928521055211, "oneh-in": 0.003310981221835742, "dsfb-red": 0.019561085810592748, "dsfb-alt": 0.13899546981269648, "alternate": 0.13242878999772892, "sfR": 0.09572710103871578, "unknown": 0.1103202208914548}, "english-1k": {"sft": 0.0, "sfb": 0.2639378969654199, "dsfb": 0.0, "sfT": 0.033168666196189134, "roll-out": 0.14820042342978124, "roll-in": 0.11679604798870855, "bad-redirect": 0.00035285815102328866, "redirect": 0.016231474947071278, "oneh-out": 0.003175723359209598, "oneh-in": 0.002117148906139732, "dsfb-red": 0.03387438249823571, "dsfb-alt": 0.11326746647847566, "alternate": 0.16055045871559634, "sfR": 0.10832745236414962, "unknown": 0.0}, "english-10k": {"sft": 0.0, "sfb": 0.2628471083151618, "dsfb": 0.0, "sfT": 0.029158063333397658, "roll-out": 0.14976553906717355, "roll-in": 0.12384940468149978, "bad-redirect": 0.0009262654136353987, "redirect": 0.02209528955442774, "oneh-out": 0.003724358850658999, "oneh-in": 0.005036568186642481, "dsfb-red": 0.03413673993168793, "dsfb-alt": 0.10586441790007912, "alternate": 0.14939889234094286, "sfR": 0.10543987958549622, "unknown": 0.0077574728391964646}, "reddit": {"sft": 0.0, "sfb": 0.226708259378353, "dsfb": 0.0, "sfT": 0.02640249451389361, "roll-out": 0.11492960721969166, "roll-in": 0.09698769355415977, "bad-redirect": 0.0007189201327415811, "redirect": 0.01703368376616311, "oneh-out": 0.0018482986000104506, "oneh-in": 0.003275800619433243, "dsfb-red": 0.020073727426524007, "dsfb-alt": 0.11819802872871225, "alternate": 0.1329816831376277, "sfR": 0.1028716913164539, "unknown": 0.13797011160623568}, "akl": {"sft": 0.0, "sfb": 0.21529654217207397, "dsfb": 0.0, "sfT": 0.024534007990363885, "roll-out": 0.1123920152863445, "roll-in": 0.1007179754440602, "bad-redirect": 0.000565394510431919, "redirect": 0.01588141509956482, "oneh-out": 0.0017516325874908664, "oneh-in": 0.003199937153606029, "dsfb-red": 0.018234375664072145, "dsfb-alt": 0.11431662414746302, "alternate": 0.13672386655004398, "sfR": 0.11706348985084018, "unknown": 0.13932272354364447}, "keymash": {"sft": 0.0, "sfb": 0.23545541494091038, "dsfb": 0.0, "sfT": 0.029739792211417287, "roll-out": 0.116270478176452, "roll-in": 0.09836913465209164, "bad-redirect": 0.0008373937351454972, "redirect": 0.01638664603284718, "oneh-out": 0.0023315668704051097, "oneh-in": 0.003210009318057739, "dsfb-red": 0.020598243936078946, "dsfb-alt": 0.1374146699888758, "alternate": 0.1300300066088427, "sfR": 0.09899307508220005, "unknown": 0.11036356844667566}, "movie": {"sft": 0.0, "sfb": 0.19915608938072557, "dsfb": 0.0, "sfT": 0.027356690282776118, "roll-out": 0.09974918767944188, "roll-in": 0.08424038240226327, "bad-redirect": 0.001025410358250112, "redirect": 0.012834868794980964, "oneh-out": 0.0012553117822571634, "oneh-in": 0.0024310068721707287, "dsfb-red": 0.01596308101597216, "dsfb-alt": 0.11371395551650902, "alternate": 0.11239666115227857, "sfR": 0.1138359467128768, "unknown": 0.21604140804949762}}