{"english-450k": {"sft": 0.0, "sfb": 0.10970174255876597, "dsfb": 0.0, "sfT": 0.00225194278667907, "roll-out": 0.1759769186827348, "roll-in": 0.16221179780635103, "bad-redirect": 0.011704080158989558, "redirect": 0.02218703023619819, "oneh-out": 0.02163946580163375, "oneh-in": 0.007381449230281687, "dsfb-red": 0.01340962789590838, "dsfb-alt": 0.04271587282004746, "alternate": 0.30783850328100143, "sfR": 0.11328269117541298, "unknown": 0.009698877565995693}, "shai": {"sft": 0.0, "sfb": 0.09269670114220409, "dsfb": 0.0, "sfT": 0.000981202817781463, "roll-out": 0.14695869855800953, "roll-in": 0.1515753686254754, "bad-redirect": 0.009280880366283105, "redirect": 0.014325938891508726, "oneh-out": 0.014338231309873288, "oneh-in": 0.00551121830251301, "dsfb-red": 0.009022638949998343, "dsfb-alt": 0.03010941568283455, "alternate": 0.3604947218461045, "sfR": 0.09728563198976478, "unknown": 0.06741935151764922}, "tr-quotes": {"sft": 0.0, "sfb": 0.08305402094265042, "dsfb": 0.0, "sfT": 0.0009176856753195719, "roll-out": 0.1474804096068052, "roll-in": 0.15578465592566051, "bad-redirect": 0.006584452509188415, "redirect": 0.014185987378932527, "oneh-out": 0.011516146182473822, "oneh-in": 0.006858371281292619, "dsfb-red": 0.008329673377869213, "dsfb-alt": 0.029693026051177736, "alternate": 0.39340398973671437, "sfR": 0.09591664547745082, "unknown": 0.04627493585446476}, "gutenberg": {"sft": 0.0, "sfb": 0.07323853159218202, "dsfb": 0.0, "sfT": 0.0008931944079778646, "roll-out": 0.1376169156434239, "roll-in": 0.15391075178743072, "bad-redirect": 0.006425506070880422, "redirect": 0.015391738207465856, "oneh-out": 0.009258722521721769, "oneh-in": 0.007227202515114214, "dsfb-red": 0.007316806111078907, "dsfb-alt": 0.027923170504845225, "alternate": 0.3830417333010533, "sfR": 0.09761014138424484, "unknown": 0.08014558595258095}, "english-200": {"sft": 0.0, "sfb": 0.10022271714922049, "dsfb": 0.0, "sfT": 0.0022271714922048997, "roll-out": 0.16258351893095768, "roll-in": 0.1403118040089087, "bad-redirect": 0.0066815144766146995, "redirect": 0.015590200445434299, "oneh-out": 0.0066815144766146995, "oneh-in": 0.0, "dsfb-red": 0.0066815144766146995, "dsfb-alt": 0.026726057906458798, "alternate": 0.42538975501113585, "sfR": 0.10690423162583519, "unknown": 0.0}, "monkeyracer": {"sft": 0.0, "sfb": 0.08292146957160955, "dsfb": 0.0, "sfT": 0.0008836823748377308, "roll-out": 0.14707446392542659, "roll-in": 0.15592106292131316, "bad-redirect": 0.006613932464770008, "redirect": 0.014241558096250996, "oneh-out": 0.011451702457106213, "oneh-in": 0.006844628305988708, "dsfb-red": 0.008287454838356507, "dsfb-alt": 0.029410787181131427, "alternate": 0.39413895709839375, "sfR": 0.09605353707555875, "unknown": 0.046156763689256614}, "chained-bigrams": {"sft": 0.0, "sfb": 0.0855699174538945, "dsfb": 0.0, "sfT": 0.0010888839686022222, "roll-out": 0.14206007496871975, "roll-in": 0.14311909092148672, "bad-redirect": 0.008157864151173715, "redirect": 0.015454100975969883, "oneh-out": 0.010465493026792259, "oneh-in": 0.005518440577907148, "dsfb-red": 0.011048568640271565, "dsfb-alt": 0.05093275865539387, "alternate": 0.3366722744948572, "sfR": 0.11643721321023381, "unknown": 0.07347531895469736}, "english-5k": {"sft": 0.0, "sfb": 0.12427925498817771, "dsfb": 0.0, "sfT": 0.0014933421827684904, "roll-out": 0.17409880947442652, "roll-in": 0.1551416600987265, "bad-redirect": 0.012154146098643548, "redirect": 0.018459368648110507, "oneh-out": 0.023769029742398473, "oneh-in": 0.005102252457792342, "dsfb-red": 0.009914132824490812, "dsfb-alt": 0.029825361928070684, "alternate": 0.33629236321400424, "sfR": 0.10644211224955408, "unknown": 0.0030281660928361057}, "mt-quotes": {"sft": 0.0, "sfb": 0.08152394783710451, "dsfb": 0.0, "sfT": 0.0008770514337624461, "roll-out": 0.14771817214711752, "roll-in": 0.1567725702537622, "bad-redirect": 0.006348537550352016, "redirect": 0.014067187817501584, "oneh-out": 0.010893666104875629, "oneh-in": 0.00663989194487276, "dsfb-red": 0.008048851914273078, "dsfb-alt": 0.029009932943665506, "alternate": 0.4052007506484503, "sfR": 0.09572710103871578, "unknown": 0.03717233836554667}, "english-1k": {"sft": 0.0, "sfb": 0.09738884968242767, "dsfb": 0.0, "sfT": 0.0007057163020465773, "roll-out": 0.16725476358503882, "roll-in": 0.15772759350741003, "bad-redirect": 0.008115737473535639, "redirect": 0.02081863091037403, "oneh-out": 0.013761467889908258, "oneh-in": 0.003175723359209598, "dsfb-red": 0.006351446718419196, "dsfb-alt": 0.032815808045165845, "alternate": 0.38355681016231474, "sfR": 0.10832745236414962, "unknown": 0.0}, "english-10k": {"sft": 0.0, "sfb": 0.1188707280832095, "dsfb": 0.0, "sfT": 0.0014472897088053105, "roll-out": 0.17579745662955173, "roll-in": 0.1589317072229405, "bad-redirect": 0.0121186391617298, "redirect": 0.018004283977538064, "oneh-out": 0.02273209702630208, "oneh-in": 0.004631327068176994, "dsfb-red": 0.013160687752069624, "dsfb-alt": 0.03373149881322244, "alternate": 0.3273769321317613, "sfR": 0.10543987958549622, "unknown": 0.0077574728391964646}, "reddit": {"sft": 0.0, "sfb": 0.08966379536865306, "dsfb": 0.0, "sfT": 0.0008728701012492609, "roll-out": 0.1432145240370776, "roll-in": 0.14593067344496016, "bad-redirect": 0.007370495207604904, "redirect": 0.013912170231956905, "oneh-out": 0.01170907501352681, "oneh-in": 0.006115596948494371, "dsfb-red": 0.008977792810686301, "dsfb-alt": 0.029026199025845054, "alternate": 0.36046167760142206, "sfR": 0.1028716913164539, "unknown": 0.07987343889206965}, "akl": {"sft": 0.0, "sfb": 0.082755207223965, "dsfb": 0.0, "sfT": 0.0009010006974809773, "roll-out": 0.13661755305235593, "roll-in": 0.13748336373428516, "bad-redirect": 0.007418464176378306, "redirect": 0.015164418532697782, "oneh-out": 0.011320528876195701, "oneh-in": 0.004480655466081224, "dsfb-red": 0.00900678535366771, "dsfb-alt": 0.030887664425037896, "alternate": 0.34794103095098167, "sfR": 0.11706348985084018, "unknown": 0.09895983766003248}, "keymash": {"sft": 0.0, "sfb": 0.08558246070611995, "dsfb": 0.0, "sfT": 0.0008291839926440707, "roll-out": 0.14790261603444807, "roll-in": 0.1557018714108032, "bad-redirect": 0.006674520653659698, "redirect": 0.01427263733872987, "oneh-out": 0.011534688214504152, "oneh-in": 0.006584213486144007, "dsfb-red": 0.008443720162717097, "dsfb-alt": 0.02934572457134882, "alternate": 0.3917565975543177, "sfR": 0.09899307508220005, "unknown": 0.0423786907923633}, "movie": {"sft": 0.0, "sfb": 0.07296705355992551, "dsfb": 0.0, "sfT": 0.0005219170278259682, "roll-out": 0.13178747106986016, "roll-in": 0.14524519243486136, "bad-redirect": 0.005167452327695989, "redirect": 0.013313226938235476, "oneh-out": 0.010325429611013896, "oneh-in": 0.009873259437637692, "dsfb-red": 0.008327379627786041, "dsfb-alt": 0.031571769052636374, "alternate": 0.35328031958271905, "sfR": 0.1138359467128768, "unknown": 0.10378358261692566}}