{"english-450k": {"sft": 0.0, "sfb": 0.18521564332827964, "dsfb": 0.0, "sfT": 0.00852627695358887, "roll-out": 0.1890670121808968, "roll-in": 0.16094301529379917, "bad-redirect": 0.004554753812340635, "redirect": 0.04082380820685949, "oneh-out": 0.012390216692851142, "oneh-in": 0.005651636758675812, "dsfb-red": 0.06017449560048202, "dsfb-alt": 0.060502508038058796, "alternate": 0.14916906439275893, "sfR": 0.11328269117541298, "unknown": 0.009698877565995693}, "shai": {"sft": 0.0, "sfb": 0.16076624650540788, "dsfb": 0.0, "sfT": 0.007262644083708582, "roll-out": 0.20657561168714836, "roll-in": 0.15673393075931538, "bad-redirect": 0.004215146117221368, "redirect": 0.035522453325192056, "oneh-out": 0.01516423460498453, "oneh-in": 0.003353612469280565, "dsfb-red": 0.05033031616905079, "dsfb-alt": 0.05387649308760469, "alternate": 0.14184722381769074, "sfR": 0.09728563198976478, "unknown": 0.06706645538363028}, "tr-quotes": {"sft": 0.0, "sfb": 0.15920575113843877, "dsfb": 0.0, "sfT": 0.007077968609139872, "roll-out": 0.22383208894847553, "roll-in": 0.1593143940269527, "bad-redirect": 0.005095813781465986, "redirect": 0.03645662374887312, "oneh-out": 0.01883104875060678, "oneh-in": 0.003115970504611544, "dsfb-red": 0.04896442523288874, "dsfb-alt": 0.05236124916206283, "alternate": 0.14448348396939506, "sfR": 0.09591664547745082, "unknown": 0.045344536649638244}, "gutenberg": {"sft": 0.0, "sfb": 0.1506852117694797, "dsfb": 0.0, "sfT": 0.007020905863939686, "roll-out": 0.22999992801402439, "roll-in": 0.1469993403811392, "bad-redirect": 0.004606723565897288, "redirect": 0.03669598769115592, "oneh-out": 0.01937199434872204, "oneh-in": 0.0035030648976302594, "dsfb-red": 0.039625627461967725, "dsfb-alt": 0.048136832457945984, "alternate": 0.14055280682790766, "sfR": 0.09761014138424484, "unknown": 0.07519143533594529}, "english-200": {"sft": 0.0, "sfb": 0.17817371937639198, "dsfb": 0.0, "sfT": 0.004454342984409799, "roll-out": 0.24053452115812918, "roll-in": 0.1492204899777283, "bad-redirect": 0.011135857461024499, "redirect": 0.026726057906458798, "oneh-out": 0.015590200445434299, "oneh-in": 0.0, "dsfb-red": 0.0467706013363029, "dsfb-alt": 0.05790645879732739, "alternate": 0.16258351893095768, "sfR": 0.10690423162583519, "unknown": 0.0}, "monkeyracer": {"sft": 0.0, "sfb": 0.15883995182758026, "dsfb": 0.0, "sfT": 0.007132998107512082, "roll-out": 0.22422560489231588, "roll-in": 0.15938150053959366, "bad-redirect": 0.005195544051175375, "redirect": 0.03647633608082956, "oneh-out": 0.018805621158327727, "oneh-in": 0.003088000688177425, "dsfb-red": 0.04896323724916715, "dsfb-alt": 0.052390439025916134, "alternate": 0.14420151868245304, "sfR": 0.09605353707555875, "unknown": 0.04524571062139293}, "chained-bigrams": {"sft": 0.0, "sfb": 0.146870124127578, "dsfb": 0.0, "sfT": 0.005826211001948563, "roll-out": 0.21449390919733602, "roll-in": 0.14081146204586817, "bad-redirect": 0.003499752290259975, "redirect": 0.04400922272384617, "oneh-out": 0.019176564775610038, "oneh-in": 0.006562522522756506, "dsfb-red": 0.040736077771118796, "dsfb-alt": 0.05050226964455113, "alternate": 0.13829670497347915, "sfR": 0.11643721321023381, "unknown": 0.07277796571541365}, "english-5k": {"sft": 0.0, "sfb": 0.175924005475588, "dsfb": 0.0, "sfT": 0.006637076367859957, "roll-out": 0.18139959347907247, "roll-in": 0.17882772638652675, "bad-redirect": 0.005102252457792342, "redirect": 0.0387439332973825, "oneh-out": 0.0155971294644709, "oneh-in": 0.004314099639108972, "dsfb-red": 0.05641514912680964, "dsfb-alt": 0.061683328493798484, "alternate": 0.16588542746919982, "sfR": 0.10644211224955408, "unknown": 0.0030281660928361057}, "mt-quotes": {"sft": 0.0, "sfb": 0.1589719224011188, "dsfb": 0.0, "sfT": 0.007047788097201802, "roll-out": 0.23001159441077682, "roll-in": 0.16034502336811657, "bad-redirect": 0.005371379734882442, "redirect": 0.03674352446181614, "oneh-out": 0.019856922580413813, "oneh-in": 0.0029060733197069123, "dsfb-red": 0.04944358781272038, "dsfb-alt": 0.05210910699131017, "alternate": 0.1451856301024372, "sfR": 0.09572710103871578, "unknown": 0.03628034568078316}, "english-1k": {"sft": 0.0, "sfb": 0.16090331686661963, "dsfb": 0.0, "sfT": 0.006351446718419196, "roll-out": 0.19654199011997178, "roll-in": 0.17889908256880735, "bad-redirect": 0.00529287226534933, "redirect": 0.04199011997177135, "oneh-out": 0.019760056457304165, "oneh-in": 0.0024700070571630206, "dsfb-red": 0.05786873676781934, "dsfb-alt": 0.05786873676781934, "alternate": 0.16372618207480594, "sfR": 0.10832745236414962, "unknown": 0.0}, "english-10k": {"sft": 0.0, "sfb": 0.18660388645529805, "dsfb": 0.0, "sfT": 0.007603095270257231, "roll-out": 0.1846162752552054, "roll-in": 0.16989251461762606, "bad-redirect": 0.004419057910885548, "redirect": 0.03847860905810386, "oneh-out": 0.014106250361822427, "oneh-in": 0.0044769494992377605, "dsfb-red": 0.06142297524169738, "dsfb-alt": 0.06123000328052334, "alternate": 0.15395303062465024, "sfR": 0.10543987958549622, "unknown": 0.0077574728391964646}, "reddit": {"sft": 0.0, "sfb": 0.15161963045639798, "dsfb": 0.0, "sfT": 0.006445259642615074, "roll-out": 0.20659913469629623, "roll-in": 0.1532075625768228, "bad-redirect": 0.004176389206496539, "redirect": 0.036284359451076595, "oneh-out": 0.01579039730516386, "oneh-in": 0.003259319357597871, "dsfb-red": 0.050042879373831915, "dsfb-alt": 0.050779367033393474, "alternate": 0.14055085246517537, "sfR": 0.1028716913164539, "unknown": 0.07837315711867839}, "akl": {"sft": 0.0, "sfb": 0.15134847767868814, "dsfb": 0.0, "sfT": 0.005666955497392903, "roll-out": 0.19103767301809274, "roll-in": 0.14984478601063062, "bad-redirect": 0.00329107185937475, "redirect": 0.03668435212765153, "oneh-out": 0.01542815778657776, "oneh-in": 0.003918792348055027, "dsfb-red": 0.050236597095758104, "dsfb-alt": 0.047156107741419304, "alternate": 0.12960984557159055, "sfR": 0.11706348985084018, "unknown": 0.09871369341392838}, "keymash": {"sft": 0.0, "sfb": 0.1621300997894201, "dsfb": 0.0, "sfT": 0.007277936727514541, "roll-out": 0.22394535595391052, "roll-in": 0.1589324050851145, "bad-redirect": 0.0049956283121179905, "redirect": 0.03643073235007984, "oneh-out": 0.017794616871841813, "oneh-in": 0.00318538009055346, "dsfb-red": 0.04925024526605723, "dsfb-alt": 0.051183639625143156, "alternate": 0.14457356545011965, "sfR": 0.09899307508220005, "unknown": 0.04130731939592715}, "movie": {"sft": 0.0, "sfb": 0.1391283932996171, "dsfb": 0.0, "sfT": 0.005519871339425173, "roll-out": 0.19253421774099413, "roll-in": 0.15202721864415011, "bad-redirect": 0.00398544054153037, "redirect": 0.035851199165564424, "oneh-out": 0.014409305335805443, "oneh-in": 0.0034240441621290634, "dsfb-red": 0.046645117081939, "dsfb-alt": 0.04900677189317572, "alternate": 0.1400528681156729, "sfR": 0.1138359467128768, "unknown": 0.10357960596711975}}