{"english-450k": {"sft": 0.0, "sfb": 0.03678329136216374, "dsfb": 0.0, "sfT": 5.613047060137368e-05, "roll-out": 0.16198201369232668, "roll-in": 0.2992663279738479, "bad-redirect": 0.0030213979878395674, "redirect": 0.07697592412095883, "oneh-out": 0.009159791171261667, "oneh-in": 0.02096414607721097, "dsfb-red": 0.039006291874938974, "dsfb-alt": 0.033606365195366195, "alternate": 0.19619675133207545, "sfR": 0.11328269117541298, "unknown": 0.009698877565995693}, "shai": {"sft": 0.0, "sfb": 0.025642367878950953, "dsfb": 0.0, "sfT": 8.033420515581801e-05, "roll-out": 0.12315597081773688, "roll-in": 0.36115447560140734, "bad-redirect": 0.002895994684225731, "redirect": 0.05328940625761503, "oneh-out": 0.007742427699989442, "oneh-in": 0.023254763002483563, "dsfb-red": 0.027946824763061314, "dsfb-alt": 0.031713123441579893, "alternate": 0.17877222427439898, "sfR": 0.09728563198976478, "unknown": 0.06706645538363028}, "tr-quotes": {"sft": 0.0, "sfb": 0.027598761008760776, "dsfb": 0.0, "sfT": 0.0002473359376805899, "roll-out": 0.12355239129932272, "roll-in": 0.392435449943367, "bad-redirect": 0.004152701047132521, "redirect": 0.05027738609833337, "oneh-out": 0.007780680058251081, "oneh-in": 0.021718175724093295, "dsfb-red": 0.02597489655810083, "dsfb-alt": 0.030838399482212616, "alternate": 0.17416264071565613, "sfR": 0.09591664547745082, "unknown": 0.045344536649638244}, "gutenberg": {"sft": 0.0, "sfb": 0.028999360840311236, "dsfb": 0.0, "sfT": 0.00018678466304690872, "roll-out": 0.11700467870954151, "roll-in": 0.38903702844923643, "bad-redirect": 0.0026195317653272348, "redirect": 0.04739783958720968, "oneh-out": 0.007292558203502837, "oneh-in": 0.019227264650377378, "dsfb-red": 0.02417402723267345, "dsfb-alt": 0.0304517726167622, "alternate": 0.160807576561821, "sfR": 0.09761014138424484, "unknown": 0.07519143533594529}, "english-200": {"sft": 0.0, "sfb": 0.022271714922048998, "dsfb": 0.0, "sfT": 0.0, "roll-out": 0.133630289532294, "roll-in": 0.40757238307349664, "bad-redirect": 0.0, "redirect": 0.053452115812917596, "oneh-out": 0.013363028953229399, "oneh-in": 0.017817371937639197, "dsfb-red": 0.031180400890868598, "dsfb-alt": 0.024498886414253896, "alternate": 0.18930957683741648, "sfR": 0.10690423162583519, "unknown": 0.0}, "monkeyracer": {"sft": 0.0, "sfb": 0.027531007085099396, "dsfb": 0.0, "sfT": 0.0002209205937094327, "roll-out": 0.12339392683422744, "roll-in": 0.3930392417536012, "bad-redirect": 0.004125154448910646, "redirect": 0.05030244615793672, "oneh-out": 0.007877871967718223, "oneh-in": 0.02169322927256518, "dsfb-red": 0.02593861926583981, "dsfb-alt": 0.03075781628790841, "alternate": 0.17382051863553186, "sfR": 0.09605353707555875, "unknown": 0.04524571062139293}, "chained-bigrams": {"sft": 0.0, "sfb": 0.0255332577109802, "dsfb": 0.0, "sfT": 0.0001045380554233499, "roll-out": 0.09377583015228143, "roll-in": 0.32732163762434996, "bad-redirect": 0.005230149294627848, "redirect": 0.06136838366635089, "oneh-out": 0.005352867881429172, "oneh-in": 0.02463397071246256, "dsfb-red": 0.03585655301020902, "dsfb-alt": 0.035285814185879054, "alternate": 0.19632181878035906, "sfR": 0.11643721321023381, "unknown": 0.07277796571541365}, "english-5k": {"sft": 0.0, "sfb": 0.028332019745302195, "dsfb": 0.0, "sfT": 0.0, "roll-out": 0.14696975982079893, "roll-in": 0.33844941303355874, "bad-redirect": 0.002074086364956237, "redirect": 0.06147591985730286, "oneh-out": 0.009997096279089061, "oneh-in": 0.029949807109968057, "dsfb-red": 0.03550835856805078, "dsfb-alt": 0.034720205749367405, "alternate": 0.2030530551292156, "sfR": 0.10644211224955408, "unknown": 0.0030281660928361057}, "mt-quotes": {"sft": 0.0, "sfb": 0.027157217819533595, "dsfb": 0.0, "sfT": 0.00020320101361446792, "roll-out": 0.12296948398895542, "roll-in": 0.40242765446265283, "bad-redirect": 0.004132750026894252, "redirect": 0.049607941573732085, "oneh-out": 0.008071263790774674, "oneh-in": 0.02144368343672679, "dsfb-red": 0.025344844073104552, "dsfb-alt": 0.030659447054182953, "alternate": 0.17597506604032942, "sfR": 0.09572710103871578, "unknown": 0.03628034568078316}, "english-1k": {"sft": 0.0, "sfb": 0.021877205363443897, "dsfb": 0.0, "sfT": 0.0, "roll-out": 0.16231474947071278, "roll-in": 0.36838390966831336, "bad-redirect": 0.0035285815102328866, "redirect": 0.06704304869442484, "oneh-out": 0.013408609738884969, "oneh-in": 0.021524347212420608, "dsfb-red": 0.03634438955539873, "dsfb-alt": 0.030345800988002825, "alternate": 0.16690190543401554, "sfR": 0.10832745236414962, "unknown": 0.0}, "english-10k": {"sft": 0.0, "sfb": 0.030489569865498542, "dsfb": 0.0, "sfT": 0.0, "roll-out": 0.15069180448080893, "roll-in": 0.3396499488624303, "bad-redirect": 0.003048956986549854, "redirect": 0.061519461222284404, "oneh-out": 0.008741629841184076, "oneh-in": 0.027266938113892053, "dsfb-red": 0.03529457169873217, "dsfb-alt": 0.03270874741900002, "alternate": 0.19739101908492696, "sfR": 0.10543987958549622, "unknown": 0.0077574728391964646}, "reddit": {"sft": 0.0, "sfb": 0.02643556940980414, "dsfb": 0.0, "sfT": 0.00010574227763921657, "roll-out": 0.11762380658340259, "roll-in": 0.35916542635807003, "bad-redirect": 0.0040256980329426715, "redirect": 0.05080506281889135, "oneh-out": 0.008107095239406248, "oneh-in": 0.019838794530543432, "dsfb-red": 0.024955439724747945, "dsfb-alt": 0.034772653166640355, "alternate": 0.17291986342277976, "sfR": 0.1028716913164539, "unknown": 0.07837315711867839}, "akl": {"sft": 0.0, "sfb": 0.028811763278747918, "dsfb": 0.0, "sfT": 0.00010835798802820802, "roll-out": 0.1196850840551933, "roll-in": 0.3366691981174333, "bad-redirect": 0.005201679059375841, "redirect": 0.04386937267973579, "oneh-out": 0.007642242937246166, "oneh-in": 0.0147936842843497, "dsfb-red": 0.02580908846584047, "dsfb-alt": 0.03716833874999365, "alternate": 0.1644640071192871, "sfR": 0.11706348985084018, "unknown": 0.09871369341392838}, "keymash": {"sft": 0.0, "sfb": 0.028065004741126293, "dsfb": 0.0, "sfT": 0.00026271176004564616, "roll-out": 0.12295320857261312, "roll-in": 0.39521289914741825, "bad-redirect": 0.0038503692331690017, "redirect": 0.050091743872453444, "oneh-out": 0.008049652522648627, "oneh-in": 0.02162446174875725, "dsfb-red": 0.02616034448079536, "dsfb-alt": 0.031160077664164062, "alternate": 0.17226913177868175, "sfR": 0.09899307508220005, "unknown": 0.04130731939592715}, "movie": {"sft": 0.0, "sfb": 0.02686161921402138, "dsfb": 0.0, "sfT": 0.00023819208783787253, "roll-out": 0.10998013004235213, "roll-in": 0.36431808829399065, "bad-redirect": 0.006553572361506106, "redirect": 0.0407680892085956, "oneh-out": 0.006092321937267574, "oneh-in": 0.0198573242553635, "dsfb-red": 0.02430454161248674, "dsfb-alt": 0.03210697746215937, "alternate": 0.15150359084442253, "sfR": 0.1138359467128768, "unknown": 0.10357960596711975}}