{"english-450k": {"sft": 0.0, "sfb": 0.04112550948634188, "dsfb": 0.0, "sfT": 3.478919792480973e-05, "roll-out": 0.16429154868061235, "roll-in": 0.2691002928724242, "bad-redirect": 0.0029459726679689716, "redirect": 0.05469914360103865, "oneh-out": 0.0058711887556634765, "oneh-in": 0.015445234493811324, "dsfb-red": 0.03429308642162988, "dsfb-alt": 0.03539815506159442, "alternate": 0.25381351001958136, "sfR": 0.11328269117541298, "unknown": 0.009698877565995693}, "shai": {"sft": 0.0, "sfb": 0.022022088113417222, "dsfb": 0.0, "sfT": 6.270062264040528e-05, "roll-out": 0.13217497932427616, "roll-in": 0.3146986050737034, "bad-redirect": 0.00213435628754103, "redirect": 0.03771457933455597, "oneh-out": 0.005516025350248774, "oneh-in": 0.017013419171775863, "dsfb-red": 0.024256684118597997, "dsfb-alt": 0.03996609676703204, "alternate": 0.24008837846281605, "sfR": 0.09728563198976478, "unknown": 0.06706645538363028}, "tr-quotes": {"sft": 0.0, "sfb": 0.022761840919072605, "dsfb": 0.0, "sfT": 7.39696262222325e-05, "roll-out": 0.1366473266914773, "roll-in": 0.3342664293474492, "bad-redirect": 0.0019336122604655464, "redirect": 0.041368669240193244, "oneh-out": 0.006534754166570352, "oneh-in": 0.016877788308175955, "dsfb-red": 0.024235454566468643, "dsfb-alt": 0.04086128383532512, "alternate": 0.2331776889114907, "sfR": 0.09591664547745082, "unknown": 0.045344536649638244}, "gutenberg": {"sft": 0.0, "sfb": 0.022353350359910935, "dsfb": 0.0, "sfT": 0.00011631418165395735, "roll-out": 0.1322700625861227, "roll-in": 0.33015894124542555, "bad-redirect": 0.0019610495252146034, "redirect": 0.036501436120213546, "oneh-out": 0.005794113290012931, "oneh-in": 0.01333312874161316, "dsfb-red": 0.02455290078854953, "dsfb-alt": 0.03988401922707521, "alternate": 0.22027310721401772, "sfR": 0.09761014138424484, "unknown": 0.07519143533594529}, "english-200": {"sft": 0.0, "sfb": 0.008908685968819599, "dsfb": 0.0, "sfT": 0.0, "roll-out": 0.15367483296213807, "roll-in": 0.36080178173719374, "bad-redirect": 0.0, "redirect": 0.035634743875278395, "oneh-out": 0.0066815144766146995, "oneh-in": 0.013363028953229399, "dsfb-red": 0.026726057906458798, "dsfb-alt": 0.0334075723830735, "alternate": 0.25389755011135856, "sfR": 0.10690423162583519, "unknown": 0.0}, "monkeyracer": {"sft": 0.0, "sfb": 0.022709855013528943, "dsfb": 0.0, "sfT": 7.820198007413547e-05, "roll-out": 0.13676548790215368, "roll-in": 0.3348647887764518, "bad-redirect": 0.00195700455135524, "redirect": 0.04147148755806497, "oneh-out": 0.006509337316420852, "oneh-in": 0.016826133537701175, "dsfb-red": 0.023954244021458623, "dsfb-alt": 0.04074420914337551, "alternate": 0.23282000250246337, "sfR": 0.09605353707555875, "unknown": 0.04524571062139293}, "chained-bigrams": {"sft": 0.0, "sfb": 0.021553669253280124, "dsfb": 0.0, "sfT": 5.25936800577102e-05, "roll-out": 0.11052139816077954, "roll-in": 0.29296822497628416, "bad-redirect": 0.0034465093055101943, "redirect": 0.04951467720791191, "oneh-out": 0.004374365710478933, "oneh-in": 0.01738448382549547, "dsfb-red": 0.026388391990437042, "dsfb-alt": 0.04407480249774529, "alternate": 0.24050570446637218, "sfR": 0.11643721321023381, "unknown": 0.07277796571541365}, "english-5k": {"sft": 0.0, "sfb": 0.02654830547143983, "dsfb": 0.0, "sfT": 0.0, "roll-out": 0.14813124818517442, "roll-in": 0.2995810345542788, "bad-redirect": 0.003442983365827353, "redirect": 0.04222839839050898, "oneh-out": 0.005848923549176588, "oneh-in": 0.024391255651885345, "dsfb-red": 0.029908325382668934, "dsfb-alt": 0.04002986684365537, "alternate": 0.27041938026299417, "sfR": 0.10644211224955408, "unknown": 0.0030281660928361057}, "mt-quotes": {"sft": 0.0, "sfb": 0.021729061330847108, "dsfb": 0.0, "sfT": 7.620038010542547e-05, "roll-out": 0.13803026499802776, "roll-in": 0.34319904136933577, "bad-redirect": 0.0019423626301382961, "redirect": 0.041877338305781664, "oneh-out": 0.006601044692269994, "oneh-in": 0.016799942625596156, "dsfb-red": 0.023427881569668064, "dsfb-alt": 0.04096741611981688, "alternate": 0.23334199925891394, "sfR": 0.09572710103871578, "unknown": 0.03628034568078316}, "english-1k": {"sft": 0.0, "sfb": 0.01834862385321101, "dsfb": 0.0, "sfT": 0.0, "roll-out": 0.17290049400141144, "roll-in": 0.31333803810868033, "bad-redirect": 0.0038814396612561752, "redirect": 0.04269583627381793, "oneh-out": 0.010232886379675371, "oneh-in": 0.014820042342978124, "dsfb-red": 0.032462949894142556, "dsfb-alt": 0.03881439661256175, "alternate": 0.24417784050811575, "sfR": 0.10832745236414962, "unknown": 0.0}, "english-10k": {"sft": 0.0, "sfb": 0.026996777368248393, "dsfb": 0.0, "sfT": 1.929719611740414e-05, "roll-out": 0.15211979699349684, "roll-in": 0.3035063005345323, "bad-redirect": 0.003647170066189383, "redirect": 0.041546863240771115, "oneh-out": 0.006020725188630092, "oneh-in": 0.021960209181605912, "dsfb-red": 0.02973697921691978, "dsfb-alt": 0.038266339900812414, "alternate": 0.2629821886879836, "sfR": 0.10543987958549622, "unknown": 0.0077574728391964646}, "reddit": {"sft": 0.0, "sfb": 0.02216014280264232, "dsfb": 0.0, "sfT": 0.00014806915462551296, "roll-out": 0.12748128674455186, "roll-in": 0.31393646136445746, "bad-redirect": 0.0014048028269858937, "redirect": 0.0403114059508967, "oneh-out": 0.005922091951581799, "oneh-in": 0.01591887623265324, "dsfb-red": 0.021058145704468127, "dsfb-alt": 0.041186673326594744, "alternate": 0.22922719550541007, "sfR": 0.1028716913164539, "unknown": 0.07837315711867839}, "akl": {"sft": 0.0, "sfb": 0.026138932907385455, "dsfb": 0.0, "sfT": 0.0001603995603230592, "roll-out": 0.12775790904892664, "roll-in": 0.29945284482157236, "bad-redirect": 0.0016443278217591019, "redirect": 0.038719921055413, "oneh-out": 0.004977218801727929, "oneh-in": 0.01299248829467326, "dsfb-red": 0.020149877250039062, "dsfb-alt": 0.040991721548841446, "alternate": 0.21123717562457012, "sfR": 0.11706348985084018, "unknown": 0.09871369341392838}, "keymash": {"sft": 0.0, "sfb": 0.022552162651418437, "dsfb": 0.0, "sfT": 8.209742501426443e-05, "roll-out": 0.13609290144614614, "roll-in": 0.33517915710573737, "bad-redirect": 0.0021837915053794336, "redirect": 0.04117596351590432, "oneh-out": 0.006633471941152566, "oneh-in": 0.016673987020397105, "dsfb-red": 0.025290111775644157, "dsfb-alt": 0.04093377611211224, "alternate": 0.23290218502296675, "sfR": 0.09899307508220005, "unknown": 0.04130731939592715}, "movie": {"sft": 0.0, "sfb": 0.019156697362739835, "dsfb": 0.0, "sfT": 5.02703743392637e-05, "roll-out": 0.11661371388971759, "roll-in": 0.3052431605642336, "bad-redirect": 0.0012301765950875317, "redirect": 0.03774805041092083, "oneh-out": 0.007178398899105122, "oneh-in": 0.018926532743055616, "dsfb-red": 0.022190422335627392, "dsfb-alt": 0.04214302342612604, "alternate": 0.21210400071905058, "sfR": 0.1138359467128768, "unknown": 0.10357960596711975}}