{"english-450k": {"sft": 0.0, "sfb": 0.03683883714036301, "dsfb": 0.0, "sfT": 2.7480542898589197e-05, "roll-out": 0.16882700764368377, "roll-in": 0.2622392198800094, "bad-redirect": 0.004143715053665992, "redirect": 0.04925478029890645, "oneh-out": 0.011271700127638352, "oneh-in": 0.021709921236086515, "dsfb-red": 0.02909400158217764, "dsfb-alt": 0.02807225160951201, "alternate": 0.26553951614364957, "sfR": 0.11328269117541298, "unknown": 0.009698877565995693}, "shai": {"sft": 0.0, "sfb": 0.02171897704785652, "dsfb": 0.0, "sfT": 1.6364088427384784e-05, "roll-out": 0.158484601810794, "roll-in": 0.28035402164889944, "bad-redirect": 0.00876883302220407, "redirect": 0.03753782937565971, "oneh-out": 0.008350186383406412, "oneh-in": 0.02110918252940814, "dsfb-red": 0.02205650765891976, "dsfb-alt": 0.028404469640977783, "alternate": 0.24884693942005176, "sfR": 0.09728563198976478, "unknown": 0.06706645538363028}, "tr-quotes": {"sft": 0.0, "sfb": 0.021471995561822426, "dsfb": 0.0, "sfT": 1.271352950694621e-05, "roll-out": 0.16669170846721065, "roll-in": 0.2933438894154088, "bad-redirect": 0.015168396477196552, "redirect": 0.037726820924158015, "oneh-out": 0.008585099743417859, "oneh-in": 0.02346686391900326, "dsfb-red": 0.024407665102517278, "dsfb-alt": 0.030174984397031968, "alternate": 0.23768868033563717, "sfR": 0.09591664547745082, "unknown": 0.045344536649638244}, "gutenberg": {"sft": 0.0, "sfb": 0.02135767065506859, "dsfb": 0.0, "sfT": 4.186552792430713e-05, "roll-out": 0.15625351642019047, "roll-in": 0.30615483880256256, "bad-redirect": 0.007707803620743024, "redirect": 0.03314594247259702, "oneh-out": 0.008455321146486535, "oneh-in": 0.0207745842525753, "dsfb-red": 0.021051919695476592, "dsfb-alt": 0.03009998852013126, "alternate": 0.2221549721660542, "sfR": 0.09761014138424484, "unknown": 0.07519143533594529}, "english-200": {"sft": 0.0, "sfb": 0.015590200445434299, "dsfb": 0.0, "sfT": 0.0, "roll-out": 0.1759465478841871, "roll-in": 0.32962138084632514, "bad-redirect": 0.004454342984409799, "redirect": 0.026726057906458798, "oneh-out": 0.0066815144766146995, "oneh-in": 0.0334075723830735, "dsfb-red": 0.022271714922048998, "dsfb-alt": 0.017817371937639197, "alternate": 0.26057906458797325, "sfR": 0.10690423162583519, "unknown": 0.0}, "monkeyracer": {"sft": 0.0, "sfb": 0.021443960461078874, "dsfb": 0.0, "sfT": 1.4662871263900401e-05, "roll-out": 0.16695145221076998, "roll-in": 0.29330141389179976, "bad-redirect": 0.01554459858923628, "redirect": 0.03769433192048423, "oneh-out": 0.008572892065627101, "oneh-in": 0.023508492735036052, "dsfb-red": 0.02416832194191157, "dsfb-alt": 0.030218222625396876, "alternate": 0.23728240299044373, "sfR": 0.09605353707555875, "unknown": 0.04524571062139293}, "chained-bigrams": {"sft": 0.0, "sfb": 0.021197200977333422, "dsfb": 0.0, "sfT": 2.7270797066960846e-05, "roll-out": 0.13843500687289018, "roll-in": 0.2619522384454607, "bad-redirect": 0.004501629430124751, "redirect": 0.04243855467372764, "oneh-out": 0.012736111534962785, "oneh-in": 0.027089641057873176, "dsfb-red": 0.02116798226619025, "dsfb-alt": 0.031129614851935803, "alternate": 0.2501095701667869, "sfR": 0.11643721321023381, "unknown": 0.07277796571541365}, "english-5k": {"sft": 0.0, "sfb": 0.025096445015970466, "dsfb": 0.0, "sfT": 0.0, "roll-out": 0.19118928112166592, "roll-in": 0.25025926079561955, "bad-redirect": 0.004977807275894968, "redirect": 0.0462936076658232, "oneh-out": 0.010536358733977683, "oneh-in": 0.019579375285186874, "dsfb-red": 0.02671423238063633, "dsfb-alt": 0.03289500974820592, "alternate": 0.28298834363462894, "sfR": 0.10644211224955408, "unknown": 0.0030281660928361057}, "mt-quotes": {"sft": 0.0, "sfb": 0.021219564671710833, "dsfb": 0.0, "sfT": 1.1953000800851053e-05, "roll-out": 0.1690214078244343, "roll-in": 0.2995272588183263, "bad-redirect": 0.016726730495690942, "redirect": 0.03708269085954029, "oneh-out": 0.008583748700111162, "oneh-in": 0.024219767872724448, "dsfb-red": 0.02423919149902583, "dsfb-alt": 0.030154432770346996, "alternate": 0.23720580676778905, "sfR": 0.09572710103871578, "unknown": 0.03628034568078316}, "english-1k": {"sft": 0.0, "sfb": 0.01799576570218772, "dsfb": 0.0, "sfT": 0.0, "roll-out": 0.19513055751587863, "roll-in": 0.2893436838390967, "bad-redirect": 0.00529287226534933, "redirect": 0.03952011291460833, "oneh-out": 0.0056457304163726185, "oneh-in": 0.025052928722653495, "dsfb-red": 0.02858151023288638, "dsfb-alt": 0.02893436838390967, "alternate": 0.25617501764290757, "sfR": 0.10832745236414962, "unknown": 0.0}, "english-10k": {"sft": 0.0, "sfb": 0.026012620366260782, "dsfb": 0.0, "sfT": 1.929719611740414e-05, "roll-out": 0.18179888462206442, "roll-in": 0.2698712877018969, "bad-redirect": 0.004534841087589973, "redirect": 0.04453792863896876, "oneh-out": 0.00964859805870207, "oneh-in": 0.019779626020339246, "dsfb-red": 0.026726616622604737, "dsfb-alt": 0.03095270257231624, "alternate": 0.2729202446884468, "sfR": 0.10543987958549622, "unknown": 0.0077574728391964646}, "reddit": {"sft": 0.0, "sfb": 0.024567718040070817, "dsfb": 0.0, "sfT": 5.0080561531573696e-05, "roll-out": 0.1569848430450105, "roll-in": 0.2755090509284101, "bad-redirect": 0.011129009511748236, "redirect": 0.035073960598921566, "oneh-out": 0.009186468059970069, "oneh-in": 0.023628922891480067, "dsfb-red": 0.020903970991480874, "dsfb-alt": 0.02855667035060326, "alternate": 0.23316445658564067, "sfR": 0.1028716913164539, "unknown": 0.07837315711867839}, "akl": {"sft": 0.0, "sfb": 0.023874690832790306, "dsfb": 0.0, "sfT": 6.8645312027018e-05, "roll-out": 0.15047826824481494, "roll-in": 0.2643257128363388, "bad-redirect": 0.013528950169079351, "redirect": 0.030553049506032548, "oneh-out": 0.013980968397011772, "oneh-in": 0.021502648358441533, "dsfb-red": 0.02140568995291601, "dsfb-alt": 0.02413954526321946, "alternate": 0.2203646478625597, "sfR": 0.11706348985084018, "unknown": 0.09871369341392838}, "keymash": {"sft": 0.0, "sfb": 0.022092417071338556, "dsfb": 0.0, "sfT": 1.2314613752139664e-05, "roll-out": 0.1635257560146626, "roll-in": 0.29729940520415576, "bad-redirect": 0.014588712425034789, "redirect": 0.0371942384027125, "oneh-out": 0.008550446815235641, "oneh-in": 0.023110425141515435, "dsfb-red": 0.025425572526917694, "dsfb-alt": 0.03084810744910986, "alternate": 0.23705220985743783, "sfR": 0.09899307508220005, "unknown": 0.04130731939592715}, "movie": {"sft": 0.0, "sfb": 0.019788103792268075, "dsfb": 0.0, "sfT": 5.790304897716238e-06, "roll-out": 0.15024367313781492, "roll-in": 0.25495910004975714, "bad-redirect": 0.02181326293024433, "redirect": 0.036590910616247675, "oneh-out": 0.007559901033161471, "oneh-in": 0.02192748985413564, "dsfb-red": 0.025174008532014267, "dsfb-alt": 0.02954726790385304, "alternate": 0.21497493916560917, "sfR": 0.1138359467128768, "unknown": 0.10357960596711975}}