{"english-450k": {"sft": 0.0, "sfb": 0.03683883714036301, "dsfb": 0.0, "sfT": 2.7480542898589197e-05, "roll-out": 0.17812390918323734, "roll-in": 0.27490775015625907, "bad-redirect": 0.03209844349035638, "redirect": 0.06943485386490449, "oneh-out": 0.005795178743390784, "oneh-in": 0.018495282409353674, "dsfb-red": 0.030705121496157693, "dsfb-alt": 0.026461131695531957, "alternate": 0.20413044253613838, "sfR": 0.11328269117541298, "unknown": 0.009698877565995693}, "shai": {"sft": 0.0, "sfb": 0.02171897704785652, "dsfb": 0.0, "sfT": 1.6364088427384784e-05, "roll-out": 0.1384520702507065, "roll-in": 0.30225207477134397, "bad-redirect": 0.03718703100321306, "redirect": 0.05735429536421011, "oneh-out": 0.0052181161141219455, "oneh-in": 0.04130628000147385, "dsfb-red": 0.027020492730907814, "dsfb-alt": 0.023440484568989728, "alternate": 0.18168172668535404, "sfR": 0.09728563198976478, "unknown": 0.06706645538363028}, "tr-quotes": {"sft": 0.0, "sfb": 0.021471995561822426, "dsfb": 0.0, "sfT": 1.271352950694621e-05, "roll-out": 0.14045329511569313, "roll-in": 0.3250179145188507, "bad-redirect": 0.037887473706109426, "redirect": 0.05357712489309077, "oneh-out": 0.0045595339913548, "oneh-in": 0.04440720279235339, "dsfb-red": 0.03117010702480294, "dsfb-alt": 0.023412542474746306, "alternate": 0.1767689142645801, "sfR": 0.09591664547745082, "unknown": 0.045344536649638244}, "gutenberg": {"sft": 0.0, "sfb": 0.02135767065506859, "dsfb": 0.0, "sfT": 4.186552792430713e-05, "roll-out": 0.1289208203521781, "roll-in": 0.31534157534866786, "bad-redirect": 0.031565471434259945, "redirect": 0.05528200884821302, "oneh-out": 0.004714513092544033, "oneh-in": 0.054482964518870365, "dsfb-red": 0.026046799219368925, "dsfb-alt": 0.025105108996238922, "alternate": 0.16433962528647578, "sfR": 0.09761014138424484, "unknown": 0.07519143533594529}, "english-200": {"sft": 0.0, "sfb": 0.015590200445434299, "dsfb": 0.0, "sfT": 0.0, "roll-out": 0.12472160356347439, "roll-in": 0.40757238307349664, "bad-redirect": 0.028953229398663696, "redirect": 0.0556792873051225, "oneh-out": 0.0066815144766146995, "oneh-in": 0.044543429844097995, "dsfb-red": 0.0334075723830735, "dsfb-alt": 0.0066815144766146995, "alternate": 0.16926503340757237, "sfR": 0.10690423162583519, "unknown": 0.0}, "monkeyracer": {"sft": 0.0, "sfb": 0.021443960461078874, "dsfb": 0.0, "sfT": 1.4662871263900401e-05, "roll-out": 0.14034420601529632, "roll-in": 0.3258265949293836, "bad-redirect": 0.03822024023648279, "redirect": 0.05338262664810673, "oneh-out": 0.004507366626522983, "oneh-in": 0.04417923111813191, "dsfb-red": 0.031066714109201244, "dsfb-alt": 0.023319830458107198, "alternate": 0.17639531882947276, "sfR": 0.09605353707555875, "unknown": 0.04524571062139293}, "chained-bigrams": {"sft": 0.0, "sfb": 0.021197200977333422, "dsfb": 0.0, "sfT": 2.7270797066960846e-05, "roll-out": 0.12828767314521244, "roll-in": 0.2937746614038357, "bad-redirect": 0.02641241626404365, "redirect": 0.06572456884545184, "oneh-out": 0.006258647926867514, "oneh-in": 0.04432932993703692, "dsfb-red": 0.026161135348212367, "dsfb-alt": 0.026136461769913688, "alternate": 0.172475454659378, "sfR": 0.11643721321023381, "unknown": 0.07277796571541365}, "english-5k": {"sft": 0.0, "sfb": 0.025096445015970466, "dsfb": 0.0, "sfT": 0.0, "roll-out": 0.16244244410337247, "roll-in": 0.297963247189613, "bad-redirect": 0.03895134193387813, "redirect": 0.06744928858837682, "oneh-out": 0.004604471730202846, "oneh-in": 0.020160119467374622, "dsfb-red": 0.028497946654498695, "dsfb-alt": 0.03111129547434355, "alternate": 0.21425312149997927, "sfR": 0.10644211224955408, "unknown": 0.0030281660928361057}, "mt-quotes": {"sft": 0.0, "sfb": 0.021219564671710833, "dsfb": 0.0, "sfT": 1.1953000800851053e-05, "roll-out": 0.14038799440599561, "roll-in": 0.33408936063398714, "bad-redirect": 0.03905493599168071, "redirect": 0.052709745281552936, "oneh-out": 0.00440617492021372, "oneh-in": 0.04585768757246507, "dsfb-red": 0.031712805249757954, "dsfb-alt": 0.022680819019614874, "alternate": 0.17586151253272134, "sfR": 0.09572710103871578, "unknown": 0.03628034568078316}, "english-1k": {"sft": 0.0, "sfb": 0.01799576570218772, "dsfb": 0.0, "sfT": 0.0, "roll-out": 0.1400846859562456, "roll-in": 0.3468595624558927, "bad-redirect": 0.03916725476358504, "redirect": 0.05822159491884263, "oneh-out": 0.00529287226534933, "oneh-in": 0.027170077628793227, "dsfb-red": 0.03175723359209598, "dsfb-alt": 0.025758645024700072, "alternate": 0.1993648553281581, "sfR": 0.10832745236414962, "unknown": 0.0}, "english-10k": {"sft": 0.0, "sfb": 0.026012620366260782, "dsfb": 0.0, "sfT": 1.929719611740414e-05, "roll-out": 0.16755755388742016, "roll-in": 0.2930472202388993, "bad-redirect": 0.0433222052835723, "redirect": 0.0704154686324077, "oneh-out": 0.006348777522625962, "oneh-in": 0.020242758727156945, "dsfb-red": 0.03047027266938114, "dsfb-alt": 0.027209046525539838, "alternate": 0.20215742652592578, "sfR": 0.10543987958549622, "unknown": 0.0077574728391964646}, "reddit": {"sft": 0.0, "sfb": 0.024567718040070817, "dsfb": 0.0, "sfT": 5.0080561531573696e-05, "roll-out": 0.13439199220436315, "roll-in": 0.30942063307897877, "bad-redirect": 0.03283865200508597, "redirect": 0.04993676252206008, "oneh-out": 0.005056563503331931, "oneh-in": 0.039133445218626745, "dsfb-red": 0.026794561258509153, "dsfb-alt": 0.022666080083574982, "alternate": 0.17389866308873456, "sfR": 0.1028716913164539, "unknown": 0.07837315711867839}, "akl": {"sft": 0.0, "sfb": 0.023874690832790306, "dsfb": 0.0, "sfT": 6.8645312027018e-05, "roll-out": 0.1295304202195882, "roll-in": 0.2980914620720402, "bad-redirect": 0.035153958176666514, "redirect": 0.045786423122021004, "oneh-out": 0.009890934494405593, "oneh-in": 0.03207954033909545, "dsfb-red": 0.0257170864005335, "dsfb-alt": 0.019828148815601965, "alternate": 0.16420150695046176, "sfR": 0.11706348985084018, "unknown": 0.09871369341392838}, "keymash": {"sft": 0.0, "sfb": 0.022092417071338556, "dsfb": 0.0, "sfT": 1.2314613752139664e-05, "roll-out": 0.13910998181542036, "roll-in": 0.3241904167675781, "bad-redirect": 0.038544741044197146, "redirect": 0.054964226047050035, "oneh-out": 0.004917635758354439, "oneh-in": 0.04575699983170028, "dsfb-red": 0.032432587751885164, "dsfb-alt": 0.02384109222414239, "alternate": 0.17383719259645422, "sfR": 0.09899307508220005, "unknown": 0.04130731939592715}, "movie": {"sft": 0.0, "sfb": 0.019788103792268075, "dsfb": 0.0, "sfT": 5.790304897716238e-06, "roll-out": 0.12784282585829096, "roll-in": 0.29240789697573694, "bad-redirect": 0.03712361866683757, "redirect": 0.046762370756117756, "oneh-out": 0.003342058708690945, "oneh-in": 0.035124779096578206, "dsfb-red": 0.03136094931522407, "dsfb-alt": 0.02336032712064324, "alternate": 0.165465726724718, "sfR": 0.1138359467128768, "unknown": 0.10357960596711975}}