{"english-450k": {"sft": 0.0, "sfb": 0.034918414945673305, "dsfb": 0.0, "sfT": 1.5786694856636345e-05, "roll-out": 0.15060682300951703, "roll-in": 0.2757669556411415, "bad-redirect": 0.003094192191900724, "redirect": 0.0474688373566992, "oneh-out": 0.005154940563093865, "oneh-in": 0.014741557187886811, "dsfb-red": 0.018584740346874615, "dsfb-alt": 0.044664652596238905, "alternate": 0.2820015307247087, "sfR": 0.11328269117541298, "unknown": 0.009698877565995693}, "shai": {"sft": 0.0, "sfb": 0.02008873376634435, "dsfb": 0.0, "sfT": 6.893585122520113e-05, "roll-out": 0.12810986186356157, "roll-in": 0.30486023489356223, "bad-redirect": 0.004057221826752452, "redirect": 0.03326194493306205, "oneh-out": 0.004982547552616659, "oneh-in": 0.02117102779170265, "dsfb-red": 0.013192002001465801, "dsfb-alt": 0.04435023267349572, "alternate": 0.2611522733387973, "sfR": 0.09728563198976478, "unknown": 0.06741935151764922}, "tr-quotes": {"sft": 0.0, "sfb": 0.022965257391183744, "dsfb": 0.0, "sfT": 8.552738031945632e-05, "roll-out": 0.13819837729132475, "roll-in": 0.31117519243660574, "bad-redirect": 0.004093756501236679, "redirect": 0.035508887912900765, "oneh-out": 0.0042890825454797625, "oneh-in": 0.025052587781142367, "dsfb-red": 0.014442569519890895, "dsfb-alt": 0.042814544277755946, "alternate": 0.25918263563024435, "sfR": 0.09591664547745082, "unknown": 0.04627493585446476}, "gutenberg": {"sft": 0.0, "sfb": 0.021470006664385848, "dsfb": 0.0, "sfT": 3.7129608475856096e-05, "roll-out": 0.13001273394021298, "roll-in": 0.32094625186074277, "bad-redirect": 0.003271383718212035, "redirect": 0.030698040428081653, "oneh-out": 0.004805442745954293, "oneh-in": 0.017432730052970313, "dsfb-red": 0.010643315931670913, "dsfb-alt": 0.03835071794644471, "alternate": 0.24457651976602285, "sfR": 0.09761014138424484, "unknown": 0.08014558595258095}, "english-200": {"sft": 0.0, "sfb": 0.008908685968819599, "dsfb": 0.0, "sfT": 0.0, "roll-out": 0.15367483296213807, "roll-in": 0.3429844097995546, "bad-redirect": 0.0022271714922048997, "redirect": 0.031180400890868598, "oneh-out": 0.0066815144766146995, "oneh-in": 0.015590200445434299, "dsfb-red": 0.008908685968819599, "dsfb-alt": 0.031180400890868598, "alternate": 0.29175946547884185, "sfR": 0.10690423162583519, "unknown": 0.0}, "monkeyracer": {"sft": 0.0, "sfb": 0.02302364045857641, "dsfb": 0.0, "sfT": 9.579742559081596e-05, "roll-out": 0.1382229773057854, "roll-in": 0.3112184650515351, "bad-redirect": 0.004081165835118945, "redirect": 0.035498811329902874, "oneh-out": 0.004255165240783896, "oneh-in": 0.025351126890532868, "dsfb-red": 0.014432175422681702, "dsfb-alt": 0.04285761765487902, "alternate": 0.25875275661979763, "sfR": 0.09605353707555875, "unknown": 0.046156763689256614}, "chained-bigrams": {"sft": 0.0, "sfb": 0.02080112511517042, "dsfb": 0.0, "sfT": 5.7138812902203675e-05, "roll-out": 0.1022031557506644, "roll-in": 0.29191050763290133, "bad-redirect": 0.003752331815475398, "redirect": 0.044103371904196394, "oneh-out": 0.0037367485028657063, "oneh-in": 0.016183919449857122, "dsfb-red": 0.01931876250317348, "dsfb-alt": 0.046584365132597755, "alternate": 0.26143604121526465, "sfR": 0.11643721321023381, "unknown": 0.07347531895469736}, "english-5k": {"sft": 0.0, "sfb": 0.019496411830588627, "dsfb": 0.0, "sfT": 0.0, "roll-out": 0.14107935454432322, "roll-in": 0.3009914132824491, "bad-redirect": 0.00394076409341685, "redirect": 0.038578006388186, "oneh-out": 0.005890405276475713, "oneh-in": 0.024681627742979217, "dsfb-red": 0.013771933463309412, "dsfb-alt": 0.04529804621064421, "alternate": 0.29680175882523746, "sfR": 0.10644211224955408, "unknown": 0.0030281660928361057}, "mt-quotes": {"sft": 0.0, "sfb": 0.02286459640692796, "dsfb": 0.0, "sfT": 7.918863030563824e-05, "roll-out": 0.13999653362976774, "roll-in": 0.31636306044632506, "bad-redirect": 0.004208950406999677, "redirect": 0.035353988118717206, "oneh-out": 0.004182056155197763, "oneh-in": 0.026354872640776468, "dsfb-red": 0.0144691074694302, "dsfb-alt": 0.04286346087185188, "alternate": 0.26036474581943797, "sfR": 0.09572710103871578, "unknown": 0.03717233836554667}, "english-1k": {"sft": 0.0, "sfb": 0.014114326040931546, "dsfb": 0.0, "sfT": 0.0, "roll-out": 0.17219477769936486, "roll-in": 0.3158080451658433, "bad-redirect": 0.0038814396612561752, "redirect": 0.03916725476358504, "oneh-out": 0.010232886379675371, "oneh-in": 0.016231474947071278, "dsfb-red": 0.009880028228652082, "dsfb-alt": 0.04022582921665491, "alternate": 0.2699364855328158, "sfR": 0.10832745236414962, "unknown": 0.0}, "english-10k": {"sft": 0.0, "sfb": 0.022461936280658422, "dsfb": 0.0, "sfT": 0.0, "roll-out": 0.14351324752513459, "roll-in": 0.3061886107948515, "bad-redirect": 0.0047278130487640145, "redirect": 0.03718569691823778, "oneh-out": 0.0061172111692171125, "oneh-in": 0.021825128808784084, "dsfb-red": 0.015302676521101484, "dsfb-alt": 0.04517473611084309, "alternate": 0.2843055903977152, "sfR": 0.10543987958549622, "unknown": 0.0077574728391964646}, "reddit": {"sft": 0.0, "sfb": 0.02187494205806386, "dsfb": 0.0, "sfT": 0.00012390912307138802, "roll-out": 0.13081473432299565, "roll-in": 0.2908102544163695, "bad-redirect": 0.00370251547131633, "redirect": 0.03489656228971174, "oneh-out": 0.004751772531617334, "oneh-in": 0.02133338277711884, "dsfb-red": 0.012045629871687759, "dsfb-alt": 0.04252450229866781, "alternate": 0.25437666463085623, "sfR": 0.1028716913164539, "unknown": 0.07987343889206965}, "akl": {"sft": 0.0, "sfb": 0.02129516356604218, "dsfb": 0.0, "sfT": 8.673595382475199e-05, "roll-out": 0.12833625199817952, "roll-in": 0.27445442775272966, "bad-redirect": 0.004276082523560273, "redirect": 0.032112809772812514, "oneh-out": 0.00676051001236483, "oneh-in": 0.020621349113329322, "dsfb-red": 0.013574548499090077, "dsfb-alt": 0.038975792119196016, "alternate": 0.24348300117799815, "sfR": 0.11706348985084018, "unknown": 0.09895983766003248}, "keymash": {"sft": 0.0, "sfb": 0.02292570593523334, "dsfb": 0.0, "sfT": 8.209742501426443e-05, "roll-out": 0.1372874189801037, "roll-in": 0.3141457968170828, "bad-redirect": 0.0039324666581832665, "redirect": 0.03553176554617364, "oneh-out": 0.004856062689593741, "oneh-in": 0.024522500851760786, "dsfb-red": 0.014486090643766958, "dsfb-alt": 0.04220218132858263, "alternate": 0.2586561472499415, "sfR": 0.09899307508220005, "unknown": 0.0423786907923633}, "movie": {"sft": 0.0, "sfb": 0.02408411523285777, "dsfb": 0.0, "sfT": 0.00011225295631254434, "roll-out": 0.12777623735196725, "roll-in": 0.2661854484637203, "bad-redirect": 0.003816732112465092, "redirect": 0.036623941673732376, "oneh-out": 0.003946092787793616, "oneh-in": 0.02878215807032299, "dsfb-red": 0.01615126592514794, "dsfb-alt": 0.04064846677332233, "alternate": 0.23425375932255538, "sfR": 0.1138359467128768, "unknown": 0.10378358261692566}}