{"english-450k": {"sft": 0.0, "sfb": 0.029089908735362956, "dsfb": 0.0, "sfT": 0.00012337009684260255, "roll-out": 0.1860207647659681, "roll-in": 0.1974041411424071, "bad-redirect": 0.0011854638452529701, "redirect": 0.033990215757343296, "oneh-out": 0.005298774894009885, "oneh-in": 0.0014845340089259143, "dsfb-red": 0.014001921299233293, "dsfb-alt": 0.055936645070078304, "alternate": 0.3524826916431669, "sfR": 0.11328269117541298, "unknown": 0.009698877565995693}, "shai": {"sft": 0.0, "sfb": 0.015286001536397479, "dsfb": 0.0, "sfT": 1.715752223240226e-05, "roll-out": 0.21584033309667075, "roll-in": 0.1849982141933774, "bad-redirect": 0.0008651408689470289, "redirect": 0.02976686902196008, "oneh-out": 0.013005208331720664, "oneh-in": 0.0006002075158384869, "dsfb-red": 0.011858955800860346, "dsfb-alt": 0.05548195027112988, "alternate": 0.3088802233876109, "sfR": 0.09728563198976478, "unknown": 0.06611410646348981}, "tr-quotes": {"sft": 0.0, "sfb": 0.01563764129354384, "dsfb": 0.0, "sfT": 1.3869304916668594e-05, "roll-out": 0.23394281223272695, "roll-in": 0.17289822241741984, "bad-redirect": 0.000896881717944569, "redirect": 0.02814313122674002, "oneh-out": 0.021352950694621023, "oneh-in": 0.0006218071704306419, "dsfb-red": 0.010214743071126419, "dsfb-alt": 0.06253091699221007, "alternate": 0.31182011511523083, "sfR": 0.09591664547745082, "unknown": 0.046010263285638335}, "gutenberg": {"sft": 0.0, "sfb": 0.013468386601060922, "dsfb": 0.0, "sfT": 0.0001542015372415656, "roll-out": 0.23163779839607668, "roll-in": 0.18253199681897764, "bad-redirect": 0.0008426147882684077, "redirect": 0.02630291774314116, "oneh-out": 0.01223439542957252, "oneh-in": 0.001339318020021952, "dsfb-red": 0.009511620620269053, "dsfb-alt": 0.06030681938301957, "alternate": 0.2864884597009248, "sfR": 0.09761014138424484, "unknown": 0.0775713295771809}, "english-200": {"sft": 0.0, "sfb": 0.017817371937639197, "dsfb": 0.0, "sfT": 0.0, "roll-out": 0.24276169265033407, "roll-in": 0.19821826280623608, "bad-redirect": 0.0, "redirect": 0.028953229398663696, "oneh-out": 0.013363028953229399, "oneh-in": 0.0, "dsfb-red": 0.011135857461024499, "dsfb-alt": 0.0757238307349666, "alternate": 0.3051224944320713, "sfR": 0.10690423162583519, "unknown": 0.0}, "monkeyracer": {"sft": 0.0, "sfb": 0.015688294727622502, "dsfb": 0.0, "sfT": 1.2707821762047014e-05, "roll-out": 0.23449450240080078, "roll-in": 0.17231122042010102, "bad-redirect": 0.0009159406916183117, "redirect": 0.028175195895960084, "oneh-out": 0.02179098174765785, "oneh-in": 0.0006285484148458639, "dsfb-red": 0.010215133647183947, "dsfb-alt": 0.06271701049470572, "alternate": 0.31139441950670194, "sfR": 0.09605353707555875, "unknown": 0.04560250715548118}, "chained-bigrams": {"sft": 0.0, "sfb": 0.017375393559806482, "dsfb": 0.0, "sfT": 3.895828152422978e-05, "roll-out": 0.19948912706827893, "roll-in": 0.15791414763500505, "bad-redirect": 0.0016505325272432017, "redirect": 0.035863695361821796, "oneh-out": 0.007110535682864005, "oneh-in": 0.004001015512538398, "dsfb-red": 0.018925283859778756, "dsfb-alt": 0.062431944751962364, "alternate": 0.30709644577104606, "sfR": 0.11643721321023381, "unknown": 0.0716657067778969}, "english-5k": {"sft": 0.0, "sfb": 0.01692454473804289, "dsfb": 0.0, "sfT": 0.0, "roll-out": 0.19583523457916788, "roll-in": 0.22047538059484798, "bad-redirect": 0.0007051893640851205, "redirect": 0.03372464429418841, "oneh-out": 0.006637076367859957, "oneh-in": 0.0007466710913842452, "dsfb-red": 0.0155971294644709, "dsfb-alt": 0.05326253785207616, "alternate": 0.34662131331148627, "sfR": 0.10644211224955408, "unknown": 0.0030281660928361057}, "mt-quotes": {"sft": 0.0, "sfb": 0.0151713462664802, "dsfb": 0.0, "sfT": 8.96475060063829e-06, "roll-out": 0.2399744205782862, "roll-in": 0.17168244462772378, "bad-redirect": 0.0009144045612651056, "redirect": 0.027978986624592105, "oneh-out": 0.023269504309056787, "oneh-in": 0.0006006382902427655, "dsfb-red": 0.009920990664706374, "dsfb-alt": 0.06461941645450091, "alternate": 0.31352123450592273, "sfR": 0.09572710103871578, "unknown": 0.036610547327906674}, "english-1k": {"sft": 0.0, "sfb": 0.015525758645024701, "dsfb": 0.0, "sfT": 0.0, "roll-out": 0.21983062808750883, "roll-in": 0.22794636556104447, "bad-redirect": 0.00035285815102328866, "redirect": 0.030698659139026113, "oneh-out": 0.009527170077628794, "oneh-in": 0.0017642907551164433, "dsfb-red": 0.014820042342978124, "dsfb-alt": 0.053987297106563165, "alternate": 0.3172194777699365, "sfR": 0.10832745236414962, "unknown": 0.0}, "english-10k": {"sft": 0.0, "sfb": 0.016672777445437176, "dsfb": 0.0, "sfT": 3.859439223480828e-05, "roll-out": 0.19640686208293934, "roll-in": 0.21547249184693465, "bad-redirect": 0.000964859805870207, "redirect": 0.03517878852202775, "oneh-out": 0.00629088593427375, "oneh-in": 0.0008490766291657822, "dsfb-red": 0.01416414195017464, "dsfb-alt": 0.054861928561779974, "alternate": 0.3459022404044692, "sfR": 0.10543987958549622, "unknown": 0.0077574728391964646}, "reddit": {"sft": 0.0, "sfb": 0.016779460302352493, "dsfb": 0.0, "sfT": 8.218156469728698e-05, "roll-out": 0.21766143255502446, "roll-in": 0.16640575705458874, "bad-redirect": 0.0007111289907830417, "redirect": 0.027694213410240896, "oneh-out": 0.01571169927989996, "oneh-in": 0.0005745592620290268, "dsfb-red": 0.010694690804972921, "dsfb-alt": 0.05940153916256836, "alternate": 0.2984429140593966, "sfR": 0.1028716913164539, "unknown": 0.0829687322369923}, "akl": {"sft": 0.0, "sfb": 0.019314671968959432, "dsfb": 0.0, "sfT": 0.00018072055521914395, "roll-out": 0.20104632059268907, "roll-in": 0.1648483713032362, "bad-redirect": 0.0005808211193621785, "redirect": 0.027475905681341273, "oneh-out": 0.016088899891964173, "oneh-in": 0.0008269653654662783, "dsfb-red": 0.009655012700002267, "dsfb-alt": 0.05692678903127215, "alternate": 0.28225353885789317, "sfR": 0.11706348985084018, "unknown": 0.10373849308175447}, "keymash": {"sft": 0.0, "sfb": 0.01553283281269883, "dsfb": 0.0, "sfT": 3.694384125641899e-05, "roll-out": 0.23300070193298386, "roll-in": 0.17716624318078264, "bad-redirect": 0.0009153862889090484, "redirect": 0.028262038561160528, "oneh-out": 0.021016940803651695, "oneh-in": 0.0007635060526326591, "dsfb-red": 0.010750657805617927, "dsfb-alt": 0.06233246994208027, "alternate": 0.3097248504800647, "sfR": 0.09899307508220005, "unknown": 0.04150435321596138}, "movie": {"sft": 0.0, "sfb": 0.013746052229339764, "dsfb": 0.0, "sfT": 1.6054936307304115e-05, "roll-out": 0.20897684128076807, "roll-in": 0.14767093539348872, "bad-redirect": 0.0009557951016389327, "redirect": 0.021918935994627648, "oneh-out": 0.02971689751778841, "oneh-in": 0.0006124563407720766, "dsfb-red": 0.00947425479104961, "dsfb-alt": 0.0589529365333892, "alternate": 0.29113718824636536, "sfR": 0.1138359467128768, "unknown": 0.10298570492158808}}