{"english-450k": {"sft": 0.0, "sfb": 0.04166781168928744, "dsfb": 0.0, "sfT": 0.00012483182784784667, "roll-out": 0.195235809369228, "roll-in": 0.22894654215836863, "bad-redirect": 0.0065044106271352235, "redirect": 0.06426471129935608, "oneh-out": 0.009547442233852404, "oneh-in": 0.009838034357694932, "dsfb-red": 0.029126452010494058, "dsfb-alt": 0.04727384244059964, "alternate": 0.244487958552325, "sfR": 0.11328269117541298, "unknown": 0.00969946225839779}, "shai": {"sft": 0.0, "sfb": 0.026603684536292513, "dsfb": 0.0, "sfT": 4.590691883566956e-05, "roll-out": 0.18715050208491182, "roll-in": 0.22256343058174102, "bad-redirect": 0.010448013752646198, "redirect": 0.04870534051392217, "oneh-out": 0.008732180250821068, "oneh-in": 0.010887247095877458, "dsfb-red": 0.025149858358519375, "dsfb-alt": 0.04273470468626002, "alternate": 0.21367194430450767, "sfR": 0.09728563198976478, "unknown": 0.10602155492590025}, "tr-quotes": {"sft": 0.0, "sfb": 0.02466540301888537, "dsfb": 0.0, "sfT": 2.8894385243059568e-05, "roll-out": 0.19068098287140842, "roll-in": 0.21700030050160654, "bad-redirect": 0.016638542798363423, "redirect": 0.047758951480548296, "oneh-out": 0.009209218464667946, "oneh-in": 0.010134994567855575, "dsfb-red": 0.028252929890663647, "dsfb-alt": 0.038215713922470584, "alternate": 0.20389034002912554, "sfR": 0.09591664547745082, "unknown": 0.11760708259171078}, "gutenberg": {"sft": 0.0, "sfb": 0.022786592271055235, "dsfb": 0.0, "sfT": 4.186552792430713e-05, "roll-out": 0.20173160369977605, "roll-in": 0.20267518829068543, "bad-redirect": 0.010143960585026235, "redirect": 0.04196157237072171, "oneh-out": 0.00893156520622277, "oneh-in": 0.010432093924269996, "dsfb-red": 0.02938486468341515, "dsfb-alt": 0.035707885457431095, "alternate": 0.2039838175526814, "sfR": 0.09761014138424484, "unknown": 0.13460884904654574}, "english-200": {"sft": 0.0, "sfb": 0.017817371937639197, "dsfb": 0.0, "sfT": 0.0, "roll-out": 0.24276169265033407, "roll-in": 0.24498886414253898, "bad-redirect": 0.0066815144766146995, "redirect": 0.044543429844097995, "oneh-out": 0.011135857461024499, "oneh-in": 0.013363028953229399, "dsfb-red": 0.024498886414253896, "dsfb-alt": 0.0467706013363029, "alternate": 0.24053452115812918, "sfR": 0.10690423162583519, "unknown": 0.0}, "monkeyracer": {"sft": 0.0, "sfb": 0.024541736396765566, "dsfb": 0.0, "sfT": 3.421336628243427e-05, "roll-out": 0.19041791138151618, "roll-in": 0.21722261757667705, "bad-redirect": 0.016935616309804963, "redirect": 0.04741777061795205, "oneh-out": 0.009060676916339522, "oneh-in": 0.010054819588031968, "dsfb-red": 0.0281830160939675, "dsfb-alt": 0.037931870434959415, "alternate": 0.2042909426466678, "sfR": 0.09605353707555875, "unknown": 0.1178552715954768}, "chained-bigrams": {"sft": 0.0, "sfb": 0.02593128148721941, "dsfb": 0.0, "sfT": 0.00013310746187445176, "roll-out": 0.18338961722839098, "roll-in": 0.21827091459111012, "bad-redirect": 0.007164427972305857, "redirect": 0.04728821141880218, "oneh-out": 0.007831263891062257, "oneh-in": 0.008444207520376805, "dsfb-red": 0.02976217917043534, "dsfb-alt": 0.04594480001090832, "alternate": 0.2031388687424072, "sfR": 0.11643721321023381, "unknown": 0.10626390729487328}, "english-5k": {"sft": 0.0, "sfb": 0.036711328659725394, "dsfb": 0.0, "sfT": 8.296345459824948e-05, "roll-out": 0.1765462313850749, "roll-in": 0.2572281909818725, "bad-redirect": 0.006761521549757332, "redirect": 0.0689426307711453, "oneh-out": 0.00954079727879869, "oneh-in": 0.012651926826233045, "dsfb-red": 0.03048906956485668, "dsfb-alt": 0.05110548803252168, "alternate": 0.24038660969842784, "sfR": 0.10644211224955408, "unknown": 0.003111129547434355}, "mt-quotes": {"sft": 0.0, "sfb": 0.02430941537873083, "dsfb": 0.0, "sfT": 3.137662710223402e-05, "roll-out": 0.194437969902344, "roll-in": 0.21930469394341448, "bad-redirect": 0.018158102341592857, "redirect": 0.04777614420100166, "oneh-out": 0.009253116744958823, "oneh-in": 0.010034544172314459, "dsfb-red": 0.028733519800145827, "dsfb-alt": 0.03727842124765422, "alternate": 0.20463537371057003, "sfR": 0.09572710103871578, "unknown": 0.1103202208914548}, "english-1k": {"sft": 0.0, "sfb": 0.02117148906139732, "dsfb": 0.0, "sfT": 0.00035285815102328866, "roll-out": 0.18736767819336628, "roll-in": 0.2547635850388144, "bad-redirect": 0.008468595624558928, "redirect": 0.05822159491884263, "oneh-out": 0.010938602681721948, "oneh-in": 0.019054340155257588, "dsfb-red": 0.029992942836979536, "dsfb-alt": 0.05045871559633028, "alternate": 0.2508821453775582, "sfR": 0.10832745236414962, "unknown": 0.0}, "english-10k": {"sft": 0.0, "sfb": 0.037899693174581736, "dsfb": 0.0, "sfT": 3.859439223480828e-05, "roll-out": 0.18102699677736825, "roll-in": 0.25850523918874585, "bad-redirect": 0.0065224522876826, "redirect": 0.06485787615059532, "oneh-out": 0.00988016441211092, "oneh-in": 0.012080044769494992, "dsfb-red": 0.028386175488701492, "dsfb-alt": 0.05183226877134752, "alternate": 0.2357731421624438, "sfR": 0.10543987958549622, "unknown": 0.0077574728391964646}, "reddit": {"sft": 0.0, "sfb": 0.025989713819744065, "dsfb": 0.0, "sfT": 7.233026500932596e-05, "roll-out": 0.18469130502938816, "roll-in": 0.2123178703512775, "bad-redirect": 0.012878795114879077, "redirect": 0.04594144245127305, "oneh-out": 0.009822569851988905, "oneh-in": 0.010477512722878632, "dsfb-red": 0.027968364217907004, "dsfb-alt": 0.03962267649324446, "alternate": 0.18937561675972026, "sfR": 0.1028716913164539, "unknown": 0.13797011160623568}, "akl": {"sft": 0.0, "sfb": 0.029355969434745506, "dsfb": 0.0, "sfT": 0.00022848728407548951, "roll-out": 0.17662091840736432, "roll-in": 0.20796295532193845, "bad-redirect": 0.014103947588684725, "redirect": 0.04502283695709953, "oneh-out": 0.008577690199246115, "oneh-in": 0.01001719726147334, "dsfb-red": 0.027533894861898396, "dsfb-alt": 0.043912554793889974, "alternate": 0.18027733449509947, "sfR": 0.11706348985084018, "unknown": 0.13932272354364447}, "keymash": {"sft": 0.0, "sfb": 0.024879624650572835, "dsfb": 0.0, "sfT": 2.873409875499255e-05, "roll-out": 0.19251025191594864, "roll-in": 0.21762385422781214, "bad-redirect": 0.016123934272801534, "redirect": 0.04851547331217956, "oneh-out": 0.00924006518535546, "oneh-in": 0.010147241731763084, "dsfb-red": 0.029210263820075282, "dsfb-alt": 0.038811557675493505, "alternate": 0.20355235558036722, "sfR": 0.09899307508220005, "unknown": 0.11036356844667566}, "movie": {"sft": 0.0, "sfb": 0.022575346013486937, "dsfb": 0.0, "sfT": 2.0529262819175754e-05, "roll-out": 0.16240383981437334, "roll-in": 0.1877930108124732, "bad-redirect": 0.02167876993921101, "redirect": 0.03835826958843697, "oneh-out": 0.00739671971331674, "oneh-in": 0.009116703463615632, "dsfb-red": 0.0269046517072385, "dsfb-alt": 0.03384564810553726, "alternate": 0.16002915681711677, "sfR": 0.1138359467128768, "unknown": 0.21604140804949762}}