{"english-450k": {"sft": 0.0, "sfb": 0.03781234998985559, "dsfb": 0.0, "sfT": 0.0017523231290866345, "roll-out": 0.17537819366298682, "roll-in": 0.2904243171231263, "bad-redirect": 0.0005446409725539539, "redirect": 0.06924482883422275, "oneh-out": 0.008911589246571218, "oneh-in": 0.009496573994869908, "dsfb-red": 0.03399050810354435, "dsfb-alt": 0.034447445215783655, "alternate": 0.21501566098599018, "sfR": 0.11328269117541298, "unknown": 0.009698877565995693}, "shai": {"sft": 0.0, "sfb": 0.02086305162227411, "dsfb": 0.0, "sfT": 0.00017908381540565136, "roll-out": 0.12388233817898195, "roll-in": 0.3536291313904707, "bad-redirect": 0.0012879985125244882, "redirect": 0.05557838537691434, "oneh-out": 0.005676821484050974, "oneh-in": 0.017572008181734582, "dsfb-red": 0.023431141402134547, "dsfb-alt": 0.03158901878324875, "alternate": 0.20195893387886488, "sfR": 0.09728563198976478, "unknown": 0.06706645538363028}, "tr-quotes": {"sft": 0.0, "sfb": 0.022111139363398903, "dsfb": 0.0, "sfT": 0.00017567786227780217, "roll-out": 0.11690552691800929, "roll-in": 0.3839428122327269, "bad-redirect": 0.002775016758743441, "redirect": 0.05432144425695199, "oneh-out": 0.004898176186403458, "oneh-in": 0.020402903307829224, "dsfb-red": 0.02066873165206537, "dsfb-alt": 0.0321802547329003, "alternate": 0.2003571346016042, "sfR": 0.09591664547745082, "unknown": 0.045344536649638244}, "gutenberg": {"sft": 0.0, "sfb": 0.023384265305449754, "dsfb": 0.0, "sfT": 0.00015306491657393736, "roll-out": 0.10560873045912277, "roll-in": 0.38399365311019196, "bad-redirect": 0.0008287859034789306, "redirect": 0.05017384613111374, "oneh-out": 0.005519240525224833, "oneh-in": 0.019437539473888602, "dsfb-red": 0.018385407609220722, "dsfb-alt": 0.03011040754291785, "alternate": 0.18960348230262677, "sfR": 0.09761014138424484, "unknown": 0.07519143533594529}, "english-200": {"sft": 0.0, "sfb": 0.022271714922048998, "dsfb": 0.0, "sfT": 0.0, "roll-out": 0.10467706013363029, "roll-in": 0.42761692650334077, "bad-redirect": 0.0, "redirect": 0.044543429844097995, "oneh-out": 0.0, "oneh-in": 0.026726057906458798, "dsfb-red": 0.024498886414253896, "dsfb-alt": 0.0200445434298441, "alternate": 0.22271714922049, "sfR": 0.10690423162583519, "unknown": 0.0}, "monkeyracer": {"sft": 0.0, "sfb": 0.022031452836385818, "dsfb": 0.0, "sfT": 0.00016031405915197772, "roll-out": 0.11641537763736177, "roll-in": 0.384680427608427, "bad-redirect": 0.0027663950451225425, "redirect": 0.054232095656662024, "oneh-out": 0.004868073259614933, "oneh-in": 0.020619907096047673, "dsfb-red": 0.02074796283841907, "dsfb-alt": 0.03219771024602343, "alternate": 0.19998103601983203, "sfR": 0.09605353707555875, "unknown": 0.04524571062139293}, "chained-bigrams": {"sft": 0.0, "sfb": 0.022576973447983227, "dsfb": 0.0, "sfT": 9.934361788678594e-05, "roll-out": 0.09081305284236375, "roll-in": 0.32286351160859394, "bad-redirect": 0.0022784101644753715, "redirect": 0.061326828166058375, "oneh-out": 0.003839338644212845, "oneh-in": 0.019803143803458066, "dsfb-red": 0.034595603298208114, "dsfb-alt": 0.03761876594448835, "alternate": 0.2149698495366237, "sfR": 0.11643721321023381, "unknown": 0.07277796571541365}, "english-5k": {"sft": 0.0, "sfb": 0.02260754137802298, "dsfb": 0.0, "sfT": 0.0003733355456921226, "roll-out": 0.15953872319243373, "roll-in": 0.3377442236694736, "bad-redirect": 0.0, "redirect": 0.06798855104326544, "oneh-out": 0.006595594640560833, "oneh-in": 0.014394159372796284, "dsfb-red": 0.02899572738208819, "dsfb-alt": 0.0316920396565313, "alternate": 0.22059982577674533, "sfR": 0.10644211224955408, "unknown": 0.0030281660928361057}, "mt-quotes": {"sft": 0.0, "sfb": 0.02143621281122626, "dsfb": 0.0, "sfT": 0.00012401238330882967, "roll-out": 0.11459640692795926, "roll-in": 0.394930134710319, "bad-redirect": 0.0028582613165035083, "redirect": 0.053725750349625276, "oneh-out": 0.004585469932226485, "oneh-in": 0.02145115406222732, "dsfb-red": 0.019958523087221045, "dsfb-alt": 0.03252710342931593, "alternate": 0.20179952427056813, "sfR": 0.09572710103871578, "unknown": 0.03628034568078316}, "english-1k": {"sft": 0.0, "sfb": 0.024700070571630206, "dsfb": 0.0, "sfT": 0.0, "roll-out": 0.1429075511644319, "roll-in": 0.39378969654199014, "bad-redirect": 0.0, "redirect": 0.06351446718419196, "oneh-out": 0.006351446718419196, "oneh-in": 0.024700070571630206, "dsfb-red": 0.02364149611856034, "dsfb-alt": 0.030345800988002825, "alternate": 0.18172194777699366, "sfR": 0.10832745236414962, "unknown": 0.0}, "english-10k": {"sft": 0.0, "sfb": 0.024565330657455472, "dsfb": 0.0, "sfT": 0.00040524111846548696, "roll-out": 0.16879257443893403, "roll-in": 0.3318152872387642, "bad-redirect": 0.0006175102757569325, "redirect": 0.0648192817583605, "oneh-out": 0.00852936068389263, "oneh-in": 0.012465988691843075, "dsfb-red": 0.02954400725574574, "dsfb-alt": 0.029524710059628336, "alternate": 0.2157233553964609, "sfR": 0.10543987958549622, "unknown": 0.0077574728391964646}, "reddit": {"sft": 0.0, "sfb": 0.019886028328667076, "dsfb": 0.0, "sfT": 0.0002215605994459674, "roll-out": 0.11259844510531808, "roll-in": 0.3541947527033483, "bad-redirect": 0.00296190749629593, "redirect": 0.050766182023925174, "oneh-out": 0.004470767017324241, "oneh-in": 0.01813444476969965, "dsfb-red": 0.019807629962709274, "dsfb-alt": 0.034085422005518604, "alternate": 0.2016280115526154, "sfR": 0.1028716913164539, "unknown": 0.07837315711867839}, "akl": {"sft": 0.0, "sfb": 0.02714110489957773, "dsfb": 0.0, "sfT": 0.00022477002891157157, "roll-out": 0.11314252910393953, "roll-in": 0.3370682454592799, "bad-redirect": 0.003954292134870443, "redirect": 0.04241728890420398, "oneh-out": 0.003668806938281545, "oneh-in": 0.015383055090588888, "dsfb-red": 0.019296519372908966, "dsfb-alt": 0.03400167103010469, "alternate": 0.1879245337725642, "sfR": 0.11706348985084018, "unknown": 0.09871369341392838}, "keymash": {"sft": 0.0, "sfb": 0.02219503885260639, "dsfb": 0.0, "sfT": 0.00018061433503138174, "roll-out": 0.11579020824011856, "roll-in": 0.38742185351356456, "bad-redirect": 0.0024259789091715138, "redirect": 0.05455373892197871, "oneh-out": 0.0047985944920837555, "oneh-in": 0.02052846112481682, "dsfb-red": 0.020142603227249777, "dsfb-alt": 0.031734759639263914, "alternate": 0.19992775426598744, "sfR": 0.09899307508220005, "unknown": 0.04130731939592715}, "movie": {"sft": 0.0, "sfb": 0.019802316358835195, "dsfb": 0.0, "sfT": 8.790735617441925e-05, "roll-out": 0.10057799086684681, "roll-in": 0.35034424020606114, "bad-redirect": 0.005555665951520146, "redirect": 0.04739614594674051, "oneh-out": 0.0038642389321940822, "oneh-in": 0.01945489806497222, "dsfb-red": 0.019050366309163593, "dsfb-alt": 0.03502029041274214, "alternate": 0.18143038691475316, "sfR": 0.1138359467128768, "unknown": 0.10357960596711975}}