{"english-450k": {"sft": 0.0, "sfb": 0.03636552864086497, "dsfb": 0.0, "sfT": 0.00013301752147721366, "roll-out": 0.199223996243936, "roll-in": 0.21595116882934642, "bad-redirect": 0.0013354374463910154, "redirect": 0.04386128523575675, "oneh-out": 0.019506215572580497, "oneh-in": 0.013040979336385818, "dsfb-red": 0.03914632570524136, "dsfb-alt": 0.05017830194801968, "alternate": 0.2582755900861895, "sfR": 0.11328269117541298, "unknown": 0.00969946225839779}, "shai": {"sft": 0.0, "sfb": 0.025608393430460983, "dsfb": 0.0, "sfT": 8.59540387406247e-05, "roll-out": 0.20769540223300914, "roll-in": 0.21359044123589274, "bad-redirect": 0.006321844463442131, "redirect": 0.04233594420790226, "oneh-out": 0.020766616516489644, "oneh-in": 0.007645245605305618, "dsfb-red": 0.03251876838637703, "dsfb-alt": 0.051161869630388344, "alternate": 0.2202369472011216, "sfR": 0.09728563198976478, "unknown": 0.07474694106110509}, "tr-quotes": {"sft": 0.0, "sfb": 0.028570768128337302, "dsfb": 0.0, "sfT": 0.00010286401146529206, "roll-out": 0.2196782321259333, "roll-in": 0.20945539862693882, "bad-redirect": 0.012772474052842053, "redirect": 0.04268047433022815, "oneh-out": 0.027242782182566285, "oneh-in": 0.0065139502091953495, "dsfb-red": 0.038103603707727515, "dsfb-alt": 0.04758905249531911, "alternate": 0.203609486604563, "sfR": 0.09591664547745082, "unknown": 0.06776426804743302}, "gutenberg": {"sft": 0.0, "sfb": 0.027822200702204248, "dsfb": 0.0, "sfT": 0.0001725769047015556, "roll-out": 0.23356910634715503, "roll-in": 0.19855702217509036, "bad-redirect": 0.005931076080462135, "redirect": 0.04225444162941393, "oneh-out": 0.02429204634532885, "oneh-in": 0.00527486708168476, "dsfb-red": 0.04208660064416082, "dsfb-alt": 0.0447228028459466, "alternate": 0.19597196790334784, "sfR": 0.09761014138424484, "unknown": 0.08173514995625905}, "english-200": {"sft": 0.0, "sfb": 0.013363028953229399, "dsfb": 0.0, "sfT": 0.0, "roll-out": 0.22271714922049, "roll-in": 0.24276169265033407, "bad-redirect": 0.0022271714922048997, "redirect": 0.051224944320712694, "oneh-out": 0.024498886414253896, "oneh-in": 0.0066815144766146995, "dsfb-red": 0.051224944320712694, "dsfb-alt": 0.04899777282850779, "alternate": 0.22939866369710468, "sfR": 0.10690423162583519, "unknown": 0.0}, "monkeyracer": {"sft": 0.0, "sfb": 0.028388296291662105, "dsfb": 0.0, "sfT": 0.00010850524735286297, "roll-out": 0.21967033955299747, "roll-in": 0.20956957630167194, "bad-redirect": 0.013072438494142672, "redirect": 0.042865437852886434, "oneh-out": 0.02718985094702598, "oneh-in": 0.006419405039335596, "dsfb-red": 0.03803157795955393, "dsfb-alt": 0.047470556954502086, "alternate": 0.20357539452898948, "sfR": 0.09605353707555875, "unknown": 0.06758508375432067}, "chained-bigrams": {"sft": 0.0, "sfb": 0.025933878705987692, "dsfb": 0.0, "sfT": 0.0001253158055696058, "roll-out": 0.19883722515744015, "roll-in": 0.18175012288091297, "bad-redirect": 0.0028764197858722985, "redirect": 0.03970757913887913, "oneh-out": 0.02213609556206736, "oneh-in": 0.01132906826724602, "dsfb-red": 0.04096138649926726, "dsfb-alt": 0.053989035840969694, "alternate": 0.22456917010419392, "sfR": 0.11643721321023381, "unknown": 0.08134748904136006}, "english-5k": {"sft": 0.0, "sfb": 0.027709793835815323, "dsfb": 0.0, "sfT": 8.296345459824948e-05, "roll-out": 0.18256108184344796, "roll-in": 0.24353922097316133, "bad-redirect": 0.001742232546563239, "redirect": 0.052972165760982286, "oneh-out": 0.013606006554112914, "oneh-in": 0.010743767370473306, "dsfb-red": 0.033932052930684034, "dsfb-alt": 0.056912929854399136, "alternate": 0.2666445430787738, "sfR": 0.10644211224955408, "unknown": 0.003111129547434355}, "mt-quotes": {"sft": 0.0, "sfb": 0.028300223521114977, "dsfb": 0.0, "sfT": 0.00011056525740787225, "roll-out": 0.22460435567349182, "roll-in": 0.21233758860161844, "bad-redirect": 0.014303259583318392, "redirect": 0.04334606327918624, "oneh-out": 0.02805070462939721, "oneh-in": 0.006229007542343505, "dsfb-red": 0.038829323101564645, "dsfb-alt": 0.04696184602144368, "alternate": 0.20150069925054684, "sfR": 0.09572710103871578, "unknown": 0.05969926249985059}, "english-1k": {"sft": 0.0, "sfb": 0.019760056457304165, "dsfb": 0.0, "sfT": 0.0, "roll-out": 0.20677487649964715, "roll-in": 0.2491178546224418, "bad-redirect": 0.001058574453069866, "redirect": 0.05434015525758645, "oneh-out": 0.015172900494001412, "oneh-in": 0.007057163020465773, "dsfb-red": 0.03987297106563162, "dsfb-alt": 0.0529287226534933, "alternate": 0.2455892731122089, "sfR": 0.10832745236414962, "unknown": 0.0}, "english-10k": {"sft": 0.0, "sfb": 0.030875513787846625, "dsfb": 0.0, "sfT": 1.929719611740414e-05, "roll-out": 0.18994230138360896, "roll-in": 0.24673394955712935, "bad-redirect": 0.0011385345709268443, "redirect": 0.04982536037513749, "oneh-out": 0.014222033538526852, "oneh-in": 0.009436328901410626, "dsfb-red": 0.03284382779182185, "dsfb-alt": 0.05642500144728971, "alternate": 0.2553404990254916, "sfR": 0.10543987958549622, "unknown": 0.0077574728391964646}, "reddit": {"sft": 0.0, "sfb": 0.028320838476704392, "dsfb": 0.0, "sfT": 0.00011263444167946306, "roll-out": 0.20289066349627122, "roll-in": 0.204147172424152, "bad-redirect": 0.009198754091520073, "redirect": 0.042983542898196184, "oneh-out": 0.026420474072259472, "oneh-in": 0.006554073428141792, "dsfb-red": 0.03421191569010508, "dsfb-alt": 0.04919780267322321, "alternate": 0.196425101935668, "sfR": 0.1028716913164539, "unknown": 0.09666533505562519}, "akl": {"sft": 0.0, "sfb": 0.03373037335739141, "dsfb": 0.0, "sfT": 0.00029886731517900255, "roll-out": 0.18766872466303391, "roll-in": 0.1937380110776682, "bad-redirect": 0.010885362205006374, "redirect": 0.04231779037431644, "oneh-out": 0.021950577605693647, "oneh-in": 0.008555200805504412, "dsfb-red": 0.04012714995196687, "dsfb-alt": 0.04865614410856566, "alternate": 0.17676799780335, "sfR": 0.11706348985084018, "unknown": 0.11824031088148387}, "keymash": {"sft": 0.0, "sfb": 0.028409813926186207, "dsfb": 0.0, "sfT": 0.00013135588002282308, "roll-out": 0.22309975247626357, "roll-in": 0.2078008973248554, "bad-redirect": 0.012187362743367553, "redirect": 0.04333923066503019, "oneh-out": 0.026184973708299638, "oneh-in": 0.006268138399839089, "dsfb-red": 0.03846264361918288, "dsfb-alt": 0.04902037247601729, "alternate": 0.2054118622569403, "sfR": 0.09899307508220005, "unknown": 0.06069052144179498}, "movie": {"sft": 0.0, "sfb": 0.02918642663045445, "dsfb": 0.0, "sfT": 8.251184479245639e-05, "roll-out": 0.1919408430868168, "roll-in": 0.1718886224325097, "bad-redirect": 0.018892580500700824, "redirect": 0.03911600994300629, "oneh-out": 0.030037864646095907, "oneh-in": 0.0048066110542974, "dsfb-red": 0.035955029860207564, "dsfb-alt": 0.04399013068849752, "alternate": 0.17006243922647316, "sfR": 0.1138359467128768, "unknown": 0.1502049833732711}}