{"english-450k": {"sft": 0.0, "sfb": 0.044804978772742345, "dsfb": 0.0, "sfT": 0.0003081328959054576, "roll-out": 0.12999846225898248, "roll-in": 0.24045708913226385, "bad-redirect": 0.004508563112574921, "redirect": 0.01074372288854418, "oneh-out": 0.0034461770179635047, "oneh-in": 0.005222472535536142, "dsfb-red": 0.004420859252260274, "dsfb-alt": 0.07372941955831167, "alternate": 0.3595317432428561, "sfR": 0.11328269117541298, "unknown": 0.009545688156646111}, "shai": {"sft": 0.0, "sfb": 0.03890695165673623, "dsfb": 0.0, "sfT": 0.00022588479867526745, "roll-out": 0.11447599464087715, "roll-in": 0.28838100954504736, "bad-redirect": 0.00442377663344411, "redirect": 0.009418759809551116, "oneh-out": 0.0024894198504907526, "oneh-in": 0.01163076423853732, "dsfb-red": 0.004733568024602176, "dsfb-alt": 0.06705270382114624, "alternate": 0.3008675985785382, "sfR": 0.09728563198976478, "unknown": 0.0601079364125893}, "tr-quotes": {"sft": 0.0, "sfb": 0.04639975959871478, "dsfb": 0.0, "sfT": 0.00015718545572224405, "roll-out": 0.10678902475670927, "roll-in": 0.3045398858093895, "bad-redirect": 0.004958276507709022, "redirect": 0.010778761471070942, "oneh-out": 0.0023901435473058876, "oneh-in": 0.018933912762072073, "dsfb-red": 0.004412750514320057, "dsfb-alt": 0.06882526987355816, "alternate": 0.2944626800120201, "sfR": 0.09591664547745082, "unknown": 0.04143570421395714}, "gutenberg": {"sft": 0.0, "sfb": 0.04366479844116264, "dsfb": 0.0, "sfT": 0.0001587480199120786, "roll-out": 0.105124908928269, "roll-in": 0.3212646950844566, "bad-redirect": 0.005165372624036572, "redirect": 0.010030677391819287, "oneh-out": 0.0023098026333985373, "oneh-in": 0.013184041997375922, "dsfb-red": 0.006248572120286292, "dsfb-alt": 0.06284394614994375, "alternate": 0.26411218749088333, "sfR": 0.09761014138424484, "unknown": 0.0682821077342111}, "english-200": {"sft": 0.0, "sfb": 0.028953229398663696, "dsfb": 0.0, "sfT": 0.0, "roll-out": 0.09799554565701558, "roll-in": 0.35412026726057905, "bad-redirect": 0.0022271714922048997, "redirect": 0.011135857461024499, "oneh-out": 0.0, "oneh-in": 0.015590200445434299, "dsfb-red": 0.0022271714922048997, "dsfb-alt": 0.0757238307349666, "alternate": 0.3051224944320713, "sfR": 0.10690423162583519, "unknown": 0.0}, "monkeyracer": {"sft": 0.0, "sfb": 0.046493032203575396, "dsfb": 0.0, "sfT": 0.00017302188091402473, "roll-out": 0.10671735458341805, "roll-in": 0.30493298090307647, "bad-redirect": 0.004902286625897367, "redirect": 0.010781120477970502, "oneh-out": 0.002410576035785226, "oneh-in": 0.01924257472199196, "dsfb-red": 0.004413524250434021, "dsfb-alt": 0.06870728216838451, "alternate": 0.2937940863662668, "sfR": 0.09605353707555875, "unknown": 0.04137862270672694}, "chained-bigrams": {"sft": 0.0, "sfb": 0.036097445050967174, "dsfb": 0.0, "sfT": 0.0003006280724286398, "roll-out": 0.09124289254851442, "roll-in": 0.2757499631519587, "bad-redirect": 0.003565981368851166, "redirect": 0.01567096874312143, "oneh-out": 0.0025056668067000454, "oneh-in": 0.010337580002454373, "dsfb-red": 0.009311029284290917, "dsfb-alt": 0.06912887334597746, "alternate": 0.30286038195997816, "sfR": 0.11643721321023381, "unknown": 0.06679137645452367}, "english-5k": {"sft": 0.0, "sfb": 0.03708466420541751, "dsfb": 0.0, "sfT": 0.00041481727299124733, "roll-out": 0.14074750072593023, "roll-in": 0.256066702617497, "bad-redirect": 0.0032355747293317293, "redirect": 0.009125980005807442, "oneh-out": 0.004314099639108972, "oneh-in": 0.004355581366408097, "dsfb-red": 0.005185215912390592, "dsfb-alt": 0.07313228522835691, "alternate": 0.35898286804662544, "sfR": 0.10644211224955408, "unknown": 0.0009125980005807441}, "mt-quotes": {"sft": 0.0, "sfb": 0.04715757640955762, "dsfb": 0.0, "sfT": 0.00015987138571138285, "roll-out": 0.10570337433212608, "roll-in": 0.31275325420446803, "bad-redirect": 0.0050172720861572295, "redirect": 0.010557487957351694, "oneh-out": 0.002414506161771913, "oneh-in": 0.02069960913687381, "dsfb-red": 0.00424929178470255, "dsfb-alt": 0.06912719188152186, "alternate": 0.2928081782431479, "sfR": 0.09572710103871578, "unknown": 0.033625285377894124}, "english-1k": {"sft": 0.0, "sfb": 0.028228652081863093, "dsfb": 0.0, "sfT": 0.0, "roll-out": 0.14467184191954835, "roll-in": 0.2798165137614679, "bad-redirect": 0.0028228652081863093, "redirect": 0.007410021171489062, "oneh-out": 0.004940014114326041, "oneh-in": 0.007410021171489062, "dsfb-red": 0.003175723359209598, "dsfb-alt": 0.07621736062103035, "alternate": 0.33697953422724064, "sfR": 0.10832745236414962, "unknown": 0.0}, "english-10k": {"sft": 0.0, "sfb": 0.03926979409891743, "dsfb": 0.0, "sfT": 0.0003280523339958704, "roll-out": 0.13210860461974874, "roll-in": 0.26724686902992995, "bad-redirect": 0.002817390633141005, "redirect": 0.008548657880010035, "oneh-out": 0.003859439223480828, "oneh-in": 0.0065224522876826, "dsfb-red": 0.004862893421585844, "dsfb-alt": 0.07168908357615639, "alternate": 0.34954941047065863, "sfR": 0.10543987958549622, "unknown": 0.0077574728391964646}, "reddit": {"sft": 0.0, "sfb": 0.045451911517349244, "dsfb": 0.0, "sfT": 0.00032205883922847465, "roll-out": 0.11035077556510595, "roll-in": 0.2810708025644094, "bad-redirect": 0.005337156986079139, "redirect": 0.011753274761176215, "oneh-out": 0.0028586748653452814, "oneh-in": 0.014179691077475602, "dsfb-red": 0.00438071939584189, "dsfb-alt": 0.06373581136596511, "alternate": 0.2851405879727617, "sfR": 0.1028716913164539, "unknown": 0.07254684377280805}, "akl": {"sft": 0.0, "sfb": 0.04548860902913845, "dsfb": 0.0, "sfT": 0.0003535109660885963, "roll-out": 0.10746250125922019, "roll-in": 0.2648254977931276, "bad-redirect": 0.003457233165201882, "redirect": 0.01755120611919676, "oneh-out": 0.0033357408755944973, "oneh-in": 0.01654005076035835, "dsfb-red": 0.004016865930129728, "dsfb-alt": 0.057506247157074225, "alternate": 0.27184770256903223, "sfR": 0.11706348985084018, "unknown": 0.09055134452499736}, "keymash": {"sft": 0.0, "sfb": 0.04559690985292246, "dsfb": 0.0, "sfT": 0.0002709215025470726, "roll-out": 0.11065090943422559, "roll-in": 0.30356754360399485, "bad-redirect": 0.004659028869559506, "redirect": 0.010401743749307303, "oneh-out": 0.002598383501701469, "oneh-in": 0.017938287365616777, "dsfb-red": 0.004835538333340174, "dsfb-alt": 0.07048063937474601, "alternate": 0.2922463086945278, "sfR": 0.09899307508220005, "unknown": 0.037760710635310925}, "movie": {"sft": 0.0, "sfb": 0.04326450020654281, "dsfb": 0.0, "sfT": 0.00019081686594746693, "roll-out": 0.10067076734304885, "roll-in": 0.26020919582008417, "bad-redirect": 0.0038951644242614302, "redirect": 0.013099906841890066, "oneh-out": 0.0016970857263851956, "oneh-in": 0.02447364483506777, "dsfb-red": 0.0043429918689643476, "dsfb-alt": 0.06298114637245952, "alternate": 0.2729827400222848, "sfR": 0.1138359467128768, "unknown": 0.09835609296018678}}