{"english-450k": {"sft": 0.0, "sfb": 0.024039335766043522, "dsfb": 0.0, "sfT": 0.00012453948164679784, "roll-out": 0.16152332250288107, "roll-in": 0.22630607127049565, "bad-redirect": 0.002070688142028801, "redirect": 0.03274686736428266, "oneh-out": 0.0040796912356363, "oneh-in": 0.0035835797324564505, "dsfb-red": 0.013014668178291423, "dsfb-alt": 0.0501844412182417, "alternate": 0.35934464167418484, "sfR": 0.11328269117541298, "unknown": 0.00969946225839779}, "shai": {"sft": 0.0, "sfb": 0.012360394354404974, "dsfb": 0.0, "sfT": 1.7591008018558146e-05, "roll-out": 0.1765390370980232, "roll-in": 0.22752390519294297, "bad-redirect": 0.001188687692997935, "redirect": 0.03222589842251426, "oneh-out": 0.009971322593000506, "oneh-in": 0.0035469393890884817, "dsfb-red": 0.008324808112872268, "dsfb-alt": 0.04165330472533566, "alternate": 0.3146155383599313, "sfR": 0.09728563198976478, "unknown": 0.07474694106110509}, "tr-quotes": {"sft": 0.0, "sfb": 0.010541827512077852, "dsfb": 0.0, "sfT": 1.733663114583574e-05, "roll-out": 0.19174082892212385, "roll-in": 0.21733894269665519, "bad-redirect": 0.0018735119391599824, "redirect": 0.03060608862485842, "oneh-out": 0.01789833799496082, "oneh-in": 0.0038209935045421975, "dsfb-red": 0.007997965835278889, "dsfb-alt": 0.04255449481056841, "alternate": 0.3119287580037447, "sfR": 0.09591664547745082, "unknown": 0.06776426804743302}, "gutenberg": {"sft": 0.0, "sfb": 0.009869087820238136, "dsfb": 0.0, "sfT": 0.00015022336490486674, "roll-out": 0.2089067111009573, "roll-in": 0.21451669184281447, "bad-redirect": 0.001858943101905999, "redirect": 0.02859775487108259, "oneh-out": 0.009688933444419059, "oneh-in": 0.0033299196825948897, "dsfb-red": 0.006700947146002335, "dsfb-alt": 0.03751814330740701, "alternate": 0.29951735297716947, "sfR": 0.09761014138424484, "unknown": 0.08173514995625905}, "english-200": {"sft": 0.0, "sfb": 0.008908685968819599, "dsfb": 0.0, "sfT": 0.0, "roll-out": 0.17371937639198218, "roll-in": 0.27839643652561247, "bad-redirect": 0.0, "redirect": 0.026726057906458798, "oneh-out": 0.017817371937639197, "oneh-in": 0.008908685968819599, "dsfb-red": 0.0022271714922048997, "dsfb-alt": 0.042316258351893093, "alternate": 0.33407572383073497, "sfR": 0.10690423162583519, "unknown": 0.0}, "monkeyracer": {"sft": 0.0, "sfb": 0.010438009290395232, "dsfb": 0.0, "sfT": 1.661792076575379e-05, "roll-out": 0.19224881524000187, "roll-in": 0.21672114737945164, "bad-redirect": 0.00194527425434412, "redirect": 0.030582839357492533, "oneh-out": 0.018310016109607894, "oneh-in": 0.0038592677166585858, "dsfb-red": 0.007965849195301624, "dsfb-alt": 0.042594663496879744, "alternate": 0.3116788792092216, "sfR": 0.09605353707555875, "unknown": 0.06758508375432067}, "chained-bigrams": {"sft": 0.0, "sfb": 0.013058166662229751, "dsfb": 0.0, "sfT": 1.5583312609691913e-05, "roll-out": 0.17356433862798024, "roll-in": 0.18035801362111384, "bad-redirect": 0.002660850628104894, "redirect": 0.03526114060758037, "oneh-out": 0.004619153579389511, "oneh-in": 0.005712582680836227, "dsfb-red": 0.016715050687970787, "dsfb-alt": 0.05625186269283538, "alternate": 0.31399855464775545, "sfR": 0.11643721321023381, "unknown": 0.08134748904136006}, "english-5k": {"sft": 0.0, "sfb": 0.0159289832828639, "dsfb": 0.0, "sfT": 0.0, "roll-out": 0.15456091591653875, "roll-in": 0.2629941510764508, "bad-redirect": 0.0018666777284606132, "redirect": 0.03272908283900942, "oneh-out": 0.004645953457501971, "oneh-in": 0.004023727548015099, "dsfb-red": 0.010536358733977683, "dsfb-alt": 0.046708424938814455, "alternate": 0.35645248268137886, "sfR": 0.10644211224955408, "unknown": 0.003111129547434355}, "mt-quotes": {"sft": 0.0, "sfb": 0.009708824900491268, "dsfb": 0.0, "sfT": 7.470625500531909e-06, "roll-out": 0.19671800480510632, "roll-in": 0.2168020344007363, "bad-redirect": 0.001961786256439679, "redirect": 0.03039648103656423, "oneh-out": 0.01991220520911775, "oneh-in": 0.0038981723861775497, "dsfb-red": 0.007776921146053717, "dsfb-alt": 0.043361004530187305, "alternate": 0.314030731165059, "sfR": 0.09572710103871578, "unknown": 0.05969926249985059}, "english-1k": {"sft": 0.0, "sfb": 0.011644318983768526, "dsfb": 0.0, "sfT": 0.0, "roll-out": 0.189484827099506, "roll-in": 0.27134791813690895, "bad-redirect": 0.0, "redirect": 0.03352152434721242, "oneh-out": 0.007410021171489062, "oneh-in": 0.004940014114326041, "dsfb-red": 0.01058574453069866, "dsfb-alt": 0.03916725476358504, "alternate": 0.32357092448835567, "sfR": 0.10832745236414962, "unknown": 0.0}, "english-10k": {"sft": 0.0, "sfb": 0.015920186796858415, "dsfb": 0.0, "sfT": 5.789158835221242e-05, "roll-out": 0.15731074274907855, "roll-in": 0.2572123270488798, "bad-redirect": 0.0012736149437486733, "redirect": 0.035487543659906216, "oneh-out": 0.00438046351865074, "oneh-in": 0.0033191177321935123, "dsfb-red": 0.010169622353871982, "dsfb-alt": 0.0484552594508018, "alternate": 0.3532158777329654, "sfR": 0.10543987958549622, "unknown": 0.0077574728391964646}, "reddit": {"sft": 0.0, "sfb": 0.011437658597028841, "dsfb": 0.0, "sfT": 7.435296532548526e-05, "roll-out": 0.1769864274935915, "roll-in": 0.2099693654545635, "bad-redirect": 0.0012692819058032208, "redirect": 0.029484228275215348, "oneh-out": 0.014369600162715003, "oneh-in": 0.003993896689083056, "dsfb-red": 0.008289625214232993, "dsfb-alt": 0.043291667579691114, "alternate": 0.30129686929067084, "sfR": 0.1028716913164539, "unknown": 0.09666533505562519}, "akl": {"sft": 0.0, "sfb": 0.018847722766118607, "dsfb": 0.0, "sfT": 0.00016262991342140998, "roll-out": 0.16892756321161428, "roll-in": 0.19300106524142147, "bad-redirect": 0.0013120671643575697, "redirect": 0.026240413973360414, "oneh-out": 0.015589300797933603, "oneh-in": 0.0036937745021325273, "dsfb-red": 0.010664619202522381, "dsfb-alt": 0.04341122098078291, "alternate": 0.2828458215140108, "sfR": 0.11706348985084018, "unknown": 0.11824031088148387}, "keymash": {"sft": 0.0, "sfb": 0.011037998793167853, "dsfb": 0.0, "sfT": 2.873409875499255e-05, "roll-out": 0.19422198322749606, "roll-in": 0.21868291101049617, "bad-redirect": 0.0019703382003423463, "redirect": 0.031090294852901938, "oneh-out": 0.0174169687167762, "oneh-in": 0.0036451256706333405, "dsfb-red": 0.008328783767697126, "dsfb-alt": 0.04186968675727486, "alternate": 0.3120235783804641, "sfR": 0.09899307508220005, "unknown": 0.06069052144179498}, "movie": {"sft": 0.0, "sfb": 0.00923527311618023, "dsfb": 0.0, "sfT": 1.1580609795432476e-05, "roll-out": 0.16977200279671725, "roll-in": 0.1834090920157091, "bad-redirect": 0.002753026783186902, "redirect": 0.025312054664689367, "oneh-out": 0.024454036757118686, "oneh-in": 0.002551813687991263, "dsfb-red": 0.007021665873351029, "dsfb-alt": 0.03978294778895233, "alternate": 0.2716555758201605, "sfR": 0.1138359467128768, "unknown": 0.1502049833732711}}