{"english-450k": {"sft": 0.0, "sfb": 0.009265912842242388, "dsfb": 0.0, "sfT": 0.0, "roll-out": 0.0027223278241666235, "roll-in": 0.0043685292822725355, "bad-redirect": 9.472016913981808e-05, "redirect": 0.007634621040389967, "oneh-out": 0.0013047410952808892, "oneh-in": 0.005422729683254585, "dsfb-red": 0.005393202716948654, "dsfb-alt": 1.5786694856636345e-05, "alternate": 0.005137692137231985, "sfR": 0.11328269117541298, "unknown": 0.845357045338803}, "shai": {"sft": 0.0, "sfb": 0.008131446359385107, "dsfb": 0.0, "sfT": 0.0, "roll-out": 0.0024630159216232927, "roll-in": 0.004825718587839547, "bad-redirect": 2.0346739087692006e-05, "redirect": 0.0064698450257351225, "oneh-out": 0.0003405379187046949, "oneh-in": 0.004300384130333075, "dsfb-red": 0.00674783713815161, "dsfb-alt": 5.17860698104088e-06, "alternate": 0.004787881471362226, "sfR": 0.09728563198976478, "unknown": 0.8646221761110318}, "tr-quotes": {"sft": 0.0, "sfb": 0.006602944915743972, "dsfb": 0.0, "sfT": 0.0, "roll-out": 0.002249138947319757, "roll-in": 0.004950186079840965, "bad-redirect": 2.080395737500289e-05, "redirect": 0.005536164212570214, "oneh-out": 0.00033748641963893576, "oneh-in": 0.003918078638958877, "dsfb-red": 0.0043538059684242155, "dsfb-alt": 3.4673262291671484e-06, "alternate": 0.004099535378285292, "sfR": 0.09591664547745082, "unknown": 0.8720117426781627}, "gutenberg": {"sft": 0.0, "sfb": 0.006177343891781589, "dsfb": 0.0, "sfT": 0.0, "roll-out": 0.0019750678467820187, "roll-in": 0.005120476107665256, "bad-redirect": 1.74281835702998e-05, "redirect": 0.004436988212864803, "oneh-out": 0.00034932141851774817, "oneh-in": 0.0038737926720550063, "dsfb-red": 0.004792561045054507, "dsfb-alt": 2.4626781131945366e-06, "alternate": 0.0034975712310700564, "sfR": 0.09761014138424484, "unknown": 0.8721468453282807}, "english-200": {"sft": 0.0, "sfb": 0.0066815144766146995, "dsfb": 0.0, "sfT": 0.0, "roll-out": 0.0022271714922048997, "roll-in": 0.0022271714922048997, "bad-redirect": 0.0, "redirect": 0.0, "oneh-out": 0.0, "oneh-in": 0.008908685968819599, "dsfb-red": 0.0022271714922048997, "dsfb-alt": 0.0, "alternate": 0.004454342984409799, "sfR": 0.10690423162583519, "unknown": 0.8663697104677061}, "monkeyracer": {"sft": 0.0, "sfb": 0.006543550682703286, "dsfb": 0.0, "sfT": 0.0, "roll-out": 0.0022854528676666095, "roll-in": 0.004930634843674242, "bad-redirect": 1.955049501853387e-05, "redirect": 0.005545497912007132, "oneh-out": 0.0003313808905641491, "oneh-in": 0.003823099300874298, "dsfb-red": 0.004345097517869152, "dsfb-alt": 3.9100990037067735e-06, "alternate": 0.004119289300405086, "sfR": 0.09605353707555875, "unknown": 0.871998999014655}, "chained-bigrams": {"sft": 0.0, "sfb": 0.005893738689923895, "dsfb": 0.0, "sfT": 0.0, "roll-out": 0.0040172481298401605, "roll-in": 0.008090985767890455, "bad-redirect": 2.467357829867886e-05, "redirect": 0.007475444919807624, "oneh-out": 0.0007973461618625695, "oneh-in": 0.0056612876101626575, "dsfb-red": 0.002663447846873176, "dsfb-alt": 5.1295070673569206e-05, "alternate": 0.005308065857676307, "sfR": 0.11643721321023381, "unknown": 0.8435792531567571}, "english-5k": {"sft": 0.0, "sfb": 0.009914132824490812, "dsfb": 0.0, "sfT": 0.0, "roll-out": 0.004521508275604596, "roll-in": 0.004231136184510723, "bad-redirect": 0.0, "redirect": 0.007176338822748579, "oneh-out": 0.0003733355456921226, "oneh-in": 0.006263740822167835, "dsfb-red": 0.010287468370182934, "dsfb-alt": 0.0, "alternate": 0.006471149458663459, "sfR": 0.10644211224955408, "unknown": 0.8443190774463849}, "mt-quotes": {"sft": 0.0, "sfb": 0.006435196806158186, "dsfb": 0.0, "sfT": 0.0, "roll-out": 0.002353247032667551, "roll-in": 0.005159213970667336, "bad-redirect": 1.6435376101170198e-05, "redirect": 0.005580557248897336, "oneh-out": 0.00032273102162297846, "oneh-in": 0.003804042504870848, "dsfb-red": 0.004043102520887869, "dsfb-alt": 2.9882502002127633e-06, "alternate": 0.0041476912778953155, "sfR": 0.09572710103871578, "unknown": 0.8724076929513155}, "english-1k": {"sft": 0.0, "sfb": 0.007410021171489062, "dsfb": 0.0, "sfT": 0.0, "roll-out": 0.0028228652081863093, "roll-in": 0.004234297812279464, "bad-redirect": 0.0, "redirect": 0.0045871559633027525, "oneh-out": 0.00035285815102328866, "oneh-in": 0.0056457304163726185, "dsfb-red": 0.009527170077628794, "dsfb-alt": 0.0, "alternate": 0.0045871559633027525, "sfR": 0.10832745236414962, "unknown": 0.8525052928722654}, "english-10k": {"sft": 0.0, "sfb": 0.011250265336446614, "dsfb": 0.0, "sfT": 0.0, "roll-out": 0.0035892784778371704, "roll-in": 0.006213697149804133, "bad-redirect": 7.718878446961657e-05, "redirect": 0.00866444105671446, "oneh-out": 0.0006561046679917408, "oneh-in": 0.005769861639103838, "dsfb-red": 0.009088979371297351, "dsfb-alt": 0.0, "alternate": 0.006213697149804133, "sfR": 0.10543987958549622, "unknown": 0.8430366067810348}, "reddit": {"sft": 0.0, "sfb": 0.0067445443745801255, "dsfb": 0.0, "sfT": 0.0, "roll-out": 0.00211177404489683, "roll-in": 0.004157360840559336, "bad-redirect": 1.9365482656562156e-05, "redirect": 0.006388624033762614, "oneh-out": 0.00027845841019126315, "oneh-in": 0.0037777299571468462, "dsfb-red": 0.004685772569449321, "dsfb-alt": 4.19523028536743e-06, "alternate": 0.004079299591320892, "sfR": 0.1028716913164539, "unknown": 0.864881184148697}, "akl": {"sft": 0.0, "sfb": 0.006294490123314984, "dsfb": 0.0, "sfT": 0.0, "roll-out": 0.0014252575840988711, "roll-in": 0.003951504193497504, "bad-redirect": 2.9799995564075505e-05, "redirect": 0.004453147777868231, "oneh-out": 0.00020351972022450735, "oneh-in": 0.0033301649928486206, "dsfb-red": 0.0034732793166594614, "dsfb-alt": 1.8400413061393815e-05, "alternate": 0.00414709376937232, "sfR": 0.11706348985084018, "unknown": 0.8556098522626499}, "keymash": {"sft": 0.0, "sfb": 0.0064651722198733235, "dsfb": 0.0, "sfT": 0.0, "roll-out": 0.002097589209114456, "roll-in": 0.005340437497177901, "bad-redirect": 1.6419485002852885e-05, "redirect": 0.0053650667246821805, "oneh-out": 0.0004228017388234618, "oneh-in": 0.004072032280707516, "dsfb-red": 0.004314219684499595, "dsfb-alt": 8.209742501426442e-06, "alternate": 0.004092556636961082, "sfR": 0.09899307508220005, "unknown": 0.8688124196984561}, "movie": {"sft": 0.0, "sfb": 0.004731995079820011, "dsfb": 0.0, "sfT": 0.0, "roll-out": 0.0016143106859155703, "roll-in": 0.004077295832862322, "bad-redirect": 8.027468153652058e-06, "redirect": 0.003907008229734031, "oneh-out": 0.0002772766458974571, "oneh-in": 0.002889756937476156, "dsfb-red": 0.0030753098898802446, "dsfb-alt": 3.947935157533799e-06, "alternate": 0.0035394554665676347, "sfR": 0.1138359467128768, "unknown": 0.8620396691156585}}