{"english-450k": {"sft": 0.0, "sfb": 0.031444757384811214, "dsfb": 0.0, "sfT": 1.4617310052441062e-05, "roll-out": 0.20246640795976847, "roll-in": 0.21793912299647838, "bad-redirect": 0.0015102604746182104, "redirect": 0.041346815560535835, "oneh-out": 0.006856980145600102, "oneh-in": 0.009581354393174066, "dsfb-red": 0.025137680443383943, "dsfb-alt": 0.047588991645330266, "alternate": 0.2931308582524363, "sfR": 0.11328269117541298, "unknown": 0.00969946225839779}, "shai": {"sft": 0.0, "sfb": 0.01907825904677095, "dsfb": 0.0, "sfT": 6.393915345799353e-06, "roll-out": 0.2243784858836902, "roll-in": 0.22193600248077722, "bad-redirect": 0.0008301755958029907, "redirect": 0.029645582021238945, "oneh-out": 0.00701459345380729, "oneh-in": 0.01082995730474639, "dsfb-red": 0.025934990136650203, "dsfb-alt": 0.04139981230065459, "alternate": 0.24691317480964556, "sfR": 0.09728563198976478, "unknown": 0.07474694106110509}, "tr-quotes": {"sft": 0.0, "sfb": 0.01927717805875962, "dsfb": 0.0, "sfT": 1.1557754097223828e-06, "roll-out": 0.2528235593259518, "roll-in": 0.21026675296456393, "bad-redirect": 0.0007951734818889993, "redirect": 0.02947574027414993, "oneh-out": 0.010725595802223712, "oneh-in": 0.008936455467973463, "dsfb-red": 0.03383416934421303, "dsfb-alt": 0.040862439610734845, "alternate": 0.22932086636924712, "sfR": 0.09591664547745082, "unknown": 0.06776426804743302}, "gutenberg": {"sft": 0.0, "sfb": 0.017481225868122452, "dsfb": 0.0, "sfT": 5.304229782265156e-06, "roll-out": 0.2565371790514749, "roll-in": 0.2035818327098969, "bad-redirect": 0.0007380456868466089, "redirect": 0.028554373848934778, "oneh-out": 0.01369590017136451, "oneh-in": 0.007687344448725716, "dsfb-red": 0.03328157920560066, "dsfb-alt": 0.037982831723689034, "alternate": 0.2211090917150583, "sfR": 0.09761014138424484, "unknown": 0.08173514995625905}, "english-200": {"sft": 0.0, "sfb": 0.015590200445434299, "dsfb": 0.0, "sfT": 0.0, "roll-out": 0.29175946547884185, "roll-in": 0.21603563474387527, "bad-redirect": 0.0, "redirect": 0.017817371937639197, "oneh-out": 0.011135857461024499, "oneh-in": 0.008908685968819599, "dsfb-red": 0.0400890868596882, "dsfb-alt": 0.051224944320712694, "alternate": 0.24053452115812918, "sfR": 0.10690423162583519, "unknown": 0.0}, "monkeyracer": {"sft": 0.0, "sfb": 0.019295361058542, "dsfb": 0.0, "sfT": 9.775247509266934e-07, "roll-out": 0.25325124732158216, "roll-in": 0.21038385441919388, "bad-redirect": 0.0007917950482506217, "redirect": 0.02940883213162957, "oneh-out": 0.010762547507702894, "oneh-in": 0.008893520183931056, "dsfb-red": 0.03385656974834603, "dsfb-alt": 0.040832186370958916, "alternate": 0.2288844878552325, "sfR": 0.09605353707555875, "unknown": 0.06758508375432067}, "chained-bigrams": {"sft": 0.0, "sfb": 0.018729843147465536, "dsfb": 0.0, "sfT": 3.2465234603524814e-05, "roll-out": 0.19436286652438237, "roll-in": 0.20226815115034066, "bad-redirect": 0.001316140610826896, "redirect": 0.04133863252536022, "oneh-out": 0.00883119311685082, "oneh-in": 0.007938399165253887, "dsfb-red": 0.034166412896749515, "dsfb-alt": 0.05187749698235644, "alternate": 0.24135369639421625, "sfR": 0.11643721321023381, "unknown": 0.08134748904136006}, "english-5k": {"sft": 0.0, "sfb": 0.024100883560791472, "dsfb": 0.0, "sfT": 0.0, "roll-out": 0.18720703530094993, "roll-in": 0.24909777243124404, "bad-redirect": 0.0012859335462728667, "redirect": 0.03442983365827353, "oneh-out": 0.005060770730493218, "oneh-in": 0.019662338739785123, "dsfb-red": 0.02522089019786784, "dsfb-alt": 0.04484174721035384, "alternate": 0.2995395528269797, "sfR": 0.10644211224955408, "unknown": 0.003111129547434355}, "mt-quotes": {"sft": 0.0, "sfb": 0.019008259523553388, "dsfb": 0.0, "sfT": 0.0, "roll-out": 0.2618932357968468, "roll-in": 0.21118860639963663, "bad-redirect": 0.0007844156775558504, "redirect": 0.029074180322970083, "oneh-out": 0.011152149747194032, "oneh-in": 0.008822808716128184, "dsfb-red": 0.035361458744217734, "dsfb-alt": 0.04092109824171358, "alternate": 0.22636742329161735, "sfR": 0.09572710103871578, "unknown": 0.05969926249985059}, "english-1k": {"sft": 0.0, "sfb": 0.016584333098094567, "dsfb": 0.0, "sfT": 0.0, "roll-out": 0.2335920959774171, "roll-in": 0.23429781227946367, "bad-redirect": 0.0007057163020465773, "redirect": 0.032462949894142556, "oneh-out": 0.011291460832745237, "oneh-in": 0.011291460832745237, "dsfb-red": 0.02858151023288638, "dsfb-alt": 0.04728299223712068, "alternate": 0.2755822159491884, "sfR": 0.10832745236414962, "unknown": 0.0}, "english-10k": {"sft": 0.0, "sfb": 0.02325312132147199, "dsfb": 0.0, "sfT": 0.0, "roll-out": 0.1849057331969665, "roll-in": 0.2612647382335347, "bad-redirect": 0.0014472897088053105, "redirect": 0.03504370814920592, "oneh-out": 0.004747110244881419, "oneh-in": 0.01719380174060709, "dsfb-red": 0.02354257926323305, "dsfb-alt": 0.04768337160610563, "alternate": 0.28772119411049574, "sfR": 0.10543987958549622, "unknown": 0.0077574728391964646}, "reddit": {"sft": 0.0, "sfb": 0.02210642887202431, "dsfb": 0.0, "sfT": 3.416116089513479e-05, "roll-out": 0.2327797314940245, "roll-in": 0.20779477532762594, "bad-redirect": 0.0007991913693624954, "redirect": 0.02905462920251107, "oneh-out": 0.008130094091149244, "oneh-in": 0.008037012419192654, "dsfb-red": 0.03083999934824101, "dsfb-alt": 0.04145520552227152, "alternate": 0.219431744820623, "sfR": 0.1028716913164539, "unknown": 0.09666533505562519}, "akl": {"sft": 0.0, "sfb": 0.022547878556282527, "dsfb": 0.0, "sfT": 8.029271154062755e-05, "roll-out": 0.22537569368627927, "roll-in": 0.1966161578425844, "bad-redirect": 0.0007341578948737936, "redirect": 0.028305101399905903, "oneh-out": 0.005945687680434017, "oneh-in": 0.00657204517555419, "dsfb-red": 0.03336930397246951, "dsfb-alt": 0.04065983261695631, "alternate": 0.20449004773079538, "sfR": 0.11706348985084018, "unknown": 0.11824031088148387}, "keymash": {"sft": 0.0, "sfb": 0.018660744705742305, "dsfb": 0.0, "sfT": 1.2314613752139664e-05, "roll-out": 0.25329108052525934, "roll-in": 0.21206175368309574, "bad-redirect": 0.0008250791213933575, "redirect": 0.029542758391383053, "oneh-out": 0.010721923706862934, "oneh-in": 0.008776214734024868, "dsfb-red": 0.03384876833338123, "dsfb-alt": 0.04195999392479055, "alternate": 0.2306157717363195, "sfR": 0.09899307508220005, "unknown": 0.06069052144179498}, "movie": {"sft": 0.0, "sfb": 0.015938998611511206, "dsfb": 0.0, "sfT": 1.8423697401824393e-06, "roll-out": 0.23359432255340865, "roll-in": 0.1763328130393455, "bad-redirect": 0.0008549911572832363, "redirect": 0.02713336875069829, "oneh-out": 0.011196080911088684, "oneh-in": 0.005972962697671468, "dsfb-red": 0.031588876771652355, "dsfb-alt": 0.03956607455096515, "alternate": 0.19377873850048738, "sfR": 0.1138359467128768, "unknown": 0.1502049833732711}}