{"english-450k": {"sft": 0.0, "sfb": 0.04060601028707812, "dsfb": 0.0, "sfT": 0.0002353386918443011, "roll-out": 0.129821885153549, "roll-in": 0.28353342481820454, "bad-redirect": 0.00194439458317571, "redirect": 0.04017012210131433, "oneh-out": 0.005394956794154947, "oneh-in": 0.014390449400427177, "dsfb-red": 0.019800315850835613, "dsfb-alt": 0.04540633490829977, "alternate": 0.29571519866970786, "sfR": 0.11328269117541298, "unknown": 0.009698877565995693}, "shai": {"sft": 0.0, "sfb": 0.031576223211739536, "dsfb": 0.0, "sfT": 0.00020102516292098824, "roll-out": 0.13294620085316194, "roll-in": 0.3006362603738567, "bad-redirect": 0.0021776816437037894, "redirect": 0.03191228693786569, "oneh-out": 0.006241169662311476, "oneh-in": 0.01891573284023293, "dsfb-red": 0.01803483166663209, "dsfb-alt": 0.04201439838520352, "alternate": 0.25036108978945903, "sfR": 0.09728563198976478, "unknown": 0.06769746748314746}, "tr-quotes": {"sft": 0.0, "sfb": 0.0352060747555535, "dsfb": 0.0, "sfT": 0.00037215968193060725, "roll-out": 0.14069831950255426, "roll-in": 0.3162386445065995, "bad-redirect": 0.001464367444118259, "redirect": 0.03861330066341508, "oneh-out": 0.007307967915674626, "oneh-in": 0.022713298351864267, "dsfb-red": 0.020619033309447306, "dsfb-alt": 0.04084625875499873, "alternate": 0.2346120061949562, "sfR": 0.09591664547745082, "unknown": 0.04539192344143686}, "gutenberg": {"sft": 0.0, "sfb": 0.034267597634768165, "dsfb": 0.0, "sfT": 0.00026445374200150565, "roll-out": 0.14020746358172662, "roll-in": 0.32201903233420587, "bad-redirect": 0.0012671426076275583, "redirect": 0.030921007515714728, "oneh-out": 0.005987907113843547, "oneh-in": 0.01395504968358375, "dsfb-red": 0.020566772107177268, "dsfb-alt": 0.041942628692927905, "alternate": 0.21579349572611686, "sfR": 0.09761014138424484, "unknown": 0.07519730787606137}, "english-200": {"sft": 0.0, "sfb": 0.024498886414253896, "dsfb": 0.0, "sfT": 0.0, "roll-out": 0.1514476614699332, "roll-in": 0.3429844097995546, "bad-redirect": 0.0022271714922048997, "redirect": 0.044543429844097995, "oneh-out": 0.0066815144766146995, "oneh-in": 0.0066815144766146995, "dsfb-red": 0.017817371937639197, "dsfb-alt": 0.0467706013363029, "alternate": 0.24944320712694878, "sfR": 0.10690423162583519, "unknown": 0.0}, "monkeyracer": {"sft": 0.0, "sfb": 0.035226081924394324, "dsfb": 0.0, "sfT": 0.00038514475186511723, "roll-out": 0.14089064235106433, "roll-in": 0.31639054850868825, "bad-redirect": 0.0014467366313715064, "redirect": 0.03855162112704694, "oneh-out": 0.0073167727606863004, "oneh-in": 0.022988449567543052, "dsfb-red": 0.020464480660650326, "dsfb-alt": 0.040693377856327324, "alternate": 0.23430095250011732, "sfR": 0.09605353707555875, "unknown": 0.04529165428468649}, "chained-bigrams": {"sft": 0.0, "sfb": 0.029782956920581596, "dsfb": 0.0, "sfT": 0.0003298467835718121, "roll-out": 0.11095708160915883, "roll-in": 0.28520189155442893, "bad-redirect": 0.002617996518428241, "redirect": 0.04044129344091879, "oneh-out": 0.0047808304477150645, "oneh-in": 0.014188606131124486, "dsfb-red": 0.022890587614253277, "dsfb-alt": 0.05165218825420798, "alternate": 0.24779934407240006, "sfR": 0.11643721321023381, "unknown": 0.07292016344297708}, "english-5k": {"sft": 0.0, "sfb": 0.028124611108806572, "dsfb": 0.0, "sfT": 0.0, "roll-out": 0.1262703778985357, "roll-in": 0.29912473555398844, "bad-redirect": 0.0011200066370763678, "redirect": 0.030779441655950555, "oneh-out": 0.0059318870037748375, "oneh-in": 0.02480607292487659, "dsfb-red": 0.020699381922263244, "dsfb-alt": 0.04363877711867922, "alternate": 0.31003442983365825, "sfR": 0.10644211224955408, "unknown": 0.0030281660928361057}, "mt-quotes": {"sft": 0.0, "sfb": 0.035120904603100606, "dsfb": 0.0, "sfT": 0.0003869784009275529, "roll-out": 0.1429549013279784, "roll-in": 0.32214233633353656, "bad-redirect": 0.0014059717192001053, "redirect": 0.03966603315762422, "oneh-out": 0.007630496886243291, "oneh-in": 0.023931401728403915, "dsfb-red": 0.020730985763976046, "dsfb-alt": 0.04045493121048039, "alternate": 0.23354968264782874, "sfR": 0.09572710103871578, "unknown": 0.03629827518198444}, "english-1k": {"sft": 0.0, "sfb": 0.026817219477769938, "dsfb": 0.0, "sfT": 0.0, "roll-out": 0.1492589978828511, "roll-in": 0.3140437544107269, "bad-redirect": 0.00035285815102328866, "redirect": 0.0374029640084686, "oneh-out": 0.009880028228652082, "oneh-in": 0.016937191249117856, "dsfb-red": 0.022230063514467185, "dsfb-alt": 0.04269583627381793, "alternate": 0.2720536344389555, "sfR": 0.10832745236414962, "unknown": 0.0}, "english-10k": {"sft": 0.0, "sfb": 0.030296597904324502, "dsfb": 0.0, "sfT": 5.789158835221242e-05, "roll-out": 0.13425059338878062, "roll-in": 0.3028501958665406, "bad-redirect": 0.0019876112000926267, "redirect": 0.03238069508500415, "oneh-out": 0.0066189382682696205, "oneh-in": 0.02230755871171919, "dsfb-red": 0.01877617182223423, "dsfb-alt": 0.04386252677485961, "alternate": 0.29341386696512994, "sfR": 0.10543987958549622, "unknown": 0.0077574728391964646}, "reddit": {"sft": 0.0, "sfb": 0.03185996471137097, "dsfb": 0.0, "sfT": 0.00023954015781182781, "roll-out": 0.13113109963540825, "roll-in": 0.3004386450380071, "bad-redirect": 0.0019868161142541003, "redirect": 0.03704807865007977, "oneh-out": 0.006330977074752074, "oneh-in": 0.01826906671296403, "dsfb-red": 0.016943561229854232, "dsfb-alt": 0.041069506537910555, "alternate": 0.22832739352402528, "sfR": 0.1028716913164539, "unknown": 0.0834836592971079}, "akl": {"sft": 0.0, "sfb": 0.03169059154044417, "dsfb": 0.0, "sfT": 0.00013815798359228352, "roll-out": 0.13479708929007986, "roll-in": 0.27701196125975797, "bad-redirect": 0.003719361608510829, "redirect": 0.036786328827648346, "oneh-out": 0.00754026623724935, "oneh-in": 0.017923922903632265, "dsfb-red": 0.01700315879952979, "dsfb-alt": 0.039616337138191814, "alternate": 0.21179284331732312, "sfR": 0.11706348985084018, "unknown": 0.10491649124320006}, "keymash": {"sft": 0.0, "sfb": 0.03645946644883483, "dsfb": 0.0, "sfT": 0.0003407043138091974, "roll-out": 0.14032912857688218, "roll-in": 0.3196011707092807, "bad-redirect": 0.0013463977702339366, "redirect": 0.038175302631632956, "oneh-out": 0.007639165397577305, "oneh-in": 0.022051368358831425, "dsfb-red": 0.020479202669808263, "dsfb-alt": 0.040884517657103686, "alternate": 0.23233981766161904, "sfR": 0.09899307508220005, "unknown": 0.04136068272218642}, "movie": {"sft": 0.0, "sfb": 0.037785687392755986, "dsfb": 0.0, "sfT": 0.00042795617107666375, "roll-out": 0.12972809649385195, "roll-in": 0.2759793544046915, "bad-redirect": 0.0013453247038489342, "redirect": 0.03947685121640488, "oneh-out": 0.00603231332287306, "oneh-in": 0.02637681277667623, "dsfb-red": 0.021577965994855314, "dsfb-alt": 0.040471730876103396, "alternate": 0.2033603771278219, "sfR": 0.1138359467128768, "unknown": 0.10360158280616336}}