{"english-450k": {"sft": 0.0, "sfb": 0.025307825932394355, "dsfb": 0.0, "sfT": 0.00012921702086357898, "roll-out": 0.17365773626981448, "roll-in": 0.2129911635437271, "bad-redirect": 0.0012746294365728605, "redirect": 0.02781878745320268, "oneh-out": 0.00715751204027829, "oneh-in": 0.008636199125183227, "dsfb-red": 0.010589656440591452, "dsfb-alt": 0.04575218046414052, "alternate": 0.36385671294117233, "sfR": 0.11328269117541298, "unknown": 0.009545688156646111}, "shai": {"sft": 0.0, "sfb": 0.013405238304166449, "dsfb": 0.0, "sfT": 1.5980917955693418e-05, "roll-out": 0.19533623479819534, "roll-in": 0.21271769888405276, "bad-redirect": 0.0007302222884148137, "redirect": 0.030385642888835974, "oneh-out": 0.006583008038374639, "oneh-in": 0.010729601474842497, "dsfb-red": 0.008793522359970931, "dsfb-alt": 0.041430833627226375, "alternate": 0.3218279871118483, "sfR": 0.09728563198976478, "unknown": 0.06075839731635142}, "tr-quotes": {"sft": 0.0, "sfb": 0.011624789070987726, "dsfb": 0.0, "sfT": 1.733663114583574e-05, "roll-out": 0.20462310163888953, "roll-in": 0.2113866993365849, "bad-redirect": 0.0013615034326529669, "redirect": 0.03781697140611636, "oneh-out": 0.005903700792861931, "oneh-in": 0.010270220290793093, "dsfb-red": 0.010232079702272254, "dsfb-alt": 0.044743533436582605, "alternate": 0.32461917200249646, "sfR": 0.09591664547745082, "unknown": 0.04148424678116548}, "gutenberg": {"sft": 0.0, "sfb": 0.010999267637416491, "dsfb": 0.0, "sfT": 0.000155906468243008, "roll-out": 0.2050384120954625, "roll-in": 0.2227534029475605, "bad-redirect": 0.0010612248300089072, "redirect": 0.028650797168905243, "oneh-out": 0.00479710752772502, "oneh-in": 0.009858479360673607, "dsfb-red": 0.007052162932299463, "dsfb-alt": 0.0425406806008783, "alternate": 0.301194247335477, "sfR": 0.09761014138424484, "unknown": 0.06828816971110513}, "english-200": {"sft": 0.0, "sfb": 0.008908685968819599, "dsfb": 0.0, "sfT": 0.0, "roll-out": 0.1714922048997773, "roll-in": 0.27839643652561247, "bad-redirect": 0.0, "redirect": 0.028953229398663696, "oneh-out": 0.008908685968819599, "oneh-in": 0.017817371937639197, "dsfb-red": 0.0022271714922048997, "dsfb-alt": 0.04899777282850779, "alternate": 0.3273942093541203, "sfR": 0.10690423162583519, "unknown": 0.0}, "monkeyracer": {"sft": 0.0, "sfb": 0.011612994041009118, "dsfb": 0.0, "sfT": 1.5640396014827094e-05, "roll-out": 0.2044336612603031, "roll-in": 0.21126069412077514, "bad-redirect": 0.0014232760373492656, "redirect": 0.03825836370176893, "oneh-out": 0.005915979792608349, "oneh-in": 0.010302133350016422, "dsfb-red": 0.010225886419444141, "dsfb-alt": 0.04483710527550558, "alternate": 0.32423518463487494, "sfR": 0.09605353707555875, "unknown": 0.04142554389477142}, "chained-bigrams": {"sft": 0.0, "sfb": 0.01394576617629012, "dsfb": 0.0, "sfT": 6.298255513083814e-05, "roll-out": 0.18488626454361348, "roll-in": 0.17467010451857629, "bad-redirect": 0.0024732015720965203, "redirect": 0.030828986779507166, "oneh-out": 0.0072105286054428615, "oneh-in": 0.011640085214747787, "dsfb-red": 0.01431392193669409, "dsfb-alt": 0.048695903991211015, "alternate": 0.3278904285346037, "sfR": 0.11643721321023381, "unknown": 0.06694461236185231}, "english-5k": {"sft": 0.0, "sfb": 0.01775417928402539, "dsfb": 0.0, "sfT": 0.0, "roll-out": 0.19475670966939063, "roll-in": 0.2223835400506077, "bad-redirect": 0.00041481727299124733, "redirect": 0.024349773924586218, "oneh-out": 0.007757083004936325, "oneh-in": 0.010163023188285561, "dsfb-red": 0.011200066370763678, "dsfb-alt": 0.04210395320861161, "alternate": 0.36176214377566684, "sfR": 0.10644211224955408, "unknown": 0.0009125980005807441}, "mt-quotes": {"sft": 0.0, "sfb": 0.010902630855476268, "dsfb": 0.0, "sfT": 5.9765004004255265e-06, "roll-out": 0.20798071980970823, "roll-in": 0.21162787917906792, "bad-redirect": 0.001452289597303403, "redirect": 0.03961971527952093, "oneh-out": 0.005725487383607655, "oneh-in": 0.010452899200344246, "dsfb-red": 0.010273604188331481, "dsfb-alt": 0.0458651581979656, "alternate": 0.3267233238904627, "sfR": 0.09572710103871578, "unknown": 0.0336432148790954}, "english-1k": {"sft": 0.0, "sfb": 0.012350035285815103, "dsfb": 0.0, "sfT": 0.0, "roll-out": 0.19195483415666903, "roll-in": 0.2681721947776994, "bad-redirect": 0.00035285815102328866, "redirect": 0.025052928722653495, "oneh-out": 0.0067043048694424845, "oneh-in": 0.015525758645024701, "dsfb-red": 0.008821453775582216, "dsfb-alt": 0.037755822159491886, "alternate": 0.3249823570924488, "sfR": 0.10832745236414962, "unknown": 0.0}, "english-10k": {"sft": 0.0, "sfb": 0.01705872136778526, "dsfb": 0.0, "sfT": 7.718878446961657e-05, "roll-out": 0.19092645838559658, "roll-in": 0.22249667123366976, "bad-redirect": 0.00044383551070029527, "redirect": 0.027652882036240133, "oneh-out": 0.007525906485787615, "oneh-in": 0.009339842920823604, "dsfb-red": 0.009610003666467262, "dsfb-alt": 0.044808089384612414, "alternate": 0.3568630477991548, "sfR": 0.10543987958549622, "unknown": 0.0077574728391964646}, "reddit": {"sft": 0.0, "sfb": 0.012075071398511855, "dsfb": 0.0, "sfT": 7.094434071862422e-05, "roll-out": 0.1931467916695462, "roll-in": 0.19780169933046746, "bad-redirect": 0.0007447657478925055, "redirect": 0.03367855958266448, "oneh-out": 0.005999066935835638, "oneh-in": 0.009092674697161495, "dsfb-red": 0.009805639101194386, "dsfb-alt": 0.04238328785066928, "alternate": 0.31435452355387694, "sfR": 0.1028716913164539, "unknown": 0.07797528447500719}, "akl": {"sft": 0.0, "sfb": 0.01762016120248744, "dsfb": 0.0, "sfT": 0.00016814384191455494, "roll-out": 0.1753110196418524, "roll-in": 0.19320743485727165, "bad-redirect": 0.0006074614480369238, "redirect": 0.0365769234534143, "oneh-out": 0.004465538628414624, "oneh-in": 0.008827923426030525, "dsfb-red": 0.009163157887563191, "dsfb-alt": 0.04332206881110161, "alternate": 0.2966149683209319, "sfR": 0.11706348985084018, "unknown": 0.09705170863014068}, "keymash": {"sft": 0.0, "sfb": 0.012158628644612562, "dsfb": 0.0, "sfT": 5.3363326259271875e-05, "roll-out": 0.20334300714658085, "roll-in": 0.2152799727436549, "bad-redirect": 0.001502382877761039, "redirect": 0.0366975489813762, "oneh-out": 0.006058789966052715, "oneh-in": 0.010738343191865786, "dsfb-red": 0.010541309371831552, "dsfb-alt": 0.044529643327737026, "alternate": 0.32228986137849785, "sfR": 0.09899307508220005, "unknown": 0.037814073961570195}, "movie": {"sft": 0.0, "sfb": 0.010320823686663441, "dsfb": 0.0, "sfT": 1.1054218441094636e-05, "roll-out": 0.17842613985770853, "roll-in": 0.18994463547332913, "bad-redirect": 0.0023455998749294144, "redirect": 0.04085994449992755, "oneh-out": 0.005049409066485729, "oneh-in": 0.0076128033642724234, "dsfb-red": 0.011116201023067917, "dsfb-alt": 0.04342057524310398, "alternate": 0.2986772180059006, "sfR": 0.1138359467128768, "unknown": 0.0983796489732934}}