{"english-450k": {"sft": 0.0, "sfb": 0.03201015493763963, "dsfb": 0.0, "sfT": 0.00017423833582509745, "roll-out": 0.21346885723624087, "roll-in": 0.16861856480233597, "bad-redirect": 0.016186332113470085, "redirect": 0.030096456705574048, "oneh-out": 0.00635882221901291, "oneh-in": 0.00537449256008153, "dsfb-red": 0.009060393462905068, "dsfb-alt": 0.04478334515386473, "alternate": 0.3508867737316414, "sfR": 0.11328269117541298, "unknown": 0.009698877565995693}, "shai": {"sft": 0.0, "sfb": 0.013832275989253268, "dsfb": 0.0, "sfT": 3.725655515657662e-05, "roll-out": 0.2219124278207462, "roll-in": 0.18222362649254575, "bad-redirect": 0.011854829945074254, "redirect": 0.03361319227293008, "oneh-out": 0.00842785387689561, "oneh-in": 0.006364248662309309, "dsfb-red": 0.006225382264796031, "dsfb-alt": 0.037150355009377224, "alternate": 0.31302287674791535, "sfR": 0.09728563198976478, "unknown": 0.0680500423732356}, "tr-quotes": {"sft": 0.0, "sfb": 0.013501768336376875, "dsfb": 0.0, "sfT": 3.8140588520838634e-05, "roll-out": 0.23411733431959503, "roll-in": 0.18340075356556715, "bad-redirect": 0.011479161369362705, "redirect": 0.04129701116479046, "oneh-out": 0.008893691777813736, "oneh-in": 0.005348928596195187, "dsfb-red": 0.007006310533737084, "dsfb-alt": 0.04179283881556136, "alternate": 0.3108850928087654, "sfR": 0.09591664547745082, "unknown": 0.046322322646263375}, "gutenberg": {"sft": 0.0, "sfb": 0.01306621232149846, "dsfb": 0.0, "sfT": 3.5045803918537636e-05, "roll-out": 0.2358506829006408, "roll-in": 0.1831777867949684, "bad-redirect": 0.010554280646040033, "redirect": 0.03348238219021499, "oneh-out": 0.009411976875073643, "oneh-in": 0.005169919106707085, "dsfb-red": 0.0052282656343120015, "dsfb-alt": 0.03142850864381074, "alternate": 0.29483333920587346, "sfR": 0.09761014138424484, "unknown": 0.08015145849269702}, "english-200": {"sft": 0.0, "sfb": 0.008908685968819599, "dsfb": 0.0, "sfT": 0.0, "roll-out": 0.2828507795100223, "roll-in": 0.1759465478841871, "bad-redirect": 0.0066815144766146995, "redirect": 0.0400890868596882, "oneh-out": 0.004454342984409799, "oneh-in": 0.0066815144766146995, "dsfb-red": 0.0, "dsfb-alt": 0.0467706013363029, "alternate": 0.3207126948775056, "sfR": 0.10690423162583519, "unknown": 0.0}, "monkeyracer": {"sft": 0.0, "sfb": 0.013485931463784663, "dsfb": 0.0, "sfT": 3.8123465286141044e-05, "roll-out": 0.2342423010150617, "roll-in": 0.1832301718879522, "bad-redirect": 0.011492758496645135, "redirect": 0.04183219419115692, "oneh-out": 0.008868104540406964, "oneh-in": 0.0052962291005208256, "dsfb-red": 0.007014717612649953, "dsfb-alt": 0.04195340726027183, "alternate": 0.31028981653815474, "sfR": 0.09605353707555875, "unknown": 0.046202707352550165}, "chained-bigrams": {"sft": 0.0, "sfb": 0.014698959619091895, "dsfb": 0.0, "sfT": 7.01249067436136e-05, "roll-out": 0.1917455193106462, "roll-in": 0.1734766824945507, "bad-redirect": 0.011010908968131476, "redirect": 0.030501737214703634, "oneh-out": 0.010386927159051729, "oneh-in": 0.008352655558794865, "dsfb-red": 0.012566643010332385, "dsfb-alt": 0.054898062409868394, "alternate": 0.3022370494555905, "sfR": 0.11643721321023381, "unknown": 0.0736175166822608}, "english-5k": {"sft": 0.0, "sfb": 0.01601194673746215, "dsfb": 0.0, "sfT": 0.0, "roll-out": 0.23238063632969677, "roll-in": 0.1859625834819762, "bad-redirect": 0.015348239100676153, "redirect": 0.029037209109387317, "oneh-out": 0.007840046459534575, "oneh-in": 0.007217820550047704, "dsfb-red": 0.005890405276475713, "dsfb-alt": 0.04177209939021861, "alternate": 0.34906873522213466, "sfR": 0.10644211224955408, "unknown": 0.0030281660928361057}, "mt-quotes": {"sft": 0.0, "sfb": 0.01316025388173701, "dsfb": 0.0, "sfT": 2.9882502002127634e-05, "roll-out": 0.23757634979261544, "roll-in": 0.1857272205687238, "bad-redirect": 0.011280644505803182, "redirect": 0.04331618077718411, "oneh-out": 0.008739137710522227, "oneh-in": 0.00526081447747457, "dsfb-red": 0.0070328468462007385, "dsfb-alt": 0.042826107744349216, "alternate": 0.3121331922879239, "sfR": 0.09572710103871578, "unknown": 0.03719026786674795}, "english-1k": {"sft": 0.0, "sfb": 0.01058574453069866, "dsfb": 0.0, "sfT": 0.0, "roll-out": 0.2702893436838391, "roll-in": 0.17678193366266762, "bad-redirect": 0.011291460832745237, "redirect": 0.032815808045165845, "oneh-out": 0.01058574453069866, "oneh-in": 0.00529287226534933, "dsfb-red": 0.008115737473535639, "dsfb-alt": 0.03458009880028229, "alternate": 0.331333803810868, "sfR": 0.10832745236414962, "unknown": 0.0}, "english-10k": {"sft": 0.0, "sfb": 0.018004283977538064, "dsfb": 0.0, "sfT": 1.929719611740414e-05, "roll-out": 0.22016171050346384, "roll-in": 0.18484784160861426, "bad-redirect": 0.01634472511144131, "redirect": 0.026031917562378187, "oneh-out": 0.007275042936261362, "oneh-in": 0.006561046679917408, "dsfb-red": 0.006657532660504429, "dsfb-alt": 0.039771521197969936, "alternate": 0.3611277281411011, "sfR": 0.10543987958549622, "unknown": 0.0077574728391964646}, "reddit": {"sft": 0.0, "sfb": 0.01389445287548388, "dsfb": 0.0, "sfT": 8.251868141664686e-05, "roll-out": 0.21643279194261075, "roll-in": 0.17434189665986627, "bad-redirect": 0.009803466571225179, "redirect": 0.038092466246656694, "oneh-out": 0.00723257701197345, "oneh-in": 0.006221414140960112, "dsfb-red": 0.006113087301805803, "dsfb-alt": 0.04074977005830434, "alternate": 0.29918307254545784, "sfR": 0.1028716913164539, "unknown": 0.08498079464778513}, "akl": {"sft": 0.0, "sfb": 0.01578780222368682, "dsfb": 0.0, "sfT": 7.849603821140054e-05, "roll-out": 0.20223745305571386, "roll-in": 0.16428136598223325, "bad-redirect": 0.008493928049552499, "redirect": 0.036167591705614205, "oneh-out": 0.006676809816923944, "oneh-in": 0.006550980729625322, "dsfb-red": 0.007499995972973572, "dsfb-alt": 0.04180158754055371, "alternate": 0.28820015585211817, "sfR": 0.11706348985084018, "unknown": 0.10516034318195307}, "keymash": {"sft": 0.0, "sfb": 0.013045280834766618, "dsfb": 0.0, "sfT": 3.283897000570577e-05, "roll-out": 0.23589053129348597, "roll-in": 0.18328250134434534, "bad-redirect": 0.011074942634424271, "redirect": 0.040621805897058036, "oneh-out": 0.009067660592825506, "oneh-in": 0.005192662132152225, "dsfb-red": 0.007331300053773813, "dsfb-alt": 0.04072442767832587, "alternate": 0.31231091936801403, "sfR": 0.09899307508220005, "unknown": 0.04243205411862257}, "movie": {"sft": 0.0, "sfb": 0.013294408447317899, "dsfb": 0.0, "sfT": 8.05378772136895e-05, "roll-out": 0.20366476292846775, "roll-in": 0.15957553906751615, "bad-redirect": 0.009333576701602822, "redirect": 0.04826877121439407, "oneh-out": 0.00894549467561725, "oneh-in": 0.004526176060273916, "dsfb-red": 0.00922935121344393, "dsfb-alt": 0.045862109942361465, "alternate": 0.279577765702945, "sfR": 0.1138359467128768, "unknown": 0.10380555945596927}}