{"english-450k": {"sft": 0.0, "sfb": 0.04061098017249595, "dsfb": 0.0, "sfT": 0.0007682858163563022, "roll-out": 0.18836772006798802, "roll-in": 0.22717024664079596, "bad-redirect": 0.002608605151958632, "redirect": 0.040381196058471576, "oneh-out": 0.00744781181791977, "oneh-in": 0.009146927938415518, "dsfb-red": 0.022211294970885243, "dsfb-alt": 0.047492517398984156, "alternate": 0.29081226053191805, "sfR": 0.11328269117541298, "unknown": 0.00969946225839779}, "shai": {"sft": 0.0, "sfb": 0.020579118432342003, "dsfb": 0.0, "sfT": 0.0007154953829119284, "roll-out": 0.190953937335914, "roll-in": 0.22458212744296333, "bad-redirect": 0.002210483358325853, "redirect": 0.02640280257849731, "oneh-out": 0.012421411349215221, "oneh-in": 0.011588158778412284, "dsfb-red": 0.022246660843507605, "dsfb-alt": 0.042293152968154585, "alternate": 0.24269946461409084, "sfR": 0.09728563198976478, "unknown": 0.10602155492590025}, "tr-quotes": {"sft": 0.0, "sfb": 0.019889739025912484, "dsfb": 0.0, "sfT": 0.001044820970389034, "roll-out": 0.21208594345946696, "roll-in": 0.2084267585122859, "bad-redirect": 0.0019925568063613877, "redirect": 0.02338364808950325, "oneh-out": 0.019125771480085988, "oneh-in": 0.008805852846674834, "dsfb-red": 0.02740574651533714, "dsfb-alt": 0.04257761031876286, "alternate": 0.22173782390605856, "sfR": 0.09591664547745082, "unknown": 0.11760708259171078}, "gutenberg": {"sft": 0.0, "sfb": 0.01840965551679679, "dsfb": 0.0, "sfT": 0.0007977182718970919, "roll-out": 0.2243564169624722, "roll-in": 0.20342327412676275, "bad-redirect": 0.0018566698605707427, "redirect": 0.0219468190344559, "oneh-out": 0.015594624996637498, "oneh-in": 0.008683213590345998, "dsfb-red": 0.02714401703718606, "dsfb-alt": 0.03553682404695304, "alternate": 0.21003177612513133, "sfR": 0.09761014138424484, "unknown": 0.13460884904654574}, "english-200": {"sft": 0.0, "sfb": 0.015590200445434299, "dsfb": 0.0, "sfT": 0.0022271714922048997, "roll-out": 0.24721603563474387, "roll-in": 0.21603563474387527, "bad-redirect": 0.0, "redirect": 0.022271714922048998, "oneh-out": 0.017817371937639197, "oneh-in": 0.008908685968819599, "dsfb-red": 0.0400890868596882, "dsfb-alt": 0.062360801781737196, "alternate": 0.26057906458797325, "sfR": 0.10690423162583519, "unknown": 0.0}, "monkeyracer": {"sft": 0.0, "sfb": 0.01975479769147755, "dsfb": 0.0, "sfT": 0.0010723446517665828, "roll-out": 0.21215903936687677, "roll-in": 0.20803486244271704, "bad-redirect": 0.002004903264150648, "redirect": 0.023415627883698015, "oneh-out": 0.019433192048422667, "oneh-in": 0.008739071273284639, "dsfb-red": 0.027516344213835493, "dsfb-alt": 0.04242555171496942, "alternate": 0.22153545677776562, "sfR": 0.09605353707555875, "unknown": 0.1178552715954768}, "chained-bigrams": {"sft": 0.0, "sfb": 0.022119213640073528, "dsfb": 0.0, "sfT": 0.00016687130586211756, "roll-out": 0.17855034935838957, "roll-in": 0.19804442412842208, "bad-redirect": 0.0024719029627123796, "redirect": 0.03922969088551525, "oneh-out": 0.006849515196651666, "oneh-in": 0.006373574857363991, "dsfb-red": 0.028983013539950742, "dsfb-alt": 0.04938741348826609, "alternate": 0.2451229101316855, "sfR": 0.11643721321023381, "unknown": 0.10626390729487328}, "english-5k": {"sft": 0.0, "sfb": 0.027834239017712696, "dsfb": 0.0, "sfT": 0.00041481727299124733, "roll-out": 0.16588542746919982, "roll-in": 0.2644045298046211, "bad-redirect": 0.003442983365827353, "redirect": 0.03335130874849629, "oneh-out": 0.007051893640851205, "oneh-in": 0.020657900194964118, "dsfb-red": 0.01891566764840088, "dsfb-alt": 0.04861658439457419, "alternate": 0.2998714066453727, "sfR": 0.10644211224955408, "unknown": 0.003111129547434355}, "mt-quotes": {"sft": 0.0, "sfb": 0.019224907663068815, "dsfb": 0.0, "sfT": 0.0012057589557858501, "roll-out": 0.21916125793380428, "roll-in": 0.20803899068861237, "bad-redirect": 0.002051433762446062, "redirect": 0.022887008283429554, "oneh-out": 0.02085350402218477, "oneh-in": 0.008627078328014248, "dsfb-red": 0.028593072040735825, "dsfb-alt": 0.043305721901483366, "alternate": 0.22000394449026428, "sfR": 0.09572710103871578, "unknown": 0.1103202208914548}, "english-1k": {"sft": 0.0, "sfb": 0.01834862385321101, "dsfb": 0.0, "sfT": 0.00035285815102328866, "roll-out": 0.2177134791813691, "roll-in": 0.25405786873676783, "bad-redirect": 0.0038814396612561752, "redirect": 0.029992942836979536, "oneh-out": 0.013761467889908258, "oneh-in": 0.011644318983768526, "dsfb-red": 0.024347212420606917, "dsfb-alt": 0.04904728299223712, "alternate": 0.26852505292872264, "sfR": 0.10832745236414962, "unknown": 0.0}, "english-10k": {"sft": 0.0, "sfb": 0.027035371760483203, "dsfb": 0.0, "sfT": 0.00025086354952625386, "roll-out": 0.17097315760020068, "roll-in": 0.2708168503116497, "bad-redirect": 0.0037629532428938074, "redirect": 0.033499932459813586, "oneh-out": 0.0067540186410914495, "oneh-in": 0.01808147276200768, "dsfb-red": 0.02045502788444839, "dsfb-alt": 0.04646764825070917, "alternate": 0.28870535111248335, "sfR": 0.10543987958549622, "unknown": 0.0077574728391964646}, "reddit": {"sft": 0.0, "sfb": 0.02354891385675199, "dsfb": 0.0, "sfT": 0.0010039710476669932, "roll-out": 0.19327796753079046, "roll-in": 0.20205285353383537, "bad-redirect": 0.0013568198805970037, "redirect": 0.025904910236118423, "oneh-out": 0.015140885759197153, "oneh-in": 0.008175230274130207, "dsfb-red": 0.02657067829944093, "dsfb-alt": 0.041046095654621674, "alternate": 0.2210798710041602, "sfR": 0.1028716913164539, "unknown": 0.13797011160623568}, "akl": {"sft": 0.0, "sfb": 0.024844460750803765, "dsfb": 0.0, "sfT": 0.0009977732402483078, "roll-out": 0.18826286594673347, "roll-in": 0.19454614235030396, "bad-redirect": 0.0013700563449146896, "redirect": 0.026925504100070493, "oneh-out": 0.017127686847521043, "oneh-in": 0.006492186143782686, "dsfb-red": 0.028451994933133395, "dsfb-alt": 0.038732869494233976, "alternate": 0.21586224645376956, "sfR": 0.11706348985084018, "unknown": 0.13932272354364447}, "keymash": {"sft": 0.0, "sfb": 0.01915332925582789, "dsfb": 0.0, "sfT": 0.0010836860101882905, "roll-out": 0.21295661561575122, "roll-in": 0.21115868200793883, "bad-redirect": 0.00219200124788086, "redirect": 0.023442919712823206, "oneh-out": 0.018853673654525827, "oneh-in": 0.008640753982751331, "dsfb-red": 0.02727276458973864, "dsfb-alt": 0.04267424152241465, "alternate": 0.22321468887128354, "sfR": 0.09899307508220005, "unknown": 0.11036356844667566}, "movie": {"sft": 0.0, "sfb": 0.015527097376741846, "dsfb": 0.0, "sfT": 0.0006944417942101952, "roll-out": 0.18684603276601944, "roll-in": 0.17384113956358735, "bad-redirect": 0.001079497069908325, "redirect": 0.021685744624655987, "oneh-out": 0.024313490265510482, "oneh-in": 0.00594440596669864, "dsfb-red": 0.024968321110306755, "dsfb-alt": 0.03850513277629723, "alternate": 0.17671734192368932, "sfR": 0.1138359467128768, "unknown": 0.21604140804949762}}