{"english-450k": {"sft": 0.0, "sfb": 0.04040224498494709, "dsfb": 0.0, "sfT": 7.71793970768888e-05, "roll-out": 0.15687267913659642, "roll-in": 0.23749942261625293, "bad-redirect": 0.011222878312063199, "redirect": 0.02020258422347879, "oneh-out": 0.008405830318756757, "oneh-in": 0.014800318774297624, "dsfb-red": 0.012892467466253017, "dsfb-alt": 0.05515228021266432, "alternate": 0.3194905458162043, "sfR": 0.11328269117541298, "unknown": 0.009698877565995693}, "shai": {"sft": 0.0, "sfb": 0.02595098266583231, "dsfb": 0.0, "sfT": 3.2263727798173974e-05, "roll-out": 0.1441144976844118, "roll-in": 0.2633348858833186, "bad-redirect": 0.012305349400380786, "redirect": 0.01629748256226017, "oneh-out": 0.004445466404387124, "oneh-in": 0.014923963496781214, "dsfb-red": 0.012661272194085211, "dsfb-alt": 0.04968669040723822, "alternate": 0.2912640461005941, "sfR": 0.09728563198976478, "unknown": 0.06769746748314746}, "tr-quotes": {"sft": 0.0, "sfb": 0.029624835302004115, "dsfb": 0.0, "sfT": 2.080395737500289e-05, "roll-out": 0.1436074062088255, "roll-in": 0.2828586948984073, "bad-redirect": 0.009744342479369408, "redirect": 0.016231709854141144, "oneh-out": 0.004237072652042255, "oneh-in": 0.02214812417651002, "dsfb-red": 0.01789949377037054, "dsfb-alt": 0.05586902753057026, "alternate": 0.27644992025149673, "sfR": 0.09591664547745082, "unknown": 0.04539192344143686}, "gutenberg": {"sft": 0.0, "sfb": 0.025176716098299502, "dsfb": 0.0, "sfT": 5.6262723047598266e-05, "roll-out": 0.15045428833717323, "roll-in": 0.28011656423820086, "bad-redirect": 0.007655519070032125, "redirect": 0.017729198610443347, "oneh-out": 0.003367238727848684, "oneh-in": 0.01396660532703797, "dsfb-red": 0.013623724758970116, "dsfb-alt": 0.053268295898731645, "alternate": 0.26177813694990876, "sfR": 0.09761014138424484, "unknown": 0.07519730787606137}, "english-200": {"sft": 0.0, "sfb": 0.022271714922048998, "dsfb": 0.0, "sfT": 0.0, "roll-out": 0.133630289532294, "roll-in": 0.3184855233853007, "bad-redirect": 0.0066815144766146995, "redirect": 0.015590200445434299, "oneh-out": 0.004454342984409799, "oneh-in": 0.011135857461024499, "dsfb-red": 0.011135857461024499, "dsfb-alt": 0.05790645879732739, "alternate": 0.311804008908686, "sfR": 0.10690423162583519, "unknown": 0.0}, "monkeyracer": {"sft": 0.0, "sfb": 0.02963464034909364, "dsfb": 0.0, "sfT": 1.8572970267607176e-05, "roll-out": 0.14366974521794892, "roll-in": 0.28322020113549273, "bad-redirect": 0.009668697311415925, "redirect": 0.01623570858814145, "oneh-out": 0.004228772072508876, "oneh-in": 0.022419530162503715, "dsfb-red": 0.017854489575676057, "dsfb-alt": 0.055893887733237405, "alternate": 0.2758105635234684, "sfR": 0.09605353707555875, "unknown": 0.04529165428468649}, "chained-bigrams": {"sft": 0.0, "sfb": 0.025030046574625563, "dsfb": 0.0, "sfT": 0.00014998938386828466, "roll-out": 0.1360793294500584, "roll-in": 0.2429412463663286, "bad-redirect": 0.00638461303712919, "redirect": 0.024392429367012334, "oneh-out": 0.004806153330705814, "oneh-in": 0.018268187511403414, "dsfb-red": 0.013347756554893193, "dsfb-alt": 0.05790304452477065, "alternate": 0.2813398272459936, "sfR": 0.11643721321023381, "unknown": 0.07292016344297708}, "english-5k": {"sft": 0.0, "sfb": 0.030986850292446178, "dsfb": 0.0, "sfT": 0.0, "roll-out": 0.15987057701082674, "roll-in": 0.24096735388061558, "bad-redirect": 0.021404571286348362, "redirect": 0.016675654374248144, "oneh-out": 0.005060770730493218, "oneh-in": 0.012112664371344423, "dsfb-red": 0.010992657734268056, "dsfb-alt": 0.05595885012651927, "alternate": 0.33649977185049984, "sfR": 0.10644211224955408, "unknown": 0.0030281660928361057}, "mt-quotes": {"sft": 0.0, "sfb": 0.029377487718291677, "dsfb": 0.0, "sfT": 1.1953000800851053e-05, "roll-out": 0.14476428682420722, "roll-in": 0.2899200344246423, "bad-redirect": 0.00955941239048063, "redirect": 0.01572865492881988, "oneh-out": 0.004168609029296805, "oneh-in": 0.02340995206846679, "dsfb-red": 0.018350844479506582, "dsfb-alt": 0.05706063757306272, "alternate": 0.2756227513417243, "sfR": 0.09572710103871578, "unknown": 0.03629827518198444}, "english-1k": {"sft": 0.0, "sfb": 0.02611150317572336, "dsfb": 0.0, "sfT": 0.0, "roll-out": 0.17501764290755117, "roll-in": 0.27769936485532815, "bad-redirect": 0.011997177134791814, "redirect": 0.020112914608327453, "oneh-out": 0.004234297812279464, "oneh-in": 0.011644318983768526, "dsfb-red": 0.014114326040931546, "dsfb-alt": 0.05222300635144672, "alternate": 0.2985179957657022, "sfR": 0.10832745236414962, "unknown": 0.0}, "english-10k": {"sft": 0.0, "sfb": 0.03060535304220297, "dsfb": 0.0, "sfT": 1.929719611740414e-05, "roll-out": 0.16186488103278593, "roll-in": 0.252542405588468, "bad-redirect": 0.019123521352347503, "redirect": 0.018853360606703846, "oneh-out": 0.0052295401478165224, "oneh-in": 0.010362594315046023, "dsfb-red": 0.011867775612203547, "dsfb-alt": 0.05233399587040003, "alternate": 0.32399992281121553, "sfR": 0.10543987958549622, "unknown": 0.0077574728391964646}, "reddit": {"sft": 0.0, "sfb": 0.03266642281890633, "dsfb": 0.0, "sfT": 4.551075711358418e-05, "roll-out": 0.13645821803473313, "roll-in": 0.25863635912444793, "bad-redirect": 0.010211227971997586, "redirect": 0.014582770301590236, "oneh-out": 0.004414543440017665, "oneh-in": 0.01614455714755805, "dsfb-red": 0.015538196541669406, "dsfb-alt": 0.050240055197244185, "alternate": 0.2747067880511601, "sfR": 0.1028716913164539, "unknown": 0.0834836592971079}, "akl": {"sft": 0.0, "sfb": 0.03511666171652187, "dsfb": 0.0, "sfT": 0.00013375923164831395, "roll-out": 0.13085840962689785, "roll-in": 0.2458834806543509, "bad-redirect": 0.007354775204569845, "redirect": 0.015523691244290452, "oneh-out": 0.0039062156347504377, "oneh-in": 0.018795309468307365, "dsfb-red": 0.015531807251398338, "dsfb-alt": 0.04685259385728541, "alternate": 0.258063315015939, "sfR": 0.11706348985084018, "unknown": 0.10491649124320006}, "keymash": {"sft": 0.0, "sfb": 0.029481185322622356, "dsfb": 0.0, "sfT": 1.6419485002852885e-05, "roll-out": 0.14463103364762964, "roll-in": 0.28518593014330107, "bad-redirect": 0.009757278962945327, "redirect": 0.016920279295439898, "oneh-out": 0.004301905070747456, "oneh-in": 0.020967682348643133, "dsfb-red": 0.018180474769408858, "dsfb-alt": 0.05599044385972834, "alternate": 0.2742136092901446, "sfR": 0.09899307508220005, "unknown": 0.04136068272218642}, "movie": {"sft": 0.0, "sfb": 0.02964043917357084, "dsfb": 0.0, "sfT": 3.921615589816907e-05, "roll-out": 0.11884719240617304, "roll-in": 0.25851395246343917, "bad-redirect": 0.007835598504995914, "redirect": 0.015502093787410798, "oneh-out": 0.00365644594506922, "oneh-in": 0.027857551656428572, "dsfb-red": 0.02209093436965754, "dsfb-alt": 0.05396129891804205, "alternate": 0.24461774710027454, "sfR": 0.1138359467128768, "unknown": 0.10360158280616336}}