{"english-450k": {"sft": 0.0, "sfb": 0.041688860615762956, "dsfb": 0.0, "sfT": 6.226974082339892e-05, "roll-out": 0.1844944252502922, "roll-in": 0.24126776514777223, "bad-redirect": 0.011624561992304279, "redirect": 0.057087904409808564, "oneh-out": 0.00875489168280905, "oneh-in": 0.012251644593554, "dsfb-red": 0.023376586928265844, "dsfb-alt": 0.038639397392622704, "alternate": 0.2577701235045761, "sfR": 0.11328269117541298, "unknown": 0.009698877565995693}, "shai": {"sft": 0.0, "sfb": 0.02003286828565351, "dsfb": 0.0, "sfT": 2.1159524936734297e-05, "roll-out": 0.1891626308623921, "roll-in": 0.23459524658064865, "bad-redirect": 0.012548500092734996, "redirect": 0.044907041295404154, "oneh-out": 0.00936285175436342, "oneh-in": 0.016442297778106678, "dsfb-red": 0.02231945936272016, "dsfb-alt": 0.03938034135767129, "alternate": 0.24687551573197325, "sfR": 0.09728563198976478, "unknown": 0.06706645538363028}, "tr-quotes": {"sft": 0.0, "sfb": 0.01942627308661381, "dsfb": 0.0, "sfT": 2.8894385243059568e-05, "roll-out": 0.20888444557453595, "roll-in": 0.22647072420887174, "bad-redirect": 0.019250595224336007, "redirect": 0.043526501930144935, "oneh-out": 0.011517301957883544, "oneh-in": 0.01576939969025219, "dsfb-red": 0.028261020318531702, "dsfb-alt": 0.03679295439310233, "alternate": 0.24881070710339567, "sfR": 0.09591664547745082, "unknown": 0.045344536649638244}, "gutenberg": {"sft": 0.0, "sfb": 0.018221544796304317, "dsfb": 0.0, "sfT": 0.0001074106530908694, "roll-out": 0.2166861218237609, "roll-in": 0.215432239790589, "bad-redirect": 0.011483089168270249, "redirect": 0.04012422506150065, "oneh-out": 0.011062350084469858, "oneh-in": 0.01487969059669933, "dsfb-red": 0.02432481890791213, "dsfb-alt": 0.03316583333428052, "alternate": 0.24171109906293203, "sfR": 0.09761014138424484, "unknown": 0.07519143533594529}, "english-200": {"sft": 0.0, "sfb": 0.011135857461024499, "dsfb": 0.0, "sfT": 0.0, "roll-out": 0.22271714922049, "roll-in": 0.24498886414253898, "bad-redirect": 0.008908685968819599, "redirect": 0.042316258351893093, "oneh-out": 0.0066815144766146995, "oneh-in": 0.024498886414253896, "dsfb-red": 0.026726057906458798, "dsfb-alt": 0.0378619153674833, "alternate": 0.267260579064588, "sfR": 0.10690423162583519, "unknown": 0.0}, "monkeyracer": {"sft": 0.0, "sfb": 0.019225956801226206, "dsfb": 0.0, "sfT": 2.7370693025947417e-05, "roll-out": 0.2084796362043887, "roll-in": 0.22689815756134946, "bad-redirect": 0.01954756244428109, "redirect": 0.04318899854544317, "oneh-out": 0.011409668892816366, "oneh-in": 0.015682429579116943, "dsfb-red": 0.02835115035112689, "dsfb-alt": 0.03659657162519355, "alternate": 0.24929324960508, "sfR": 0.09605353707555875, "unknown": 0.04524571062139293}, "chained-bigrams": {"sft": 0.0, "sfb": 0.021212784289943113, "dsfb": 0.0, "sfT": 4.8697851905287224e-05, "roll-out": 0.1888093634931034, "roll-in": 0.22801567940970413, "bad-redirect": 0.00771958348402613, "redirect": 0.0454279534760202, "oneh-out": 0.008677307904830112, "oneh-in": 0.01135633906431298, "dsfb-red": 0.02959271064580494, "dsfb-alt": 0.04601817144111228, "alternate": 0.22390623001358995, "sfR": 0.11643721321023381, "unknown": 0.07277796571541365}, "english-5k": {"sft": 0.0, "sfb": 0.025801634380055585, "dsfb": 0.0, "sfT": 0.0, "roll-out": 0.1706973078358983, "roll-in": 0.26137636371178496, "bad-redirect": 0.011241548098062803, "redirect": 0.060687767038619486, "oneh-out": 0.009416352096901314, "oneh-in": 0.015970465010163023, "dsfb-red": 0.022151242377732607, "dsfb-alt": 0.04405359439167047, "alternate": 0.2691334467167213, "sfR": 0.10644211224955408, "unknown": 0.0030281660928361057}, "mt-quotes": {"sft": 0.0, "sfb": 0.01839267998230956, "dsfb": 0.0, "sfT": 1.792950120127658e-05, "roll-out": 0.21313843965527546, "roll-in": 0.22831277417195586, "bad-redirect": 0.020760868265978175, "redirect": 0.042797719367447196, "oneh-out": 0.011630269779228075, "oneh-in": 0.01586611443802967, "dsfb-red": 0.029349099341389656, "dsfb-alt": 0.03644619356689497, "alternate": 0.25128046521079117, "sfR": 0.09572710103871578, "unknown": 0.03628034568078316}, "english-1k": {"sft": 0.0, "sfb": 0.013408609738884969, "dsfb": 0.0, "sfT": 0.0, "roll-out": 0.18419195483415668, "roll-in": 0.26534932956951307, "bad-redirect": 0.014467184191954835, "redirect": 0.05434015525758645, "oneh-out": 0.008468595624558928, "oneh-in": 0.025052928722653495, "dsfb-red": 0.021524347212420608, "dsfb-alt": 0.03705010585744531, "alternate": 0.26781933662667606, "sfR": 0.10832745236414962, "unknown": 0.0}, "english-10k": {"sft": 0.0, "sfb": 0.027324829702244265, "dsfb": 0.0, "sfT": 1.929719611740414e-05, "roll-out": 0.17072229405067443, "roll-in": 0.2693309662106096, "bad-redirect": 0.009667895254819476, "redirect": 0.05845120703961714, "oneh-out": 0.009050384979062543, "oneh-in": 0.016788560622141603, "dsfb-red": 0.021497076474788213, "dsfb-alt": 0.0461588931128307, "alternate": 0.2577912429324019, "sfR": 0.10543987958549622, "unknown": 0.0077574728391964646}, "reddit": {"sft": 0.0, "sfb": 0.02105484945210105, "dsfb": 0.0, "sfT": 3.240066247181096e-05, "roll-out": 0.18867969547872165, "roll-in": 0.22601866840019574, "bad-redirect": 0.014829277538268834, "redirect": 0.04255105960467071, "oneh-out": 0.011686338363676647, "oneh-in": 0.015842051078052446, "dsfb-red": 0.027236146703457337, "dsfb-alt": 0.0376688229026611, "alternate": 0.23315584138059037, "sfR": 0.1028716913164539, "unknown": 0.07837315711867839}, "akl": {"sft": 0.0, "sfb": 0.022591866075722222, "dsfb": 0.0, "sfT": 0.0001923679547327535, "roll-out": 0.18222251216812502, "roll-in": 0.2153915799957648, "bad-redirect": 0.015648095383776237, "redirect": 0.03946114173509824, "oneh-out": 0.007658412997209209, "oneh-in": 0.014429083507022081, "dsfb-red": 0.02829995919692915, "dsfb-alt": 0.03544526707301222, "alternate": 0.2228825306478395, "sfR": 0.11706348985084018, "unknown": 0.09871369341392838}, "keymash": {"sft": 0.0, "sfb": 0.01898913440579936, "dsfb": 0.0, "sfT": 1.6419485002852885e-05, "roll-out": 0.21025971520403264, "roll-in": 0.22644111767434413, "bad-redirect": 0.0188454639120244, "redirect": 0.044656894336509136, "oneh-out": 0.010504365530575134, "oneh-in": 0.016173192727810093, "dsfb-red": 0.028450862638693338, "dsfb-alt": 0.03718192378896036, "alternate": 0.24818051581812137, "sfR": 0.09899307508220005, "unknown": 0.04130731939592715}, "movie": {"sft": 0.0, "sfb": 0.018561217143145153, "dsfb": 0.0, "sfT": 1.2238598988354775e-05, "roll-out": 0.1954450303326438, "roll-in": 0.2038118893120052, "bad-redirect": 0.025085969578001265, "redirect": 0.0376136890177261, "oneh-out": 0.010938017549624557, "oneh-in": 0.014828576049535531, "dsfb-red": 0.029742164302796626, "dsfb-alt": 0.03605754457646486, "alternate": 0.21048811085907201, "sfR": 0.1138359467128768, "unknown": 0.10357960596711975}}