{"english-450k": {"sft": 0.0, "sfb": 0.0364207820728632, "dsfb": 0.0, "sfT": 0.00013360221387931131, "roll-out": 0.20743775510860368, "roll-in": 0.24023081317265207, "bad-redirect": 0.005455764803973102, "redirect": 0.061716037118612455, "oneh-out": 0.009821370624235149, "oneh-in": 0.01108372152036396, "dsfb-red": 0.03253842452293485, "dsfb-alt": 0.04526396230838899, "alternate": 0.22691619779208455, "sfR": 0.11328269117541298, "unknown": 0.009698877565995693}, "shai": {"sft": 0.0, "sfb": 0.024740473607991992, "dsfb": 0.0, "sfT": 8.623657858338703e-05, "roll-out": 0.19428842998569806, "roll-in": 0.23791046072417515, "bad-redirect": 0.010022303617779482, "redirect": 0.04929226478674202, "oneh-out": 0.008636476652300742, "oneh-in": 0.014370096385564551, "dsfb-red": 0.02803974940805968, "dsfb-alt": 0.05072815549011296, "alternate": 0.21718036925557796, "sfR": 0.09728563198976478, "unknown": 0.06741935151764922}, "tr-quotes": {"sft": 0.0, "sfb": 0.02819745267099697, "dsfb": 0.0, "sfT": 0.00010286401146529206, "roll-out": 0.20910982177943183, "roll-in": 0.22872448625783037, "bad-redirect": 0.017527334088439935, "redirect": 0.05076859064746538, "oneh-out": 0.010742932433369547, "oneh-in": 0.014761563532974272, "dsfb-red": 0.03517024571785211, "dsfb-alt": 0.0487194008460276, "alternate": 0.21398372668223112, "sfR": 0.09591664547745082, "unknown": 0.04627493585446476}, "gutenberg": {"sft": 0.0, "sfb": 0.026626096886303456, "dsfb": 0.0, "sfT": 0.00017276634147949367, "roll-out": 0.20902567739750239, "roll-in": 0.21443940163741573, "bad-redirect": 0.010830290031495758, "redirect": 0.044999001668180265, "oneh-out": 0.009556896010196245, "oneh-in": 0.014341500710577354, "dsfb-red": 0.033982116410415535, "dsfb-alt": 0.049848204309838245, "alternate": 0.20842232125976973, "sfR": 0.09761014138424484, "unknown": 0.08014558595258095}, "english-200": {"sft": 0.0, "sfb": 0.013363028953229399, "dsfb": 0.0, "sfT": 0.0, "roll-out": 0.22271714922049, "roll-in": 0.24944320712694878, "bad-redirect": 0.0022271714922048997, "redirect": 0.0400890868596882, "oneh-out": 0.004454342984409799, "oneh-in": 0.024498886414253896, "dsfb-red": 0.035634743875278395, "dsfb-alt": 0.05790645879732739, "alternate": 0.24276169265033407, "sfR": 0.10690423162583519, "unknown": 0.0}, "monkeyracer": {"sft": 0.0, "sfb": 0.02803247728232479, "dsfb": 0.0, "sfT": 0.00010850524735286297, "roll-out": 0.20887748877801585, "roll-in": 0.22902134132036223, "bad-redirect": 0.01786524234793625, "redirect": 0.050535097048657274, "oneh-out": 0.010626671567324084, "oneh-in": 0.01471956769945415, "dsfb-red": 0.03517916073634984, "dsfb-alt": 0.048559519527034425, "alternate": 0.21426462768037285, "sfR": 0.09605353707555875, "unknown": 0.046156763689256614}, "chained-bigrams": {"sft": 0.0, "sfb": 0.025168348474036577, "dsfb": 0.0, "sfT": 0.0001253158055696058, "roll-out": 0.19887488482958024, "roll-in": 0.21951433307642512, "bad-redirect": 0.005369749803423004, "redirect": 0.04877511916364361, "oneh-out": 0.00848965884882174, "oneh-in": 0.009880469499236742, "dsfb-red": 0.033078178232839366, "dsfb-alt": 0.04818490119855153, "alternate": 0.2126265089029413, "sfR": 0.11643721321023381, "unknown": 0.07347531895469736}, "english-5k": {"sft": 0.0, "sfb": 0.02646534201684158, "dsfb": 0.0, "sfT": 8.296345459824948e-05, "roll-out": 0.18500850375409633, "roll-in": 0.2717882772638653, "bad-redirect": 0.005351142821587091, "redirect": 0.06595594640560833, "oneh-out": 0.009125980005807442, "oneh-in": 0.013523043099514664, "dsfb-red": 0.031775003111129546, "dsfb-alt": 0.05222549466959804, "alternate": 0.22922802505496329, "sfR": 0.10644211224955408, "unknown": 0.0030281660928361057}, "mt-quotes": {"sft": 0.0, "sfb": 0.027974504249291786, "dsfb": 0.0, "sfT": 0.00011056525740787225, "roll-out": 0.213356581919891, "roll-in": 0.23063912695282152, "bad-redirect": 0.019117330655861155, "redirect": 0.050623946641804425, "oneh-out": 0.01080252447376914, "oneh-in": 0.01486953299625871, "dsfb-red": 0.03630425168238486, "dsfb-alt": 0.04821989935573326, "alternate": 0.21508229641051385, "sfR": 0.09572710103871578, "unknown": 0.03717233836554667}, "english-1k": {"sft": 0.0, "sfb": 0.015525758645024701, "dsfb": 0.0, "sfT": 0.0, "roll-out": 0.19195483415666903, "roll-in": 0.26323218066337334, "bad-redirect": 0.008468595624558928, "redirect": 0.056457304163726185, "oneh-out": 0.008115737473535639, "oneh-in": 0.022230063514467185, "dsfb-red": 0.03458009880028229, "dsfb-alt": 0.053634438955539876, "alternate": 0.23747353563867327, "sfR": 0.10832745236414962, "unknown": 0.0}, "english-10k": {"sft": 0.0, "sfb": 0.02940892688292391, "dsfb": 0.0, "sfT": 1.929719611740414e-05, "roll-out": 0.18822485092916, "roll-in": 0.27336408019914704, "bad-redirect": 0.0043418691264159315, "redirect": 0.06146156963393219, "oneh-out": 0.008934601802358118, "oneh-in": 0.012929121398660775, "dsfb-red": 0.029987842766446036, "dsfb-alt": 0.0526427510082785, "alternate": 0.22548773663186739, "sfR": 0.10543987958549622, "unknown": 0.0077574728391964646}, "reddit": {"sft": 0.0, "sfb": 0.027257759630909633, "dsfb": 0.0, "sfT": 0.00011289664357229852, "roll-out": 0.19675483954461526, "roll-in": 0.22183280246814388, "bad-redirect": 0.013571382686097325, "redirect": 0.04744895350542393, "oneh-out": 0.010314647890014546, "oneh-in": 0.01525835220718744, "dsfb-red": 0.032423698780967215, "dsfb-alt": 0.04843925259725022, "alternate": 0.20384028383729474, "sfR": 0.1028716913164539, "unknown": 0.07987343889206965}, "akl": {"sft": 0.0, "sfb": 0.031696477194453704, "dsfb": 0.0, "sfT": 0.00030431928941941557, "roll-out": 0.18312047710722212, "roll-in": 0.21080907173819224, "bad-redirect": 0.01413182700241411, "redirect": 0.045544120039586286, "oneh-out": 0.008836782884171196, "oneh-in": 0.013431805900795629, "dsfb-red": 0.03392472384821159, "dsfb-alt": 0.04998778881678653, "alternate": 0.19218927866787452, "sfR": 0.11706348985084018, "unknown": 0.09895983766003248}, "keymash": {"sft": 0.0, "sfb": 0.027835131951086355, "dsfb": 0.0, "sfT": 0.00013135588002282308, "roll-out": 0.20874912258377015, "roll-in": 0.22973732928866686, "bad-redirect": 0.017281507965502662, "redirect": 0.05098660580510892, "oneh-out": 0.009974837139233129, "oneh-in": 0.014830899828826868, "dsfb-red": 0.0355194509324215, "dsfb-alt": 0.05046528715626834, "alternate": 0.21311670559452903, "sfR": 0.09899307508220005, "unknown": 0.0423786907923633}, "movie": {"sft": 0.0, "sfb": 0.029430014229674287, "dsfb": 0.0, "sfT": 8.251184479245639e-05, "roll-out": 0.1918916254951862, "roll-in": 0.20092015840695027, "bad-redirect": 0.024531416286206347, "redirect": 0.044674834242652464, "oneh-out": 0.011782086086305285, "oneh-in": 0.013820405008139984, "dsfb-red": 0.03681844327916021, "dsfb-alt": 0.04457495148316686, "alternate": 0.18385402430796316, "sfR": 0.1138359467128768, "unknown": 0.10378358261692566}}