{"english-450k": {"sft": 0.0, "sfb": 0.04166371884247276, "dsfb": 0.0, "sfT": 6.285443322549657e-05, "roll-out": 0.18574800576038955, "roll-in": 0.2400843477259266, "bad-redirect": 0.010677652647107147, "redirect": 0.05679994340177548, "oneh-out": 0.008651108781436719, "oneh-in": 0.01224667470813617, "dsfb-red": 0.023080732572804435, "dsfb-alt": 0.039569350658159, "alternate": 0.25843404172715795, "sfR": 0.11328269117541298, "unknown": 0.009698877565995693}, "shai": {"sft": 0.0, "sfb": 0.02173699767125243, "dsfb": 0.0, "sfT": 2.3222452829779732e-05, "roll-out": 0.18776939593446065, "roll-in": 0.23452445293319704, "bad-redirect": 0.011764382361711068, "redirect": 0.045207590150335965, "oneh-out": 0.008915591183270668, "oneh-in": 0.01644614496445881, "dsfb-red": 0.021309793558586997, "dsfb-alt": 0.040805267192897766, "alternate": 0.24679217808958478, "sfR": 0.09728563198976478, "unknown": 0.06741935151764922}, "tr-quotes": {"sft": 0.0, "sfb": 0.025314948799149348, "dsfb": 0.0, "sfT": 2.7738609833337187e-05, "roll-out": 0.20404636970943807, "roll-in": 0.2267585122858926, "bad-redirect": 0.018545572224405355, "redirect": 0.04492267862508957, "oneh-out": 0.010567254571091745, "oneh-in": 0.015772867016481357, "dsfb-red": 0.02562700815977439, "dsfb-alt": 0.0395332978895541, "alternate": 0.24669217077737454, "sfR": 0.09591664547745082, "unknown": 0.04627493585446476}, "gutenberg": {"sft": 0.0, "sfb": 0.01977132707661543, "dsfb": 0.0, "sfT": 0.00010494797497767487, "roll-out": 0.2133522239688293, "roll-in": 0.21501756268368263, "bad-redirect": 0.010852643571292448, "redirect": 0.04040591755029452, "oneh-out": 0.010384545293007547, "oneh-in": 0.014877985665697887, "dsfb-red": 0.022988910749893062, "dsfb-alt": 0.03442672452823612, "alternate": 0.24006148360064758, "sfR": 0.09761014138424484, "unknown": 0.08014558595258095}, "english-200": {"sft": 0.0, "sfb": 0.011135857461024499, "dsfb": 0.0, "sfT": 0.0, "roll-out": 0.22271714922049, "roll-in": 0.24498886414253898, "bad-redirect": 0.008908685968819599, "redirect": 0.042316258351893093, "oneh-out": 0.0066815144766146995, "oneh-in": 0.024498886414253896, "dsfb-red": 0.026726057906458798, "dsfb-alt": 0.0378619153674833, "alternate": 0.267260579064588, "sfR": 0.10690423162583519, "unknown": 0.0}, "monkeyracer": {"sft": 0.0, "sfb": 0.025101858079046562, "dsfb": 0.0, "sfT": 2.7370693025947417e-05, "roll-out": 0.20369856264760625, "roll-in": 0.2271532915213413, "bad-redirect": 0.0188339693761046, "redirect": 0.04456437586999703, "oneh-out": 0.01048004285468508, "oneh-in": 0.01568340710386787, "dsfb-red": 0.025780260256189687, "dsfb-alt": 0.03923295587844284, "alternate": 0.24723360495487745, "sfR": 0.09605353707555875, "unknown": 0.046156763689256614}, "chained-bigrams": {"sft": 0.0, "sfb": 0.021960783295208328, "dsfb": 0.0, "sfT": 5.064576598149871e-05, "roll-out": 0.18714844209078707, "roll-in": 0.22795399546395742, "bad-redirect": 0.0075702434048499165, "redirect": 0.04535003691297174, "oneh-out": 0.008039690697216885, "oneh-in": 0.011097915796868923, "dsfb-red": 0.02918624590856881, "dsfb-alt": 0.04698498612760525, "alternate": 0.22474448237105296, "sfR": 0.11643721321023381, "unknown": 0.07347531895469736}, "english-5k": {"sft": 0.0, "sfb": 0.02576015265275646, "dsfb": 0.0, "sfT": 0.0, "roll-out": 0.17127805201808605, "roll-in": 0.2604222839839051, "bad-redirect": 0.010370431824781184, "redirect": 0.06035591322022649, "oneh-out": 0.009291906915003941, "oneh-in": 0.015970465010163023, "dsfb-red": 0.02119716264985274, "dsfb-alt": 0.04567138175633633, "alternate": 0.2702119716264985, "sfR": 0.10644211224955408, "unknown": 0.0030281660928361057}, "mt-quotes": {"sft": 0.0, "sfb": 0.02462318164975317, "dsfb": 0.0, "sfT": 1.792950120127658e-05, "roll-out": 0.20821977982572526, "roll-in": 0.22850402218476948, "bad-redirect": 0.020082535470529878, "redirect": 0.044408386225361876, "oneh-out": 0.010714371092862864, "oneh-in": 0.015867608563129774, "dsfb-red": 0.0264564731475837, "dsfb-alt": 0.039207336751891565, "alternate": 0.24899893618292873, "sfR": 0.09572710103871578, "unknown": 0.03717233836554667}, "english-1k": {"sft": 0.0, "sfb": 0.013408609738884969, "dsfb": 0.0, "sfT": 0.0, "roll-out": 0.18595624558927312, "roll-in": 0.2635850388143966, "bad-redirect": 0.012350035285815103, "redirect": 0.05434015525758645, "oneh-out": 0.008468595624558928, "oneh-in": 0.025052928722653495, "dsfb-red": 0.020112914608327453, "dsfb-alt": 0.03952011291460833, "alternate": 0.26887791107974596, "sfR": 0.10832745236414962, "unknown": 0.0}, "english-10k": {"sft": 0.0, "sfb": 0.027479207271183498, "dsfb": 0.0, "sfT": 1.929719611740414e-05, "roll-out": 0.17114683236525732, "roll-in": 0.2682889176202698, "bad-redirect": 0.008722332645066671, "redirect": 0.058238937882325696, "oneh-out": 0.008934601802358118, "oneh-in": 0.016788560622141603, "dsfb-red": 0.02068659423785724, "dsfb-alt": 0.04766407440998823, "alternate": 0.25883329152274176, "sfR": 0.10543987958549622, "unknown": 0.0077574728391964646}, "reddit": {"sft": 0.0, "sfb": 0.022440024594537547, "dsfb": 0.0, "sfT": 2.4909179819369117e-05, "roll-out": 0.18673224710580613, "roll-in": 0.22624614727093714, "bad-redirect": 0.014276368661105364, "redirect": 0.04325465965538805, "oneh-out": 0.011112715536979175, "oneh-in": 0.015916628787857504, "dsfb-red": 0.025923301826030167, "dsfb-alt": 0.040059504846708345, "alternate": 0.23126836232630762, "sfR": 0.1028716913164539, "unknown": 0.07987343889206965}, "akl": {"sft": 0.0, "sfb": 0.024708223349046172, "dsfb": 0.0, "sfT": 0.00018865069956883556, "roll-out": 0.1794084880547864, "roll-in": 0.21708875479510428, "bad-redirect": 0.015186226429659434, "redirect": 0.040598002272729805, "oneh-out": 0.007144936150566677, "oneh-in": 0.01449494087767616, "dsfb-red": 0.026530050104882356, "dsfb-alt": 0.03790782471060239, "alternate": 0.22072057504450485, "sfR": 0.11706348985084018, "unknown": 0.09895983766003248}, "keymash": {"sft": 0.0, "sfb": 0.0244034595854901, "dsfb": 0.0, "sfT": 3.283897000570577e-05, "roll-out": 0.20632724854584936, "roll-in": 0.2262646082105635, "bad-redirect": 0.018061433503138175, "redirect": 0.04583499238546383, "oneh-out": 0.009868110486714585, "oneh-in": 0.016148563500305812, "dsfb-red": 0.025725228128219757, "dsfb-alt": 0.03966947576689257, "alternate": 0.24629227504279327, "sfR": 0.09899307508220005, "unknown": 0.0423786907923633}, "movie": {"sft": 0.0, "sfb": 0.02872372862999149, "dsfb": 0.0, "sfT": 1.4475762244290594e-05, "roll-out": 0.18837283088927634, "roll-in": 0.20411627511265104, "bad-redirect": 0.024094774657783112, "redirect": 0.0405148949671591, "oneh-out": 0.009366476161248936, "oneh-in": 0.014858448758894204, "dsfb-red": 0.02544733724275419, "dsfb-alt": 0.03962713594806833, "alternate": 0.2072440925401265, "sfR": 0.1138359467128768, "unknown": 0.10378358261692566}}