{"english-450k": {"sft": 0.0, "sfb": 0.03417731732601454, "dsfb": 0.0, "sfT": 0.00014032617650343418, "roll-out": 0.20800578377724155, "roll-in": 0.24095992459806784, "bad-redirect": 0.005455472457772053, "redirect": 0.061949037040848365, "oneh-out": 0.009828386933060321, "oneh-in": 0.011094830676003815, "dsfb-red": 0.03322719217260588, "dsfb-alt": 0.046746157547706516, "alternate": 0.22543400255276702, "sfR": 0.11328269117541298, "unknown": 0.009698877565995693}, "shai": {"sft": 0.0, "sfb": 0.024057690920299614, "dsfb": 0.0, "sfT": 8.940644339465196e-05, "roll-out": 0.19450757253223508, "roll-in": 0.23826907732240785, "bad-redirect": 0.010022725492339223, "redirect": 0.049385514546080006, "oneh-out": 0.00866774568503604, "oneh-in": 0.014375232418048738, "dsfb-red": 0.02822345836198726, "dsfb-alt": 0.051033701042811984, "alternate": 0.21701578786196452, "sfR": 0.09728563198976478, "unknown": 0.06706645538363028}, "tr-quotes": {"sft": 0.0, "sfb": 0.0275999167841705, "dsfb": 0.0, "sfT": 0.00010633133769445921, "roll-out": 0.2094646448302166, "roll-in": 0.2290827766348443, "bad-redirect": 0.01753426874089827, "redirect": 0.0509396454081043, "oneh-out": 0.010835394466147338, "oneh-in": 0.01476503085920344, "dsfb-red": 0.03531934074570629, "dsfb-alt": 0.0490291486558332, "alternate": 0.21406231941009224, "sfR": 0.09591664547745082, "unknown": 0.045344536649638244}, "gutenberg": {"sft": 0.0, "sfb": 0.026216345135623473, "dsfb": 0.0, "sfT": 0.00017409239892505994, "roll-out": 0.21046615465694327, "roll-in": 0.21511284938298547, "bad-redirect": 0.010845444973730802, "redirect": 0.04556882749621789, "oneh-out": 0.010021016116144447, "oneh-in": 0.014343963388690548, "dsfb-red": 0.0342757434162195, "dsfb-alt": 0.05019165318823992, "alternate": 0.2099823331260895, "sfR": 0.09761014138424484, "unknown": 0.07519143533594529}, "english-200": {"sft": 0.0, "sfb": 0.013363028953229399, "dsfb": 0.0, "sfT": 0.0, "roll-out": 0.22271714922049, "roll-in": 0.24944320712694878, "bad-redirect": 0.0022271714922048997, "redirect": 0.0400890868596882, "oneh-out": 0.004454342984409799, "oneh-in": 0.024498886414253896, "dsfb-red": 0.035634743875278395, "dsfb-alt": 0.05790645879732739, "alternate": 0.24276169265033407, "sfR": 0.10690423162583519, "unknown": 0.0}, "monkeyracer": {"sft": 0.0, "sfb": 0.027424456887248386, "dsfb": 0.0, "sfT": 0.00011143782160564305, "roll-out": 0.20923233026260224, "roll-in": 0.22937813785445046, "bad-redirect": 0.01787110749644181, "redirect": 0.050702253781065736, "oneh-out": 0.010715626319658413, "oneh-in": 0.01472250027370693, "dsfb-red": 0.03532872202324163, "dsfb-alt": 0.048860597150319846, "alternate": 0.2143535824327072, "sfR": 0.09605353707555875, "unknown": 0.04524571062139293}, "chained-bigrams": {"sft": 0.0, "sfb": 0.024695005353517187, "dsfb": 0.0, "sfT": 0.00012661441495374678, "roll-out": 0.19921966562106969, "roll-in": 0.21978184660955816, "bad-redirect": 0.005371697717499216, "redirect": 0.048923160633435686, "oneh-out": 0.008562380974333634, "oneh-in": 0.009885663936773306, "dsfb-red": 0.0331632371475006, "dsfb-alt": 0.04841930019238898, "alternate": 0.21263624847332235, "sfR": 0.11643721321023381, "unknown": 0.07277796571541365}, "english-5k": {"sft": 0.0, "sfb": 0.025262371925166963, "dsfb": 0.0, "sfT": 8.296345459824948e-05, "roll-out": 0.1852988758451902, "roll-in": 0.27224457626415566, "bad-redirect": 0.005351142821587091, "redirect": 0.0660803915875057, "oneh-out": 0.009125980005807442, "oneh-in": 0.013523043099514664, "dsfb-red": 0.032106856929522545, "dsfb-alt": 0.05264031194258929, "alternate": 0.22881320778197203, "sfR": 0.10644211224955408, "unknown": 0.0030281660928361057}, "mt-quotes": {"sft": 0.0, "sfb": 0.027372371833948913, "dsfb": 0.0, "sfT": 0.00011205938250797863, "roll-out": 0.21369276006741492, "roll-in": 0.23100518760234756, "bad-redirect": 0.019126295406461793, "redirect": 0.05078531215261591, "oneh-out": 0.010899642605276054, "oneh-in": 0.014872521246458924, "dsfb-red": 0.03645067594219529, "dsfb-alt": 0.048497806624353046, "alternate": 0.21517792041692066, "sfR": 0.09572710103871578, "unknown": 0.03628034568078316}, "english-1k": {"sft": 0.0, "sfb": 0.015525758645024701, "dsfb": 0.0, "sfT": 0.0, "roll-out": 0.19195483415666903, "roll-in": 0.26323218066337334, "bad-redirect": 0.008468595624558928, "redirect": 0.056457304163726185, "oneh-out": 0.008115737473535639, "oneh-in": 0.022230063514467185, "dsfb-red": 0.03458009880028229, "dsfb-alt": 0.053634438955539876, "alternate": 0.23747353563867327, "sfR": 0.10832745236414962, "unknown": 0.0}, "english-10k": {"sft": 0.0, "sfb": 0.028251095115879664, "dsfb": 0.0, "sfT": 1.929719611740414e-05, "roll-out": 0.18855290326315585, "roll-in": 0.27369213253314295, "bad-redirect": 0.0043418691264159315, "redirect": 0.06165454159510623, "oneh-out": 0.008934601802358118, "oneh-in": 0.012929121398660775, "dsfb-red": 0.030296597904324502, "dsfb-alt": 0.05322166689180062, "alternate": 0.22490882074834526, "sfR": 0.10543987958549622, "unknown": 0.0077574728391964646}, "reddit": {"sft": 0.0, "sfb": 0.027266599580439515, "dsfb": 0.0, "sfT": 0.00011623035335263513, "roll-out": 0.1968842549074362, "roll-in": 0.22240668749673417, "bad-redirect": 0.013571869632469733, "redirect": 0.047621632180562715, "oneh-out": 0.010326147315886046, "oneh-in": 0.015265394200880735, "dsfb-red": 0.03253116409961649, "dsfb-alt": 0.04876719225036086, "alternate": 0.20399797954712864, "sfR": 0.1028716913164539, "unknown": 0.07837315711867839}, "akl": {"sft": 0.0, "sfb": 0.030998314720417187, "dsfb": 0.0, "sfT": 0.0003058061914849827, "roll-out": 0.18327499101353564, "roll-in": 0.2113109631395739, "bad-redirect": 0.014130154237590346, "redirect": 0.04567323270227971, "oneh-out": 0.008842978309444393, "oneh-in": 0.013430318998730062, "dsfb-red": 0.03402769181625211, "dsfb-alt": 0.050239075265867385, "alternate": 0.19198929034005574, "sfR": 0.11706348985084018, "unknown": 0.09871369341392838}, "keymash": {"sft": 0.0, "sfb": 0.027338442529750054, "dsfb": 0.0, "sfT": 0.00013135588002282308, "roll-out": 0.2091062463825822, "roll-in": 0.23018065538374388, "bad-redirect": 0.017285612836753374, "redirect": 0.05114669578388674, "oneh-out": 0.010052829692996678, "oneh-in": 0.014830899828826868, "dsfb-red": 0.03564670194119361, "dsfb-alt": 0.05076494275757041, "alternate": 0.21321522250454614, "sfR": 0.09899307508220005, "unknown": 0.04130731939592715}, "movie": {"sft": 0.0, "sfb": 0.028847825391776636, "dsfb": 0.0, "sfT": 8.448581237122328e-05, "roll-out": 0.1919511077182264, "roll-in": 0.2012634971678171, "bad-redirect": 0.024532205873237855, "redirect": 0.044874862957300844, "oneh-out": 0.011799325403159849, "oneh-in": 0.013833169998482676, "dsfb-red": 0.036880425861133485, "dsfb-alt": 0.04478090210055154, "alternate": 0.1837366390359458, "sfR": 0.1138359467128768, "unknown": 0.10357960596711975}}