{"english-450k": {"sft": 0.0, "sfb": 0.03463776259266644, "dsfb": 0.0, "sfT": 2.368004228495452e-05, "roll-out": 0.2057725511474296, "roll-in": 0.2449267702000993, "bad-redirect": 0.005776760932724708, "redirect": 0.06169995807755477, "oneh-out": 0.00991521375477182, "oneh-in": 0.012222702319650168, "dsfb-red": 0.03189350880342115, "dsfb-alt": 0.04608106994032045, "alternate": 0.224068453447668, "sfR": 0.11328269117541298, "unknown": 0.009698877565995693}, "shai": {"sft": 0.0, "sfb": 0.023014449319783394, "dsfb": 0.0, "sfT": 5.6809860439251144e-05, "roll-out": 0.19102462648232788, "roll-in": 0.24360653362162202, "bad-redirect": 0.01025972223469354, "redirect": 0.048143391989120744, "oneh-out": 0.00858663739811923, "oneh-in": 0.016247209822292503, "dsfb-red": 0.026638533697172402, "dsfb-alt": 0.052844568562434184, "alternate": 0.21487253350458085, "sfR": 0.09728563198976478, "unknown": 0.06741935151764922}, "tr-quotes": {"sft": 0.0, "sfb": 0.022979126696100412, "dsfb": 0.0, "sfT": 6.934652458334296e-05, "roll-out": 0.20772635861399413, "roll-in": 0.23693742631931763, "bad-redirect": 0.017697233073669126, "redirect": 0.048608446406694254, "oneh-out": 0.010610018261251474, "oneh-in": 0.016624673493446752, "dsfb-red": 0.03248191211483784, "dsfb-alt": 0.05231386237026421, "alternate": 0.21176001479392526, "sfR": 0.09591664547745082, "unknown": 0.04627493585446476}, "gutenberg": {"sft": 0.0, "sfb": 0.023938178444140586, "dsfb": 0.0, "sfT": 0.00011517756098632911, "roll-out": 0.20600321360550095, "roll-in": 0.2209149190176718, "bad-redirect": 0.01102465216566019, "redirect": 0.04347687715744811, "oneh-out": 0.00962604043414363, "oneh-in": 0.015611105996318106, "dsfb-red": 0.03163025881231475, "dsfb-alt": 0.05308492109768762, "alternate": 0.20681892837130214, "sfR": 0.09761014138424484, "unknown": 0.08014558595258095}, "english-200": {"sft": 0.0, "sfb": 0.008908685968819599, "dsfb": 0.0, "sfT": 0.0, "roll-out": 0.22048997772828507, "roll-in": 0.2561247216035635, "bad-redirect": 0.0022271714922048997, "redirect": 0.0378619153674833, "oneh-out": 0.004454342984409799, "oneh-in": 0.028953229398663696, "dsfb-red": 0.035634743875278395, "dsfb-alt": 0.062360801781737196, "alternate": 0.23608017817371937, "sfR": 0.10690423162583519, "unknown": 0.0}, "monkeyracer": {"sft": 0.0, "sfb": 0.022892652141952234, "dsfb": 0.0, "sfT": 7.233683156857532e-05, "roll-out": 0.20747180818618327, "roll-in": 0.237212021208377, "bad-redirect": 0.01805683719911788, "redirect": 0.04837378982435835, "oneh-out": 0.010482975428937861, "oneh-in": 0.01657588720146394, "dsfb-red": 0.03251638331482553, "dsfb-alt": 0.05226238328354474, "alternate": 0.21187262461485526, "sfR": 0.09605353707555875, "unknown": 0.046156763689256614}, "chained-bigrams": {"sft": 0.0, "sfb": 0.0235502811813969, "dsfb": 0.0, "sfT": 5.7138812902203675e-05, "roll-out": 0.1946745327765762, "roll-in": 0.22413933039804326, "bad-redirect": 0.005735957649750764, "redirect": 0.04830307465250836, "oneh-out": 0.008389665926242882, "oneh-in": 0.010250573173716925, "dsfb-red": 0.033041817170083414, "dsfb-alt": 0.04748819726395989, "alternate": 0.21445689882988803, "sfR": 0.11643721321023381, "unknown": 0.07347531895469736}, "english-5k": {"sft": 0.0, "sfb": 0.026589787198738956, "dsfb": 0.0, "sfT": 0.0, "roll-out": 0.18289293566184095, "roll-in": 0.2731571742647364, "bad-redirect": 0.005848923549176588, "redirect": 0.06545816567801883, "oneh-out": 0.009291906915003941, "oneh-in": 0.015182312191479653, "dsfb-red": 0.03057203301945493, "dsfb-alt": 0.0553366242170324, "alternate": 0.2261998589621272, "sfR": 0.10644211224955408, "unknown": 0.0030281660928361057}, "mt-quotes": {"sft": 0.0, "sfb": 0.022465665005199555, "dsfb": 0.0, "sfT": 7.32121299052127e-05, "roll-out": 0.21210151683580164, "roll-in": 0.23898680388711585, "bad-redirect": 0.019305590418474558, "redirect": 0.04836333536534347, "oneh-out": 0.010650123713558288, "oneh-in": 0.016684894992887965, "dsfb-red": 0.03360885000179295, "dsfb-alt": 0.05209565986540921, "alternate": 0.21276490838024886, "sfR": 0.09572710103871578, "unknown": 0.03717233836554667}, "english-1k": {"sft": 0.0, "sfb": 0.013761467889908258, "dsfb": 0.0, "sfT": 0.0, "roll-out": 0.18877911079745943, "roll-in": 0.2702893436838391, "bad-redirect": 0.008821453775582216, "redirect": 0.05434015525758645, "oneh-out": 0.0077628793225123505, "oneh-in": 0.024700070571630206, "dsfb-red": 0.034227240649259, "dsfb-alt": 0.05751587861679605, "alternate": 0.23147494707127736, "sfR": 0.10832745236414962, "unknown": 0.0}, "english-10k": {"sft": 0.0, "sfb": 0.028135311939175237, "dsfb": 0.0, "sfT": 0.0, "roll-out": 0.18563902664942783, "roll-in": 0.27525520541865267, "bad-redirect": 0.004824299029351035, "redirect": 0.061558055614519214, "oneh-out": 0.00899249339071033, "oneh-in": 0.015013218579340421, "dsfb-red": 0.029621196040215358, "dsfb-alt": 0.054533876227784106, "alternate": 0.2232299646861311, "sfR": 0.10543987958549622, "unknown": 0.0077574728391964646}, "reddit": {"sft": 0.0, "sfb": 0.02311013771779847, "dsfb": 0.0, "sfT": 9.169574766588811e-05, "roll-out": 0.1949426124335763, "roll-in": 0.2315537503579524, "bad-redirect": 0.01368574016878685, "redirect": 0.04501527045095167, "oneh-out": 0.010201039555590267, "oneh-in": 0.01696318891440363, "dsfb-red": 0.029050246685159393, "dsfb-alt": 0.05091541235836181, "alternate": 0.20172577540122977, "sfR": 0.1028716913164539, "unknown": 0.07987343889206965}, "akl": {"sft": 0.0, "sfb": 0.025266988754435768, "dsfb": 0.0, "sfT": 0.00015290309574249135, "roll-out": 0.18508764853996748, "roll-in": 0.22345455426331376, "bad-redirect": 0.0141790980972486, "redirect": 0.04229474339230015, "oneh-out": 0.007312212632942985, "oneh-in": 0.014951667628816211, "dsfb-red": 0.029188630998116468, "dsfb-alt": 0.05083526103990709, "alternate": 0.19125296404633632, "sfR": 0.11706348985084018, "unknown": 0.09895983766003248}, "keymash": {"sft": 0.0, "sfb": 0.023155578725273282, "dsfb": 0.0, "sfT": 7.79925537635512e-05, "roll-out": 0.2066556382459064, "roll-in": 0.2372943972612299, "bad-redirect": 0.017490856399289035, "redirect": 0.0488684922397409, "oneh-out": 0.009790117932951033, "oneh-in": 0.016903859810437044, "dsfb-red": 0.03302779408323858, "dsfb-alt": 0.05433618074569091, "alternate": 0.211027326127916, "sfR": 0.09899307508220005, "unknown": 0.0423786907923633}, "movie": {"sft": 0.0, "sfb": 0.021090922394254228, "dsfb": 0.0, "sfT": 4.105852563835151e-05, "roll-out": 0.19149393682698398, "roll-in": 0.2125630139800332, "bad-redirect": 0.024625377142955655, "redirect": 0.04184205916928338, "oneh-out": 0.011478226677013766, "oneh-in": 0.015969792505739967, "dsfb-red": 0.03311304293813757, "dsfb-alt": 0.04760354414034962, "alternate": 0.1825594963698078, "sfR": 0.1138359467128768, "unknown": 0.10378358261692566}}