{"english-450k": {"sft": 0.0, "sfb": 0.03154970967098774, "dsfb": 0.0, "sfT": 2.0171887872368665e-05, "roll-out": 0.16585150800940887, "roll-in": 0.13731296420922398, "bad-redirect": 0.008675665862324818, "redirect": 0.035985478579501504, "oneh-out": 0.014522882229502293, "oneh-in": 0.012046417560417728, "dsfb-red": 0.02098899550430012, "dsfb-alt": 0.02378148641671846, "alternate": 0.15861360076384215, "sfR": 0.11328269117541298, "unknown": 0.27736842813048695}, "shai": {"sft": 0.0, "sfb": 0.018488548079611523, "dsfb": 0.0, "sfT": 5.3945757923578315e-05, "roll-out": 0.15079313191313068, "roll-in": 0.13023229342157452, "bad-redirect": 0.004656802336364534, "redirect": 0.030407112046477107, "oneh-out": 0.012484251306572604, "oneh-in": 0.013196735511434271, "dsfb-red": 0.018624592949105984, "dsfb-alt": 0.0187051593787901, "alternate": 0.14861127409832633, "sfR": 0.09728563198976478, "unknown": 0.356460521210924}, "tr-quotes": {"sft": 0.0, "sfb": 0.01998451260950972, "dsfb": 0.0, "sfT": 3.236171147222672e-05, "roll-out": 0.1496070363606944, "roll-in": 0.13673169829638704, "bad-redirect": 0.005271491643743788, "redirect": 0.03335105522294907, "oneh-out": 0.009477358359723539, "oneh-in": 0.01445412727398812, "dsfb-red": 0.01948406185709993, "dsfb-alt": 0.0195187351193916, "alternate": 0.1500970851344167, "sfR": 0.09591664547745082, "unknown": 0.34607383093317307}, "gutenberg": {"sft": 0.0, "sfb": 0.01658556878203139, "dsfb": 0.0, "sfT": 6.270357349749167e-05, "roll-out": 0.13768435513636984, "roll-in": 0.13470413574584858, "bad-redirect": 0.005230160002091382, "redirect": 0.029688342401671893, "oneh-out": 0.008423685204570881, "oneh-in": 0.014641758003609149, "dsfb-red": 0.020300423997396382, "dsfb-alt": 0.016757387939621195, "alternate": 0.14245342602096003, "sfR": 0.09761014138424484, "unknown": 0.3758579118080869}, "english-200": {"sft": 0.0, "sfb": 0.011135857461024499, "dsfb": 0.0, "sfT": 0.0, "roll-out": 0.15367483296213807, "roll-in": 0.15812917594654788, "bad-redirect": 0.0022271714922048997, "redirect": 0.044543429844097995, "oneh-out": 0.0066815144766146995, "oneh-in": 0.024498886414253896, "dsfb-red": 0.017817371937639197, "dsfb-alt": 0.008908685968819599, "alternate": 0.1492204899777283, "sfR": 0.10690423162583519, "unknown": 0.31625835189309576}, "monkeyracer": {"sft": 0.0, "sfb": 0.01997083066143235, "dsfb": 0.0, "sfT": 3.714594053521435e-05, "roll-out": 0.14924554639723478, "roll-in": 0.1368251169119602, "bad-redirect": 0.005309914447033799, "redirect": 0.03342939143219106, "oneh-out": 0.009323631074338803, "oneh-in": 0.014464433739462284, "dsfb-red": 0.019372585513865212, "dsfb-alt": 0.019509438978994948, "alternate": 0.15017908253436976, "sfR": 0.09605353707555875, "unknown": 0.34627934529302284}, "chained-bigrams": {"sft": 0.0, "sfb": 0.017470192044848773, "dsfb": 0.0, "sfT": 8.505891466123501e-05, "roll-out": 0.1407277017405911, "roll-in": 0.14048226456698845, "bad-redirect": 0.00618722441073976, "redirect": 0.03739930095856852, "oneh-out": 0.011310887735868046, "oneh-in": 0.011479706955806374, "dsfb-red": 0.018297406222546587, "dsfb-alt": 0.022465942345639173, "alternate": 0.12931357455868384, "sfR": 0.11643721321023381, "unknown": 0.34834352633482435}, "english-5k": {"sft": 0.0, "sfb": 0.01986974737628075, "dsfb": 0.0, "sfT": 4.148172729912474e-05, "roll-out": 0.17488696229310988, "roll-in": 0.1280955738996972, "bad-redirect": 0.005475588003484465, "redirect": 0.03040610611025843, "oneh-out": 0.022192724105031734, "oneh-in": 0.011490438461857553, "dsfb-red": 0.02322976728750985, "dsfb-alt": 0.022441614468826483, "alternate": 0.1608246567387066, "sfR": 0.10644211224955408, "unknown": 0.2946032272783839}, "mt-quotes": {"sft": 0.0, "sfb": 0.019960017212321154, "dsfb": 0.0, "sfT": 2.9882502002127634e-05, "roll-out": 0.1497023702800588, "roll-in": 0.13809451237733233, "bad-redirect": 0.0052578262272743575, "redirect": 0.034130299661730076, "oneh-out": 0.00881234984042744, "oneh-in": 0.014652884856743285, "dsfb-red": 0.019002283023152964, "dsfb-alt": 0.019339955295777006, "alternate": 0.1519913699334218, "sfR": 0.09572710103871578, "unknown": 0.3432991477510429}, "english-1k": {"sft": 0.0, "sfb": 0.014114326040931546, "dsfb": 0.0, "sfT": 0.0, "roll-out": 0.14820042342978124, "roll-in": 0.13549752999294284, "bad-redirect": 0.003175723359209598, "redirect": 0.033168666196189134, "oneh-out": 0.01305575158786168, "oneh-in": 0.016937191249117856, "dsfb-red": 0.022582921665490474, "dsfb-alt": 0.01799576570218772, "alternate": 0.1683133380381087, "sfR": 0.10832745236414962, "unknown": 0.31863091037402963}, "english-10k": {"sft": 0.0, "sfb": 0.021651454043727446, "dsfb": 0.0, "sfT": 0.0, "roll-out": 0.17261341927018004, "roll-in": 0.12176530750082012, "bad-redirect": 0.006078616776982304, "redirect": 0.030547461453850757, "oneh-out": 0.02022346153103954, "oneh-in": 0.010709943845159298, "dsfb-red": 0.02074448582620945, "dsfb-alt": 0.022944366183593523, "alternate": 0.16416124737075702, "sfR": 0.10543987958549622, "unknown": 0.3031203566121842}, "reddit": {"sft": 0.0, "sfb": 0.02316130454431465, "dsfb": 0.0, "sfT": 8.34925741614643e-05, "roll-out": 0.14122388726667076, "roll-in": 0.13561254201551223, "bad-redirect": 0.004630597799714088, "redirect": 0.032796100383620096, "oneh-out": 0.009313973094714628, "oneh-in": 0.014074660490688368, "dsfb-red": 0.016648284441108236, "dsfb-alt": 0.01732379143187892, "alternate": 0.1438005078101516, "sfR": 0.1028716913164539, "unknown": 0.3584591668310111}, "akl": {"sft": 0.0, "sfb": 0.023734860084374258, "dsfb": 0.0, "sfT": 0.0001893321963488872, "roll-out": 0.14045060071462992, "roll-in": 0.12899253339736924, "bad-redirect": 0.0031718718771184483, "redirect": 0.03721090132162051, "oneh-out": 0.008137257416574572, "oneh-in": 0.013283301556997107, "dsfb-red": 0.016035123600592827, "dsfb-alt": 0.01679164698070286, "alternate": 0.14599228471299877, "sfR": 0.11706348985084018, "unknown": 0.3489467962898324}, "keymash": {"sft": 0.0, "sfb": 0.02064339751983679, "dsfb": 0.0, "sfT": 6.157306876069832e-05, "roll-out": 0.15099768895748586, "roll-in": 0.13615036964365612, "bad-redirect": 0.005328122883425762, "redirect": 0.033737936809611964, "oneh-out": 0.009523301301654673, "oneh-in": 0.014625656266291209, "dsfb-red": 0.019949674278466258, "dsfb-alt": 0.01911638541457147, "alternate": 0.14938447455595555, "sfR": 0.09899307508220005, "unknown": 0.3414883442180836}, "movie": {"sft": 0.0, "sfb": 0.021702852343671968, "dsfb": 0.0, "sfT": 4.23745040241961e-05, "roll-out": 0.14580922077103436, "roll-in": 0.1301390765437512, "bad-redirect": 0.006048236661341779, "redirect": 0.03287235049136659, "oneh-out": 0.007022587058221121, "oneh-in": 0.015418265964232496, "dsfb-red": 0.01980442192425255, "dsfb-alt": 0.017542123481147098, "alternate": 0.13717113864635042, "sfR": 0.1138359467128768, "unknown": 0.3525914048977294}}