{"english-450k": {"sft": 0.0, "sfb": 0.024127331972559216, "dsfb": 0.0, "sfT": 7.893347428318173e-06, "roll-out": 0.1903597670819347, "roll-in": 0.22637711139735053, "bad-redirect": 0.002070688142028801, "redirect": 0.029286950074869863, "oneh-out": 0.00980119873636278, "oneh-in": 0.0183900377769761, "dsfb-red": 0.02173535535557776, "dsfb-alt": 0.04007277081636507, "alternate": 0.3147887418647361, "sfR": 0.11328269117541298, "unknown": 0.00969946225839779}, "shai": {"sft": 0.0, "sfb": 0.01773119035506511, "dsfb": 0.0, "sfT": 3.2782362578039053e-06, "roll-out": 0.19530521734203235, "roll-in": 0.24084611548742535, "bad-redirect": 0.007820656402755359, "redirect": 0.026036805110673567, "oneh-out": 0.007968057051683582, "oneh-in": 0.019327315982961533, "dsfb-red": 0.02084138894419273, "dsfb-alt": 0.032365922072260224, "alternate": 0.2597214799638225, "sfR": 0.09728563198976478, "unknown": 0.07474694106110509}, "tr-quotes": {"sft": 0.0, "sfb": 0.016801507131134277, "dsfb": 0.0, "sfT": 2.3115508194447656e-06, "roll-out": 0.21313769908231434, "roll-in": 0.2336157277917755, "bad-redirect": 0.013797646841265805, "redirect": 0.030800258893691777, "oneh-out": 0.009404544508911029, "oneh-in": 0.020830540209426505, "dsfb-red": 0.025013291417211807, "dsfb-alt": 0.030347194933080603, "alternate": 0.24256836411548507, "sfR": 0.09591664547745082, "unknown": 0.06776426804743302}, "gutenberg": {"sft": 0.0, "sfb": 0.017367942674915503, "dsfb": 0.0, "sfT": 4.735919448451032e-06, "roll-out": 0.21639912510518478, "roll-in": 0.235880613911555, "bad-redirect": 0.007109372839236751, "redirect": 0.029543991576883106, "oneh-out": 0.013155626480685216, "oneh-in": 0.01584468154351571, "dsfb-red": 0.026702439907812486, "dsfb-alt": 0.028365694818108488, "alternate": 0.2302804838821506, "sfR": 0.09761014138424484, "unknown": 0.08173514995625905}, "english-200": {"sft": 0.0, "sfb": 0.008908685968819599, "dsfb": 0.0, "sfT": 0.0, "roll-out": 0.27616926503340755, "roll-in": 0.22939866369710468, "bad-redirect": 0.004454342984409799, "redirect": 0.022271714922048998, "oneh-out": 0.011135857461024499, "oneh-in": 0.024498886414253896, "dsfb-red": 0.028953229398663696, "dsfb-alt": 0.035634743875278395, "alternate": 0.2516703786191537, "sfR": 0.10690423162583519, "unknown": 0.0}, "monkeyracer": {"sft": 0.0, "sfb": 0.016778234824905768, "dsfb": 0.0, "sfT": 1.9550495018533868e-06, "roll-out": 0.21383549431471605, "roll-in": 0.2330409230961728, "bad-redirect": 0.01409297433411014, "redirect": 0.03074608599089729, "oneh-out": 0.00946928226222688, "oneh-in": 0.02068540125435976, "dsfb-red": 0.025062757089009492, "dsfb-alt": 0.03026123371443765, "alternate": 0.24238899228928476, "sfR": 0.09605353707555875, "unknown": 0.0675831287048188}, "chained-bigrams": {"sft": 0.0, "sfb": 0.01747798370115362, "dsfb": 0.0, "sfT": 1.4934007917621416e-05, "roll-out": 0.16001270039977689, "roll-in": 0.22998696845483013, "bad-redirect": 0.0033841760550714266, "redirect": 0.034660533767415166, "oneh-out": 0.010320048775768469, "oneh-in": 0.01756888635804349, "dsfb-red": 0.03002384896133975, "dsfb-alt": 0.043296935476644836, "alternate": 0.25546828179044473, "sfR": 0.11643721321023381, "unknown": 0.08134748904136006}, "english-5k": {"sft": 0.0, "sfb": 0.02198531546853611, "dsfb": 0.0, "sfT": 0.0, "roll-out": 0.19824117476251712, "roll-in": 0.23097025760152654, "bad-redirect": 0.0022400132741527356, "redirect": 0.02538681710706434, "oneh-out": 0.009043016551209192, "oneh-in": 0.024183847015389722, "dsfb-red": 0.023105322105612478, "dsfb-alt": 0.038909860206579, "alternate": 0.31638113411042434, "sfR": 0.10644211224955408, "unknown": 0.003111129547434355}, "mt-quotes": {"sft": 0.0, "sfb": 0.016412964224668602, "dsfb": 0.0, "sfT": 1.4941251001063816e-06, "roll-out": 0.21950789495702897, "roll-in": 0.23572662291868374, "bad-redirect": 0.015304323400389667, "redirect": 0.03121376746632242, "oneh-out": 0.009693883649490205, "oneh-in": 0.021370471306821577, "dsfb-red": 0.025782622727435724, "dsfb-alt": 0.030043867512939124, "alternate": 0.2395157241725535, "sfR": 0.09572710103871578, "unknown": 0.05969926249985059}, "english-1k": {"sft": 0.0, "sfb": 0.015525758645024701, "dsfb": 0.0, "sfT": 0.0, "roll-out": 0.2399435426958363, "roll-in": 0.22618207480592803, "bad-redirect": 0.002117148906139732, "redirect": 0.029640084685956247, "oneh-out": 0.010232886379675371, "oneh-in": 0.01834862385321101, "dsfb-red": 0.022935779816513763, "dsfb-alt": 0.03669724770642202, "alternate": 0.2900494001411433, "sfR": 0.10832745236414962, "unknown": 0.0}, "english-10k": {"sft": 0.0, "sfb": 0.0228478802030065, "dsfb": 0.0, "sfT": 0.0, "roll-out": 0.1844811948823836, "roll-in": 0.2557650373400745, "bad-redirect": 0.002605121475849559, "redirect": 0.026263483915787037, "oneh-out": 0.007525906485787615, "oneh-in": 0.023561876459350456, "dsfb-red": 0.020995349375735706, "dsfb-alt": 0.038690878215395304, "alternate": 0.30406591922193704, "sfR": 0.10543987958549622, "unknown": 0.0077574728391964646}, "reddit": {"sft": 0.0, "sfb": 0.01680639218248802, "dsfb": 0.0, "sfT": 2.558341325808888e-05, "roll-out": 0.20538334197663144, "roll-in": 0.22466128665839982, "bad-redirect": 0.010827514792400714, "redirect": 0.027580267959097255, "oneh-out": 0.008397877138560777, "oneh-in": 0.020038142883924907, "dsfb-red": 0.02327869607747841, "dsfb-alt": 0.03189393858519979, "alternate": 0.23159506588478063, "sfR": 0.1028716913164539, "unknown": 0.09664020113132625}, "akl": {"sft": 0.0, "sfb": 0.01813710748728296, "dsfb": 0.0, "sfT": 4.820040862546932e-05, "roll-out": 0.20491802770866782, "roll-in": 0.20816802389848127, "bad-redirect": 0.013022536107248264, "redirect": 0.022540815771471084, "oneh-out": 0.009072085136047202, "oneh-in": 0.01616256349846248, "dsfb-red": 0.027309434604250483, "dsfb-alt": 0.033177679468769546, "alternate": 0.21214492933559886, "sfR": 0.11706348985084018, "unknown": 0.11823510672425439}, "keymash": {"sft": 0.0, "sfb": 0.017392339489271918, "dsfb": 0.0, "sfT": 1.2314613752139664e-05, "roll-out": 0.2129237766457455, "roll-in": 0.2368839101361586, "bad-redirect": 0.013131483131031595, "redirect": 0.030035342941468642, "oneh-out": 0.010274492740535194, "oneh-in": 0.019756745329682735, "dsfb-red": 0.02507665847060707, "dsfb-alt": 0.03162803298674537, "alternate": 0.24320130699100623, "sfR": 0.09899307508220005, "unknown": 0.06069052144179498}, "movie": {"sft": 0.0, "sfb": 0.015060846234637104, "dsfb": 0.0, "sfT": 1.8423697401824393e-06, "roll-out": 0.19346632523168786, "roll-in": 0.1942789418849469, "bad-redirect": 0.02073573982791477, "redirect": 0.031141444120465187, "oneh-out": 0.009163420696313115, "oneh-in": 0.01725195024706836, "dsfb-red": 0.022780638641678695, "dsfb-alt": 0.029022982114932552, "alternate": 0.20305493854446738, "sfR": 0.1138359467128768, "unknown": 0.1502049833732711}}