{"english-450k": {"sft": 0.0, "sfb": 0.02632080551902852, "dsfb": 0.0, "sfT": 1.1986194243001671e-05, "roll-out": 0.18798883939142877, "roll-in": 0.2269164901382856, "bad-redirect": 0.0012743370903718118, "redirect": 0.04419309817394716, "oneh-out": 0.003823011271115435, "oneh-in": 0.011692093964746556, "dsfb-red": 0.023603739926480776, "dsfb-alt": 0.0486838281682581, "alternate": 0.3025102014206856, "sfR": 0.11328269117541298, "unknown": 0.009698877565995693}, "shai": {"sft": 0.0, "sfb": 0.018980786671426754, "dsfb": 0.0, "sfT": 8.387175880355445e-06, "roll-out": 0.2003827331154964, "roll-in": 0.23346096909463088, "bad-redirect": 0.0020608107794291178, "redirect": 0.03353656591940942, "oneh-out": 0.0072077075011309335, "oneh-in": 0.016712924502567318, "dsfb-red": 0.020302430647692788, "dsfb-alt": 0.043914606551270684, "alternate": 0.25872709453365134, "sfR": 0.09728563198976478, "unknown": 0.06741935151764922}, "tr-quotes": {"sft": 0.0, "sfb": 0.018304015163773377, "dsfb": 0.0, "sfT": 3.4673262291671484e-06, "roll-out": 0.22509766302212153, "roll-in": 0.23225653590994197, "bad-redirect": 0.0020988881440558473, "redirect": 0.03990430179607499, "oneh-out": 0.010455144356348674, "oneh-in": 0.02026074293243337, "dsfb-red": 0.025647812117149397, "dsfb-alt": 0.040771133353366774, "alternate": 0.24300871454658932, "sfR": 0.09591664547745082, "unknown": 0.04627493585446476}, "gutenberg": {"sft": 0.0, "sfb": 0.018058250293721725, "dsfb": 0.0, "sfT": 6.061976894017321e-06, "roll-out": 0.2374034961693989, "roll-in": 0.2110659114958951, "bad-redirect": 0.0019015663769420584, "redirect": 0.0352064463062291, "oneh-out": 0.0111337677497525, "oneh-in": 0.011757393622724533, "dsfb-red": 0.02805217695062103, "dsfb-alt": 0.03539285209572013, "alternate": 0.23226634962527512, "sfR": 0.09761014138424484, "unknown": 0.08014558595258095}, "english-200": {"sft": 0.0, "sfb": 0.008908685968819599, "dsfb": 0.0, "sfT": 0.0, "roll-out": 0.24721603563474387, "roll-in": 0.24276169265033407, "bad-redirect": 0.0022271714922048997, "redirect": 0.0378619153674833, "oneh-out": 0.008908685968819599, "oneh-in": 0.008908685968819599, "dsfb-red": 0.026726057906458798, "dsfb-alt": 0.0400890868596882, "alternate": 0.26948775055679286, "sfR": 0.10690423162583519, "unknown": 0.0}, "monkeyracer": {"sft": 0.0, "sfb": 0.018342274426388475, "dsfb": 0.0, "sfT": 2.9325742527800804e-06, "roll-out": 0.2250437931088415, "roll-in": 0.23226574596868793, "bad-redirect": 0.002110475937250731, "redirect": 0.03993384112485728, "oneh-out": 0.010390110577599825, "oneh-in": 0.020488918779423496, "dsfb-red": 0.025607238375275662, "dsfb-alt": 0.04086444468773949, "alternate": 0.24273992367486744, "sfR": 0.09605353707555875, "unknown": 0.046156763689256614}, "chained-bigrams": {"sft": 0.0, "sfb": 0.019314217370328984, "dsfb": 0.0, "sfT": 2.5972187682819852e-05, "roll-out": 0.181538449551298, "roll-in": 0.2102714807848016, "bad-redirect": 0.002455670345410617, "redirect": 0.04011274526673112, "oneh-out": 0.008355252777563146, "oneh-in": 0.00903961992300545, "dsfb-red": 0.027503248146722083, "dsfb-alt": 0.052678738972371436, "alternate": 0.2587920725091536, "sfR": 0.11643721321023381, "unknown": 0.07347531895469736}, "english-5k": {"sft": 0.0, "sfb": 0.02198531546853611, "dsfb": 0.0, "sfT": 0.0, "roll-out": 0.17285435765545276, "roll-in": 0.25050815115941427, "bad-redirect": 0.0013688970008711163, "redirect": 0.033434272203094535, "oneh-out": 0.004521508275604596, "oneh-in": 0.020450491558468495, "dsfb-red": 0.020574936740365868, "dsfb-alt": 0.05152030530551292, "alternate": 0.31331148629028915, "sfR": 0.10644211224955408, "unknown": 0.0030281660928361057}, "mt-quotes": {"sft": 0.0, "sfb": 0.0180281134578836, "dsfb": 0.0, "sfT": 1.4941251001063816e-06, "roll-out": 0.2321123343015264, "roll-in": 0.234030790930063, "bad-redirect": 0.0020932692652490406, "redirect": 0.04069996772689784, "oneh-out": 0.010904124980576373, "oneh-in": 0.021437706936326364, "dsfb-red": 0.02646842614838455, "dsfb-alt": 0.040741803229700814, "alternate": 0.24058252949402947, "sfR": 0.09572710103871578, "unknown": 0.03717233836554667}, "english-1k": {"sft": 0.0, "sfb": 0.014114326040931546, "dsfb": 0.0, "sfT": 0.0, "roll-out": 0.223712067748765, "roll-in": 0.23853211009174313, "bad-redirect": 0.0007057163020465773, "redirect": 0.03669724770642202, "oneh-out": 0.0077628793225123505, "oneh-in": 0.011997177134791814, "dsfb-red": 0.022230063514467185, "dsfb-alt": 0.04551870148200424, "alternate": 0.29040225829216654, "sfR": 0.10832745236414962, "unknown": 0.0}, "english-10k": {"sft": 0.0, "sfb": 0.02352328206711565, "dsfb": 0.0, "sfT": 0.0, "roll-out": 0.1715713706798402, "roll-in": 0.26402423727832347, "bad-redirect": 0.001640261669979352, "redirect": 0.03477354740356226, "oneh-out": 0.004206788753594102, "oneh-in": 0.01831303911541653, "dsfb-red": 0.01972173443198703, "dsfb-alt": 0.05136913606452982, "alternate": 0.2976592501109589, "sfR": 0.10543987958549622, "unknown": 0.0077574728391964646}, "reddit": {"sft": 0.0, "sfb": 0.01934622954614538, "dsfb": 0.0, "sfT": 2.8167974773181318e-05, "roll-out": 0.21021362524644638, "roll-in": 0.2244950881157554, "bad-redirect": 0.002149493660051875, "redirect": 0.0388295906822437, "oneh-out": 0.009363379422807482, "oneh-in": 0.01659224815086797, "dsfb-red": 0.022248392468288084, "dsfb-alt": 0.042453707787602234, "alternate": 0.23153494673649477, "sfR": 0.1028716913164539, "unknown": 0.07987343889206965}, "akl": {"sft": 0.0, "sfb": 0.021620671209895928, "dsfb": 0.0, "sfT": 6.461828559944023e-05, "roll-out": 0.20728071509085405, "roll-in": 0.21065158402774758, "bad-redirect": 0.0025644723833342566, "redirect": 0.03914579458869253, "oneh-out": 0.0062410236032072975, "oneh-in": 0.016630689832105215, "dsfb-red": 0.025017932658453267, "dsfb-alt": 0.0413850690994367, "alternate": 0.2133741017098011, "sfR": 0.11706348985084018, "unknown": 0.09895983766003248}, "keymash": {"sft": 0.0, "sfb": 0.018751051873257995, "dsfb": 0.0, "sfT": 4.104871250713221e-06, "roll-out": 0.22505367119160308, "roll-in": 0.23264768300542255, "bad-redirect": 0.0020852745953623165, "redirect": 0.03911531814804629, "oneh-out": 0.010024095594241687, "oneh-in": 0.01942014588712425, "dsfb-red": 0.025602081990698362, "dsfb-alt": 0.04113491480339719, "alternate": 0.24478989216503225, "sfR": 0.09899307508220005, "unknown": 0.0423786907923633}, "movie": {"sft": 0.0, "sfb": 0.017858089891588384, "dsfb": 0.0, "sfT": 1.1054218441094636e-05, "roll-out": 0.2023119371478195, "roll-in": 0.21505639822769296, "bad-redirect": 0.0033424535022066985, "redirect": 0.04085389099935267, "oneh-out": 0.010676401046518652, "oneh-in": 0.02388856084472126, "dsfb-red": 0.025005563298626157, "dsfb-alt": 0.03613452931203677, "alternate": 0.20724159218119337, "sfR": 0.1138359467128768, "unknown": 0.10378358261692566}}