{"english-450k": {"sft": 0.0, "sfb": 0.0299476524892402, "dsfb": 0.0, "sfT": 0.00042594841492813254, "roll-out": 0.22337617764358436, "roll-in": 0.1886855003885281, "bad-redirect": 0.017020395825062373, "redirect": 0.029629287476298033, "oneh-out": 0.009892995443492111, "oneh-in": 0.005658945413702033, "dsfb-red": 0.008370456428429849, "dsfb-alt": 0.04741124515509258, "alternate": 0.3167530159895831, "sfR": 0.11328269117541298, "unknown": 0.009545688156646111}, "shai": {"sft": 0.0, "sfb": 0.01564760609022759, "dsfb": 0.0, "sfT": 6.82430480491127e-05, "roll-out": 0.24153567913134402, "roll-in": 0.17702751365248, "bad-redirect": 0.013561769247465579, "redirect": 0.029369188387658906, "oneh-out": 0.01740135411670614, "oneh-in": 0.0057306433888927935, "dsfb-red": 0.010022771937244882, "dsfb-alt": 0.04731284870448128, "alternate": 0.28455736301926565, "sfR": 0.09728563198976478, "unknown": 0.06047938728641923}, "tr-quotes": {"sft": 0.0, "sfb": 0.016602713760662028, "dsfb": 0.0, "sfT": 4.276369015972816e-05, "roll-out": 0.26573241487714105, "roll-in": 0.15618570999283418, "bad-redirect": 0.012862624534800398, "redirect": 0.031062619911698758, "oneh-out": 0.02714338549733016, "oneh-in": 0.004557222440535355, "dsfb-red": 0.011576246503779386, "dsfb-alt": 0.051990245255541946, "alternate": 0.2839601488638728, "sfR": 0.09591664547745082, "unknown": 0.04236725919419338}, "gutenberg": {"sft": 0.0, "sfb": 0.016487629967837425, "dsfb": 0.0, "sfT": 6.175638960780146e-05, "roll-out": 0.2631163183492631, "roll-in": 0.15350763032397857, "bad-redirect": 0.010978429591843307, "redirect": 0.034486207676508666, "oneh-out": 0.02142833057323948, "oneh-in": 0.00751382036013447, "dsfb-red": 0.013804068571567131, "dsfb-alt": 0.04463585136487304, "alternate": 0.2630651704192198, "sfR": 0.09761014138424484, "unknown": 0.0733046450276824}, "english-200": {"sft": 0.0, "sfb": 0.0066815144766146995, "dsfb": 0.0, "sfT": 0.0, "roll-out": 0.30957683741648107, "roll-in": 0.12472160356347439, "bad-redirect": 0.011135857461024499, "redirect": 0.0467706013363029, "oneh-out": 0.017817371937639197, "oneh-in": 0.0, "dsfb-red": 0.0066815144766146995, "dsfb-alt": 0.0645879732739421, "alternate": 0.3051224944320713, "sfR": 0.10690423162583519, "unknown": 0.0}, "monkeyracer": {"sft": 0.0, "sfb": 0.016409707993806404, "dsfb": 0.0, "sfT": 3.910099003706774e-05, "roll-out": 0.26598057462814956, "roll-in": 0.1558389508422353, "bad-redirect": 0.01301085443483429, "redirect": 0.031033478267669737, "oneh-out": 0.027540782332608663, "oneh-in": 0.004622714547132333, "dsfb-red": 0.011601263743997997, "dsfb-alt": 0.05191340694746391, "alternate": 0.2836649748971644, "sfR": 0.09605353707555875, "unknown": 0.04229065329934154}, "chained-bigrams": {"sft": 0.0, "sfb": 0.016660509093836866, "dsfb": 0.0, "sfT": 7.531934428017757e-05, "roll-out": 0.23169204257620726, "roll-in": 0.15028027237033223, "bad-redirect": 0.01769095564015274, "redirect": 0.02983230407717895, "oneh-out": 0.012924409895663229, "oneh-in": 0.004758104783492597, "dsfb-red": 0.013836682988022276, "dsfb-alt": 0.05229759711812605, "alternate": 0.28600897728667257, "sfR": 0.11643721321023381, "unknown": 0.06750561161580122}, "english-5k": {"sft": 0.0, "sfb": 0.017048989919940267, "dsfb": 0.0, "sfT": 4.148172729912474e-05, "roll-out": 0.2287302443273738, "roll-in": 0.2142946032272784, "bad-redirect": 0.015970465010163023, "redirect": 0.027460903472020574, "oneh-out": 0.010660803915875056, "oneh-in": 0.003277056456630854, "dsfb-red": 0.007840046459534575, "dsfb-alt": 0.049031401667565436, "alternate": 0.3182892935661841, "sfR": 0.10644211224955408, "unknown": 0.0009125980005807441}, "mt-quotes": {"sft": 0.0, "sfb": 0.015568783543108497, "dsfb": 0.0, "sfT": 1.792950120127658e-05, "roll-out": 0.27265392476781297, "roll-in": 0.15447161759959838, "bad-redirect": 0.012946593992421797, "redirect": 0.031080790332412952, "oneh-out": 0.02917876907997753, "oneh-in": 0.004685576313933613, "dsfb-red": 0.011731870286035308, "dsfb-alt": 0.05302052330237506, "alternate": 0.2843992421797492, "sfR": 0.09572710103871578, "unknown": 0.03451727806265763}, "english-1k": {"sft": 0.0, "sfb": 0.016584333098094567, "dsfb": 0.0, "sfT": 0.0, "roll-out": 0.2727593507410021, "roll-in": 0.16866619618913198, "bad-redirect": 0.013761467889908258, "redirect": 0.033168666196189134, "oneh-out": 0.017290049400141144, "oneh-in": 0.0024700070571630206, "dsfb-red": 0.004940014114326041, "dsfb-alt": 0.053634438955539876, "alternate": 0.3083980239943543, "sfR": 0.10832745236414962, "unknown": 0.0}, "english-10k": {"sft": 0.0, "sfb": 0.01825514752706432, "dsfb": 0.0, "sfT": 3.859439223480828e-05, "roll-out": 0.2194863086393547, "roll-in": 0.2278998861465429, "bad-redirect": 0.014588680264757532, "redirect": 0.026224889523552227, "oneh-out": 0.010362594315046023, "oneh-in": 0.007583798074139827, "dsfb-red": 0.00820130834989676, "dsfb-alt": 0.04760618282163601, "alternate": 0.3065552575210822, "sfR": 0.10543987958549622, "unknown": 0.0077574728391964646}, "reddit": {"sft": 0.0, "sfb": 0.01761869364649229, "dsfb": 0.0, "sfT": 7.45402523917963e-05, "roll-out": 0.2477211565276004, "roll-in": 0.151166358298512, "bad-redirect": 0.013624122723970516, "redirect": 0.031962897683015516, "oneh-out": 0.020625812240595707, "oneh-in": 0.0041702461907215365, "dsfb-red": 0.011486240862029927, "dsfb-alt": 0.049642684370538474, "alternate": 0.2746752489091933, "sfR": 0.1028716913164539, "unknown": 0.07436030697848466}, "akl": {"sft": 0.0, "sfb": 0.020583680927668286, "dsfb": 0.0, "sfT": 0.0002946544259932289, "roll-out": 0.23414414102968711, "roll-in": 0.14307721321345435, "bad-redirect": 0.01117741455238486, "redirect": 0.03816778475506572, "oneh-out": 0.02053864018593215, "oneh-in": 0.0036447686882215423, "dsfb-red": 0.011327467752501682, "dsfb-alt": 0.04550161942221216, "alternate": 0.2633975761761612, "sfR": 0.11706348985084018, "unknown": 0.09108154901987753}, "keymash": {"sft": 0.0, "sfb": 0.01577502021649091, "dsfb": 0.0, "sfT": 6.567794001141154e-05, "roll-out": 0.26556054069364116, "roll-in": 0.1588338881750974, "bad-redirect": 0.012610164482191016, "redirect": 0.03171834015426106, "oneh-out": 0.026788389782154483, "oneh-in": 0.004617980157052374, "dsfb-red": 0.012294089395886098, "dsfb-alt": 0.05204976745904365, "alternate": 0.28186098443022334, "sfR": 0.09899307508220005, "unknown": 0.038832082031747074}, "movie": {"sft": 0.0, "sfb": 0.015447349086559663, "dsfb": 0.0, "sfT": 5.474470085113534e-05, "roll-out": 0.24249612674661586, "roll-in": 0.12322795285481113, "bad-redirect": 0.0117565561056199, "redirect": 0.033539683130828384, "oneh-out": 0.0354102148084679, "oneh-in": 0.0036975044707075713, "dsfb-red": 0.011759319660230173, "dsfb-alt": 0.051067199251892605, "alternate": 0.25914562208864456, "sfR": 0.1138359467128768, "unknown": 0.0985617803818943}}