{"english-450k": {"sft": 0.0, "sfb": 0.027678753622900298, "dsfb": 0.0, "sfT": 3.800500613634676e-05, "roll-out": 0.16726997177689776, "roll-in": 0.21759503151784393, "bad-redirect": 0.0026518723897138575, "redirect": 0.032138787266101115, "oneh-out": 0.004664383637733943, "oneh-in": 0.0018344724115813532, "dsfb-red": 0.011287486822494988, "dsfb-alt": 0.054273487532311565, "alternate": 0.3575861792748762, "sfR": 0.11328269117541298, "unknown": 0.009698877565995693}, "shai": {"sft": 0.0, "sfb": 0.01613713152547054, "dsfb": 0.0, "sfT": 1.0643624213649043e-05, "roll-out": 0.19553383464932395, "roll-in": 0.2172565195488156, "bad-redirect": 0.0013235133837188311, "redirect": 0.030072689373684253, "oneh-out": 0.012448001057705318, "oneh-in": 0.0017487977736170023, "dsfb-red": 0.00991171829740407, "dsfb-alt": 0.041161933105092745, "alternate": 0.30969023415354, "sfR": 0.09728563198976478, "unknown": 0.06741935151764922}, "tr-quotes": {"sft": 0.0, "sfb": 0.013432421811793532, "dsfb": 0.0, "sfT": 2.3115508194447656e-06, "roll-out": 0.20968770948429302, "roll-in": 0.20952358937611243, "bad-redirect": 0.0011315041261182126, "redirect": 0.029736945516747184, "oneh-out": 0.021756316312614134, "oneh-in": 0.002074616860451677, "dsfb-red": 0.009351378840063799, "dsfb-alt": 0.03654099535378285, "alternate": 0.32457062943528814, "sfR": 0.09591664547745082, "unknown": 0.04627493585446476}, "gutenberg": {"sft": 0.0, "sfb": 0.01480126377063298, "dsfb": 0.0, "sfT": 6.819724005769487e-06, "roll-out": 0.22041120662513455, "roll-in": 0.20401488518426325, "bad-redirect": 0.0013546623990349333, "redirect": 0.02612257393054414, "oneh-out": 0.013850101708606075, "oneh-in": 0.0015759245556665655, "dsfb-red": 0.007436530154735749, "dsfb-alt": 0.04236298890317242, "alternate": 0.2903073157073778, "sfR": 0.09761014138424484, "unknown": 0.08014558595258095}, "english-200": {"sft": 0.0, "sfb": 0.004454342984409799, "dsfb": 0.0, "sfT": 0.0, "roll-out": 0.2071269487750557, "roll-in": 0.2650334075723831, "bad-redirect": 0.0, "redirect": 0.026726057906458798, "oneh-out": 0.017817371937639197, "oneh-in": 0.004454342984409799, "dsfb-red": 0.008908685968819599, "dsfb-alt": 0.044543429844097995, "alternate": 0.31403118040089084, "sfR": 0.10690423162583519, "unknown": 0.0}, "monkeyracer": {"sft": 0.0, "sfb": 0.013322684830379905, "dsfb": 0.0, "sfT": 3.9100990037067735e-06, "roll-out": 0.21006811392464458, "roll-in": 0.20896351095609741, "bad-redirect": 0.0011525016813425716, "redirect": 0.029701112032156654, "oneh-out": 0.022257261053849883, "oneh-in": 0.002121228709510925, "dsfb-red": 0.00923272127250262, "dsfb-alt": 0.03648415627883698, "alternate": 0.3244824983968594, "sfR": 0.09605353707555875, "unknown": 0.046156763689256614}, "chained-bigrams": {"sft": 0.0, "sfb": 0.01686504007183907, "dsfb": 0.0, "sfT": 3.636106275594779e-05, "roll-out": 0.18376231812163943, "roll-in": 0.17716408384081905, "bad-redirect": 0.0029640759193018157, "redirect": 0.03837131008259805, "oneh-out": 0.006355394325986018, "oneh-in": 0.004543834235109333, "dsfb-red": 0.016839717188848323, "dsfb-alt": 0.05334167906297541, "alternate": 0.30984365392319635, "sfR": 0.11643721321023381, "unknown": 0.07347531895469736}, "english-5k": {"sft": 0.0, "sfb": 0.022524577923424733, "dsfb": 0.0, "sfT": 0.0, "roll-out": 0.1623594806487742, "roll-in": 0.2593437590741278, "bad-redirect": 0.002074086364956237, "redirect": 0.03231426556601817, "oneh-out": 0.005351142821587091, "oneh-in": 0.0017007508192641142, "dsfb-red": 0.01277637200813042, "dsfb-alt": 0.04749657775749782, "alternate": 0.3445887086738292, "sfR": 0.10644211224955408, "unknown": 0.0030281660928361057}, "mt-quotes": {"sft": 0.0, "sfb": 0.012465485710187543, "dsfb": 0.0, "sfT": 4.482375300319145e-06, "roll-out": 0.21504046090771087, "roll-in": 0.20885777124347069, "bad-redirect": 0.0010712876967762758, "redirect": 0.029716654116015827, "oneh-out": 0.023997143232808597, "oneh-in": 0.0022023403975568066, "dsfb-red": 0.009129104361649992, "dsfb-alt": 0.036014391412964225, "alternate": 0.3286014391412964, "sfR": 0.09572710103871578, "unknown": 0.03717233836554667}, "english-1k": {"sft": 0.0, "sfb": 0.015172900494001412, "dsfb": 0.0, "sfT": 0.0, "roll-out": 0.18560338743824983, "roll-in": 0.27240649258997884, "bad-redirect": 0.00035285815102328866, "redirect": 0.030345800988002825, "oneh-out": 0.009880028228652082, "oneh-in": 0.0028228652081863093, "dsfb-red": 0.012702893436838392, "dsfb-alt": 0.045871559633027525, "alternate": 0.3165137614678899, "sfR": 0.10832745236414962, "unknown": 0.0}, "english-10k": {"sft": 0.0, "sfb": 0.02288647459524131, "dsfb": 0.0, "sfT": 0.0, "roll-out": 0.16690144921942843, "roll-in": 0.2501881476621447, "bad-redirect": 0.0018525308272707975, "redirect": 0.034368306285096774, "oneh-out": 0.004920785009938056, "oneh-in": 0.0018911252195056058, "dsfb-red": 0.011771289631616525, "dsfb-alt": 0.048204395901275544, "alternate": 0.34381814322378956, "sfR": 0.10543987958549622, "unknown": 0.0077574728391964646}, "reddit": {"sft": 0.0, "sfb": 0.0153746574753666, "dsfb": 0.0, "sfT": 2.4384776033698188e-05, "roll-out": 0.19600381840870795, "roll-in": 0.20233359684623564, "bad-redirect": 0.0012112603726600589, "redirect": 0.027859662804620072, "oneh-out": 0.016317273280110095, "oneh-in": 0.0011966519814877973, "dsfb-red": 0.00950118524619915, "dsfb-alt": 0.038981630322675015, "alternate": 0.3084507482773804, "sfR": 0.1028716913164539, "unknown": 0.07987343889206965}, "akl": {"sft": 0.0, "sfb": 0.020665212724263554, "dsfb": 0.0, "sfT": 8.741745060480361e-05, "roll-out": 0.17798676186309326, "roll-in": 0.1932879753858232, "bad-redirect": 0.0011042726006945567, "redirect": 0.026241405241404125, "oneh-out": 0.016934761304513702, "oneh-in": 0.0016738180460595174, "dsfb-red": 0.01122369437917564, "dsfb-alt": 0.03871713311404006, "alternate": 0.29605422037945495, "sfR": 0.11706348985084018, "unknown": 0.09895983766003248}, "keymash": {"sft": 0.0, "sfb": 0.013365460792322249, "dsfb": 0.0, "sfT": 0.0, "roll-out": 0.21067430720035465, "roll-in": 0.21138034505547734, "bad-redirect": 0.0011780980489546945, "redirect": 0.03040478135403283, "oneh-out": 0.021119562584919524, "oneh-in": 0.002130428179120162, "dsfb-red": 0.009199016472848329, "dsfb-alt": 0.037920800614088736, "alternate": 0.3212554338233181, "sfR": 0.09899307508220005, "unknown": 0.0423786907923633}, "movie": {"sft": 0.0, "sfb": 0.012481660196220273, "dsfb": 0.0, "sfT": 9.475044378081117e-06, "roll-out": 0.18568902456918487, "roll-in": 0.18173503591107618, "bad-redirect": 0.000806826348361324, "redirect": 0.025570776015346415, "oneh-out": 0.02909378175209099, "oneh-in": 0.001030279478277737, "dsfb-red": 0.008652426289089658, "dsfb-alt": 0.0359318686406167, "alternate": 0.3013793164255553, "sfR": 0.1138359467128768, "unknown": 0.10378358261692566}}