{"english-450k": {"sft": 0.0, "sfb": 0.020398163831980454, "dsfb": 0.0, "sfT": 2.6603504295442732e-05, "roll-out": 0.19668584652643015, "roll-in": 0.23150486376374685, "bad-redirect": 0.018763656221916492, "redirect": 0.05596061745856431, "oneh-out": 0.011801431443938816, "oneh-in": 0.012042617059804092, "dsfb-red": 0.018045946298341636, "dsfb-alt": 0.03130676997791617, "alternate": 0.28048191517165694, "sfR": 0.11328269117541298, "unknown": 0.009698877565995693}, "shai": {"sft": 0.0, "sfb": 0.00908739088930538, "dsfb": 0.0, "sfT": 8.236229936961878e-06, "roll-out": 0.2236906252196457, "roll-in": 0.22202408137395177, "bad-redirect": 0.015342594653943652, "redirect": 0.04614584304160875, "oneh-out": 0.01283417883703814, "oneh-in": 0.011088907005842459, "dsfb-red": 0.013211350175081812, "dsfb-alt": 0.02681193575245237, "alternate": 0.2547717573482807, "sfR": 0.09728563198976478, "unknown": 0.06769746748314746}, "tr-quotes": {"sft": 0.0, "sfb": 0.007213194332077391, "dsfb": 0.0, "sfT": 4.623101638889531e-06, "roll-out": 0.24989829176394443, "roll-in": 0.20931786135318184, "bad-redirect": 0.015897690760731376, "redirect": 0.05203185317029195, "oneh-out": 0.01630336792954393, "oneh-in": 0.010576500774369524, "dsfb-red": 0.015359099419800744, "dsfb-alt": 0.0257668569843508, "alternate": 0.25632209149118146, "sfR": 0.09591664547745082, "unknown": 0.04539192344143686}, "gutenberg": {"sft": 0.0, "sfb": 0.00885427500082405, "dsfb": 0.0, "sfT": 1.629156290267155e-05, "roll-out": 0.2426993907334348, "roll-in": 0.2027846827483336, "bad-redirect": 0.01636639042995708, "redirect": 0.04975329648409129, "oneh-out": 0.02512670478892386, "oneh-in": 0.009068906870227851, "dsfb-red": 0.0211610352795689, "dsfb-alt": 0.02191669858676375, "alternate": 0.22944487825466592, "sfR": 0.09761014138424484, "unknown": 0.07519730787606137}, "english-200": {"sft": 0.0, "sfb": 0.0, "dsfb": 0.0, "sfT": 0.0, "roll-out": 0.2828507795100223, "roll-in": 0.19376391982182628, "bad-redirect": 0.013363028953229399, "redirect": 0.062360801781737196, "oneh-out": 0.015590200445434299, "oneh-in": 0.0066815144766146995, "dsfb-red": 0.022271714922048998, "dsfb-alt": 0.022271714922048998, "alternate": 0.2739420935412027, "sfR": 0.10690423162583519, "unknown": 0.0}, "monkeyracer": {"sft": 0.0, "sfb": 0.007087054444218528, "dsfb": 0.0, "sfT": 4.887623754633467e-06, "roll-out": 0.24998631465348703, "roll-in": 0.20896839857985205, "bad-redirect": 0.016013810469681092, "redirect": 0.0524002142734254, "oneh-out": 0.016475202152118493, "oneh-in": 0.010720513943413047, "dsfb-red": 0.015365711559816695, "dsfb-alt": 0.025751912038412813, "alternate": 0.255880788901575, "sfR": 0.09605353707555875, "unknown": 0.04529165428468649}, "chained-bigrams": {"sft": 0.0, "sfb": 0.00996877493735833, "dsfb": 0.0, "sfT": 1.4284703225550919e-05, "roll-out": 0.19982481759407938, "roll-in": 0.1985567255304657, "bad-redirect": 0.022706834386397326, "redirect": 0.05335596376620096, "oneh-out": 0.013118551998592307, "oneh-in": 0.010331736260225738, "dsfb-red": 0.020246618908142215, "dsfb-alt": 0.035826684994373775, "alternate": 0.2466916302677278, "sfR": 0.11643721321023381, "unknown": 0.07292016344297708}, "english-5k": {"sft": 0.0, "sfb": 0.01182229228025055, "dsfb": 0.0, "sfT": 0.0, "roll-out": 0.2030945368565147, "roll-in": 0.2633260048948438, "bad-redirect": 0.01804455137511926, "redirect": 0.04434396648276434, "oneh-out": 0.0115734019164558, "oneh-in": 0.009167461733106567, "dsfb-red": 0.014186750736300659, "dsfb-alt": 0.02899572738208819, "alternate": 0.28597502800016594, "sfR": 0.10644211224955408, "unknown": 0.0030281660928361057}, "mt-quotes": {"sft": 0.0, "sfb": 0.006294749046748186, "dsfb": 0.0, "sfT": 1.4941251001063816e-06, "roll-out": 0.2581848172983828, "roll-in": 0.2088159357406677, "bad-redirect": 0.016008056322539772, "redirect": 0.05361817334241761, "oneh-out": 0.016762589498093495, "oneh-in": 0.010696441591661587, "dsfb-red": 0.015680842925616476, "dsfb-alt": 0.025701939972029977, "alternate": 0.25620958391604215, "sfR": 0.09572710103871578, "unknown": 0.03629827518198444}, "english-1k": {"sft": 0.0, "sfb": 0.008468595624558928, "dsfb": 0.0, "sfT": 0.0, "roll-out": 0.2424135497529993, "roll-in": 0.23288637967537051, "bad-redirect": 0.016937191249117856, "redirect": 0.04728299223712068, "oneh-out": 0.021524347212420608, "oneh-in": 0.009880028228652082, "dsfb-red": 0.020112914608327453, "dsfb-alt": 0.019760056457304165, "alternate": 0.27240649258997884, "sfR": 0.10832745236414962, "unknown": 0.0}, "english-10k": {"sft": 0.0, "sfb": 0.0121186391617298, "dsfb": 0.0, "sfT": 0.0, "roll-out": 0.19515254433530807, "roll-in": 0.26354180737538835, "bad-redirect": 0.014897435402635996, "redirect": 0.042569614634993536, "oneh-out": 0.010883618610215936, "oneh-in": 0.012562474672430097, "dsfb-red": 0.012465988691843075, "dsfb-alt": 0.03095270257231624, "alternate": 0.2916578221184462, "sfR": 0.10543987958549622, "unknown": 0.0077574728391964646}, "reddit": {"sft": 0.0, "sfb": 0.007904563005897482, "dsfb": 0.0, "sfT": 6.367760254575563e-06, "roll-out": 0.23378340288238542, "roll-in": 0.20116275302248549, "bad-redirect": 0.014224677430803516, "redirect": 0.048412508004180996, "oneh-out": 0.0132026893673574, "oneh-in": 0.011240220571723736, "dsfb-red": 0.013947417657836643, "dsfb-alt": 0.026776918816862654, "alternate": 0.2429831308666503, "sfR": 0.1028716913164539, "unknown": 0.0834836592971079}, "akl": {"sft": 0.0, "sfb": 0.013486883231474346, "dsfb": 0.0, "sfT": 5.315674884402657e-05, "roll-out": 0.22447500276006196, "roll-in": 0.18974704202518045, "bad-redirect": 0.011049788791757012, "redirect": 0.04988575016253698, "oneh-out": 0.010626207565828561, "oneh-in": 0.012650500819592809, "dsfb-red": 0.013611225416707402, "dsfb-alt": 0.02724878139082589, "alternate": 0.22518567999315034, "sfR": 0.11706348985084018, "unknown": 0.10491649124320006}, "keymash": {"sft": 0.0, "sfb": 0.0073928731225345115, "dsfb": 0.0, "sfT": 0.0, "roll-out": 0.2481025232643578, "roll-in": 0.209882067048967, "bad-redirect": 0.015475364615188844, "redirect": 0.05190609696526868, "oneh-out": 0.0175113807555426, "oneh-in": 0.00985169100171173, "dsfb-red": 0.01665756753539425, "dsfb-alt": 0.025503565080681245, "alternate": 0.25736311280596685, "sfR": 0.09899307508220005, "unknown": 0.04136068272218642}, "movie": {"sft": 0.0, "sfb": 0.006628188335983495, "dsfb": 0.0, "sfT": 3.816337318949339e-06, "roll-out": 0.23586964918253397, "roll-in": 0.17384785105335515, "bad-redirect": 0.013245717247041648, "redirect": 0.04689725854066683, "oneh-out": 0.01693558904311132, "oneh-in": 0.010718512354865678, "dsfb-red": 0.016059147438138816, "dsfb-alt": 0.03000312281670961, "alternate": 0.23235361813123437, "sfR": 0.1138359467128768, "unknown": 0.10360158280616336}}