{"english-450k": {"sft": 0.0, "sfb": 0.10169262603483246, "dsfb": 0.0, "sfT": 0.0009398930363719603, "roll-out": 0.1974897985793144, "roll-in": 0.18829463351772582, "bad-redirect": 0.010769741700437525, "redirect": 0.06386624342732654, "oneh-out": 0.026500890778874596, "oneh-in": 0.020760380775079943, "dsfb-red": 0.0452873500044729, "dsfb-alt": 0.04836137030850125, "alternate": 0.17305550309565393, "sfR": 0.11328269117541298, "unknown": 0.009698877565995693}, "shai": {"sft": 0.0, "sfb": 0.09784232449940906, "dsfb": 0.0, "sfT": 0.0004093112127600876, "roll-out": 0.17775472089243577, "roll-in": 0.17028509121624655, "bad-redirect": 0.014247207035598163, "redirect": 0.06298516348451975, "oneh-out": 0.01659210195090278, "oneh-in": 0.02108139686459731, "dsfb-red": 0.04241429289334113, "dsfb-alt": 0.04437251074657709, "alternate": 0.18668020484061193, "sfR": 0.09728563198976478, "unknown": 0.0680500423732356}, "tr-quotes": {"sft": 0.0, "sfb": 0.09885115924273595, "dsfb": 0.0, "sfT": 0.00039296363930561016, "roll-out": 0.18805274958969972, "roll-in": 0.1814578951018238, "bad-redirect": 0.016156584452509188, "redirect": 0.059969718684265275, "oneh-out": 0.018246226393287258, "oneh-in": 0.02103626823235709, "dsfb-red": 0.043477959362936594, "dsfb-alt": 0.04462102124315203, "alternate": 0.18549848593421325, "sfR": 0.09591664547745082, "unknown": 0.046322322646263375}, "gutenberg": {"sft": 0.0, "sfb": 0.09525032744147066, "dsfb": 0.0, "sfT": 0.0005972941608386442, "roll-out": 0.16654618487589806, "roll-in": 0.17584165813253982, "bad-redirect": 0.014705408760996332, "redirect": 0.05228341409023177, "oneh-out": 0.014550638913420951, "oneh-in": 0.022157662168300937, "dsfb-red": 0.03584541655821411, "dsfb-alt": 0.03956406050913786, "alternate": 0.20489633451200898, "sfR": 0.09761014138424484, "unknown": 0.08015145849269702}, "english-200": {"sft": 0.0, "sfb": 0.08463251670378619, "dsfb": 0.0, "sfT": 0.0, "roll-out": 0.2026726057906459, "roll-in": 0.1870824053452116, "bad-redirect": 0.0378619153674833, "redirect": 0.0556792873051225, "oneh-out": 0.017817371937639197, "oneh-in": 0.028953229398663696, "dsfb-red": 0.0334075723830735, "dsfb-alt": 0.0467706013363029, "alternate": 0.19821826280623608, "sfR": 0.10690423162583519, "unknown": 0.0}, "monkeyracer": {"sft": 0.0, "sfb": 0.09881211192267388, "dsfb": 0.0, "sfT": 0.00039687504887623757, "roll-out": 0.18861046811705273, "roll-in": 0.1815713123856296, "bad-redirect": 0.016285562350438713, "redirect": 0.059805941786446035, "oneh-out": 0.018195645713749473, "oneh-in": 0.021083253827986925, "dsfb-red": 0.043291638644290475, "dsfb-alt": 0.04462595992930541, "alternate": 0.1850649858454416, "sfR": 0.09605353707555875, "unknown": 0.046202707352550165}, "chained-bigrams": {"sft": 0.0, "sfb": 0.09298237981857128, "dsfb": 0.0, "sfT": 0.0012414705712387889, "roll-out": 0.15951987813849539, "roll-in": 0.1754531659772133, "bad-redirect": 0.013806814972187033, "redirect": 0.05316636679611638, "oneh-out": 0.018338312418147026, "oneh-in": 0.024520991696042292, "dsfb-red": 0.0476706518824317, "dsfb-alt": 0.051004831476213694, "alternate": 0.17224040636084847, "sfR": 0.11643721321023381, "unknown": 0.0736175166822608}, "english-5k": {"sft": 0.0, "sfb": 0.10100800597336873, "dsfb": 0.0, "sfT": 0.00078815281868337, "roll-out": 0.1816070021155681, "roll-in": 0.19940266312689262, "bad-redirect": 0.012734890280831294, "redirect": 0.07508192641141577, "oneh-out": 0.018542332102708756, "oneh-in": 0.026340896834944207, "dsfb-red": 0.04687435184801095, "dsfb-alt": 0.04948770066785581, "alternate": 0.17866179947733024, "sfR": 0.10644211224955408, "unknown": 0.0030281660928361057}, "mt-quotes": {"sft": 0.0, "sfb": 0.10017361733663237, "dsfb": 0.0, "sfT": 0.0003541076487252125, "roll-out": 0.190042253857831, "roll-in": 0.18428538984712112, "bad-redirect": 0.017113708896618497, "redirect": 0.0599368283907675, "oneh-out": 0.01805799595988573, "oneh-in": 0.021318176928317854, "dsfb-red": 0.043456628536594114, "dsfb-alt": 0.04464296386607858, "alternate": 0.1877009598259643, "sfR": 0.09572710103871578, "unknown": 0.03719026786674795}, "english-1k": {"sft": 0.0, "sfb": 0.0903316866619619, "dsfb": 0.0, "sfT": 0.00035285815102328866, "roll-out": 0.17325335215243473, "roll-in": 0.1930134086097389, "bad-redirect": 0.020465772759350742, "redirect": 0.07586450247000706, "oneh-out": 0.020465772759350742, "oneh-in": 0.033168666196189134, "dsfb-red": 0.04128440366972477, "dsfb-alt": 0.05539872971065632, "alternate": 0.18807339449541285, "sfR": 0.10832745236414962, "unknown": 0.0}, "english-10k": {"sft": 0.0, "sfb": 0.10675208892147971, "dsfb": 0.0, "sfT": 0.000675401864109145, "roll-out": 0.18069894444337237, "roll-in": 0.18863009204762549, "bad-redirect": 0.01188707280832095, "redirect": 0.07664846297832925, "oneh-out": 0.019914706393161074, "oneh-in": 0.025009166168155766, "dsfb-red": 0.04901487813820652, "dsfb-alt": 0.04886050056926729, "alternate": 0.17871133324327976, "sfR": 0.10543987958549622, "unknown": 0.0077574728391964646}, "reddit": {"sft": 0.0, "sfb": 0.0896146886998663, "dsfb": 0.0, "sfT": 0.0003751359938210251, "roll-out": 0.17136185977555143, "roll-in": 0.17260428471604566, "bad-redirect": 0.014857670257521589, "redirect": 0.06236153633078791, "oneh-out": 0.018360575173563605, "oneh-in": 0.019864715060520878, "dsfb-red": 0.04366980016657312, "dsfb-alt": 0.0430607426269296, "alternate": 0.17601650523457987, "sfR": 0.1028716913164539, "unknown": 0.08498079464778513}, "akl": {"sft": 0.0, "sfb": 0.089024729783429, "dsfb": 0.0, "sfT": 0.0006705928315707968, "roll-out": 0.157957819314387, "roll-in": 0.16345669292411805, "bad-redirect": 0.01326570654922123, "redirect": 0.05967985015992251, "oneh-out": 0.018693332768310547, "oneh-in": 0.01810303264828038, "dsfb-red": 0.04279774997023098, "dsfb-alt": 0.04863662851895509, "alternate": 0.16549003149878116, "sfR": 0.11706348985084018, "unknown": 0.10516034318195307}, "keymash": {"sft": 0.0, "sfb": 0.1001301244186476, "dsfb": 0.0, "sfT": 0.00043101148132488823, "roll-out": 0.1858152069060354, "roll-in": 0.17987135333500265, "bad-redirect": 0.015364533091419587, "redirect": 0.060706940926797834, "oneh-out": 0.017958811721870343, "oneh-in": 0.02066802674734107, "dsfb-red": 0.04244847360362542, "dsfb-alt": 0.045601014724173175, "alternate": 0.1895793738429394, "sfR": 0.09899307508220005, "unknown": 0.04243205411862257}, "movie": {"sft": 0.0, "sfb": 0.0853529105296563, "dsfb": 0.0, "sfT": 0.00024095564244814617, "roll-out": 0.18093492105248266, "roll-in": 0.16768801942489375, "bad-redirect": 0.013858436783490894, "redirect": 0.053638884213510124, "oneh-out": 0.017729255607614198, "oneh-in": 0.017131933018279335, "dsfb-red": 0.04579631102306923, "dsfb-alt": 0.0425041278952018, "alternate": 0.15748273864050746, "sfR": 0.1138359467128768, "unknown": 0.10380555945596927}}