{"english-450k": {"sft": 0.0, "sfb": 0.03378294230079969, "dsfb": 0.0, "sfT": 5.6422816802422495e-05, "roll-out": 0.17517062786024215, "roll-in": 0.23638938409087054, "bad-redirect": 0.0033143288812904864, "redirect": 0.042640739846377916, "oneh-out": 0.005851601560193206, "oneh-in": 0.011307951056568405, "dsfb-red": 0.01939658574718719, "dsfb-alt": 0.0440209062615294, "alternate": 0.30508635614432783, "sfR": 0.11328269117541298, "unknown": 0.00969946225839779}, "shai": {"sft": 0.0, "sfb": 0.019152265133530653, "dsfb": 0.0, "sfT": 3.129612559693315e-05, "roll-out": 0.1984563842083605, "roll-in": 0.22727887348190956, "bad-redirect": 0.0012393436034372947, "redirect": 0.032843147348321, "oneh-out": 0.006290788303191105, "oneh-in": 0.012057883202209043, "dsfb-red": 0.01486684787404637, "dsfb-alt": 0.041215468599682996, "alternate": 0.27453512906884464, "sfR": 0.09728563198976478, "unknown": 0.07474694106110509}, "tr-quotes": {"sft": 0.0, "sfb": 0.020011095443933334, "dsfb": 0.0, "sfT": 3.236171147222672e-05, "roll-out": 0.21309840271838376, "roll-in": 0.22999815075934443, "bad-redirect": 0.0015360255195210467, "redirect": 0.0373696863225538, "oneh-out": 0.008416356533598391, "oneh-in": 0.00899771156468875, "dsfb-red": 0.016156584452509188, "dsfb-alt": 0.03863294884538036, "alternate": 0.2620697626037308, "sfR": 0.09591664547745082, "unknown": 0.06776426804743302}, "gutenberg": {"sft": 0.0, "sfb": 0.01863300147798574, "dsfb": 0.0, "sfT": 0.00010684234275705529, "roll-out": 0.22775226064378953, "roll-in": 0.2133406683253751, "bad-redirect": 0.0015052646374956761, "redirect": 0.03467564445444671, "oneh-out": 0.00808250956750447, "oneh-in": 0.0076435845530220285, "dsfb-red": 0.01590643793312351, "dsfb-alt": 0.035977264555658986, "alternate": 0.2570312301683373, "sfR": 0.09761014138424484, "unknown": 0.08173514995625905}, "english-200": {"sft": 0.0, "sfb": 0.015590200445434299, "dsfb": 0.0, "sfT": 0.0, "roll-out": 0.22271714922049, "roll-in": 0.25389755011135856, "bad-redirect": 0.0, "redirect": 0.0334075723830735, "oneh-out": 0.004454342984409799, "oneh-in": 0.011135857461024499, "dsfb-red": 0.017817371937639197, "dsfb-alt": 0.028953229398663696, "alternate": 0.3051224944320713, "sfR": 0.10690423162583519, "unknown": 0.0}, "monkeyracer": {"sft": 0.0, "sfb": 0.019782168384503494, "dsfb": 0.0, "sfT": 3.128079202965419e-05, "roll-out": 0.21355298966169822, "roll-in": 0.23061861676337644, "bad-redirect": 0.0015816350469993901, "redirect": 0.037384456574440464, "oneh-out": 0.008468296917277945, "oneh-in": 0.008868104540406964, "dsfb-red": 0.01615946165756917, "dsfb-alt": 0.038382509345136616, "alternate": 0.2615318594866822, "sfR": 0.09605353707555875, "unknown": 0.06758508375432067}, "chained-bigrams": {"sft": 0.0, "sfb": 0.019752498037476567, "dsfb": 0.0, "sfT": 3.7659672140088785e-05, "roll-out": 0.1864303111013571, "roll-in": 0.206259427092498, "bad-redirect": 0.0026796804641749383, "redirect": 0.045223422498017994, "oneh-out": 0.005746346524823892, "oneh-in": 0.008775352913332757, "dsfb-red": 0.020870600717221962, "dsfb-alt": 0.04738625642730482, "alternate": 0.259053742300058, "sfR": 0.11643721321023381, "unknown": 0.08134748904136006}, "english-5k": {"sft": 0.0, "sfb": 0.024847554652175717, "dsfb": 0.0, "sfT": 4.148172729912474e-05, "roll-out": 0.177583274567553, "roll-in": 0.2455303438835193, "bad-redirect": 0.0017007508192641142, "redirect": 0.03401501638528228, "oneh-out": 0.0070933753681503295, "oneh-in": 0.020657900194964118, "dsfb-red": 0.017131953374538517, "dsfb-alt": 0.04268469739079935, "alternate": 0.3191604098394657, "sfR": 0.10644211224955408, "unknown": 0.003111129547434355}, "mt-quotes": {"sft": 0.0, "sfb": 0.01939224967428073, "dsfb": 0.0, "sfT": 2.0917751401489345e-05, "roll-out": 0.21847097213755512, "roll-in": 0.2341473326878713, "bad-redirect": 0.00157331373041202, "redirect": 0.03773861177848699, "oneh-out": 0.008758561336823609, "oneh-in": 0.008570301574210206, "dsfb-red": 0.01598415032093807, "dsfb-alt": 0.03836166194523135, "alternate": 0.26155556352422277, "sfR": 0.09572710103871578, "unknown": 0.05969926249985059}, "english-1k": {"sft": 0.0, "sfb": 0.019054340155257588, "dsfb": 0.0, "sfT": 0.0, "roll-out": 0.2272406492589979, "roll-in": 0.2392378263937897, "bad-redirect": 0.0007057163020465773, "redirect": 0.035638673253352154, "oneh-out": 0.009527170077628794, "oneh-in": 0.012350035285815103, "dsfb-red": 0.016231474947071278, "dsfb-alt": 0.035638673253352154, "alternate": 0.29604798870853916, "sfR": 0.10832745236414962, "unknown": 0.0}, "english-10k": {"sft": 0.0, "sfb": 0.025568784855560488, "dsfb": 0.0, "sfT": 1.929719611740414e-05, "roll-out": 0.17207309777889274, "roll-in": 0.2572895158333494, "bad-redirect": 0.001756044846683777, "redirect": 0.03531386889484958, "oneh-out": 0.006078616776982304, "oneh-in": 0.01848671388047317, "dsfb-red": 0.016248239130854287, "dsfb-alt": 0.04571505760213041, "alternate": 0.30825341077941376, "sfR": 0.10543987958549622, "unknown": 0.0077574728391964646}, "reddit": {"sft": 0.0, "sfb": 0.020273075779905482, "dsfb": 0.0, "sfT": 4.536092746053534e-05, "roll-out": 0.19619380240877388, "roll-in": 0.21932128290891276, "bad-redirect": 0.0009956555019227827, "redirect": 0.03485123881966447, "oneh-out": 0.008149459573805806, "oneh-in": 0.008998431845393777, "dsfb-red": 0.016438148352707245, "dsfb-alt": 0.0430167301663465, "alternate": 0.2521797873430277, "sfR": 0.1028716913164539, "unknown": 0.09666533505562519}, "akl": {"sft": 0.0, "sfb": 0.0264283831761492, "dsfb": 0.0, "sfT": 0.0002010415501152287, "roll-out": 0.18821169173397687, "roll-in": 0.21192579714368592, "bad-redirect": 0.0007345296203901854, "redirect": 0.031105185806379824, "oneh-out": 0.006463811096031446, "oneh-in": 0.0068419798547073645, "dsfb-red": 0.01733814544405153, "dsfb-alt": 0.03968324773114233, "alternate": 0.23576238611104605, "sfR": 0.11706348985084018, "unknown": 0.11824031088148387}, "keymash": {"sft": 0.0, "sfb": 0.019654123548414903, "dsfb": 0.0, "sfT": 1.6419485002852885e-05, "roll-out": 0.21700812354020516, "roll-in": 0.22924063986733056, "bad-redirect": 0.0017486751528038324, "redirect": 0.03698488996892613, "oneh-out": 0.008107120720158612, "oneh-in": 0.00889525600029555, "dsfb-red": 0.017096788759220567, "dsfb-alt": 0.03802342239535657, "alternate": 0.26354094403829026, "sfR": 0.09899307508220005, "unknown": 0.06069052144179498}, "movie": {"sft": 0.0, "sfb": 0.019186175278582754, "dsfb": 0.0, "sfT": 1.0133033571003417e-05, "roll-out": 0.18357056256365223, "roll-in": 0.20046035555893615, "bad-redirect": 0.002527204892175969, "redirect": 0.03501107856404123, "oneh-out": 0.006915071624097617, "oneh-in": 0.006291561064884446, "dsfb-red": 0.017453558135779753, "dsfb-alt": 0.03750630518144118, "alternate": 0.22702706401668976, "sfR": 0.1138359467128768, "unknown": 0.1502049833732711}}