{"english-450k": {"sft": 0.0, "sfb": 0.05003183650129422, "dsfb": 0.0, "sfT": 0.00033122824578831443, "roll-out": 0.17243222099501784, "roll-in": 0.18937075988378654, "bad-redirect": 0.0012047586945221924, "redirect": 0.016283683398419343, "oneh-out": 0.00484096074316743, "oneh-in": 0.0027480542898589196, "dsfb-red": 0.006568434445164915, "dsfb-alt": 0.06673766781402805, "alternate": 0.36646882624754357, "sfR": 0.11328269117541298, "unknown": 0.009698877565995693}, "shai": {"sft": 0.0, "sfb": 0.030154242757613636, "dsfb": 0.0, "sfT": 0.00032192512276162647, "roll-out": 0.1911656332159103, "roll-in": 0.2005222265192361, "bad-redirect": 0.0017597819938054882, "redirect": 0.013256223694766558, "oneh-out": 0.006244560140424624, "oneh-in": 0.00850004087151698, "dsfb-red": 0.0059690683120961424, "dsfb-alt": 0.06504850938171612, "alternate": 0.31235280448273844, "sfR": 0.09728563198976478, "unknown": 0.06741935151764922}, "tr-quotes": {"sft": 0.0, "sfb": 0.03243221377221978, "dsfb": 0.0, "sfT": 0.0002334666327639213, "roll-out": 0.211319664362821, "roll-in": 0.1971972446314232, "bad-redirect": 0.0011349714523473798, "redirect": 0.015108296155890988, "oneh-out": 0.008245301772959478, "oneh-in": 0.014899100806731236, "dsfb-red": 0.00642726705346617, "dsfb-alt": 0.06576708813943274, "alternate": 0.3050438038880285, "sfR": 0.09591664547745082, "unknown": 0.04627493585446476}, "gutenberg": {"sft": 0.0, "sfb": 0.0325990384946899, "dsfb": 0.0, "sfT": 0.0002655903626691339, "roll-out": 0.2189443976535603, "roll-in": 0.20038736032352772, "bad-redirect": 0.0008198823749158427, "redirect": 0.01293076502527276, "oneh-out": 0.00894312084967699, "oneh-in": 0.007189883469860419, "dsfb-red": 0.009209468959457878, "dsfb-alt": 0.06016890940868067, "alternate": 0.2707858557408626, "sfR": 0.09761014138424484, "unknown": 0.08014558595258095}, "english-200": {"sft": 0.0, "sfb": 0.022271714922048998, "dsfb": 0.0, "sfT": 0.0, "roll-out": 0.2182628062360802, "roll-in": 0.21158129175946547, "bad-redirect": 0.0022271714922048997, "redirect": 0.013363028953229399, "oneh-out": 0.0066815144766146995, "oneh-in": 0.004454342984409799, "dsfb-red": 0.008908685968819599, "dsfb-alt": 0.08240534521158129, "alternate": 0.32293986636971045, "sfR": 0.10690423162583519, "unknown": 0.0}, "monkeyracer": {"sft": 0.0, "sfb": 0.03244306895850603, "dsfb": 0.0, "sfT": 0.00022971831646777295, "roll-out": 0.2114679293679716, "roll-in": 0.19751767364749676, "bad-redirect": 0.001119265839811064, "redirect": 0.01518975710464989, "oneh-out": 0.008169174343494377, "oneh-in": 0.015202464926411937, "dsfb-red": 0.00644482068285969, "dsfb-alt": 0.06576200009384238, "alternate": 0.30424382595367316, "sfR": 0.09605353707555875, "unknown": 0.046156763689256614}, "chained-bigrams": {"sft": 0.0, "sfb": 0.03206396430382525, "dsfb": 0.0, "sfT": 0.0002804996269744544, "roll-out": 0.18504599349786283, "roll-in": 0.17529993006988467, "bad-redirect": 0.0018303899269467292, "redirect": 0.016424811490615275, "oneh-out": 0.005682065360308913, "oneh-in": 0.004808750549474096, "dsfb-red": 0.008798727882247295, "dsfb-alt": 0.06439933796893596, "alternate": 0.31545299715799335, "sfR": 0.11643721321023381, "unknown": 0.07347531895469736}, "english-5k": {"sft": 0.0, "sfb": 0.032646119384411164, "dsfb": 0.0, "sfT": 0.00020740863649562367, "roll-out": 0.16995063674451405, "roll-in": 0.21487534740946612, "bad-redirect": 0.001244451818973742, "redirect": 0.013813415190608537, "oneh-out": 0.006014850458373086, "oneh-in": 0.002032604637657112, "dsfb-red": 0.006429667731364334, "dsfb-alt": 0.07180486995478491, "alternate": 0.37151034969096114, "sfR": 0.10644211224955408, "unknown": 0.0030281660928361057}, "mt-quotes": {"sft": 0.0, "sfb": 0.031896582637071035, "dsfb": 0.0, "sfT": 0.00019871863831414876, "roll-out": 0.21718453042636354, "roll-in": 0.19974809050812206, "bad-redirect": 0.001053358195574999, "redirect": 0.015144452014678286, "oneh-out": 0.00847766581800361, "oneh-in": 0.016581800360980625, "dsfb-red": 0.006445655681858931, "dsfb-alt": 0.06662453233884366, "alternate": 0.30374517397592665, "sfR": 0.09572710103871578, "unknown": 0.03717233836554667}, "english-1k": {"sft": 0.0, "sfb": 0.02364149611856034, "dsfb": 0.0, "sfT": 0.0, "roll-out": 0.21877205363443897, "roll-in": 0.19760056457304165, "bad-redirect": 0.0014114326040931546, "redirect": 0.016584333098094567, "oneh-out": 0.008115737473535639, "oneh-in": 0.0014114326040931546, "dsfb-red": 0.01058574453069866, "dsfb-alt": 0.07621736062103035, "alternate": 0.33733239237826396, "sfR": 0.10832745236414962, "unknown": 0.0}, "english-10k": {"sft": 0.0, "sfb": 0.036741861407537484, "dsfb": 0.0, "sfT": 0.00027016074564365796, "roll-out": 0.1644507053125181, "roll-in": 0.22288261515601784, "bad-redirect": 0.0012543177476312692, "redirect": 0.01333436251712626, "oneh-out": 0.005441809305107968, "oneh-in": 0.00438046351865074, "dsfb-red": 0.006464560699330387, "dsfb-alt": 0.06885239574689797, "alternate": 0.36272939541884563, "sfR": 0.10543987958549622, "unknown": 0.0077574728391964646}, "reddit": {"sft": 0.0, "sfb": 0.033224463361686725, "dsfb": 0.0, "sfT": 0.0002809680568798312, "roll-out": 0.2003423607572166, "roll-in": 0.1834475316220165, "bad-redirect": 0.0013785826377023472, "redirect": 0.014787737266961044, "oneh-out": 0.0073937937186539975, "oneh-in": 0.01069858637595219, "dsfb-red": 0.006332999775068233, "dsfb-alt": 0.06280611836879707, "alternate": 0.2965617278505419, "sfR": 0.1028716913164539, "unknown": 0.07987343889206965}, "akl": {"sft": 0.0, "sfb": 0.03470782560274363, "dsfb": 0.0, "sfT": 0.0003954539951881371, "roll-out": 0.19079592752393262, "roll-in": 0.17300588776045414, "bad-redirect": 0.0019030487811677907, "redirect": 0.017968963645368406, "oneh-out": 0.006458606938801961, "oneh-in": 0.014911335410287703, "dsfb-red": 0.006654444331687705, "dsfb-alt": 0.05861900749039307, "alternate": 0.2785561710091022, "sfR": 0.11706348985084018, "unknown": 0.09895983766003248}, "keymash": {"sft": 0.0, "sfb": 0.03207956882432383, "dsfb": 0.0, "sfT": 0.0003037604725527784, "roll-out": 0.2124270872244092, "roll-in": 0.1991026751445941, "bad-redirect": 0.0009564350014161806, "redirect": 0.01593921506651944, "oneh-out": 0.007852618702614392, "oneh-in": 0.014128966844954908, "dsfb-red": 0.0067976667911810945, "dsfb-alt": 0.06673699679409556, "alternate": 0.30230324325877517, "sfR": 0.09899307508220005, "unknown": 0.0423786907923633}, "movie": {"sft": 0.0, "sfb": 0.02876412916643692, "dsfb": 0.0, "sfT": 0.00026767000368079153, "roll-out": 0.2005626070795163, "roll-in": 0.15879095275387559, "bad-redirect": 0.0012209647463866193, "redirect": 0.01868505070925313, "oneh-out": 0.007765983248384735, "oneh-in": 0.020016294444373528, "dsfb-red": 0.0058866345155600625, "dsfb-alt": 0.059461693777356724, "alternate": 0.28095849022537317, "sfR": 0.1138359467128768, "unknown": 0.10378358261692566}}