{"english-450k": {"sft": 0.0, "sfb": 0.042564729834105225, "dsfb": 0.0, "sfT": 0.001736828780431047, "roll-out": 0.18343613200249548, "roll-in": 0.2010400508448513, "bad-redirect": 0.03194583877340889, "redirect": 0.06779069883020591, "oneh-out": 0.005661868875712521, "oneh-in": 0.014640697748524967, "dsfb-red": 0.01742032542809716, "dsfb-alt": 0.03494004856455092, "alternate": 0.2759944009855575, "sfR": 0.11328269117541298, "unknown": 0.009545688156646111}, "shai": {"sft": 0.0, "sfb": 0.02265373883038723, "dsfb": 0.0, "sfT": 0.00017625067616041824, "roll-out": 0.1794957468851724, "roll-in": 0.2259189898666505, "bad-redirect": 0.028579342451603634, "redirect": 0.0688097378247002, "oneh-out": 0.0036225594363198544, "oneh-in": 0.014539299047291131, "dsfb-red": 0.01880481466470029, "dsfb-alt": 0.03435240939140763, "alternate": 0.2456350419691649, "sfR": 0.09728563198976478, "unknown": 0.06012643696667702}, "tr-quotes": {"sft": 0.0, "sfb": 0.020587827373384805, "dsfb": 0.0, "sfT": 0.00019185871801391554, "roll-out": 0.18623587064561614, "roll-in": 0.2386976722683248, "bad-redirect": 0.026002635167934166, "redirect": 0.06954185062758604, "oneh-out": 0.00275999167841705, "oneh-in": 0.01364508448718245, "dsfb-red": 0.019146575437460994, "dsfb-alt": 0.037887473706109426, "alternate": 0.2479496544231525, "sfR": 0.09591664547745082, "unknown": 0.041436859989366866}, "gutenberg": {"sft": 0.0, "sfb": 0.020784245528250138, "dsfb": 0.0, "sfT": 0.00016499943358403398, "roll-out": 0.1930313407994156, "roll-in": 0.22752247383215068, "bad-redirect": 0.026529484129555053, "redirect": 0.06612423339671888, "oneh-out": 0.0028983827024520316, "oneh-in": 0.013105236297753696, "dsfb-red": 0.016321872787141638, "dsfb-alt": 0.03343085538661584, "alternate": 0.2341944371511285, "sfR": 0.09761014138424484, "unknown": 0.06828229717098905}, "english-200": {"sft": 0.0, "sfb": 0.015590200445434299, "dsfb": 0.0, "sfT": 0.0, "roll-out": 0.1759465478841871, "roll-in": 0.2873051224944321, "bad-redirect": 0.026726057906458798, "redirect": 0.05790645879732739, "oneh-out": 0.004454342984409799, "oneh-in": 0.024498886414253896, "dsfb-red": 0.022271714922048998, "dsfb-alt": 0.024498886414253896, "alternate": 0.25389755011135856, "sfR": 0.10690423162583519, "unknown": 0.0}, "monkeyracer": {"sft": 0.0, "sfb": 0.020534862442717048, "dsfb": 0.0, "sfT": 0.00017595445516680483, "roll-out": 0.18633283544739354, "roll-in": 0.2393283622941333, "bad-redirect": 0.026096978275489936, "redirect": 0.06982361543394279, "oneh-out": 0.0027380468273456686, "oneh-in": 0.013653088196193128, "dsfb-red": 0.01925528254375401, "dsfb-alt": 0.03783705053411952, "alternate": 0.24679078624270767, "sfR": 0.09605353707555875, "unknown": 0.04137960023147786}, "chained-bigrams": {"sft": 0.0, "sfb": 0.023265236421577955, "dsfb": 0.0, "sfT": 0.00012726371964581727, "roll-out": 0.17484476748074324, "roll-in": 0.2107156051941778, "bad-redirect": 0.023439899383744918, "redirect": 0.060212621314465406, "oneh-out": 0.0056944021494582525, "oneh-in": 0.016246252700295886, "dsfb-red": 0.018372725566826762, "dsfb-alt": 0.033446333993243337, "alternate": 0.25039591353599, "sfR": 0.11643721321023381, "unknown": 0.06680176532959681}, "english-5k": {"sft": 0.0, "sfb": 0.031609076201933047, "dsfb": 0.0, "sfT": 0.0003733355456921226, "roll-out": 0.18841000539262454, "roll-in": 0.2173642510474136, "bad-redirect": 0.03082092338324968, "redirect": 0.0789812087775335, "oneh-out": 0.00315261127473348, "oneh-in": 0.020326046376571122, "dsfb-red": 0.01883270419380263, "dsfb-alt": 0.03745799975110964, "alternate": 0.26531712780520184, "sfR": 0.10644211224955408, "unknown": 0.0009125980005807441}, "mt-quotes": {"sft": 0.0, "sfb": 0.019395237924480942, "dsfb": 0.0, "sfT": 0.00013745950920978712, "roll-out": 0.18854812875772461, "roll-in": 0.24471976189622405, "bad-redirect": 0.02620546013076583, "redirect": 0.0703314567122076, "oneh-out": 0.0025280596693799976, "oneh-in": 0.013448620026057541, "dsfb-red": 0.019637286190698176, "dsfb-alt": 0.03803594267340816, "alternate": 0.24766020009323342, "sfR": 0.09572710103871578, "unknown": 0.033625285377894124}, "english-1k": {"sft": 0.0, "sfb": 0.025405786873676783, "dsfb": 0.0, "sfT": 0.0, "roll-out": 0.1743119266055046, "roll-in": 0.2487649964714185, "bad-redirect": 0.02893436838390967, "redirect": 0.07657021877205364, "oneh-out": 0.002117148906139732, "oneh-in": 0.017290049400141144, "dsfb-red": 0.016937191249117856, "dsfb-alt": 0.03669724770642202, "alternate": 0.2646436132674665, "sfR": 0.10832745236414962, "unknown": 0.0}, "english-10k": {"sft": 0.0, "sfb": 0.03174388761312981, "dsfb": 0.0, "sfT": 0.00040524111846548696, "roll-out": 0.18604426776789332, "roll-in": 0.21275158719438067, "bad-redirect": 0.03660678103471566, "redirect": 0.08183940873391096, "oneh-out": 0.004206788753594102, "oneh-in": 0.01877617182223423, "dsfb-red": 0.02157426525925783, "dsfb-alt": 0.03550684085602362, "alternate": 0.25734740742170165, "sfR": 0.10543987958549622, "unknown": 0.0077574728391964646}, "reddit": {"sft": 0.0, "sfb": 0.02113819219660947, "dsfb": 0.0, "sfT": 0.00019897377924885524, "roll-out": 0.1816412976970995, "roll-in": 0.22804545157440062, "bad-redirect": 0.02374189444987889, "redirect": 0.06243922300589374, "oneh-out": 0.0035630989791543876, "oneh-in": 0.01258093376461799, "dsfb-red": 0.018313079173547124, "dsfb-alt": 0.037606868341125414, "alternate": 0.23500189253580508, "sfR": 0.1028716913164539, "unknown": 0.07285740318616503}, "akl": {"sft": 0.0, "sfb": 0.022992772045150774, "dsfb": 0.0, "sfT": 0.00033046398407230506, "roll-out": 0.17528530862696862, "roll-in": 0.21783232973639333, "bad-redirect": 0.021246777294658514, "redirect": 0.06589869414065176, "oneh-out": 0.003322110939993465, "oneh-in": 0.012263534557028952, "dsfb-red": 0.015857252940999354, "dsfb-alt": 0.03697987391318301, "alternate": 0.22009396973237375, "sfR": 0.11706348985084018, "unknown": 0.090833422237686}, "keymash": {"sft": 0.0, "sfb": 0.021427427928723014, "dsfb": 0.0, "sfT": 0.00016829972127924207, "roll-out": 0.18708771699375648, "roll-in": 0.23913748445280014, "bad-redirect": 0.026226022420806773, "redirect": 0.07032465426721891, "oneh-out": 0.002877514746749968, "oneh-in": 0.013505026414846499, "dsfb-red": 0.01961307483590777, "dsfb-alt": 0.03693973638516828, "alternate": 0.24593925611523196, "sfR": 0.09899307508220005, "unknown": 0.037760710635310925}, "movie": {"sft": 0.0, "sfb": 0.01719931111163458, "dsfb": 0.0, "sfT": 8.159065992236518e-05, "roll-out": 0.1737704715242675, "roll-in": 0.2124874768206857, "bad-redirect": 0.02020171579893903, "redirect": 0.06286165553502483, "oneh-out": 0.002344415494382154, "oneh-in": 0.009974458175509142, "dsfb-red": 0.017974685576574216, "dsfb-alt": 0.03839709095081939, "alternate": 0.23251350950511449, "sfR": 0.1138359467128768, "unknown": 0.0983576721342498}}