{"english-450k": {"sft": 0.0, "sfb": 0.028006181368074975, "dsfb": 0.0, "sfT": 0.00013827975309609245, "roll-out": 0.19821335542691024, "roll-in": 0.1933688865293302, "bad-redirect": 0.002945387975566874, "redirect": 0.0382190035555145, "oneh-out": 0.00480646389144367, "oneh-in": 0.005171604296553648, "dsfb-red": 0.016243339622674605, "dsfb-alt": 0.05049052769073982, "alternate": 0.3394154011486867, "sfR": 0.11328269117541298, "unknown": 0.009698877565995693}, "shai": {"sft": 0.0, "sfb": 0.01611295695207474, "dsfb": 0.0, "sfT": 3.270495440193979e-05, "roll-out": 0.20638072112218322, "roll-in": 0.20947105290291498, "bad-redirect": 0.00327508187462786, "redirect": 0.03624118049945613, "oneh-out": 0.010031461005012024, "oneh-in": 0.0034576645395931983, "dsfb-red": 0.014315794550030916, "dsfb-alt": 0.04664805954732318, "alternate": 0.2906335835991272, "sfR": 0.09728563198976478, "unknown": 0.06611410646348981}, "tr-quotes": {"sft": 0.0, "sfb": 0.018668084417835927, "dsfb": 0.0, "sfT": 3.467326229167148e-05, "roll-out": 0.20917570097778598, "roll-in": 0.2202260696701417, "bad-redirect": 0.002940292642333742, "redirect": 0.03548114930306743, "oneh-out": 0.0176960772982594, "oneh-in": 0.003705415963569959, "dsfb-red": 0.014940708721481242, "dsfb-alt": 0.052995769862000414, "alternate": 0.2822091491181434, "sfR": 0.09591664547745082, "unknown": 0.046010263285638335}, "gutenberg": {"sft": 0.0, "sfb": 0.015729125108973507, "dsfb": 0.0, "sfT": 5.3231734600589606e-05, "roll-out": 0.19803171398986816, "roll-in": 0.2293406880268, "bad-redirect": 0.003611422734610819, "redirect": 0.0345934288928216, "oneh-out": 0.009697458099426272, "oneh-in": 0.0035725881951335207, "dsfb-red": 0.015065528075856548, "dsfb-alt": 0.04847062006067281, "alternate": 0.26665272411981045, "sfR": 0.09761014138424484, "unknown": 0.0775713295771809}, "english-200": {"sft": 0.0, "sfb": 0.015590200445434299, "dsfb": 0.0, "sfT": 0.0, "roll-out": 0.2650334075723831, "roll-in": 0.2071269487750557, "bad-redirect": 0.0022271714922048997, "redirect": 0.035634743875278395, "oneh-out": 0.004454342984409799, "oneh-in": 0.0022271714922048997, "dsfb-red": 0.017817371937639197, "dsfb-alt": 0.06904231625835189, "alternate": 0.2739420935412027, "sfR": 0.10690423162583519, "unknown": 0.0}, "monkeyracer": {"sft": 0.0, "sfb": 0.01877238531679622, "dsfb": 0.0, "sfT": 3.421336628243427e-05, "roll-out": 0.20955393590565713, "roll-in": 0.2199098331169745, "bad-redirect": 0.0029550573220513943, "redirect": 0.03562393449802149, "oneh-out": 0.018126241456433677, "oneh-in": 0.003762492766316843, "dsfb-red": 0.014998162253468257, "dsfb-alt": 0.053012144767505515, "alternate": 0.2815955549994526, "sfR": 0.09605353707555875, "unknown": 0.04560250715548118}, "chained-bigrams": {"sft": 0.0, "sfb": 0.016368971287097214, "dsfb": 0.0, "sfT": 4.674993782907573e-05, "roll-out": 0.17401560538896924, "roll-in": 0.20072994833482566, "bad-redirect": 0.00417308125593708, "redirect": 0.03909138898610423, "oneh-out": 0.006709265383164438, "oneh-in": 0.005652846649165741, "dsfb-red": 0.022600348416897766, "dsfb-alt": 0.05620641136439044, "alternate": 0.2863024630074884, "sfR": 0.11643721321023381, "unknown": 0.0716657067778969}, "english-5k": {"sft": 0.0, "sfb": 0.016094910192060396, "dsfb": 0.0, "sfT": 8.296345459824948e-05, "roll-out": 0.22412577259717095, "roll-in": 0.20438047040278756, "bad-redirect": 0.0036503920023229766, "redirect": 0.04156469075372299, "oneh-out": 0.0032355747293317293, "oneh-in": 0.0019496411830588626, "dsfb-red": 0.015472684282573526, "dsfb-alt": 0.05010992657734268, "alternate": 0.3298626954826399, "sfR": 0.10644211224955408, "unknown": 0.0030281660928361057}, "mt-quotes": {"sft": 0.0, "sfb": 0.018527151241319133, "dsfb": 0.0, "sfT": 3.585900240255316e-05, "roll-out": 0.21161443205316693, "roll-in": 0.22447735503998278, "bad-redirect": 0.0029180263205077633, "redirect": 0.03581716689975018, "oneh-out": 0.019447532302984665, "oneh-in": 0.0037203714992648904, "dsfb-red": 0.015198240518282115, "dsfb-alt": 0.05416054075375623, "alternate": 0.28174567600196027, "sfR": 0.09572710103871578, "unknown": 0.036610547327906674}, "english-1k": {"sft": 0.0, "sfb": 0.014467184191954835, "dsfb": 0.0, "sfT": 0.00035285815102328866, "roll-out": 0.2519407198306281, "roll-in": 0.19830628087508823, "bad-redirect": 0.003175723359209598, "redirect": 0.03669724770642202, "oneh-out": 0.006351446718419196, "oneh-in": 0.003175723359209598, "dsfb-red": 0.019054340155257588, "dsfb-alt": 0.05081157374735357, "alternate": 0.3073394495412844, "sfR": 0.10832745236414962, "unknown": 0.0}, "english-10k": {"sft": 0.0, "sfb": 0.017907797996951042, "dsfb": 0.0, "sfT": 7.718878446961657e-05, "roll-out": 0.2157812469848131, "roll-in": 0.19964879103066324, "bad-redirect": 0.0027787962409061965, "redirect": 0.03616294552401536, "oneh-out": 0.0036085756739545746, "oneh-in": 0.004766407440998823, "dsfb-red": 0.015148298952162251, "dsfb-alt": 0.048706123000328054, "alternate": 0.34221647594604504, "sfR": 0.10543987958549622, "unknown": 0.0077574728391964646}, "reddit": {"sft": 0.0, "sfb": 0.018525987110529524, "dsfb": 0.0, "sfT": 4.850735017456091e-05, "roll-out": 0.204247595749108, "roll-in": 0.20049563649228555, "bad-redirect": 0.002398435628592517, "redirect": 0.0370041411043232, "oneh-out": 0.012918125398804397, "oneh-in": 0.003545943483880296, "dsfb-red": 0.013996037380250992, "dsfb-alt": 0.04887795382137721, "alternate": 0.27210121292722755, "sfR": 0.1028716913164539, "unknown": 0.0829687322369923}, "akl": {"sft": 0.0, "sfb": 0.0188298799413318, "dsfb": 0.0, "sfT": 0.00010829603377547605, "roll-out": 0.18480135793809307, "roll-in": 0.19954727549358645, "bad-redirect": 0.0018072055521914396, "redirect": 0.03507707294902615, "oneh-out": 0.013960957173379349, "oneh-in": 0.0028388677686841325, "dsfb-red": 0.012737670453186686, "dsfb-alt": 0.046803030455099835, "alternate": 0.26268640330905096, "sfR": 0.11706348985084018, "unknown": 0.10373849308175447}, "keymash": {"sft": 0.0, "sfb": 0.017901343524360357, "dsfb": 0.0, "sfT": 3.694384125641899e-05, "roll-out": 0.2108672361491382, "roll-in": 0.2210514217221577, "bad-redirect": 0.003283897000570577, "redirect": 0.03450554773349534, "oneh-out": 0.017010586462955588, "oneh-in": 0.003616391571878348, "dsfb-red": 0.015196233370140345, "dsfb-alt": 0.05264907866164778, "alternate": 0.28338389166423794, "sfR": 0.09899307508220005, "unknown": 0.04150435321596138}, "movie": {"sft": 0.0, "sfb": 0.016828994793857906, "dsfb": 0.0, "sfT": 6.527252793789214e-05, "roll-out": 0.19529816714478354, "roll-in": 0.188043573097138, "bad-redirect": 0.00227466863993239, "redirect": 0.036880952252487824, "oneh-out": 0.0251601907589629, "oneh-in": 0.0028168517349003654, "dsfb-red": 0.014744353432841478, "dsfb-alt": 0.04845708772140843, "alternate": 0.25260823626128437, "sfR": 0.1138359467128768, "unknown": 0.10298570492158808}}