{"english-450k": {"sft": 0.0, "sfb": 0.03256853618164288, "dsfb": 0.0, "sfT": 0.00021779791978137182, "roll-out": 0.17971982709476286, "roll-in": 0.19734859536420782, "bad-redirect": 0.002023328057458892, "redirect": 0.03088023687058594, "oneh-out": 0.005866218870245647, "oneh-in": 0.005717707000112845, "dsfb-red": 0.014089917505748988, "dsfb-alt": 0.05352946645064231, "alternate": 0.3550567999434018, "sfR": 0.11328269117541298, "unknown": 0.009698877565995693}, "shai": {"sft": 0.0, "sfb": 0.020053482082948743, "dsfb": 0.0, "sfT": 5.2358890313543364e-05, "roll-out": 0.20231942762536795, "roll-in": 0.19104168724434015, "bad-redirect": 0.0015307892568598351, "redirect": 0.027025957748140424, "oneh-out": 0.01449215746804668, "oneh-in": 0.004319933565206944, "dsfb-red": 0.009868776111713003, "dsfb-alt": 0.051322251630448415, "alternate": 0.31299007890370206, "sfR": 0.09728563198976478, "unknown": 0.06769746748314746}, "tr-quotes": {"sft": 0.0, "sfb": 0.018123714199856682, "dsfb": 0.0, "sfT": 4.391946556945054e-05, "roll-out": 0.20527380319456323, "roll-in": 0.19546358151683965, "bad-redirect": 0.0014366288342849217, "redirect": 0.02582464575483692, "oneh-out": 0.023076211830517095, "oneh-in": 0.004631192066757587, "dsfb-red": 0.009076304292549872, "dsfb-alt": 0.05504611543884792, "alternate": 0.32069531448648897, "sfR": 0.09591664547745082, "unknown": 0.04539192344143686}, "gutenberg": {"sft": 0.0, "sfb": 0.017370405353028695, "dsfb": 0.0, "sfT": 0.00022675582319183542, "roll-out": 0.2130648483766973, "roll-in": 0.19573498249414736, "bad-redirect": 0.001949304444982445, "redirect": 0.02374646842486729, "oneh-out": 0.014822101816206164, "oneh-in": 0.004589484819104927, "dsfb-red": 0.006487073023710286, "dsfb-alt": 0.04925128902255548, "alternate": 0.299949837141202, "sfR": 0.09761014138424484, "unknown": 0.07519730787606137}, "english-200": {"sft": 0.0, "sfb": 0.015590200445434299, "dsfb": 0.0, "sfT": 0.0, "roll-out": 0.21380846325167038, "roll-in": 0.22271714922049, "bad-redirect": 0.0022271714922048997, "redirect": 0.028953229398663696, "oneh-out": 0.015590200445434299, "oneh-in": 0.0066815144766146995, "dsfb-red": 0.004454342984409799, "dsfb-alt": 0.062360801781737196, "alternate": 0.3207126948775056, "sfR": 0.10690423162583519, "unknown": 0.0}, "monkeyracer": {"sft": 0.0, "sfb": 0.017953219575519652, "dsfb": 0.0, "sfT": 4.3011089040774515e-05, "roll-out": 0.20547961274379467, "roll-in": 0.1952410185025885, "bad-redirect": 0.001470197225393747, "redirect": 0.02570792342462111, "oneh-out": 0.02354172857656756, "oneh-in": 0.004694073853949982, "dsfb-red": 0.008995182758027433, "dsfb-alt": 0.055231125952109106, "alternate": 0.32029771493814224, "sfR": 0.09605353707555875, "unknown": 0.04529165428468649}, "chained-bigrams": {"sft": 0.0, "sfb": 0.019955730406094635, "dsfb": 0.0, "sfT": 9.869431319471544e-05, "roll-out": 0.18094563436743763, "roll-in": 0.17311047464822296, "bad-redirect": 0.003319245585864377, "redirect": 0.03154387124547678, "oneh-out": 0.007168323800458279, "oneh-in": 0.008388367316858741, "dsfb-red": 0.017615636295872567, "dsfb-alt": 0.06128786988453415, "alternate": 0.30720877548277425, "sfR": 0.11643721321023381, "unknown": 0.07292016344297708}, "english-5k": {"sft": 0.0, "sfb": 0.022897913469116855, "dsfb": 0.0, "sfT": 4.148172729912474e-05, "roll-out": 0.20628862985854732, "roll-in": 0.2027626830381217, "bad-redirect": 0.0026548305471439833, "redirect": 0.031152777201642678, "oneh-out": 0.005890405276475713, "oneh-in": 0.005682996639980089, "dsfb-red": 0.013979342099805036, "dsfb-alt": 0.05143734185091467, "alternate": 0.34774131994856267, "sfR": 0.10644211224955408, "unknown": 0.0030281660928361057}, "mt-quotes": {"sft": 0.0, "sfb": 0.017337827661634452, "dsfb": 0.0, "sfT": 2.8388376902021254e-05, "roll-out": 0.20745030539917045, "roll-in": 0.19802088189239908, "bad-redirect": 0.0013805715924982967, "redirect": 0.025427020953610404, "oneh-out": 0.025252208316897957, "oneh-in": 0.004721435316336166, "dsfb-red": 0.00863454895351478, "dsfb-alt": 0.05624633939350474, "alternate": 0.3234750959228314, "sfR": 0.09572710103871578, "unknown": 0.03629827518198444}, "english-1k": {"sft": 0.0, "sfb": 0.019760056457304165, "dsfb": 0.0, "sfT": 0.0, "roll-out": 0.21630204657727595, "roll-in": 0.22335920959774172, "bad-redirect": 0.0014114326040931546, "redirect": 0.032815808045165845, "oneh-out": 0.009174311926605505, "oneh-in": 0.0067043048694424845, "dsfb-red": 0.011644318983768526, "dsfb-alt": 0.056810162314749474, "alternate": 0.3136908962597036, "sfR": 0.10832745236414962, "unknown": 0.0}, "english-10k": {"sft": 0.0, "sfb": 0.02306014936029795, "dsfb": 0.0, "sfT": 0.00011578317670442484, "roll-out": 0.20709750873198124, "roll-in": 0.1976611798305706, "bad-redirect": 0.0018911252195056058, "redirect": 0.029524710059628336, "oneh-out": 0.009494220489762837, "oneh-in": 0.00517164855946431, "dsfb-red": 0.012832635418073755, "dsfb-alt": 0.05214102390922599, "alternate": 0.34781266282009227, "sfR": 0.10543987958549622, "unknown": 0.0077574728391964646}, "reddit": {"sft": 0.0, "sfb": 0.017174149065896392, "dsfb": 0.0, "sfT": 5.232800632730625e-05, "roll-out": 0.1880661055920734, "roll-in": 0.19027609297454376, "bad-redirect": 0.0016540069974193715, "redirect": 0.025508311144498152, "oneh-out": 0.017115865330860396, "oneh-in": 0.004074130468290708, "dsfb-red": 0.009483318060073076, "dsfb-alt": 0.05343667084504112, "alternate": 0.3068036709014145, "sfR": 0.1028716913164539, "unknown": 0.0834836592971079}, "akl": {"sft": 0.0, "sfb": 0.022558472733499695, "dsfb": 0.0, "sfT": 0.000294468563235033, "roll-out": 0.1719259012268305, "roll-in": 0.18581654032335906, "bad-redirect": 0.0015245082969754802, "redirect": 0.022444167137209217, "oneh-out": 0.01761644394732352, "oneh-in": 0.0031386643976541147, "dsfb-red": 0.010894965114179828, "dsfb-alt": 0.05644490885352292, "alternate": 0.2853609783121704, "sfR": 0.11706348985084018, "unknown": 0.10491649124320006}, "keymash": {"sft": 0.0, "sfb": 0.01893166620828938, "dsfb": 0.0, "sfT": 6.978281126212477e-05, "roll-out": 0.2078583655223654, "roll-in": 0.19551091280022, "bad-redirect": 0.0015434315902681712, "redirect": 0.025774486583228316, "oneh-out": 0.02238796780138991, "oneh-in": 0.0048601675608444545, "dsfb-red": 0.009248274927856888, "dsfb-alt": 0.054455222011961596, "alternate": 0.3190059643779273, "sfR": 0.09899307508220005, "unknown": 0.04136068272218642}, "movie": {"sft": 0.0, "sfb": 0.015762920703485197, "dsfb": 0.0, "sfT": 3.342585100045283e-05, "roll-out": 0.17779525981953462, "roll-in": 0.17263333460105917, "bad-redirect": 0.000939871763170213, "redirect": 0.021477688441853954, "oneh-out": 0.029073910478464738, "oneh-in": 0.002926867527956974, "dsfb-red": 0.00977995657008131, "dsfb-alt": 0.053687575413786374, "alternate": 0.29845165931056683, "sfR": 0.1138359467128768, "unknown": 0.10360158280616336}}