{"english-450k": {"sft": 0.0, "sfb": 0.0178816477333522, "dsfb": 0.0, "sfT": 8.185693629366994e-06, "roll-out": 0.1841465332710441, "roll-in": 0.21334373306219198, "bad-redirect": 0.015434417684372518, "redirect": 0.014063898693855643, "oneh-out": 0.00641115218900065, "oneh-in": 0.009951464683701875, "dsfb-red": 0.008019348640970215, "dsfb-alt": 0.057861744803984795, "alternate": 0.35004949421183756, "sfR": 0.11328269117541298, "unknown": 0.009545688156646111}, "shai": {"sft": 0.0, "sfb": 0.012026768985825944, "dsfb": 0.0, "sfT": 1.262914393059521e-05, "roll-out": 0.21570253880239643, "roll-in": 0.2050882484170802, "bad-redirect": 0.01146562550605595, "redirect": 0.01999104851851588, "oneh-out": 0.009553109439989002, "oneh-in": 0.010615374099781616, "dsfb-red": 0.008537413538937706, "dsfb-alt": 0.05475474690158293, "alternate": 0.29485892824354965, "sfR": 0.09728563198976478, "unknown": 0.0601079364125893}, "tr-quotes": {"sft": 0.0, "sfb": 0.015006587919835418, "dsfb": 0.0, "sfT": 2.4271283604170037e-05, "roll-out": 0.23816601557985254, "roll-in": 0.1933334874367213, "bad-redirect": 0.011056147569404314, "redirect": 0.022119229791266962, "oneh-out": 0.01107348420055015, "oneh-in": 0.018876123991585954, "dsfb-red": 0.00867756177619565, "dsfb-alt": 0.05693580823374402, "alternate": 0.2873789325258316, "sfR": 0.09591664547745082, "unknown": 0.04143570421395714}, "gutenberg": {"sft": 0.0, "sfb": 0.014878743412809639, "dsfb": 0.0, "sfT": 4.1486654368431046e-05, "roll-out": 0.24630494092792954, "roll-in": 0.19021252154369758, "bad-redirect": 0.008582812098038836, "redirect": 0.024725667130029026, "oneh-out": 0.01804423197215431, "oneh-in": 0.01096649507483321, "dsfb-red": 0.011956112802781539, "dsfb-alt": 0.05132088582152858, "alternate": 0.25707385344337336, "sfR": 0.09761014138424484, "unknown": 0.0682821077342111}, "english-200": {"sft": 0.0, "sfb": 0.011135857461024499, "dsfb": 0.0, "sfT": 0.0, "roll-out": 0.2717149220489978, "roll-in": 0.18262806236080179, "bad-redirect": 0.008908685968819599, "redirect": 0.013363028953229399, "oneh-out": 0.015590200445434299, "oneh-in": 0.011135857461024499, "dsfb-red": 0.011135857461024499, "dsfb-alt": 0.07349665924276169, "alternate": 0.29398663697104677, "sfR": 0.10690423162583519, "unknown": 0.0}, "monkeyracer": {"sft": 0.0, "sfb": 0.015149678589861895, "dsfb": 0.0, "sfT": 2.7370693025947417e-05, "roll-out": 0.2387535777405884, "roll-in": 0.19277570108075137, "bad-redirect": 0.011088063249761484, "redirect": 0.022108677291709025, "oneh-out": 0.011047007210222563, "oneh-in": 0.019294383533791076, "dsfb-red": 0.008732228600028152, "dsfb-alt": 0.05686945743466225, "alternate": 0.28672169479331217, "sfR": 0.09605353707555875, "unknown": 0.04137862270672694}, "chained-bigrams": {"sft": 0.0, "sfb": 0.012645858182764987, "dsfb": 0.0, "sfT": 1.947914076211489e-05, "roll-out": 0.1995008145527362, "roll-in": 0.18340130471284824, "bad-redirect": 0.01656441199941043, "redirect": 0.025770253923585926, "oneh-out": 0.01177319267662224, "oneh-in": 0.008043586525369309, "dsfb-red": 0.011205700375752626, "dsfb-alt": 0.052543683596420775, "alternate": 0.29530312464896963, "sfR": 0.11643721321023381, "unknown": 0.06679137645452367}, "english-5k": {"sft": 0.0, "sfb": 0.010743767370473306, "dsfb": 0.0, "sfT": 0.0, "roll-out": 0.2002322976728751, "roll-in": 0.22785912805409217, "bad-redirect": 0.013771933463309412, "redirect": 0.012195627825942672, "oneh-out": 0.007591156095739827, "oneh-in": 0.0059733687310739615, "dsfb-red": 0.009748205915294314, "dsfb-alt": 0.06031443149292737, "alternate": 0.34421537312813705, "sfR": 0.10644211224955408, "unknown": 0.0009125980005807441}, "mt-quotes": {"sft": 0.0, "sfb": 0.015529936290505732, "dsfb": 0.0, "sfT": 2.3906001601702106e-05, "roll-out": 0.24722092731380213, "roll-in": 0.19147810807903323, "bad-redirect": 0.011050549240386799, "redirect": 0.022069721853671363, "oneh-out": 0.011415115764812757, "oneh-in": 0.020560655502563918, "dsfb-red": 0.00858076044991095, "dsfb-alt": 0.0576896642402075, "alternate": 0.28502826884689403, "sfR": 0.09572710103871578, "unknown": 0.033625285377894124}, "english-1k": {"sft": 0.0, "sfb": 0.008821453775582216, "dsfb": 0.0, "sfT": 0.0, "roll-out": 0.24735356386732535, "roll-in": 0.20606916019760058, "bad-redirect": 0.01305575158786168, "redirect": 0.01305575158786168, "oneh-out": 0.013761467889908258, "oneh-in": 0.004234297812279464, "dsfb-red": 0.011291460832745237, "dsfb-alt": 0.06351446718419196, "alternate": 0.310515172900494, "sfR": 0.10832745236414962, "unknown": 0.0}, "english-10k": {"sft": 0.0, "sfb": 0.01132745412091623, "dsfb": 0.0, "sfT": 0.0, "roll-out": 0.19144748268076647, "roll-in": 0.23260840199918953, "bad-redirect": 0.0125817718685475, "redirect": 0.012137936357847205, "oneh-out": 0.007217151347909149, "oneh-in": 0.00629088593427375, "dsfb-red": 0.007950444800370507, "dsfb-alt": 0.06003357712124428, "alternate": 0.3452075413442427, "sfR": 0.10543987958549622, "unknown": 0.0077574728391964646}, "reddit": {"sft": 0.0, "sfb": 0.017591424649637404, "dsfb": 0.0, "sfT": 4.581041641968185e-05, "roll-out": 0.2242869372702573, "roll-in": 0.1858396369477677, "bad-redirect": 0.01108495959375188, "redirect": 0.019418409981501655, "oneh-out": 0.01085879173247466, "oneh-in": 0.014768821273263628, "dsfb-red": 0.008680380949384359, "dsfb-alt": 0.05335628723618042, "alternate": 0.2786500048600994, "sfR": 0.1028716913164539, "unknown": 0.07254684377280805}, "akl": {"sft": 0.0, "sfb": 0.019630514749386995, "dsfb": 0.0, "sfT": 7.71330446512973e-05, "roll-out": 0.2214603088221245, "roll-in": 0.16711236556082043, "bad-redirect": 0.013941875263537903, "redirect": 0.018641848784290285, "oneh-out": 0.00793076389221893, "oneh-in": 0.017165293078929347, "dsfb-red": 0.008765411585023973, "dsfb-alt": 0.053137790842690595, "alternate": 0.2645218600004882, "sfR": 0.11706348985084018, "unknown": 0.09055134452499736}, "keymash": {"sft": 0.0, "sfb": 0.014670809850049054, "dsfb": 0.0, "sfT": 4.925845500855866e-05, "roll-out": 0.23960954464663217, "roll-in": 0.1931752410585642, "bad-redirect": 0.010217024543025208, "redirect": 0.022790245183959806, "oneh-out": 0.011325339780717777, "oneh-in": 0.017815141228095382, "dsfb-red": 0.009297533382865446, "dsfb-alt": 0.0581824451076092, "alternate": 0.28611363104596227, "sfR": 0.09899307508220005, "unknown": 0.037760710635310925}, "movie": {"sft": 0.0, "sfb": 0.015286010136455115, "dsfb": 0.0, "sfT": 0.0003014906481969978, "roll-out": 0.21134876072341438, "roll-in": 0.16967962111403098, "bad-redirect": 0.010796944666662017, "redirect": 0.02552669073942062, "oneh-out": 0.011180157572619965, "oneh-in": 0.023986338038789516, "dsfb-red": 0.00768320820791511, "dsfb-alt": 0.04924430599182067, "alternate": 0.26277443248761106, "sfR": 0.1138359467128768, "unknown": 0.09835609296018678}}