{"english-450k": {"sft": 0.0, "sfb": 0.023924151362830284, "dsfb": 0.0, "sfT": 1.4324963851392241e-05, "roll-out": 0.17895884993343278, "roll-in": 0.20673758595709177, "bad-redirect": 0.005789916511771904, "redirect": 0.02373704979415904, "oneh-out": 0.006554401827514572, "oneh-in": 0.0072665571732695, "dsfb-red": 0.007995083906283163, "dsfb-alt": 0.062026216437925254, "alternate": 0.35416748279981125, "sfR": 0.11328269117541298, "unknown": 0.009545688156646111}, "shai": {"sft": 0.0, "sfb": 0.013384419375204551, "dsfb": 0.0, "sfT": 8.449102421234859e-06, "roll-out": 0.1423537442179963, "roll-in": 0.275220690710059, "bad-redirect": 0.0082264997292262, "redirect": 0.021645156740719457, "oneh-out": 0.004855195621298147, "oneh-in": 0.016138447464464228, "dsfb-red": 0.009897378432781682, "dsfb-alt": 0.05610126986564727, "alternate": 0.29475667978374015, "sfR": 0.09728563198976478, "unknown": 0.06012643696667702}, "tr-quotes": {"sft": 0.0, "sfb": 0.014758096206745105, "dsfb": 0.0, "sfT": 6.934652458334297e-06, "roll-out": 0.13615496636693558, "roll-in": 0.2937368530547144, "bad-redirect": 0.008490326159820623, "redirect": 0.022601188137121194, "oneh-out": 0.004876216453618733, "oneh-in": 0.025798062920413305, "dsfb-red": 0.010330320612098657, "dsfb-alt": 0.05804304107625806, "alternate": 0.2878504888929983, "sfR": 0.09591664547745082, "unknown": 0.041436859989366866}, "gutenberg": {"sft": 0.0, "sfb": 0.013868666512844003, "dsfb": 0.0, "sfT": 1.894367779380413e-05, "roll-out": 0.12771694962838187, "roll-in": 0.30750988007515334, "bad-redirect": 0.008110356773861361, "redirect": 0.028421199794044335, "oneh-out": 0.004045043519310996, "oneh-in": 0.024043505292674138, "dsfb-red": 0.011393485572305555, "dsfb-alt": 0.052257840125210134, "alternate": 0.25672169047318655, "sfR": 0.09761014138424484, "unknown": 0.06828229717098905}, "english-200": {"sft": 0.0, "sfb": 0.011135857461024499, "dsfb": 0.0, "sfT": 0.0, "roll-out": 0.12026726057906459, "roll-in": 0.33407572383073497, "bad-redirect": 0.011135857461024499, "redirect": 0.015590200445434299, "oneh-out": 0.004454342984409799, "oneh-in": 0.022271714922048998, "dsfb-red": 0.0066815144766146995, "dsfb-alt": 0.06904231625835189, "alternate": 0.2984409799554566, "sfR": 0.10690423162583519, "unknown": 0.0}, "monkeyracer": {"sft": 0.0, "sfb": 0.014784084333015313, "dsfb": 0.0, "sfT": 7.820198007413547e-06, "roll-out": 0.13623664701190233, "roll-in": 0.2938087492375307, "bad-redirect": 0.008448746422259411, "redirect": 0.022619922736443688, "oneh-out": 0.004892511378388101, "oneh-in": 0.02620157342383909, "dsfb-red": 0.010347099488559051, "dsfb-alt": 0.0579701503042057, "alternate": 0.2872495581588126, "sfR": 0.09605353707555875, "unknown": 0.04137960023147786}, "chained-bigrams": {"sft": 0.0, "sfb": 0.013208805350790106, "dsfb": 0.0, "sfT": 1.6881921993832904e-05, "roll-out": 0.12857141929564725, "roll-in": 0.25476898063708475, "bad-redirect": 0.014267171998865015, "redirect": 0.02632151360715378, "oneh-out": 0.005819068650335788, "oneh-in": 0.014330803858687924, "dsfb-red": 0.012230303179839868, "dsfb-alt": 0.05452795873538821, "alternate": 0.2926981142243828, "sfR": 0.11643721321023381, "unknown": 0.06680176532959681}, "english-5k": {"sft": 0.0, "sfb": 0.01410378728170241, "dsfb": 0.0, "sfT": 0.0, "roll-out": 0.1829344173891401, "roll-in": 0.2383125233334716, "bad-redirect": 0.005641514912680964, "redirect": 0.022317169286929107, "oneh-out": 0.0032355747293317293, "oneh-in": 0.008545235823619695, "dsfb-red": 0.010577840461276808, "dsfb-alt": 0.06122702949350811, "alternate": 0.3457501970382047, "sfR": 0.10644211224955408, "unknown": 0.0009125980005807441}, "mt-quotes": {"sft": 0.0, "sfb": 0.014709661610547329, "dsfb": 0.0, "sfT": 5.9765004004255265e-06, "roll-out": 0.1359579134841802, "roll-in": 0.3018043054708885, "bad-redirect": 0.00838652418689712, "redirect": 0.022374523374093066, "oneh-out": 0.004814071072542762, "oneh-in": 0.027955080622990403, "dsfb-red": 0.010316933816234566, "dsfb-alt": 0.05870118693297952, "alternate": 0.28562143651163624, "sfR": 0.09572710103871578, "unknown": 0.033625285377894124}, "english-1k": {"sft": 0.0, "sfb": 0.01305575158786168, "dsfb": 0.0, "sfT": 0.0, "roll-out": 0.15737473535638674, "roll-in": 0.2911079745942131, "bad-redirect": 0.009880028228652082, "redirect": 0.01799576570218772, "oneh-out": 0.0028228652081863093, "oneh-in": 0.017642907551164433, "dsfb-red": 0.009880028228652082, "dsfb-alt": 0.06069160197600565, "alternate": 0.3112208892025406, "sfR": 0.10832745236414962, "unknown": 0.0}, "english-10k": {"sft": 0.0, "sfb": 0.01402906157735281, "dsfb": 0.0, "sfT": 0.0, "roll-out": 0.18660388645529805, "roll-in": 0.23121900387873642, "bad-redirect": 0.005904942011925667, "redirect": 0.01844811948823836, "oneh-out": 0.0059821307963952835, "oneh-in": 0.00829779433048378, "dsfb-red": 0.008355685918835993, "dsfb-alt": 0.06186681075239767, "alternate": 0.3460952123656433, "sfR": 0.10543987958549622, "unknown": 0.0077574728391964646}, "reddit": {"sft": 0.0, "sfb": 0.01754340424583525, "dsfb": 0.0, "sfT": 2.6220189283546437e-05, "roll-out": 0.13292313720069887, "roll-in": 0.27484657911745464, "bad-redirect": 0.008956554457366627, "redirect": 0.021107102543601833, "oneh-out": 0.004847101648369657, "oneh-in": 0.01963495128757049, "dsfb-red": 0.010847142476950112, "dsfb-alt": 0.05439157268133461, "alternate": 0.2791471396489154, "sfR": 0.1028716913164539, "unknown": 0.07285740318616503}, "akl": {"sft": 0.0, "sfb": 0.019022929392844605, "dsfb": 0.0, "sfT": 6.64769131813992e-05, "roll-out": 0.13406305530371151, "roll-in": 0.25165111181243327, "bad-redirect": 0.012198544545913119, "redirect": 0.02023494043904005, "oneh-out": 0.004974802585871382, "oneh-in": 0.02043096369468399, "dsfb-red": 0.009149032317940304, "dsfb-alt": 0.05293650147556444, "alternate": 0.2673747913845425, "sfR": 0.11706348985084018, "unknown": 0.09083336028343326}, "keymash": {"sft": 0.0, "sfb": 0.01418233017121418, "dsfb": 0.0, "sfT": 3.283897000570577e-05, "roll-out": 0.1380057714489785, "roll-in": 0.2932971557347104, "bad-redirect": 0.007807465118856547, "redirect": 0.02338134664406251, "oneh-out": 0.0049956283121179905, "oneh-in": 0.025425572526917694, "dsfb-red": 0.010574148341837258, "dsfb-alt": 0.0588966927052333, "alternate": 0.28664726430855497, "sfR": 0.09899307508220005, "unknown": 0.037760710635310925}, "movie": {"sft": 0.0, "sfb": 0.013204527123564711, "dsfb": 0.0, "sfT": 8.553859507989896e-06, "roll-out": 0.11540748810125243, "roll-in": 0.2654141535317767, "bad-redirect": 0.010708379321294675, "redirect": 0.023258075600063113, "oneh-out": 0.0037088218848258347, "oneh-in": 0.032775494482168425, "dsfb-red": 0.009967220294386996, "dsfb-alt": 0.05235764765705182, "alternate": 0.2609960192969807, "sfR": 0.1138359467128768, "unknown": 0.0983576721342498}}