{"english-450k": {"sft": 0.0, "sfb": 0.03224754005289127, "dsfb": 0.0, "sfT": 2.835758150173566e-05, "roll-out": 0.16594885929435813, "roll-in": 0.23848345992898326, "bad-redirect": 0.0018654611088925284, "redirect": 0.03745159477776134, "oneh-out": 0.005023677118822944, "oneh-in": 0.012061327216671218, "dsfb-red": 0.01856135265079071, "dsfb-alt": 0.059841513277487414, "alternate": 0.3055052882504308, "sfR": 0.11328269117541298, "unknown": 0.009698877565995693}, "shai": {"sft": 0.0, "sfb": 0.019819500389053495, "dsfb": 0.0, "sfT": 1.54661535846333e-05, "roll-out": 0.20866157625340093, "roll-in": 0.2181100182280773, "bad-redirect": 0.0020181666152160323, "redirect": 0.03078927234147038, "oneh-out": 0.007559268344112164, "oneh-in": 0.009080563488173423, "dsfb-red": 0.02240232868564323, "dsfb-alt": 0.053994474759206386, "alternate": 0.26284438123464804, "sfR": 0.09728563198976478, "unknown": 0.06741935151764922}, "tr-quotes": {"sft": 0.0, "sfb": 0.022567670650239246, "dsfb": 0.0, "sfT": 1.5025080326390976e-05, "roll-out": 0.21855019532604425, "roll-in": 0.2110965997087446, "bad-redirect": 0.0021751693210975242, "redirect": 0.028567300802108134, "oneh-out": 0.009568664617091606, "oneh-in": 0.011023785857932086, "dsfb-red": 0.023553547074732437, "dsfb-alt": 0.060567254571091744, "alternate": 0.2701232056586764, "sfR": 0.09591664547745082, "unknown": 0.04627493585446476}, "gutenberg": {"sft": 0.0, "sfb": 0.019806751754089847, "dsfb": 0.0, "sfT": 3.087819480390073e-05, "roll-out": 0.22556578135282865, "roll-in": 0.19860665461091012, "bad-redirect": 0.0024435449986227945, "redirect": 0.025027439917284327, "oneh-out": 0.01092576616757653, "oneh-in": 0.011375489078401442, "dsfb-red": 0.02393306365113626, "dsfb-alt": 0.05233626695127648, "alternate": 0.25219263598624386, "sfR": 0.09761014138424484, "unknown": 0.08014558595258095}, "english-200": {"sft": 0.0, "sfb": 0.015590200445434299, "dsfb": 0.0, "sfT": 0.0, "roll-out": 0.24944320712694878, "roll-in": 0.1870824053452116, "bad-redirect": 0.004454342984409799, "redirect": 0.0200445434298441, "oneh-out": 0.008908685968819599, "oneh-in": 0.017817371937639197, "dsfb-red": 0.026726057906458798, "dsfb-alt": 0.066815144766147, "alternate": 0.2962138084632517, "sfR": 0.10690423162583519, "unknown": 0.0}, "monkeyracer": {"sft": 0.0, "sfb": 0.022499687192079704, "dsfb": 0.0, "sfT": 1.5640396014827094e-05, "roll-out": 0.21875635391088102, "roll-in": 0.21089412233917762, "bad-redirect": 0.002149576927287799, "redirect": 0.028618992132880803, "oneh-out": 0.009623731172873297, "oneh-in": 0.011117388992289284, "dsfb-red": 0.023382392042166508, "dsfb-alt": 0.06035726574596869, "alternate": 0.27037454838356506, "sfR": 0.09605353707555875, "unknown": 0.046156763689256614}, "chained-bigrams": {"sft": 0.0, "sfb": 0.020336222955647944, "dsfb": 0.0, "sfT": 4.934715659735772e-05, "roll-out": 0.18743024032714567, "roll-in": 0.2008701981483129, "bad-redirect": 0.002463462001715463, "redirect": 0.04541951251502329, "oneh-out": 0.006753418102225232, "oneh-in": 0.009265577955845983, "dsfb-red": 0.024230103193994712, "dsfb-alt": 0.055260374428043726, "alternate": 0.25800901105051655, "sfR": 0.11643721321023381, "unknown": 0.07347531895469736}, "english-5k": {"sft": 0.0, "sfb": 0.02086530883145974, "dsfb": 0.0, "sfT": 0.0, "roll-out": 0.19902932758120048, "roll-in": 0.2421703239722902, "bad-redirect": 0.0013274152735719916, "redirect": 0.03613058447753764, "oneh-out": 0.006720039822458207, "oneh-in": 0.0076326378230389515, "dsfb-red": 0.023934956651594973, "dsfb-alt": 0.055585514580827146, "alternate": 0.2971336126436305, "sfR": 0.10644211224955408, "unknown": 0.0030281660928361057}, "mt-quotes": {"sft": 0.0, "sfb": 0.022504512257802322, "dsfb": 0.0, "sfT": 1.1953000800851053e-05, "roll-out": 0.22437426040807545, "roll-in": 0.21168465593287195, "bad-redirect": 0.002102234015849679, "redirect": 0.027857962491483486, "oneh-out": 0.009919496539606268, "oneh-in": 0.011205938250797862, "dsfb-red": 0.023372598940964127, "dsfb-alt": 0.06168495475789197, "alternate": 0.2723819939995936, "sfR": 0.09572710103871578, "unknown": 0.03717233836554667}, "english-1k": {"sft": 0.0, "sfb": 0.01587861679604799, "dsfb": 0.0, "sfT": 0.0, "roll-out": 0.23782639378969656, "roll-in": 0.221242060691602, "bad-redirect": 0.001058574453069866, "redirect": 0.032815808045165845, "oneh-out": 0.011997177134791814, "oneh-in": 0.012702893436838392, "dsfb-red": 0.02893436838390967, "dsfb-alt": 0.05998588567395907, "alternate": 0.2692307692307692, "sfR": 0.10832745236414962, "unknown": 0.0}, "english-10k": {"sft": 0.0, "sfb": 0.023272418517589395, "dsfb": 0.0, "sfT": 0.0, "roll-out": 0.18145153509195114, "roll-in": 0.2517512205476544, "bad-redirect": 0.0014665869049227146, "redirect": 0.03377009320545725, "oneh-out": 0.0062329943459215375, "oneh-in": 0.009397734509175817, "dsfb-red": 0.02157426525925783, "dsfb-alt": 0.057331969664807705, "alternate": 0.3005538295285695, "sfR": 0.10543987958549622, "unknown": 0.0077574728391964646}, "reddit": {"sft": 0.0, "sfb": 0.024768414860329734, "dsfb": 0.0, "sfT": 3.9742315471203956e-05, "roll-out": 0.20799461062737984, "roll-in": 0.19513405727275945, "bad-redirect": 0.0019958433508502926, "redirect": 0.028064030451378685, "oneh-out": 0.007333225081409006, "oneh-in": 0.00948796277931759, "dsfb-red": 0.022665143648243426, "dsfb-alt": 0.05735812489687506, "alternate": 0.26241371450746215, "sfR": 0.1028716913164539, "unknown": 0.07987343889206965}, "akl": {"sft": 0.0, "sfb": 0.02579514875897578, "dsfb": 0.0, "sfT": 9.132056852691745e-05, "roll-out": 0.19828501954842537, "roll-in": 0.1875165650183242, "bad-redirect": 0.005195173862838984, "redirect": 0.02487958881210279, "oneh-out": 0.006344858930786072, "oneh-in": 0.009215385322616239, "dsfb-red": 0.02124126336616537, "dsfb-alt": 0.05733420019723756, "alternate": 0.24807814810312806, "sfR": 0.11706348985084018, "unknown": 0.09895983766003248}, "keymash": {"sft": 0.0, "sfb": 0.02159983252125297, "dsfb": 0.0, "sfT": 4.104871250713221e-06, "roll-out": 0.21887173508802896, "roll-in": 0.2132070127620447, "bad-redirect": 0.0020606453678580373, "redirect": 0.028126577809886994, "oneh-out": 0.009190806730346902, "oneh-in": 0.010828650359381478, "dsfb-red": 0.02435420113048154, "dsfb-alt": 0.061195420605632704, "alternate": 0.26918924687927165, "sfR": 0.09899307508220005, "unknown": 0.0423786907923633}, "movie": {"sft": 0.0, "sfb": 0.02276458370537139, "dsfb": 0.0, "sfT": 1.3949370889952756e-05, "roll-out": 0.1914589318019205, "roll-in": 0.1853687154300703, "bad-redirect": 0.002689201831473439, "redirect": 0.024366655792298606, "oneh-out": 0.008450949998216849, "oneh-in": 0.00877941820332366, "dsfb-red": 0.021252787735713114, "dsfb-alt": 0.06678406071187325, "alternate": 0.25045121608904647, "sfR": 0.1138359467128768, "unknown": 0.10378358261692566}}