{"english-450k": {"sft": 0.0, "sfb": 0.03404225338112999, "dsfb": 0.0, "sfT": 1.3155579047196956e-05, "roll-out": 0.15971399186458993, "roll-in": 0.21789468637391898, "bad-redirect": 0.0033672435436803228, "redirect": 0.018884979895351754, "oneh-out": 0.001599133719737052, "oneh-in": 0.0029120605086473085, "dsfb-red": 0.006023501126409913, "dsfb-alt": 0.06849466848233147, "alternate": 0.364225946193097, "sfR": 0.11328269117541298, "unknown": 0.009545688156646111}, "shai": {"sft": 0.0, "sfb": 0.019069430644286827, "dsfb": 0.0, "sfT": 1.0376566006106576e-05, "roll-out": 0.1442441602497869, "roll-in": 0.27418662971922814, "bad-redirect": 0.003457060755819624, "redirect": 0.014629549239805266, "oneh-out": 0.001095503730609639, "oneh-in": 0.00933090927049606, "dsfb-red": 0.007409065519209148, "dsfb-alt": 0.06802991237704098, "alternate": 0.30114383352535723, "sfR": 0.09728563198976478, "unknown": 0.0601079364125893}, "tr-quotes": {"sft": 0.0, "sfb": 0.021712396847044683, "dsfb": 0.0, "sfT": 1.5025080326390976e-05, "roll-out": 0.12990684450197637, "roll-in": 0.30081251011303484, "bad-redirect": 0.003426874089826865, "redirect": 0.014909502785418737, "oneh-out": 0.0009893437507223597, "oneh-in": 0.01683040151637734, "dsfb-red": 0.008724948567994268, "dsfb-alt": 0.07368646124685051, "alternate": 0.2916333418090197, "sfR": 0.09591664547745082, "unknown": 0.04143570421395714}, "gutenberg": {"sft": 0.0, "sfb": 0.019120990617954137, "dsfb": 0.0, "sfT": 3.5992987808227844e-05, "roll-out": 0.11957836677460774, "roll-in": 0.3227011941715608, "bad-redirect": 0.0036352917686310123, "redirect": 0.015100384442997147, "oneh-out": 0.001555275946871319, "oneh-in": 0.011980360710357607, "dsfb-red": 0.008331618930492994, "dsfb-alt": 0.06386330545202835, "alternate": 0.2682049690782347, "sfR": 0.09761014138424484, "unknown": 0.0682821077342111}, "english-200": {"sft": 0.0, "sfb": 0.013363028953229399, "dsfb": 0.0, "sfT": 0.0, "roll-out": 0.1403118040089087, "roll-in": 0.32962138084632514, "bad-redirect": 0.004454342984409799, "redirect": 0.004454342984409799, "oneh-out": 0.0022271714922048997, "oneh-in": 0.013363028953229399, "dsfb-red": 0.004454342984409799, "dsfb-alt": 0.08240534521158129, "alternate": 0.2984409799554566, "sfR": 0.10690423162583519, "unknown": 0.0}, "monkeyracer": {"sft": 0.0, "sfb": 0.0216169823419929, "dsfb": 0.0, "sfT": 1.5640396014827094e-05, "roll-out": 0.12982897226957787, "roll-in": 0.3012428249683282, "bad-redirect": 0.0034066737569795266, "redirect": 0.01496492641193675, "oneh-out": 0.0009775247509266935, "oneh-in": 0.01718781769554405, "dsfb-red": 0.00873613869903186, "dsfb-alt": 0.07356851275474295, "alternate": 0.29102182617263866, "sfR": 0.09605353707555875, "unknown": 0.04137862270672694}, "chained-bigrams": {"sft": 0.0, "sfb": 0.018895415843943515, "dsfb": 0.0, "sfT": 3.701036744801829e-05, "roll-out": 0.10975067349129185, "roll-in": 0.26775117865034226, "bad-redirect": 0.004790570018096122, "redirect": 0.020245969603450147, "oneh-out": 0.0027939580899793456, "oneh-in": 0.008555238622720859, "dsfb-red": 0.010109674055537627, "dsfb-alt": 0.06400521002084918, "alternate": 0.3098365115715836, "sfR": 0.11643721321023381, "unknown": 0.06679137645452367}, "english-5k": {"sft": 0.0, "sfb": 0.022317169286929107, "dsfb": 0.0, "sfT": 0.0, "roll-out": 0.18301738084373834, "roll-in": 0.22785912805409217, "bad-redirect": 0.0029452026382378563, "redirect": 0.015389720827975278, "oneh-out": 0.0009125980005807441, "oneh-in": 0.0027377940017422327, "dsfb-red": 0.006429667731364334, "dsfb-alt": 0.07085079022690505, "alternate": 0.3601858381383001, "sfR": 0.10644211224955408, "unknown": 0.0009125980005807441}, "mt-quotes": {"sft": 0.0, "sfb": 0.021301741552216685, "dsfb": 0.0, "sfT": 8.96475060063829e-06, "roll-out": 0.1286337122434587, "roll-in": 0.3097515568783543, "bad-redirect": 0.00351418223545021, "redirect": 0.015048828008271476, "oneh-out": 0.000927851687166063, "oneh-in": 0.018619786997525728, "dsfb-red": 0.008785455588625524, "dsfb-alt": 0.07471521975591973, "alternate": 0.289340313885801, "sfR": 0.09572710103871578, "unknown": 0.033625285377894124}, "english-1k": {"sft": 0.0, "sfb": 0.0187014820042343, "dsfb": 0.0, "sfT": 0.0, "roll-out": 0.16725476358503882, "roll-in": 0.2720536344389555, "bad-redirect": 0.004234297812279464, "redirect": 0.010232886379675371, "oneh-out": 0.001058574453069866, "oneh-in": 0.006351446718419196, "dsfb-red": 0.004234297812279464, "dsfb-alt": 0.07868736767819337, "alternate": 0.32886379675370503, "sfR": 0.10832745236414962, "unknown": 0.0}, "english-10k": {"sft": 0.0, "sfb": 0.022982960575828333, "dsfb": 0.0, "sfT": 0.0, "roll-out": 0.18673896682811988, "roll-in": 0.22722448428243378, "bad-redirect": 0.003280523339958704, "redirect": 0.019027035371760485, "oneh-out": 0.0011771289631616526, "oneh-in": 0.002064799984562243, "dsfb-red": 0.006175102757569325, "dsfb-alt": 0.07178556955674341, "alternate": 0.3463460759151695, "sfR": 0.10543987958549622, "unknown": 0.0077574728391964646}, "reddit": {"sft": 0.0, "sfb": 0.024137781850647178, "dsfb": 0.0, "sfT": 3.603403155824525e-05, "roll-out": 0.1313763707774492, "roll-in": 0.2778497272257523, "bad-redirect": 0.003684723200016781, "redirect": 0.012881604420873743, "oneh-out": 0.0012869243474497214, "oneh-in": 0.012299703505845323, "dsfb-red": 0.009375815284010535, "dsfb-alt": 0.06835386093223636, "alternate": 0.2832989193348987, "sfR": 0.1028716913164539, "unknown": 0.07254684377280805}, "akl": {"sft": 0.0, "sfb": 0.02538556919416475, "dsfb": 0.0, "sfT": 0.00010234842551320734, "roll-out": 0.12719945341480068, "roll-in": 0.26165802466795307, "bad-redirect": 0.0069573386732942845, "redirect": 0.01255094033545254, "oneh-out": 0.002223538130550249, "oneh-in": 0.014131950910919573, "dsfb-red": 0.008174863647982875, "dsfb-alt": 0.06635368617271532, "alternate": 0.26764745205081586, "sfR": 0.11706348985084018, "unknown": 0.09055134452499736}, "keymash": {"sft": 0.0, "sfb": 0.02052846112481682, "dsfb": 0.0, "sfT": 3.283897000570577e-05, "roll-out": 0.1303994450214069, "roll-in": 0.3035757533464963, "bad-redirect": 0.0032921067430720036, "redirect": 0.014798060858821164, "oneh-out": 0.001112420108943283, "oneh-in": 0.016214241440317224, "dsfb-red": 0.008731061150267021, "dsfb-alt": 0.07453625217045068, "alternate": 0.2900255733478919, "sfR": 0.09899307508220005, "unknown": 0.037760710635310925}, "movie": {"sft": 0.0, "sfb": 0.022410059128224854, "dsfb": 0.0, "sfT": 1.7239316854564252e-05, "roll-out": 0.10520365489309057, "roll-in": 0.27564101636169086, "bad-redirect": 0.0031193951658060387, "redirect": 0.013096748493764038, "oneh-out": 0.0014471814309133062, "oneh-in": 0.0219345961374192, "dsfb-red": 0.010135665527775105, "dsfb-alt": 0.07289756990115291, "alternate": 0.26190483397024494, "sfR": 0.1138359467128768, "unknown": 0.09835609296018678}}