{"english-450k": {"sft": 0.0, "sfb": 0.03881597449805619, "dsfb": 0.0, "sfT": 2.835758150173566e-05, "roll-out": 0.14696448169064977, "roll-in": 0.27805807281876116, "bad-redirect": 0.004603575627915788, "redirect": 0.034707925680918156, "oneh-out": 0.0031339512752433635, "oneh-in": 0.010301110740156265, "dsfb-red": 0.019827504047533154, "dsfb-alt": 0.06532446627815805, "alternate": 0.2752530110196977, "sfR": 0.11328269117541298, "unknown": 0.009698877565995693}, "shai": {"sft": 0.0, "sfb": 0.02721133097785414, "dsfb": 0.0, "sfT": 2.5428585848608806e-05, "roll-out": 0.1349222612909888, "roll-in": 0.3150862032930677, "bad-redirect": 0.00434101568196758, "redirect": 0.03401149604304885, "oneh-out": 0.0031787861035603737, "oneh-in": 0.012350985390600108, "dsfb-red": 0.014974720037849502, "dsfb-alt": 0.054176643290429594, "alternate": 0.23536904193138972, "sfR": 0.09728563198976478, "unknown": 0.06706645538363028}, "tr-quotes": {"sft": 0.0, "sfb": 0.025094195695892375, "dsfb": 0.0, "sfT": 5.778877048611914e-06, "roll-out": 0.1459316705577772, "roll-in": 0.33395205843600473, "bad-redirect": 0.003980490511083886, "redirect": 0.03880862670765817, "oneh-out": 0.003188784355424054, "oneh-in": 0.017177134139294052, "dsfb-red": 0.017916830401516377, "dsfb-alt": 0.04872402394766649, "alternate": 0.223959224243545, "sfR": 0.09591664547745082, "unknown": 0.045344536649638244}, "gutenberg": {"sft": 0.0, "sfb": 0.028714258489514484, "dsfb": 0.0, "sfT": 1.2123953788034642e-05, "roll-out": 0.128743886401584, "roll-in": 0.3311919399955217, "bad-redirect": 0.004420317776406255, "redirect": 0.034770362843415725, "oneh-out": 0.0022836603580430877, "oneh-in": 0.016226586087838803, "dsfb-red": 0.023269087744463426, "dsfb-alt": 0.04449093222975044, "alternate": 0.2130752673994839, "sfR": 0.09761014138424484, "unknown": 0.07519143533594529}, "english-200": {"sft": 0.0, "sfb": 0.004454342984409799, "dsfb": 0.0, "sfT": 0.0, "roll-out": 0.1514476614699332, "roll-in": 0.34075723830734966, "bad-redirect": 0.004454342984409799, "redirect": 0.0400890868596882, "oneh-out": 0.0, "oneh-in": 0.028953229398663696, "dsfb-red": 0.024498886414253896, "dsfb-alt": 0.042316258351893093, "alternate": 0.2561247216035635, "sfR": 0.10690423162583519, "unknown": 0.0}, "monkeyracer": {"sft": 0.0, "sfb": 0.025177127484867917, "dsfb": 0.0, "sfT": 4.887623754633467e-06, "roll-out": 0.14658570154996325, "roll-in": 0.3335773886794814, "bad-redirect": 0.003941379795736428, "redirect": 0.038792092215774905, "oneh-out": 0.003188685737522874, "oneh-in": 0.017233761358837606, "dsfb-red": 0.018028488981341007, "dsfb-alt": 0.04841484586389727, "alternate": 0.22375639301187106, "sfR": 0.09605353707555875, "unknown": 0.04524571062139293}, "chained-bigrams": {"sft": 0.0, "sfb": 0.026065687558478004, "dsfb": 0.0, "sfT": 4.739924252114623e-05, "roll-out": 0.11078501586576014, "roll-in": 0.2890451260267942, "bad-redirect": 0.004051661278519897, "redirect": 0.036508454921047796, "oneh-out": 0.0031887353427582075, "oneh-in": 0.01645792602991087, "dsfb-red": 0.021615353199026823, "dsfb-alt": 0.06298060721676194, "alternate": 0.2400388543927735, "sfR": 0.11643721321023381, "unknown": 0.07277796571541365}, "english-5k": {"sft": 0.0, "sfb": 0.02679719583523458, "dsfb": 0.0, "sfT": 0.0, "roll-out": 0.15389720827975276, "roll-in": 0.30211141991952545, "bad-redirect": 0.003484465093126478, "redirect": 0.03206537520222342, "oneh-out": 0.0035259468204256023, "oneh-in": 0.010909694279669806, "dsfb-red": 0.0155971294644709, "dsfb-alt": 0.0633840793130626, "alternate": 0.2787572074501182, "sfR": 0.10644211224955408, "unknown": 0.0030281660928361057}, "mt-quotes": {"sft": 0.0, "sfb": 0.02461571102425264, "dsfb": 0.0, "sfT": 2.9882502002127633e-06, "roll-out": 0.1490419669858118, "roll-in": 0.34052455744014537, "bad-redirect": 0.0038892076355769114, "redirect": 0.039601785778319645, "oneh-out": 0.00330351059633521, "oneh-in": 0.017993748580581156, "dsfb-red": 0.018364291605407538, "dsfb-alt": 0.04775970882490049, "alternate": 0.22289507655897012, "sfR": 0.09572710103871578, "unknown": 0.03628034568078316}, "english-1k": {"sft": 0.0, "sfb": 0.024347212420606917, "dsfb": 0.0, "sfT": 0.0, "roll-out": 0.1619618913196895, "roll-in": 0.30910374029640086, "bad-redirect": 0.004234297812279464, "redirect": 0.037755822159491886, "oneh-out": 0.00529287226534933, "oneh-in": 0.01587861679604799, "dsfb-red": 0.02081863091037403, "dsfb-alt": 0.05575158786167961, "alternate": 0.2565278757939308, "sfR": 0.10832745236414962, "unknown": 0.0}, "english-10k": {"sft": 0.0, "sfb": 0.03409814553945312, "dsfb": 0.0, "sfT": 1.929719611740414e-05, "roll-out": 0.14534648115628798, "roll-in": 0.30680612107060845, "bad-redirect": 0.00382084483124602, "redirect": 0.03502441095308852, "oneh-out": 0.0031068485749020667, "oneh-in": 0.009146870959649563, "dsfb-red": 0.014125547557939832, "dsfb-alt": 0.0638930163447251, "alternate": 0.27141506339128924, "sfR": 0.10543987958549622, "unknown": 0.0077574728391964646}, "reddit": {"sft": 0.0, "sfb": 0.02520494355448752, "dsfb": 0.0, "sfT": 8.139495901878058e-05, "roll-out": 0.13764921394681834, "roll-in": 0.31275142118108096, "bad-redirect": 0.003343973111570464, "redirect": 0.03943613857519866, "oneh-out": 0.004074355212770281, "oneh-in": 0.013413724433676687, "dsfb-red": 0.015081703046242862, "dsfb-alt": 0.05051855106484871, "alternate": 0.21719973247915447, "sfR": 0.1028716913164539, "unknown": 0.07837315711867839}, "akl": {"sft": 0.0, "sfb": 0.0280878278355749, "dsfb": 0.0, "sfT": 0.00011424364203774476, "roll-out": 0.13546346923246488, "roll-in": 0.2964419300930516, "bad-redirect": 0.0031662959943725712, "redirect": 0.042914471782378005, "oneh-out": 0.00364879571464912, "oneh-in": 0.012083371590084395, "dsfb-red": 0.015262120389256091, "dsfb-alt": 0.050505106827098446, "alternate": 0.19653518363426373, "sfR": 0.11706348985084018, "unknown": 0.09871369341392838}, "keymash": {"sft": 0.0, "sfb": 0.02451839598051007, "dsfb": 0.0, "sfT": 1.2314613752139664e-05, "roll-out": 0.14635918444417992, "roll-in": 0.3322893277452353, "bad-redirect": 0.003895522816926847, "redirect": 0.03863504821171284, "oneh-out": 0.002971926785516372, "oneh-in": 0.016751979574160657, "dsfb-red": 0.01902197337580507, "dsfb-alt": 0.047793015972054036, "alternate": 0.2274509160020196, "sfR": 0.09899307508220005, "unknown": 0.04130731939592715}, "movie": {"sft": 0.0, "sfb": 0.021240285941047588, "dsfb": 0.0, "sfT": 2.526678500821631e-05, "roll-out": 0.14696043866297123, "roll-in": 0.2918962445793205, "bad-redirect": 0.002979506663390758, "redirect": 0.041810344090184526, "oneh-out": 0.003982413791242927, "oneh-in": 0.015208235813851698, "dsfb-red": 0.018941929690169997, "dsfb-alt": 0.04504857210423233, "alternate": 0.19449120919858365, "sfR": 0.1138359467128768, "unknown": 0.10357960596711975}}