{"english-450k": {"sft": 0.0, "sfb": 0.03629536555261326, "dsfb": 0.0, "sfT": 3.7420313734249115e-05, "roll-out": 0.1707500609541829, "roll-in": 0.2160493971528988, "bad-redirect": 0.002776704217561704, "redirect": 0.02292111154703178, "oneh-out": 0.004126466627804111, "oneh-in": 0.002561245067388723, "dsfb-red": 0.012788684564880685, "dsfb-alt": 0.07051770419358931, "alternate": 0.33819427106690575, "sfR": 0.11328269117541298, "unknown": 0.009698877565995693}, "shai": {"sft": 0.0, "sfb": 0.024667392548936674, "dsfb": 0.0, "sfT": 1.7254282452526338e-05, "roll-out": 0.20404078420055777, "roll-in": 0.20268155081397793, "bad-redirect": 0.001714049243366042, "redirect": 0.022320419224103792, "oneh-out": 0.010026704272590725, "oneh-in": 0.0032631339226469385, "dsfb-red": 0.008874367459089004, "dsfb-alt": 0.05859948715535171, "alternate": 0.2994427695035318, "sfR": 0.09728563198976478, "unknown": 0.06706645538363028}, "tr-quotes": {"sft": 0.0, "sfb": 0.024913894731975684, "dsfb": 0.0, "sfT": 2.080395737500289e-05, "roll-out": 0.2209287811192529, "roll-in": 0.19538730033979798, "bad-redirect": 0.0009893437507223597, "redirect": 0.02204641594045445, "oneh-out": 0.016469799588543953, "oneh-in": 0.0046543075749520355, "dsfb-red": 0.011135896072675159, "dsfb-alt": 0.05706756663045237, "alternate": 0.30512470816670906, "sfR": 0.09591664547745082, "unknown": 0.045344536649638244}, "gutenberg": {"sft": 0.0, "sfb": 0.02609283235640787, "dsfb": 0.0, "sfT": 1.932255134968021e-05, "roll-out": 0.21923897184325394, "roll-in": 0.201215009606339, "bad-redirect": 0.0014660512244625017, "redirect": 0.02367959724225516, "oneh-out": 0.009562768550312324, "oneh-in": 0.00452242419971486, "dsfb-red": 0.00920245979867417, "dsfb-alt": 0.05495655646371547, "alternate": 0.2772424294433249, "sfR": 0.09761014138424484, "unknown": 0.07519143533594529}, "english-200": {"sft": 0.0, "sfb": 0.015590200445434299, "dsfb": 0.0, "sfT": 0.0, "roll-out": 0.22494432071269488, "roll-in": 0.22494432071269488, "bad-redirect": 0.0022271714922048997, "redirect": 0.0200445434298441, "oneh-out": 0.004454342984409799, "oneh-in": 0.004454342984409799, "dsfb-red": 0.0066815144766146995, "dsfb-alt": 0.066815144766147, "alternate": 0.32293986636971045, "sfR": 0.10690423162583519, "unknown": 0.0}, "monkeyracer": {"sft": 0.0, "sfb": 0.02503147629697984, "dsfb": 0.0, "sfT": 1.8572970267607176e-05, "roll-out": 0.22155207469853136, "roll-in": 0.1947590988003816, "bad-redirect": 0.0009618843549118664, "redirect": 0.02201581244037099, "oneh-out": 0.01681831333969376, "oneh-in": 0.00462955722038882, "dsfb-red": 0.011209276318876395, "dsfb-alt": 0.05681080594960664, "alternate": 0.3048938799130394, "sfR": 0.09605353707555875, "unknown": 0.04524571062139293}, "chained-bigrams": {"sft": 0.0, "sfb": 0.023425614680519367, "dsfb": 0.0, "sfT": 3.376384398766581e-05, "roll-out": 0.18764451087552894, "roll-in": 0.18028009705806536, "bad-redirect": 0.00515482995034767, "redirect": 0.03180813825514947, "oneh-out": 0.005980096213969271, "oneh-in": 0.004805504026013744, "dsfb-red": 0.01415549159182889, "dsfb-alt": 0.07175466152071054, "alternate": 0.2857421130582316, "sfR": 0.11643721321023381, "unknown": 0.07277796571541365}, "english-5k": {"sft": 0.0, "sfb": 0.022897913469116855, "dsfb": 0.0, "sfT": 4.148172729912474e-05, "roll-out": 0.1920603973949475, "roll-in": 0.22483096196125607, "bad-redirect": 0.0018666777284606132, "redirect": 0.02277346828721948, "oneh-out": 0.005890405276475713, "oneh-in": 0.002820757456340482, "dsfb-red": 0.010577840461276808, "dsfb-alt": 0.06803003277056456, "alternate": 0.3387397851246526, "sfR": 0.10644211224955408, "unknown": 0.0030281660928361057}, "mt-quotes": {"sft": 0.0, "sfb": 0.024663523027456044, "dsfb": 0.0, "sfT": 2.2411876501595726e-05, "roll-out": 0.2275238761190997, "roll-in": 0.1952179032045995, "bad-redirect": 0.0008352159309594673, "redirect": 0.021838132463154875, "oneh-out": 0.01798777208018073, "oneh-in": 0.004672129188032656, "dsfb-red": 0.011377762637310097, "dsfb-alt": 0.05720257945757282, "alternate": 0.3066512472956336, "sfR": 0.09572710103871578, "unknown": 0.03628034568078316}, "english-1k": {"sft": 0.0, "sfb": 0.024347212420606917, "dsfb": 0.0, "sfT": 0.0, "roll-out": 0.20430486944248413, "roll-in": 0.23535638673253353, "bad-redirect": 0.002117148906139732, "redirect": 0.022230063514467185, "oneh-out": 0.00529287226534933, "oneh-in": 0.0067043048694424845, "dsfb-red": 0.010232886379675371, "dsfb-alt": 0.058927311220889206, "alternate": 0.3221594918842625, "sfR": 0.10832745236414962, "unknown": 0.0}, "english-10k": {"sft": 0.0, "sfb": 0.028135311939175237, "dsfb": 0.0, "sfT": 5.789158835221242e-05, "roll-out": 0.18579340421836707, "roll-in": 0.22446498523764497, "bad-redirect": 0.0018139364350359894, "redirect": 0.01995330078539588, "oneh-out": 0.004824299029351035, "oneh-in": 0.003164740163254279, "dsfb-red": 0.009339842920823604, "dsfb-alt": 0.06725072846915343, "alternate": 0.3420042067887536, "sfR": 0.10543987958549622, "unknown": 0.0077574728391964646}, "reddit": {"sft": 0.0, "sfb": 0.021328925344940637, "dsfb": 0.0, "sfT": 2.801814512013248e-05, "roll-out": 0.20358995594446339, "roll-in": 0.1926051949311879, "bad-redirect": 0.0011454476975583572, "redirect": 0.023649412096534497, "oneh-out": 0.012243742130431582, "oneh-in": 0.003992548222205616, "dsfb-red": 0.010412411738628913, "dsfb-alt": 0.0555070544482832, "alternate": 0.29425244086551344, "sfR": 0.1028716913164539, "unknown": 0.07837315711867839}, "akl": {"sft": 0.0, "sfb": 0.023993457135277483, "dsfb": 0.0, "sfT": 0.00013598958474666473, "roll-out": 0.18515437327015982, "roll-in": 0.18756061449201664, "bad-redirect": 0.0015887548570585285, "redirect": 0.01988161533570965, "oneh-out": 0.013770695663239482, "oneh-in": 0.004843955204101471, "dsfb-red": 0.01302749244746682, "dsfb-alt": 0.05532149238873419, "alternate": 0.2789443763567207, "sfR": 0.11706348985084018, "unknown": 0.09871369341392838}, "keymash": {"sft": 0.0, "sfb": 0.024945302590584247, "dsfb": 0.0, "sfT": 2.052435625356611e-05, "roll-out": 0.22011140620574435, "roll-in": 0.1997594545447082, "bad-redirect": 0.0011822029202054078, "redirect": 0.021501315611235854, "oneh-out": 0.01572165689023164, "oneh-in": 0.005024362410872983, "dsfb-red": 0.010914852655646456, "dsfb-alt": 0.05677036939736385, "alternate": 0.30374815793902626, "sfR": 0.09899307508220005, "unknown": 0.04130731939592715}, "movie": {"sft": 0.0, "sfb": 0.021323982166387305, "dsfb": 0.0, "sfT": 8.422261669405438e-06, "roll-out": 0.1940268004262191, "roll-in": 0.16853814146214938, "bad-redirect": 0.00085775471189351, "redirect": 0.02294724150532662, "oneh-out": 0.022194765064300678, "oneh-in": 0.005556587136390237, "dsfb-red": 0.01119805487866745, "dsfb-alt": 0.05618556558579659, "alternate": 0.27974713212120317, "sfR": 0.1138359467128768, "unknown": 0.10357960596711975}}