{"english-450k": {"sft": 0.0, "sfb": 0.39329363661718025, "dsfb": 0.0, "sfT": 0.09557878993229847, "roll-out": 0.08068930556668095, "roll-in": 0.08823183755374055, "bad-redirect": 2.5434119491247447e-05, "redirect": 0.006720162123509254, "oneh-out": 0.0006028178665626693, "oneh-in": 0.001122024719625376, "dsfb-red": 0.02751387036550876, "dsfb-alt": 0.09930620399567094, "alternate": 0.08393434839832287, "sfR": 0.11328269117541298, "unknown": 0.009698877565995693}, "shai": {"sft": 0.0, "sfb": 0.3668715493370299, "dsfb": 0.0, "sfT": 0.12791965062284166, "roll-out": 0.06375818088309106, "roll-in": 0.08338471042994669, "bad-redirect": 8.41736506903416e-05, "redirect": 0.008304387836017281, "oneh-out": 0.0021985431471625416, "oneh-in": 0.000218023998392387, "dsfb-red": 0.026973803989493544, "dsfb-alt": 0.07915670681467522, "alternate": 0.07642528578324534, "sfR": 0.09728563198976478, "unknown": 0.06741935151764922}, "tr-quotes": {"sft": 0.0, "sfb": 0.38835787429786645, "dsfb": 0.0, "sfT": 0.13368507431635884, "roll-out": 0.06514412519359238, "roll-in": 0.08170060793786552, "bad-redirect": 0.00013638149834724117, "redirect": 0.011990014100459998, "oneh-out": 0.0034731051062157603, "oneh-in": 0.0001548739049027993, "dsfb-red": 0.024649222163149256, "dsfb-alt": 0.07218048588798225, "alternate": 0.07633665426134394, "sfR": 0.09591664547745082, "unknown": 0.04627493585446476}, "gutenberg": {"sft": 0.0, "sfb": 0.3651001760625414, "dsfb": 0.0, "sfT": 0.14505382467171554, "roll-out": 0.054132127606129114, "roll-in": 0.07521644099063311, "bad-redirect": 6.895498716944703e-05, "redirect": 0.008378978124977505, "oneh-out": 0.003417818347558141, "oneh-in": 0.00023471216786523317, "dsfb-red": 0.021506946836083767, "dsfb-alt": 0.07580123232412785, "alternate": 0.07333306054437311, "sfR": 0.09761014138424484, "unknown": 0.08014558595258095}, "english-200": {"sft": 0.0, "sfb": 0.38752783964365256, "dsfb": 0.0, "sfT": 0.1403118040089087, "roll-out": 0.053452115812917596, "roll-in": 0.111358574610245, "bad-redirect": 0.0, "redirect": 0.013363028953229399, "oneh-out": 0.0, "oneh-in": 0.0, "dsfb-red": 0.031180400890868598, "dsfb-alt": 0.060133630289532294, "alternate": 0.0957683741648107, "sfR": 0.10690423162583519, "unknown": 0.0}, "monkeyracer": {"sft": 0.0, "sfb": 0.389241558096251, "dsfb": 0.0, "sfT": 0.13350055523405852, "roll-out": 0.06512465395623818, "roll-in": 0.08148548571249824, "bad-redirect": 0.00012512316811861675, "redirect": 0.012033329683907596, "oneh-out": 0.0034467522717675212, "oneh-in": 0.00015347138589549088, "dsfb-red": 0.02459941035707024, "dsfb-alt": 0.0718529568168666, "alternate": 0.07622640255251263, "sfR": 0.09605353707555875, "unknown": 0.046156763689256614}, "chained-bigrams": {"sft": 0.0, "sfb": 0.3585187801642611, "dsfb": 0.0, "sfT": 0.12430613677343616, "roll-out": 0.06358770710384784, "roll-in": 0.0769231268695917, "bad-redirect": 4.934715659735772e-05, "redirect": 0.00774490636701688, "oneh-out": 0.0016544283553956245, "oneh-in": 0.0004239959639220341, "dsfb-red": 0.025689740141769186, "dsfb-alt": 0.08408820414658963, "alternate": 0.0671010947926413, "sfR": 0.11643721321023381, "unknown": 0.07347531895469736}, "english-5k": {"sft": 0.0, "sfb": 0.39113120670344714, "dsfb": 0.0, "sfT": 0.1110051022524578, "roll-out": 0.07387895631974116, "roll-in": 0.09437092960550877, "bad-redirect": 0.0, "redirect": 0.005475588003484465, "oneh-out": 0.00024889036379474843, "oneh-in": 0.00024889036379474843, "dsfb-red": 0.028539428381797818, "dsfb-alt": 0.09632057078856764, "alternate": 0.08931015887501556, "sfR": 0.10644211224955408, "unknown": 0.0030281660928361057}, "mt-quotes": {"sft": 0.0, "sfb": 0.39555916137746383, "dsfb": 0.0, "sfT": 0.13762983947119925, "roll-out": 0.06430863843367877, "roll-in": 0.0819691971169362, "bad-redirect": 0.00011504763270819139, "redirect": 0.01261489822019818, "oneh-out": 0.0034633819820465927, "oneh-in": 0.00011654175780829777, "dsfb-red": 0.024591805022650938, "dsfb-alt": 0.07050477522381994, "alternate": 0.07622727435722738, "sfR": 0.09572710103871578, "unknown": 0.03717233836554667}, "english-1k": {"sft": 0.0, "sfb": 0.39378969654199014, "dsfb": 0.0, "sfT": 0.13443895553987298, "roll-out": 0.06104446012702894, "roll-in": 0.09527170077628794, "bad-redirect": 0.0, "redirect": 0.007410021171489062, "oneh-out": 0.0, "oneh-in": 0.00035285815102328866, "dsfb-red": 0.025758645024700072, "dsfb-alt": 0.08680310515172901, "alternate": 0.08680310515172901, "sfR": 0.10832745236414962, "unknown": 0.0}, "english-10k": {"sft": 0.0, "sfb": 0.4016711371837672, "dsfb": 0.0, "sfT": 0.1085660253565157, "roll-out": 0.06879450415854577, "roll-in": 0.09152660118484784, "bad-redirect": 0.0, "redirect": 0.005711970050751625, "oneh-out": 0.0003859439223480828, "oneh-in": 0.0004245383145828911, "dsfb-red": 0.029582601647980548, "dsfb-alt": 0.09864726655216997, "alternate": 0.08149205920379769, "sfR": 0.10543987958549622, "unknown": 0.0077574728391964646}, "reddit": {"sft": 0.0, "sfb": 0.35756921614931425, "dsfb": 0.0, "sfT": 0.12249506826332636, "roll-out": 0.06378158432497152, "roll-in": 0.08289108301929975, "bad-redirect": 8.087055523310966e-05, "redirect": 0.011552128451958152, "oneh-out": 0.002567480934644867, "oneh-in": 0.0003859986436670658, "dsfb-red": 0.026538876955581315, "dsfb-alt": 0.07083369151984766, "alternate": 0.07855887097363241, "sfR": 0.1028716913164539, "unknown": 0.07987343889206965}, "akl": {"sft": 0.0, "sfb": 0.342801492007096, "dsfb": 0.0, "sfT": 0.11036090706477975, "roll-out": 0.06164683572990969, "roll-in": 0.08383141454817197, "bad-redirect": 7.217670443274005e-05, "redirect": 0.012164345798405075, "oneh-out": 0.0015100110018362002, "oneh-in": 0.0009819749058016564, "dsfb-red": 0.02435966872317613, "dsfb-alt": 0.0665693489264753, "alternate": 0.07967849707904284, "sfR": 0.11706348985084018, "unknown": 0.09895983766003248}, "keymash": {"sft": 0.0, "sfb": 0.38854248336500924, "dsfb": 0.0, "sfT": 0.13536223436351918, "roll-out": 0.06424123507366192, "roll-in": 0.08291429439315635, "bad-redirect": 0.0001354607512735363, "redirect": 0.0117358269057891, "oneh-out": 0.0034891405631062382, "oneh-in": 0.00020524356253566106, "dsfb-red": 0.024436298555495808, "dsfb-alt": 0.0706940926797831, "alternate": 0.0768719239121065, "sfR": 0.09899307508220005, "unknown": 0.0423786907923633}, "movie": {"sft": 0.0, "sfb": 0.36089917644756636, "dsfb": 0.0, "sfT": 0.11534103119276727, "roll-out": 0.06750205851919006, "roll-in": 0.06925336255507206, "bad-redirect": 0.00010514667302898351, "redirect": 0.012388488926502475, "oneh-out": 0.004742786102583937, "oneh-in": 0.00018318419130956826, "dsfb-red": 0.01904733955887615, "dsfb-alt": 0.06595249396985804, "alternate": 0.06696540253344263, "sfR": 0.1138359467128768, "unknown": 0.10378358261692566}}