{"english-450k": {"sft": 0.0, "sfb": 0.02551246827312853, "dsfb": 0.0, "sfT": 1.7833118263978095e-05, "roll-out": 0.18200246623255203, "roll-in": 0.20092135828722546, "bad-redirect": 0.00306788103380633, "redirect": 0.018125756811227967, "oneh-out": 0.00494035845152403, "oneh-in": 0.003690870788241368, "dsfb-red": 0.00656492629075233, "dsfb-alt": 0.05357244134219649, "alternate": 0.37860207062967277, "sfR": 0.11328269117541298, "unknown": 0.009698877565995693}, "shai": {"sft": 0.0, "sfb": 0.018462020297662304, "dsfb": 0.0, "sfT": 6.841334603653109e-05, "roll-out": 0.2109665053273855, "roll-in": 0.20504626222236397, "bad-redirect": 0.004460770000801949, "redirect": 0.015505480808500532, "oneh-out": 0.0069646303465440195, "oneh-in": 0.009313279558389452, "dsfb-red": 0.005111478610727597, "dsfb-alt": 0.047657570535104145, "alternate": 0.31173860543907, "sfR": 0.09728563198976478, "unknown": 0.06741935151764922}, "tr-quotes": {"sft": 0.0, "sfb": 0.021901944014239155, "dsfb": 0.0, "sfT": 8.783893113890109e-05, "roll-out": 0.2347680358752687, "roll-in": 0.19341785904163103, "bad-redirect": 0.003879938050438039, "redirect": 0.018414969603106724, "oneh-out": 0.009068213864681814, "oneh-in": 0.0154446268001202, "dsfb-red": 0.00628163935184115, "dsfb-alt": 0.04352534615473521, "alternate": 0.3110180069808835, "sfR": 0.09591664547745082, "unknown": 0.04627493585446476}, "gutenberg": {"sft": 0.0, "sfb": 0.019554421965876374, "dsfb": 0.0, "sfT": 3.5992987808227844e-05, "roll-out": 0.24767153784397455, "roll-in": 0.19109131875655214, "bad-redirect": 0.0028926995991138903, "redirect": 0.018911284104776722, "oneh-out": 0.00993936886485315, "oneh-in": 0.008388260527096469, "dsfb-red": 0.005985444435730352, "dsfb-alt": 0.03698544708784524, "alternate": 0.28078849648954707, "sfR": 0.09761014138424484, "unknown": 0.08014558595258095}, "english-200": {"sft": 0.0, "sfb": 0.011135857461024499, "dsfb": 0.0, "sfT": 0.0, "roll-out": 0.27839643652561247, "roll-in": 0.20044543429844097, "bad-redirect": 0.0022271714922048997, "redirect": 0.026726057906458798, "oneh-out": 0.004454342984409799, "oneh-in": 0.0022271714922048997, "dsfb-red": 0.004454342984409799, "dsfb-alt": 0.031180400890868598, "alternate": 0.33184855233853006, "sfR": 0.10690423162583519, "unknown": 0.0}, "monkeyracer": {"sft": 0.0, "sfb": 0.022067621252170103, "dsfb": 0.0, "sfT": 9.775247509266934e-05, "roll-out": 0.23495002893473263, "roll-in": 0.19350102444593897, "bad-redirect": 0.003852425043402099, "redirect": 0.01835595977290145, "oneh-out": 0.009009845629291333, "oneh-in": 0.015765519182945713, "dsfb-red": 0.006333382861254047, "dsfb-alt": 0.04349691884198508, "alternate": 0.3103592207954705, "sfR": 0.09605353707555875, "unknown": 0.046156763689256614}, "chained-bigrams": {"sft": 0.0, "sfb": 0.019354474261237355, "dsfb": 0.0, "sfT": 6.233325043876765e-05, "roll-out": 0.19417846399183433, "roll-in": 0.18562257606442142, "bad-redirect": 0.0044477371406829, "redirect": 0.023069146404572662, "oneh-out": 0.006954702556767086, "oneh-in": 0.00612294324622478, "dsfb-red": 0.010854426537342487, "dsfb-alt": 0.05606810946497943, "alternate": 0.3033525549165676, "sfR": 0.11643721321023381, "unknown": 0.07347531895469736}, "english-5k": {"sft": 0.0, "sfb": 0.017297880283735016, "dsfb": 0.0, "sfT": 0.0, "roll-out": 0.18990334757539304, "roll-in": 0.2235450284149832, "bad-redirect": 0.004521508275604596, "redirect": 0.015140830464180528, "oneh-out": 0.006885966731654706, "oneh-in": 0.0027377940017422327, "dsfb-red": 0.004977807275894968, "dsfb-alt": 0.052515866760691914, "alternate": 0.3730036918737296, "sfR": 0.10644211224955408, "unknown": 0.0030281660928361057}, "mt-quotes": {"sft": 0.0, "sfb": 0.022105580856073916, "dsfb": 0.0, "sfT": 8.068275540574461e-05, "roll-out": 0.24228134973285043, "roll-in": 0.19405696800181685, "bad-redirect": 0.0037637011271679753, "redirect": 0.018678057876429878, "oneh-out": 0.009451835383272971, "oneh-in": 0.016998661263910305, "dsfb-red": 0.006448643932059144, "dsfb-alt": 0.04284702549575071, "alternate": 0.3103880541709996, "sfR": 0.09572710103871578, "unknown": 0.03717233836554667}, "english-1k": {"sft": 0.0, "sfb": 0.013408609738884969, "dsfb": 0.0, "sfT": 0.0, "roll-out": 0.24947071277346508, "roll-in": 0.18807339449541285, "bad-redirect": 0.0028228652081863093, "redirect": 0.015172900494001412, "oneh-out": 0.010232886379675371, "oneh-in": 0.002117148906139732, "dsfb-red": 0.004234297812279464, "dsfb-alt": 0.04199011997177135, "alternate": 0.3641496118560339, "sfR": 0.10832745236414962, "unknown": 0.0}, "english-10k": {"sft": 0.0, "sfb": 0.02016556994268733, "dsfb": 0.0, "sfT": 0.0, "roll-out": 0.17983057061808919, "roll-in": 0.23476968796433878, "bad-redirect": 0.00405241118465487, "redirect": 0.014762355029814168, "oneh-out": 0.006252291542038942, "oneh-in": 0.006155805561451921, "dsfb-red": 0.0052295401478165224, "dsfb-alt": 0.05437949865884487, "alternate": 0.3612049169255707, "sfR": 0.10543987958549622, "unknown": 0.0077574728391964646}, "reddit": {"sft": 0.0, "sfb": 0.01985729849269496, "dsfb": 0.0, "sfT": 0.00013608278238160602, "roll-out": 0.2237489364435722, "roll-in": 0.18632913042427826, "bad-redirect": 0.0046405614716418355, "redirect": 0.01865345468786082, "oneh-out": 0.008445148394097686, "oneh-in": 0.011337909505511577, "dsfb-red": 0.006226395976923986, "dsfb-alt": 0.043993582046811655, "alternate": 0.2938863695657019, "sfR": 0.1028716913164539, "unknown": 0.07987343889206965}, "akl": {"sft": 0.0, "sfb": 0.02019237786741319, "dsfb": 0.0, "sfT": 0.00016715257387084348, "roll-out": 0.21732820798191332, "roll-in": 0.17152381812660006, "bad-redirect": 0.004215615172893874, "redirect": 0.02248121578034293, "oneh-out": 0.007410224260764954, "oneh-in": 0.01348099757746481, "dsfb-red": 0.008977109266609098, "dsfb-alt": 0.03879903663615172, "alternate": 0.2794009172451025, "sfR": 0.11706348985084018, "unknown": 0.09895983766003248}, "keymash": {"sft": 0.0, "sfb": 0.02205547323008214, "dsfb": 0.0, "sfT": 7.79925537635512e-05, "roll-out": 0.2366745617023722, "roll-in": 0.19331891155233916, "bad-redirect": 0.003649230541884054, "redirect": 0.018332355005685246, "oneh-out": 0.008997877781563381, "oneh-in": 0.014863738798832574, "dsfb-red": 0.006440542992369044, "dsfb-alt": 0.043589627811323695, "alternate": 0.3106279221552216, "sfR": 0.09899307508220005, "unknown": 0.0423786907923633}, "movie": {"sft": 0.0, "sfb": 0.024209922766544514, "dsfb": 0.0, "sfT": 0.00011264774982829773, "roll-out": 0.21579847843947073, "roll-in": 0.1551587208111059, "bad-redirect": 0.004456692401501321, "redirect": 0.019993659616137, "oneh-out": 0.008067079103065979, "oneh-in": 0.020935636944724566, "dsfb-red": 0.008411602244480097, "dsfb-alt": 0.04290063218285677, "alternate": 0.28233539841048233, "sfR": 0.1138359467128768, "unknown": 0.10378358261692566}}