{"english-450k": {"sft": 0.0, "sfb": 0.024039335766043522, "dsfb": 0.0, "sfT": 0.00012453948164679784, "roll-out": 0.19513728869947453, "roll-in": 0.20881382867694048, "bad-redirect": 0.0013778276455430945, "redirect": 0.06390775658787547, "oneh-out": 0.00454598342630917, "oneh-in": 0.007377356383467004, "dsfb-red": 0.026928008578606923, "dsfb-alt": 0.0362711008179262, "alternate": 0.308494820502356, "sfR": 0.11328269117541298, "unknown": 0.00969946225839779}, "shai": {"sft": 0.0, "sfb": 0.012360394354404974, "dsfb": 0.0, "sfT": 1.7591008018558146e-05, "roll-out": 0.17492042826537876, "roll-in": 0.20169622988122798, "bad-redirect": 0.0006924161352079323, "redirect": 0.05042535018684786, "oneh-out": 0.0060517286329437436, "oneh-in": 0.005933092862254009, "dsfb-red": 0.019748195847639656, "dsfb-alt": 0.03022991699056828, "alternate": 0.3258920827846384, "sfR": 0.09728563198976478, "unknown": 0.07474694106110509}, "tr-quotes": {"sft": 0.0, "sfb": 0.010541827512077852, "dsfb": 0.0, "sfT": 1.733663114583574e-05, "roll-out": 0.17573796259910773, "roll-in": 0.20913640461385544, "bad-redirect": 0.001331453272000185, "redirect": 0.04607498670858279, "oneh-out": 0.007554148077945494, "oneh-in": 0.006526663738702296, "dsfb-red": 0.018366427035898383, "dsfb-alt": 0.032186033609948914, "alternate": 0.3288458426758512, "sfR": 0.09591664547745082, "unknown": 0.06776426804743302}, "gutenberg": {"sft": 0.0, "sfb": 0.009869087820238136, "dsfb": 0.0, "sfT": 0.00015022336490486674, "roll-out": 0.17430646248412993, "roll-in": 0.20007119034114912, "bad-redirect": 0.0010902086570334277, "redirect": 0.04260205811693023, "oneh-out": 0.006730688720138607, "oneh-in": 0.006442365944116908, "dsfb-red": 0.016419243291001792, "dsfb-alt": 0.02779984716240756, "alternate": 0.33517333275744554, "sfR": 0.09761014138424484, "unknown": 0.08173514995625905}, "english-200": {"sft": 0.0, "sfb": 0.008908685968819599, "dsfb": 0.0, "sfT": 0.0, "roll-out": 0.21603563474387527, "roll-in": 0.20044543429844097, "bad-redirect": 0.0, "redirect": 0.044543429844097995, "oneh-out": 0.0022271714922048997, "oneh-in": 0.008908685968819599, "dsfb-red": 0.008908685968819599, "dsfb-alt": 0.035634743875278395, "alternate": 0.3674832962138085, "sfR": 0.10690423162583519, "unknown": 0.0}, "monkeyracer": {"sft": 0.0, "sfb": 0.010438009290395232, "dsfb": 0.0, "sfT": 1.661792076575379e-05, "roll-out": 0.17545591754383222, "roll-in": 0.20989900214273424, "bad-redirect": 0.0013949278195723915, "redirect": 0.0460208877488778, "oneh-out": 0.007551378700908707, "oneh-in": 0.00657483147473294, "dsfb-red": 0.01824647700079766, "dsfb-alt": 0.032314035691383705, "alternate": 0.3284492938361199, "sfR": 0.09605353707555875, "unknown": 0.06758508375432067}, "chained-bigrams": {"sft": 0.0, "sfb": 0.013058166662229751, "dsfb": 0.0, "sfT": 1.5583312609691913e-05, "roll-out": 0.1659330605820757, "roll-in": 0.17693487928451818, "bad-redirect": 0.002036868819025147, "redirect": 0.0432404459684347, "oneh-out": 0.0052794964512252055, "oneh-in": 0.007014438588437572, "dsfb-red": 0.022678914284638294, "dsfb-alt": 0.050287999096167865, "alternate": 0.315735444699044, "sfR": 0.11643721321023381, "unknown": 0.08134748904136006}, "english-5k": {"sft": 0.0, "sfb": 0.0159289832828639, "dsfb": 0.0, "sfT": 0.0, "roll-out": 0.19811672958061974, "roll-in": 0.21773758659310574, "bad-redirect": 0.0008296345459824947, "redirect": 0.06525075704152321, "oneh-out": 0.005641514912680964, "oneh-in": 0.006761521549757332, "dsfb-red": 0.022026797195835234, "dsfb-alt": 0.0352179864769569, "alternate": 0.3229352470236861, "sfR": 0.10644211224955408, "unknown": 0.003111129547434355}, "mt-quotes": {"sft": 0.0, "sfb": 0.009708824900491268, "dsfb": 0.0, "sfT": 7.470625500531909e-06, "roll-out": 0.1759915014164306, "roll-in": 0.2130816629014714, "bad-redirect": 0.0014358542212022328, "redirect": 0.04580091081866103, "oneh-out": 0.007660379388245419, "oneh-in": 0.006831139957686377, "dsfb-red": 0.01827314997430105, "dsfb-alt": 0.03286477570193997, "alternate": 0.33291796655550376, "sfR": 0.09572710103871578, "unknown": 0.05969926249985059}, "english-1k": {"sft": 0.0, "sfb": 0.011644318983768526, "dsfb": 0.0, "sfT": 0.0, "roll-out": 0.21877205363443897, "roll-in": 0.18772053634438957, "bad-redirect": 0.0, "redirect": 0.048694424841213835, "oneh-out": 0.010232886379675371, "oneh-in": 0.0045871559633027525, "dsfb-red": 0.01587861679604799, "dsfb-alt": 0.03387438249823571, "alternate": 0.3602681721947777, "sfR": 0.10832745236414962, "unknown": 0.0}, "english-10k": {"sft": 0.0, "sfb": 0.015920186796858415, "dsfb": 0.0, "sfT": 5.789158835221242e-05, "roll-out": 0.1975453966538662, "roll-in": 0.22386677215800543, "bad-redirect": 0.0008490766291657822, "redirect": 0.06452982381659945, "oneh-out": 0.0049786765982902685, "oneh-in": 0.005847050423573454, "dsfb-red": 0.02475830261862951, "dsfb-alt": 0.03386657918604427, "alternate": 0.3145828911059223, "sfR": 0.10543987958549622, "unknown": 0.0077574728391964646}, "reddit": {"sft": 0.0, "sfb": 0.011437658597028841, "dsfb": 0.0, "sfT": 7.435296532548526e-05, "roll-out": 0.16972800486646714, "roll-in": 0.20085028328105214, "bad-redirect": 0.0006713492178985754, "redirect": 0.04563867417987462, "oneh-out": 0.006954268431435235, "oneh-in": 0.006746641989722809, "dsfb-red": 0.01886572584881776, "dsfb-alt": 0.03271556694510635, "alternate": 0.30678044730519194, "sfR": 0.1028716913164539, "unknown": 0.09666533505562519}, "akl": {"sft": 0.0, "sfb": 0.018847722766118607, "dsfb": 0.0, "sfT": 0.00016262991342140998, "roll-out": 0.15967413797782062, "roll-in": 0.19016857876076873, "bad-redirect": 0.0007239973974257513, "redirect": 0.042964221047321775, "oneh-out": 0.005851083536512305, "oneh-in": 0.008636051105319627, "dsfb-red": 0.01837501181777371, "dsfb-alt": 0.03570082836553158, "alternate": 0.2835919365796618, "sfR": 0.11706348985084018, "unknown": 0.11824031088148387}, "keymash": {"sft": 0.0, "sfb": 0.011037998793167853, "dsfb": 0.0, "sfT": 2.873409875499255e-05, "roll-out": 0.1800437579275326, "roll-in": 0.20901593921506653, "bad-redirect": 0.0013710269977382158, "redirect": 0.04646714255807367, "oneh-out": 0.0074010828650359385, "oneh-in": 0.0065554793873890144, "dsfb-red": 0.01845139627195593, "dsfb-alt": 0.03174707425301605, "alternate": 0.32819677110827417, "sfR": 0.09899307508220005, "unknown": 0.06069052144179498}, "movie": {"sft": 0.0, "sfb": 0.00923527311618023, "dsfb": 0.0, "sfT": 1.1580609795432476e-05, "roll-out": 0.15302012433626985, "roll-in": 0.18638425595042657, "bad-redirect": 0.002333887667295397, "redirect": 0.039346306160529095, "oneh-out": 0.008350540847376907, "oneh-in": 0.00691072889542433, "dsfb-red": 0.017650165306624936, "dsfb-alt": 0.029154448355678427, "alternate": 0.28356175866825095, "sfR": 0.1138359467128768, "unknown": 0.1502049833732711}}