{"english-450k": {"sft": 0.0, "sfb": 0.02845434809428282, "dsfb": 0.0, "sfT": 2.4264734687052162e-05, "roll-out": 0.22443476323758216, "roll-in": 0.19493820093656028, "bad-redirect": 0.012073898103316317, "redirect": 0.04879667380186295, "oneh-out": 0.012790438642086979, "oneh-in": 0.009664088368070884, "dsfb-red": 0.02700021809026598, "dsfb-alt": 0.03632606190372338, "alternate": 0.2826686647555021, "sfR": 0.11328269117541298, "unknown": 0.009545688156646111}, "shai": {"sft": 0.0, "sfb": 0.018164258137070063, "dsfb": 0.0, "sfT": 2.7328956571845778e-05, "roll-out": 0.19783313614890607, "roll-in": 0.18816927883137186, "bad-redirect": 0.01389586293551001, "redirect": 0.040664438498120375, "oneh-out": 0.012034958770857246, "oneh-in": 0.011188635829519948, "dsfb-red": 0.028740177289493882, "dsfb-alt": 0.03676850821749716, "alternate": 0.2941167580031539, "sfR": 0.09728563198976478, "unknown": 0.06111102639216282}, "tr-quotes": {"sft": 0.0, "sfb": 0.01599824322137722, "dsfb": 0.0, "sfT": 1.1557754097223828e-05, "roll-out": 0.1993909063590763, "roll-in": 0.18733038995862325, "bad-redirect": 0.017674117565474677, "redirect": 0.04060123436813758, "oneh-out": 0.011662929659508565, "oneh-in": 0.011347402972654354, "dsfb-red": 0.029380966690552693, "dsfb-alt": 0.0393264140912138, "alternate": 0.3089445458958415, "sfR": 0.09591664547745082, "unknown": 0.042414645985992004}, "gutenberg": {"sft": 0.0, "sfb": 0.016233405811844574, "dsfb": 0.0, "sfT": 1.0797896342468354e-05, "roll-out": 0.1815698474238303, "roll-in": 0.190770791728281, "bad-redirect": 0.013658012815776902, "redirect": 0.033708569703073, "oneh-out": 0.011616642096716569, "oneh-in": 0.011707761186904767, "dsfb-red": 0.028608552767425056, "dsfb-alt": 0.03823535094868044, "alternate": 0.3029596086690816, "sfR": 0.09761014138424484, "unknown": 0.07331051756779848}, "english-200": {"sft": 0.0, "sfb": 0.011135857461024499, "dsfb": 0.0, "sfT": 0.0, "roll-out": 0.18262806236080179, "roll-in": 0.2182628062360802, "bad-redirect": 0.008908685968819599, "redirect": 0.0378619153674833, "oneh-out": 0.011135857461024499, "oneh-in": 0.013363028953229399, "dsfb-red": 0.0334075723830735, "dsfb-alt": 0.0334075723830735, "alternate": 0.3429844097995546, "sfR": 0.10690423162583519, "unknown": 0.0}, "monkeyracer": {"sft": 0.0, "sfb": 0.015886732252060623, "dsfb": 0.0, "sfT": 1.1730297011120321e-05, "roll-out": 0.19867604047734488, "roll-in": 0.18750097752475092, "bad-redirect": 0.017873062545943664, "redirect": 0.04073150132161346, "oneh-out": 0.01165405008054804, "oneh-in": 0.011392073447299686, "dsfb-red": 0.029278821339756324, "dsfb-alt": 0.03923295587844284, "alternate": 0.30937192079703457, "sfR": 0.09605353707555875, "unknown": 0.042336596962635094}, "chained-bigrams": {"sft": 0.0, "sfb": 0.01985833470228406, "dsfb": 0.0, "sfT": 5.7138812902203675e-05, "roll-out": 0.19989299458674678, "roll-in": 0.17364550171448903, "bad-redirect": 0.010087597696007231, "redirect": 0.04180548259895891, "oneh-out": 0.008754575163186501, "oneh-in": 0.010275896056707675, "dsfb-red": 0.02665850274233837, "dsfb-alt": 0.048411508536084134, "alternate": 0.27646679553200454, "sfR": 0.11643721321023381, "unknown": 0.06764845864805673}, "english-5k": {"sft": 0.0, "sfb": 0.02198531546853611, "dsfb": 0.0, "sfT": 8.296345459824948e-05, "roll-out": 0.23262952669349152, "roll-in": 0.1839714605716182, "bad-redirect": 0.012485999917036545, "redirect": 0.042643215663500225, "oneh-out": 0.018334923466213134, "oneh-in": 0.009001534823910067, "dsfb-red": 0.027294976562824078, "dsfb-alt": 0.04334840502758535, "alternate": 0.3008669681005517, "sfR": 0.10644211224955408, "unknown": 0.0009125980005807441}, "mt-quotes": {"sft": 0.0, "sfb": 0.015038369132570732, "dsfb": 0.0, "sfT": 8.96475060063829e-06, "roll-out": 0.19861404955714132, "roll-in": 0.18890074228134973, "bad-redirect": 0.01864070474892722, "redirect": 0.040861333237709324, "oneh-out": 0.011497292645318607, "oneh-in": 0.011760258662937331, "dsfb-red": 0.02896809744086253, "dsfb-alt": 0.04006048218405231, "alternate": 0.31538739675595556, "sfR": 0.09572710103871578, "unknown": 0.03453520756385891}, "english-1k": {"sft": 0.0, "sfb": 0.012350035285815103, "dsfb": 0.0, "sfT": 0.0, "roll-out": 0.1961891319689485, "roll-in": 0.1990119971771348, "bad-redirect": 0.014114326040931546, "redirect": 0.04904728299223712, "oneh-out": 0.012702893436838392, "oneh-in": 0.010938602681721948, "dsfb-red": 0.02893436838390967, "dsfb-alt": 0.04128440366972477, "alternate": 0.32709950599858856, "sfR": 0.10832745236414962, "unknown": 0.0}, "english-10k": {"sft": 0.0, "sfb": 0.023928523185581134, "dsfb": 0.0, "sfT": 0.0, "roll-out": 0.22533335906292815, "roll-in": 0.19330001350803727, "bad-redirect": 0.012157233553964608, "redirect": 0.04185561837864958, "oneh-out": 0.017135910152254876, "oneh-in": 0.010999401786920361, "dsfb-red": 0.029466818471276125, "dsfb-alt": 0.04085216418054457, "alternate": 0.2917736052951506, "sfR": 0.10543987958549622, "unknown": 0.0077574728391964646}, "reddit": {"sft": 0.0, "sfb": 0.01786602494626266, "dsfb": 0.0, "sfT": 5.105445427639114e-05, "roll-out": 0.1912794272461853, "roll-in": 0.18405329290929295, "bad-redirect": 0.014332891897718037, "redirect": 0.04179764119431464, "oneh-out": 0.011960863745475378, "oneh-in": 0.011177142287790176, "dsfb-red": 0.030077254041982644, "dsfb-alt": 0.03759941431588623, "alternate": 0.2774582972571622, "sfR": 0.1028716913164539, "unknown": 0.07947500438719952}, "akl": {"sft": 0.0, "sfb": 0.021947727710067973, "dsfb": 0.0, "sfT": 0.00011244696870851775, "roll-out": 0.18348458225052788, "roll-in": 0.16835894708004032, "bad-redirect": 0.017398612794717928, "redirect": 0.04134052399172242, "oneh-out": 0.011580798691922689, "oneh-in": 0.012516617679439032, "dsfb-red": 0.03026527200209257, "dsfb-alt": 0.03683205106616454, "alternate": 0.2618014487630276, "sfR": 0.11706348985084018, "unknown": 0.09729748115072838}, "keymash": {"sft": 0.0, "sfb": 0.016288129122830064, "dsfb": 0.0, "sfT": 1.2314613752139664e-05, "roll-out": 0.19986207632597602, "roll-in": 0.18856957551526396, "bad-redirect": 0.01760989766555972, "redirect": 0.040026599565704625, "oneh-out": 0.01088201368564075, "oneh-in": 0.011661939223276262, "dsfb-red": 0.029821889636431554, "dsfb-alt": 0.04002249469445391, "alternate": 0.3073645495109046, "sfR": 0.09899307508220005, "unknown": 0.038885445358006344}, "movie": {"sft": 0.0, "sfb": 0.0144587861231132, "dsfb": 0.0, "sfT": 1.5396947114381815e-05, "roll-out": 0.18269122580623087, "roll-in": 0.17112877651252303, "bad-redirect": 0.022716945287803814, "redirect": 0.03989612193013497, "oneh-out": 0.009912607191374446, "oneh-in": 0.010576781482710216, "dsfb-red": 0.031085383441228208, "dsfb-alt": 0.0393996032851558, "alternate": 0.26569866805879633, "sfR": 0.1138359467128768, "unknown": 0.0985837572209379}}