{"english-450k": {"sft": 0.0, "sfb": 0.03419836625249006, "dsfb": 0.0, "sfT": 5.437639339508075e-05, "roll-out": 0.15998792025497266, "roll-in": 0.2591491205349234, "bad-redirect": 0.005203470032467969, "redirect": 0.05717677765492741, "oneh-out": 0.004499500380342408, "oneh-in": 0.015310462895127816, "dsfb-red": 0.02395017017472363, "dsfb-alt": 0.04432640804162542, "alternate": 0.27331504805294504, "sfR": 0.11328269117541298, "unknown": 0.009545688156646111}, "shai": {"sft": 0.0, "sfb": 0.020750523356678607, "dsfb": 0.0, "sfT": 4.552761877278316e-05, "roll-out": 0.15869058883780293, "roll-in": 0.26618609219685335, "bad-redirect": 0.0068219477259490475, "redirect": 0.0531364631832781, "oneh-out": 0.006296226227562079, "oneh-in": 0.013981426062961334, "dsfb-red": 0.027467757172409374, "dsfb-alt": 0.039062116345727205, "alternate": 0.2491646728900776, "sfR": 0.09728563198976478, "unknown": 0.06111102639216282}, "tr-quotes": {"sft": 0.0, "sfb": 0.019768382607891634, "dsfb": 0.0, "sfT": 2.195973278472527e-05, "roll-out": 0.16606643397055085, "roll-in": 0.27534962206144104, "bad-redirect": 0.011145142275952936, "redirect": 0.04949145881972215, "oneh-out": 0.009837960287556922, "oneh-in": 0.013836943205196366, "dsfb-red": 0.0264175585400245, "dsfb-alt": 0.03612953930792168, "alternate": 0.2536037077275144, "sfR": 0.09591664547745082, "unknown": 0.042414645985992004}, "gutenberg": {"sft": 0.0, "sfb": 0.01950933601272712, "dsfb": 0.0, "sfT": 3.826622914348434e-05, "roll-out": 0.16195878386135046, "roll-in": 0.27330820643910764, "bad-redirect": 0.010104557735215123, "redirect": 0.04596986515511273, "oneh-out": 0.009096754076584742, "oneh-in": 0.012139866477381437, "dsfb-red": 0.026838455514372, "dsfb-alt": 0.04327702135672347, "alternate": 0.22683822819023847, "sfR": 0.09761014138424484, "unknown": 0.07331051756779848}, "english-200": {"sft": 0.0, "sfb": 0.017817371937639197, "dsfb": 0.0, "sfT": 0.0, "roll-out": 0.18930957683741648, "roll-in": 0.2739420935412027, "bad-redirect": 0.008908685968819599, "redirect": 0.04899777282850779, "oneh-out": 0.013363028953229399, "oneh-in": 0.024498886414253896, "dsfb-red": 0.028953229398663696, "dsfb-alt": 0.0378619153674833, "alternate": 0.24944320712694878, "sfR": 0.10690423162583519, "unknown": 0.0}, "monkeyracer": {"sft": 0.0, "sfb": 0.019659977790637658, "dsfb": 0.0, "sfT": 2.3460594022240643e-05, "roll-out": 0.16624372429109904, "roll-in": 0.2750226785742215, "bad-redirect": 0.01116333265558284, "redirect": 0.04953411170370834, "oneh-out": 0.009828033845816975, "oneh-in": 0.013970783740244302, "dsfb-red": 0.02627000015640396, "dsfb-alt": 0.036009079249886604, "alternate": 0.25388468336018266, "sfR": 0.09605353707555875, "unknown": 0.042336596962635094}, "chained-bigrams": {"sft": 0.0, "sfb": 0.02195169302951934, "dsfb": 0.0, "sfT": 0.00010259014134713841, "roll-out": 0.15545198424267373, "roll-in": 0.2483207357401327, "bad-redirect": 0.007442979685204099, "redirect": 0.052595627971786414, "oneh-out": 0.005023021097857359, "oneh-in": 0.017018275979167708, "dsfb-red": 0.02746364056050578, "dsfb-alt": 0.048088804104125096, "alternate": 0.2324549755893901, "sfR": 0.11643721321023381, "unknown": 0.06764845864805673}, "english-5k": {"sft": 0.0, "sfb": 0.02136308955904924, "dsfb": 0.0, "sfT": 0.00012444518189737422, "roll-out": 0.16974322810801842, "roll-in": 0.2704608619902933, "bad-redirect": 0.0033600199112291036, "redirect": 0.06126851122080723, "oneh-out": 0.005351142821587091, "oneh-in": 0.01165636537105405, "dsfb-red": 0.028622391836396067, "dsfb-alt": 0.043306923300286224, "alternate": 0.2773883104492471, "sfR": 0.10644211224955408, "unknown": 0.0009125980005807441}, "mt-quotes": {"sft": 0.0, "sfb": 0.018972400521150835, "dsfb": 0.0, "sfT": 1.792950120127658e-05, "roll-out": 0.16824595689747912, "roll-in": 0.2789367208137603, "bad-redirect": 0.011861859169744565, "redirect": 0.048862373148779004, "oneh-out": 0.010426004948542332, "oneh-in": 0.014289812457417434, "dsfb-red": 0.026166612878163062, "dsfb-alt": 0.035775331396947205, "alternate": 0.2561826896642402, "sfR": 0.09572710103871578, "unknown": 0.03453520756385891}, "english-1k": {"sft": 0.0, "sfb": 0.014467184191954835, "dsfb": 0.0, "sfT": 0.0, "roll-out": 0.20007057163020467, "roll-in": 0.27417078334509526, "bad-redirect": 0.0056457304163726185, "redirect": 0.06633733239237827, "oneh-out": 0.006351446718419196, "oneh-in": 0.016584333098094567, "dsfb-red": 0.02893436838390967, "dsfb-alt": 0.040578687367678196, "alternate": 0.23853211009174313, "sfR": 0.10832745236414962, "unknown": 0.0}, "english-10k": {"sft": 0.0, "sfb": 0.024025009166168156, "dsfb": 0.0, "sfT": 1.929719611740414e-05, "roll-out": 0.1625981744852473, "roll-in": 0.26686092510758186, "bad-redirect": 0.003647170066189383, "redirect": 0.05789158835221243, "oneh-out": 0.004824299029351035, "oneh-in": 0.013199282144304433, "dsfb-red": 0.02684239979930916, "dsfb-alt": 0.04436425387391212, "alternate": 0.282530248354914, "sfR": 0.10543987958549622, "unknown": 0.0077574728391964646}, "reddit": {"sft": 0.0, "sfb": 0.019008775710066136, "dsfb": 0.0, "sfT": 5.2103261847732996e-05, "roll-out": 0.15275503956720207, "roll-in": 0.25893403318764274, "bad-redirect": 0.011669969474081061, "redirect": 0.04821506997887589, "oneh-out": 0.0085447476559619, "oneh-in": 0.014602772560272256, "dsfb-red": 0.025737887630382233, "dsfb-alt": 0.035373619905019235, "alternate": 0.24275928536499533, "sfR": 0.1028716913164539, "unknown": 0.07947500438719952}, "akl": {"sft": 0.0, "sfb": 0.021749598009831148, "dsfb": 0.0, "sfT": 0.00013636131026305653, "roll-out": 0.1532456408058464, "roll-in": 0.23842226804358754, "bad-redirect": 0.011088386291209026, "redirect": 0.042471994509366305, "oneh-out": 0.007998294027696773, "oneh-in": 0.014521643160603637, "dsfb-red": 0.02373207214300132, "dsfb-alt": 0.032283493739089085, "alternate": 0.23998927695793715, "sfR": 0.11706348985084018, "unknown": 0.09729748115072838}, "keymash": {"sft": 0.0, "sfb": 0.020877375181127443, "dsfb": 0.0, "sfT": 4.925845500855866e-05, "roll-out": 0.16804521926169785, "roll-in": 0.2728466871636571, "bad-redirect": 0.010327856066794466, "redirect": 0.04758777240951838, "oneh-out": 0.009006087524064808, "oneh-in": 0.013230000041048712, "dsfb-red": 0.027223506134730083, "dsfb-alt": 0.038048051622860846, "alternate": 0.25487966569928533, "sfR": 0.09899307508220005, "unknown": 0.038885445358006344}, "movie": {"sft": 0.0, "sfb": 0.016755036808573442, "dsfb": 0.0, "sfT": 2.3687610945202793e-05, "roll-out": 0.1532695022403874, "roll-in": 0.23756489253917898, "bad-redirect": 0.016840707001491925, "redirect": 0.04319409536290012, "oneh-out": 0.01155771177151878, "oneh-in": 0.011865650713806417, "dsfb-red": 0.02457721233403374, "dsfb-alt": 0.03785372347530415, "alternate": 0.23407807620804513, "sfR": 0.1138359467128768, "unknown": 0.0985837572209379}}