{"english-450k": {"sft": 0.0, "sfb": 0.03921853521690042, "dsfb": 0.0, "sfT": 6.548554903493595e-05, "roll-out": 0.2278487821734303, "roll-in": 0.21762134267593833, "bad-redirect": 0.009341338162112986, "redirect": 0.06125529950575951, "oneh-out": 0.030729386230844747, "oneh-in": 0.02316083543189181, "dsfb-red": 0.03021778037900931, "dsfb-alt": 0.03419105759746384, "alternate": 0.20352177774555472, "sfR": 0.11328269117541298, "unknown": 0.009545688156646111}, "shai": {"sft": 0.0, "sfb": 0.018986135576395214, "dsfb": 0.0, "sfT": 4.135531808103274e-05, "roll-out": 0.2110798734716917, "roll-in": 0.21648767832134488, "bad-redirect": 0.007360263534587366, "redirect": 0.052236840842287656, "oneh-out": 0.023864383352535722, "oneh-in": 0.016736464328919107, "dsfb-red": 0.027431754629705603, "dsfb-alt": 0.03605023001065446, "alternate": 0.2313283622318697, "sfR": 0.09728563198976478, "unknown": 0.06111102639216282}, "tr-quotes": {"sft": 0.0, "sfb": 0.01700607937865514, "dsfb": 0.0, "sfT": 3.467326229167148e-05, "roll-out": 0.22173551235523914, "roll-in": 0.2164882919950995, "bad-redirect": 0.0063925937911744985, "redirect": 0.05017221053604864, "oneh-out": 0.022630082522364255, "oneh-in": 0.013669355770786621, "dsfb-red": 0.02941332840202492, "dsfb-alt": 0.03567647534731051, "alternate": 0.2484501051755623, "sfR": 0.09591664547745082, "unknown": 0.042414645985992004}, "gutenberg": {"sft": 0.0, "sfb": 0.01712735796693419, "dsfb": 0.0, "sfT": 0.00011138882542756828, "roll-out": 0.2236890311937965, "roll-in": 0.2116669943922925, "bad-redirect": 0.005682345591029487, "redirect": 0.05359090673156013, "oneh-out": 0.022163155834861142, "oneh-in": 0.01335339847685253, "dsfb-red": 0.024055250372906296, "dsfb-alt": 0.034821889647014874, "alternate": 0.2228176220152815, "sfR": 0.09761014138424484, "unknown": 0.07331051756779848}, "english-200": {"sft": 0.0, "sfb": 0.011135857461024499, "dsfb": 0.0, "sfT": 0.0, "roll-out": 0.18485523385300667, "roll-in": 0.24276169265033407, "bad-redirect": 0.0022271714922048997, "redirect": 0.062360801781737196, "oneh-out": 0.022271714922048998, "oneh-in": 0.015590200445434299, "dsfb-red": 0.0400890868596882, "dsfb-alt": 0.024498886414253896, "alternate": 0.2873051224944321, "sfR": 0.10690423162583519, "unknown": 0.0}, "monkeyracer": {"sft": 0.0, "sfb": 0.016840796408965075, "dsfb": 0.0, "sfT": 3.421336628243427e-05, "roll-out": 0.22162441153009993, "roll-in": 0.21660384440934044, "bad-redirect": 0.006365641178034628, "redirect": 0.04999159328714203, "oneh-out": 0.022559316201886233, "oneh-in": 0.013484953939033737, "dsfb-red": 0.029403944507874938, "dsfb-alt": 0.035563327963464036, "alternate": 0.24913782316968267, "sfR": 0.09605353707555875, "unknown": 0.042336596962635094}, "chained-bigrams": {"sft": 0.0, "sfb": 0.02009598021958186, "dsfb": 0.0, "sfT": 5.25936800577102e-05, "roll-out": 0.22422958375024105, "roll-in": 0.19949821733396791, "bad-redirect": 0.011490095830879503, "redirect": 0.047288860723494246, "oneh-out": 0.021262780751232543, "oneh-in": 0.015496955085646535, "dsfb-red": 0.031241944563664, "dsfb-alt": 0.044790985573099046, "alternate": 0.20046633062984504, "sfR": 0.11643721321023381, "unknown": 0.06764845864805673}, "english-5k": {"sft": 0.0, "sfb": 0.023934956651594973, "dsfb": 0.0, "sfT": 8.296345459824948e-05, "roll-out": 0.2060812212220517, "roll-in": 0.2414651346082051, "bad-redirect": 0.008794126187414444, "redirect": 0.06429667731364334, "oneh-out": 0.022400132741527357, "oneh-in": 0.02277346828721948, "dsfb-red": 0.030323142655660183, "dsfb-alt": 0.03799726220599826, "alternate": 0.23449620442195213, "sfR": 0.10644211224955408, "unknown": 0.0009125980005807441}, "mt-quotes": {"sft": 0.0, "sfb": 0.01588105568903073, "dsfb": 0.0, "sfT": 2.3906001601702106e-05, "roll-out": 0.22327607845949726, "roll-in": 0.2192822820669129, "bad-redirect": 0.006088559782933506, "redirect": 0.050115944107768255, "oneh-out": 0.02234464087209094, "oneh-in": 0.013173701007637968, "dsfb-red": 0.029924337504930613, "dsfb-alt": 0.0354705298765255, "alternate": 0.25415665602849596, "sfR": 0.09572710103871578, "unknown": 0.03453520756385891}, "english-1k": {"sft": 0.0, "sfb": 0.011997177134791814, "dsfb": 0.0, "sfT": 0.0, "roll-out": 0.2081863091037403, "roll-in": 0.26287932251235, "bad-redirect": 0.0077628793225123505, "redirect": 0.06069160197600565, "oneh-out": 0.024347212420606917, "oneh-in": 0.024700070571630206, "dsfb-red": 0.02928722653493296, "dsfb-alt": 0.030698659139026113, "alternate": 0.23112208892025407, "sfR": 0.10832745236414962, "unknown": 0.0}, "english-10k": {"sft": 0.0, "sfb": 0.025703865228382316, "dsfb": 0.0, "sfT": 1.929719611740414e-05, "roll-out": 0.21145867505451457, "roll-in": 0.23922734026745915, "bad-redirect": 0.007680284054726848, "redirect": 0.06028444067077054, "oneh-out": 0.026205592327434822, "oneh-in": 0.02207599235831034, "dsfb-red": 0.028868605391636597, "dsfb-alt": 0.04067848941548793, "alternate": 0.2246000656104668, "sfR": 0.10543987958549622, "unknown": 0.0077574728391964646}, "reddit": {"sft": 0.0, "sfb": 0.018045783072508, "dsfb": 0.0, "sfT": 3.670826499696501e-05, "roll-out": 0.2045402879763389, "roll-in": 0.2087860108547838, "bad-redirect": 0.005652473490920417, "redirect": 0.04811356038893531, "oneh-out": 0.022568878096159546, "oneh-in": 0.013553740244450824, "dsfb-red": 0.030213149537297937, "dsfb-alt": 0.03483082452943656, "alternate": 0.23131188784051832, "sfR": 0.1028716913164539, "unknown": 0.07947500438719952}, "akl": {"sft": 0.0, "sfb": 0.021572346892764993, "dsfb": 0.0, "sfT": 0.00018803115704151593, "roll-out": 0.18878594570254945, "roll-in": 0.2026337124561875, "bad-redirect": 0.0059349076404586545, "redirect": 0.04429332563118064, "oneh-out": 0.021995990072946177, "oneh-in": 0.013360496555901137, "dsfb-red": 0.034231583261993014, "dsfb-alt": 0.030059212157506048, "alternate": 0.2225834774699023, "sfR": 0.11706348985084018, "unknown": 0.09729748115072838}, "keymash": {"sft": 0.0, "sfb": 0.016953118265445603, "dsfb": 0.0, "sfT": 3.694384125641899e-05, "roll-out": 0.221991437238571, "roll-in": 0.21718873787523654, "bad-redirect": 0.006362550438605493, "redirect": 0.051278051663909564, "oneh-out": 0.023451129455324633, "oneh-in": 0.013821101501151416, "dsfb-red": 0.029378563541354527, "dsfb-alt": 0.036434837221330556, "alternate": 0.24522500851760784, "sfR": 0.09899307508220005, "unknown": 0.038885445358006344}, "movie": {"sft": 0.0, "sfb": 0.01551249001665897, "dsfb": 0.0, "sfT": 2.447719797670955e-05, "roll-out": 0.2005151002597873, "roll-in": 0.1990034358879676, "bad-redirect": 0.005750957143979485, "redirect": 0.04144397570756539, "oneh-out": 0.020614801414255653, "oneh-in": 0.009776929819793868, "dsfb-red": 0.029216694133328877, "dsfb-alt": 0.03511925198735766, "alternate": 0.2306021824975138, "sfR": 0.1138359467128768, "unknown": 0.0985837572209379}}