{"english-450k": {"sft": 0.0, "sfb": 0.025426810836221225, "dsfb": 0.0, "sfT": 1.3447925248245777e-05, "roll-out": 0.20576202668419186, "roll-in": 0.203020404010756, "bad-redirect": 0.004526980923240997, "redirect": 0.03684322233337874, "oneh-out": 0.0069481921603273345, "oneh-in": 0.0037388155652133747, "dsfb-red": 0.015233575844251977, "dsfb-alt": 0.0439849476788004, "alternate": 0.3315200072969612, "sfR": 0.11328269117541298, "unknown": 0.009698877565995693}, "shai": {"sft": 0.0, "sfb": 0.017175991823219543, "dsfb": 0.0, "sfT": 5.077976352111835e-06, "roll-out": 0.24930949584674172, "roll-in": 0.18416738062807755, "bad-redirect": 0.0062539342705502455, "redirect": 0.03161031377249365, "oneh-out": 0.008468071294787983, "oneh-in": 0.0016350464588391312, "dsfb-red": 0.013075963275084196, "dsfb-alt": 0.03372936646361986, "alternate": 0.28958625871732174, "sfR": 0.09728563198976478, "unknown": 0.06769746748314746}, "tr-quotes": {"sft": 0.0, "sfb": 0.015599500705023, "dsfb": 0.0, "sfT": 3.4673262291671484e-06, "roll-out": 0.26706386814914124, "roll-in": 0.1794491574397263, "bad-redirect": 0.006932340907514852, "redirect": 0.035830193476803586, "oneh-out": 0.01125378516446684, "oneh-in": 0.0015267793162432677, "dsfb-red": 0.014852869790342341, "dsfb-alt": 0.03490095004738679, "alternate": 0.2912785187582349, "sfR": 0.09591664547745082, "unknown": 0.04539192344143686}, "gutenberg": {"sft": 0.0, "sfb": 0.018699683223819933, "dsfb": 0.0, "sfT": 1.629156290267155e-05, "roll-out": 0.27071405920202407, "roll-in": 0.16159904342004613, "bad-redirect": 0.0057759273593308786, "redirect": 0.03692369069823744, "oneh-out": 0.010563941921714873, "oneh-in": 0.002427253435720123, "dsfb-red": 0.019138229364746497, "dsfb-alt": 0.02916454971067321, "alternate": 0.27216988084047794, "sfR": 0.09761014138424484, "unknown": 0.07519730787606137}, "english-200": {"sft": 0.0, "sfb": 0.008908685968819599, "dsfb": 0.0, "sfT": 0.0, "roll-out": 0.31403118040089084, "roll-in": 0.16703786191536749, "bad-redirect": 0.008908685968819599, "redirect": 0.0378619153674833, "oneh-out": 0.004454342984409799, "oneh-in": 0.0, "dsfb-red": 0.0066815144766146995, "dsfb-alt": 0.04899777282850779, "alternate": 0.2962138084632517, "sfR": 0.10690423162583519, "unknown": 0.0}, "monkeyracer": {"sft": 0.0, "sfb": 0.015459553935905658, "dsfb": 0.0, "sfT": 2.9325742527800804e-06, "roll-out": 0.26711450333922454, "roll-in": 0.17973552090338926, "bad-redirect": 0.007038178206672193, "redirect": 0.035922079547054134, "oneh-out": 0.011241534635656974, "oneh-in": 0.0015513317797206626, "dsfb-red": 0.014877926709104275, "dsfb-alt": 0.03487808311306442, "alternate": 0.29083316389570985, "sfR": 0.09605353707555875, "unknown": 0.04529165428468649}, "chained-bigrams": {"sft": 0.0, "sfb": 0.01783315336771618, "dsfb": 0.0, "sfT": 1.233678914933943e-05, "roll-out": 0.22706639594989705, "roll-in": 0.16344232778329326, "bad-redirect": 0.004302292889659109, "redirect": 0.03312622678005258, "oneh-out": 0.010088896305391372, "oneh-in": 0.0046970701424379705, "dsfb-red": 0.02122317316501624, "dsfb-alt": 0.04818879702670396, "alternate": 0.28066195314747205, "sfR": 0.11643721321023381, "unknown": 0.07292016344297708}, "english-5k": {"sft": 0.0, "sfb": 0.02173642510474136, "dsfb": 0.0, "sfT": 0.0, "roll-out": 0.22781764632679305, "roll-in": 0.21711536068361886, "bad-redirect": 0.006097813912971336, "redirect": 0.03057203301945493, "oneh-out": 0.007591156095739827, "oneh-in": 0.0025718670925457335, "dsfb-red": 0.012983780644626042, "dsfb-alt": 0.04011283029825362, "alternate": 0.3239308084788651, "sfR": 0.10644211224955408, "unknown": 0.0030281660928361057}, "mt-quotes": {"sft": 0.0, "sfb": 0.01469621448464637, "dsfb": 0.0, "sfT": 0.0, "roll-out": 0.27351603495057436, "roll-in": 0.18098038512568582, "bad-redirect": 0.0073346601164222276, "redirect": 0.03669720658371284, "oneh-out": 0.011546598773622118, "oneh-in": 0.0014059717192001053, "dsfb-red": 0.015301335150189456, "dsfb-alt": 0.03457256069136157, "alternate": 0.29192365618388494, "sfR": 0.09572710103871578, "unknown": 0.03629827518198444}, "english-1k": {"sft": 0.0, "sfb": 0.016584333098094567, "dsfb": 0.0, "sfT": 0.0, "roll-out": 0.25970359915314045, "roll-in": 0.1803105151729005, "bad-redirect": 0.006351446718419196, "redirect": 0.034227240649259, "oneh-out": 0.014114326040931546, "oneh-in": 0.0017642907551164433, "dsfb-red": 0.009880028228652082, "dsfb-alt": 0.038461538461538464, "alternate": 0.3302752293577982, "sfR": 0.10832745236414962, "unknown": 0.0}, "english-10k": {"sft": 0.0, "sfb": 0.021786534416549274, "dsfb": 0.0, "sfT": 0.0, "roll-out": 0.22664556839891165, "roll-in": 0.22027749368016827, "bad-redirect": 0.0073715289168483815, "redirect": 0.030740433415024797, "oneh-out": 0.00731363732849617, "oneh-in": 0.0026630130642017716, "dsfb-red": 0.012929121398660775, "dsfb-alt": 0.03844001466586905, "alternate": 0.3186353022905772, "sfR": 0.10543987958549622, "unknown": 0.0077574728391964646}, "reddit": {"sft": 0.0, "sfb": 0.015454067191482485, "dsfb": 0.0, "sfT": 2.2062416411441217e-05, "roll-out": 0.2525832785986882, "roll-in": 0.17416187633172808, "bad-redirect": 0.005623443995642205, "redirect": 0.03403560364587986, "oneh-out": 0.00921650890540636, "oneh-in": 0.0015215575841241997, "dsfb-red": 0.013322852749102568, "dsfb-alt": 0.0358335594824659, "alternate": 0.2718698384855069, "sfR": 0.1028716913164539, "unknown": 0.0834836592971079}, "akl": {"sft": 0.0, "sfb": 0.021384439644228943, "dsfb": 0.0, "sfT": 0.0001329538263627984, "roll-out": 0.2325356227660071, "roll-in": 0.16832468637827952, "bad-redirect": 0.005204900680517903, "redirect": 0.03644762492796269, "oneh-out": 0.007731704878191124, "oneh-in": 0.0021671597605641604, "dsfb-red": 0.014175133025073753, "dsfb-alt": 0.03678422238305546, "alternate": 0.2531315706357163, "sfR": 0.11706348985084018, "unknown": 0.10491649124320006}, "keymash": {"sft": 0.0, "sfb": 0.016710930861653525, "dsfb": 0.0, "sfT": 0.0, "roll-out": 0.2662624736775131, "roll-in": 0.18150919696403722, "bad-redirect": 0.007138371104990292, "redirect": 0.036246013143797745, "oneh-out": 0.01077939190437292, "oneh-in": 0.00159269004527673, "dsfb-red": 0.01581196405774733, "dsfb-alt": 0.03402938266841261, "alternate": 0.2895658277678121, "sfR": 0.09899307508220005, "unknown": 0.04136068272218642}, "movie": {"sft": 0.0, "sfb": 0.012958833958927525, "dsfb": 0.0, "sfT": 2.1055654173513595e-06, "roll-out": 0.23619061631084146, "roll-in": 0.15983268124411018, "bad-redirect": 0.006588840582246741, "redirect": 0.03391947449298314, "oneh-out": 0.011146336928103759, "oneh-in": 0.0014452074633345391, "dsfb-red": 0.015171520016886635, "dsfb-alt": 0.0385621146404043, "alternate": 0.2667447392777042, "sfR": 0.1138359467128768, "unknown": 0.10360158280616336}}