{"english-450k": {"sft": 0.0, "sfb": 0.03900424545153163, "dsfb": 0.0, "sfT": 0.0017002855052999442, "roll-out": 0.1784902189731515, "roll-in": 0.1973904008709578, "bad-redirect": 0.0034347755161226005, "redirect": 0.01610096702276383, "oneh-out": 0.004946205375545006, "oneh-in": 0.0030424469143150827, "dsfb-red": 0.007173591081335975, "dsfb-alt": 0.050662719603157574, "alternate": 0.3750725749444104, "sfR": 0.11328269117541298, "unknown": 0.009698877565995693}, "shai": {"sft": 0.0, "sfb": 0.01680073246712552, "dsfb": 0.0, "sfT": 0.00016459687524867376, "roll-out": 0.2129167269160304, "roll-in": 0.19949239975563787, "bad-redirect": 0.002307580304015967, "redirect": 0.01686214811404268, "oneh-out": 0.01146100810835163, "oneh-in": 0.004304432577943066, "dsfb-red": 0.005899513195462147, "dsfb-alt": 0.044542023041008065, "alternate": 0.32026573917222173, "sfR": 0.09728563198976478, "unknown": 0.06769746748314746}, "tr-quotes": {"sft": 0.0, "sfb": 0.016581909803287026, "dsfb": 0.0, "sfT": 0.00017567786227780217, "roll-out": 0.23966505628626245, "roll-in": 0.18919003259286654, "bad-redirect": 0.0021243152030697393, "redirect": 0.01992094496197499, "oneh-out": 0.019658583943968008, "oneh-in": 0.004446268001202006, "dsfb-red": 0.007878920968077484, "dsfb-alt": 0.041617160953283557, "alternate": 0.3174325605048427, "sfR": 0.09591664547745082, "unknown": 0.04539192344143686}, "gutenberg": {"sft": 0.0, "sfb": 0.017770306391255902, "dsfb": 0.0, "sfT": 8.126837773541972e-05, "roll-out": 0.2566131431994281, "roll-in": 0.1828616168125898, "bad-redirect": 0.002403763275255806, "redirect": 0.019339411222916696, "oneh-out": 0.014965316020327324, "oneh-in": 0.004207011964448021, "dsfb-red": 0.0073196476627479775, "dsfb-alt": 0.037187576129905135, "alternate": 0.28444348968308364, "sfR": 0.09761014138424484, "unknown": 0.07519730787606137}, "english-200": {"sft": 0.0, "sfb": 0.011135857461024499, "dsfb": 0.0, "sfT": 0.0, "roll-out": 0.26280623608017817, "roll-in": 0.19376391982182628, "bad-redirect": 0.0, "redirect": 0.028953229398663696, "oneh-out": 0.011135857461024499, "oneh-in": 0.0022271714922048997, "dsfb-red": 0.0022271714922048997, "dsfb-alt": 0.031180400890868598, "alternate": 0.34966592427616927, "sfR": 0.10690423162583519, "unknown": 0.0}, "monkeyracer": {"sft": 0.0, "sfb": 0.016483022350125904, "dsfb": 0.0, "sfT": 0.00015933653440105105, "roll-out": 0.24018369645119414, "roll-in": 0.1892830051456903, "bad-redirect": 0.0021446893035331656, "redirect": 0.01986037036457763, "oneh-out": 0.020050987691008337, "oneh-in": 0.004460445438478502, "dsfb-red": 0.007919905532008071, "dsfb-alt": 0.041491038053083504, "alternate": 0.31661831177565414, "sfR": 0.09605353707555875, "unknown": 0.04529165428468649}, "chained-bigrams": {"sft": 0.0, "sfb": 0.018399347059201654, "dsfb": 0.0, "sfT": 6.882629735947261e-05, "roll-out": 0.2000864873849838, "roll-in": 0.1781010305114768, "bad-redirect": 0.003853623347438396, "redirect": 0.02290876814563125, "oneh-out": 0.006340460318068396, "oneh-in": 0.004884719198446344, "dsfb-red": 0.011138821992469364, "dsfb-alt": 0.05607914764474463, "alternate": 0.30878139144696903, "sfR": 0.11643721321023381, "unknown": 0.07292016344297708}, "english-5k": {"sft": 0.0, "sfb": 0.020657900194964118, "dsfb": 0.0, "sfT": 0.0003733355456921226, "roll-out": 0.1814825569336707, "roll-in": 0.22429169950636746, "bad-redirect": 0.0037333554569212264, "redirect": 0.014726013191189281, "oneh-out": 0.007425229186543328, "oneh-in": 0.0017837142738623636, "dsfb-red": 0.004977807275894968, "dsfb-alt": 0.05010992657734268, "alternate": 0.3809681835151616, "sfR": 0.10644211224955408, "unknown": 0.0030281660928361057}, "mt-quotes": {"sft": 0.0, "sfb": 0.01572417255351956, "dsfb": 0.0, "sfT": 0.0001225182582087233, "roll-out": 0.2474450460788181, "roll-in": 0.19017224274154026, "bad-redirect": 0.00195730388113936, "redirect": 0.020243900981341365, "oneh-out": 0.021575166445536153, "oneh-in": 0.004591446432626911, "dsfb-red": 0.00820872329998446, "dsfb-alt": 0.0412303821374356, "alternate": 0.3167037209691493, "sfR": 0.09572710103871578, "unknown": 0.03629827518198444}, "english-1k": {"sft": 0.0, "sfb": 0.015525758645024701, "dsfb": 0.0, "sfT": 0.0, "roll-out": 0.23112208892025407, "roll-in": 0.2050105857445307, "bad-redirect": 0.0017642907551164433, "redirect": 0.016937191249117856, "oneh-out": 0.011997177134791814, "oneh-in": 0.0014114326040931546, "dsfb-red": 0.006351446718419196, "dsfb-alt": 0.04269583627381793, "alternate": 0.35885673959068454, "sfR": 0.10832745236414962, "unknown": 0.0}, "english-10k": {"sft": 0.0, "sfb": 0.023426796086528628, "dsfb": 0.0, "sfT": 0.00036664672623067866, "roll-out": 0.1715327762876054, "roll-in": 0.2362941664576137, "bad-redirect": 0.002566527083614751, "redirect": 0.015071110167692634, "oneh-out": 0.005924239208043071, "oneh-in": 0.0057312672468690295, "dsfb-red": 0.005210242951699118, "dsfb-alt": 0.052488373439339264, "alternate": 0.368190501920071, "sfR": 0.10543987958549622, "unknown": 0.0077574728391964646}, "reddit": {"sft": 0.0, "sfb": 0.015668136308276008, "dsfb": 0.0, "sfT": 0.0001780350852352803, "roll-out": 0.2257316696997807, "roll-in": 0.17967879144405258, "bad-redirect": 0.0023018704172025417, "redirect": 0.018830328593284974, "oneh-out": 0.0142878306295636, "oneh-in": 0.00483342969252895, "dsfb-red": 0.007946814968057254, "dsfb-alt": 0.042448613579398574, "alternate": 0.30173912896905775, "sfR": 0.1028716913164539, "unknown": 0.0834836592971079}, "akl": {"sft": 0.0, "sfb": 0.021591614665364637, "dsfb": 0.0, "sfT": 0.00025537542976116265, "roll-out": 0.2110712001815012, "roll-in": 0.17292336469581515, "bad-redirect": 0.0017458088877340616, "redirect": 0.019059668264714662, "oneh-out": 0.015238701681723409, "oneh-in": 0.0051610370695836716, "dsfb-red": 0.010540648742805718, "dsfb-alt": 0.03757599773296998, "alternate": 0.2828566015539861, "sfR": 0.11706348985084018, "unknown": 0.10491649124320006}, "keymash": {"sft": 0.0, "sfb": 0.017425178459277626, "dsfb": 0.0, "sfT": 0.00014777536502567597, "roll-out": 0.24364463308608325, "roll-in": 0.18847516347649756, "bad-redirect": 0.002171476891627294, "redirect": 0.019251846165845007, "oneh-out": 0.019182063354582883, "oneh-in": 0.004236227130736045, "dsfb-red": 0.00805375739389934, "dsfb-alt": 0.041331948623431425, "alternate": 0.31572617224860744, "sfR": 0.09899307508220005, "unknown": 0.04136068272218642}, "movie": {"sft": 0.0, "sfb": 0.013697229431224929, "dsfb": 0.0, "sfT": 7.909030098926043e-05, "roll-out": 0.22539525081824247, "roll-in": 0.1515929457768214, "bad-redirect": 0.0019331722488057166, "redirect": 0.02079864359475814, "oneh-out": 0.02545299594981332, "oneh-in": 0.0036964516879988956, "dsfb-red": 0.009762980448903915, "dsfb-alt": 0.04206301194026669, "alternate": 0.2880906982831351, "sfR": 0.1138359467128768, "unknown": 0.10360158280616336}}