{"english-450k": {"sft": 0.0, "sfb": 0.038986412333267655, "dsfb": 0.0, "sfT": 0.0016997008128978466, "roll-out": 0.18072695975737604, "roll-in": 0.2002676721816803, "bad-redirect": 0.003435944900926796, "redirect": 0.01915364605411562, "oneh-out": 0.004885689711927901, "oneh-in": 0.0031096865405563115, "dsfb-red": 0.007523237137790365, "dsfb-alt": 0.050220399800970705, "alternate": 0.36700908202708177, "sfR": 0.11328269117541298, "unknown": 0.009698877565995693}, "shai": {"sft": 0.0, "sfb": 0.019580769703554553, "dsfb": 0.0, "sfT": 0.0002259738180777816, "roll-out": 0.20876112703827338, "roll-in": 0.2018404877582066, "bad-redirect": 0.0022918509626325963, "redirect": 0.017183829401049594, "oneh-out": 0.011297313038354512, "oneh-in": 0.0043201696601440475, "dsfb-red": 0.0058114265614699874, "dsfb-alt": 0.04819043293773627, "alternate": 0.3161445317471056, "sfR": 0.09728563198976478, "unknown": 0.06706645538363028}, "tr-quotes": {"sft": 0.0, "sfb": 0.022470585515822566, "dsfb": 0.0, "sfT": 0.0002542705901389242, "roll-out": 0.2337081898245533, "roll-in": 0.19012505489933196, "bad-redirect": 0.0020734610850419548, "redirect": 0.01977994036198886, "oneh-out": 0.01950486581447493, "oneh-in": 0.004508679873327015, "dsfb-red": 0.007544901874667715, "dsfb-alt": 0.04548900857585354, "alternate": 0.3132798594577102, "sfR": 0.09591664547745082, "unknown": 0.045344536649638244}, "gutenberg": {"sft": 0.0, "sfb": 0.0198344095236688, "dsfb": 0.0, "sfT": 0.00010437966464386075, "roll-out": 0.2503225161144395, "roll-in": 0.18763826516829754, "bad-redirect": 0.002230428623442498, "redirect": 0.01896678908071257, "oneh-out": 0.013598908541060233, "oneh-in": 0.004263842997829433, "dsfb-red": 0.008632444533858604, "dsfb-alt": 0.039947859421240337, "alternate": 0.28165857961061647, "sfR": 0.09761014138424484, "unknown": 0.07519143533594529}, "english-200": {"sft": 0.0, "sfb": 0.011135857461024499, "dsfb": 0.0, "sfT": 0.0, "roll-out": 0.26057906458797325, "roll-in": 0.19376391982182628, "bad-redirect": 0.0, "redirect": 0.028953229398663696, "oneh-out": 0.011135857461024499, "oneh-in": 0.0022271714922048997, "dsfb-red": 0.0022271714922048997, "dsfb-alt": 0.0334075723830735, "alternate": 0.34966592427616927, "sfR": 0.10690423162583519, "unknown": 0.0}, "monkeyracer": {"sft": 0.0, "sfb": 0.022478181647559315, "dsfb": 0.0, "sfT": 0.00024926881148630683, "roll-out": 0.23409762735192455, "roll-in": 0.1902947432628994, "bad-redirect": 0.0020870153432284906, "redirect": 0.01977728076074886, "oneh-out": 0.019817359275536857, "oneh-in": 0.004529849695794298, "dsfb-red": 0.007536715829644806, "dsfb-alt": 0.04533662042322912, "alternate": 0.3124960899009963, "sfR": 0.09605353707555875, "unknown": 0.04524571062139293}, "chained-bigrams": {"sft": 0.0, "sfb": 0.020257657087907416, "dsfb": 0.0, "sfT": 8.376030527709402e-05, "roll-out": 0.19770224055570093, "roll-in": 0.1792801678322768, "bad-redirect": 0.003809470628377602, "redirect": 0.02346846879019602, "oneh-out": 0.005229499989935777, "oneh-in": 0.004937312878504054, "dsfb-red": 0.01129140859510593, "dsfb-alt": 0.057188809363493104, "alternate": 0.3075360250475778, "sfR": 0.11643721321023381, "unknown": 0.07277796571541365}, "english-5k": {"sft": 0.0, "sfb": 0.020740863649562367, "dsfb": 0.0, "sfT": 0.0003733355456921226, "roll-out": 0.18081884929688471, "roll-in": 0.22665615796241756, "bad-redirect": 0.0037333554569212264, "redirect": 0.016177873646658646, "oneh-out": 0.0070933753681503295, "oneh-in": 0.0017837142738623636, "dsfb-red": 0.004770398639399345, "dsfb-alt": 0.05073215248682955, "alternate": 0.3776496453312316, "sfR": 0.10644211224955408, "unknown": 0.0030281660928361057}, "mt-quotes": {"sft": 0.0, "sfb": 0.022054780602670302, "dsfb": 0.0, "sfT": 0.00020320101361446792, "roll-out": 0.24118167365917215, "roll-in": 0.19097010554499708, "bad-redirect": 0.0018870800014343602, "redirect": 0.020100464971731152, "oneh-out": 0.021391389058223065, "oneh-in": 0.004661670312331911, "dsfb-red": 0.0077096855165489295, "dsfb-alt": 0.04475651737368666, "alternate": 0.31307598522609104, "sfR": 0.09572710103871578, "unknown": 0.03628034568078316}, "english-1k": {"sft": 0.0, "sfb": 0.015172900494001412, "dsfb": 0.0, "sfT": 0.0, "roll-out": 0.22900494001411434, "roll-in": 0.20677487649964715, "bad-redirect": 0.0017642907551164433, "redirect": 0.017290049400141144, "oneh-out": 0.011644318983768526, "oneh-in": 0.0014114326040931546, "dsfb-red": 0.0056457304163726185, "dsfb-alt": 0.043754410726887794, "alternate": 0.35920959774170785, "sfR": 0.10832745236414962, "unknown": 0.0}, "english-10k": {"sft": 0.0, "sfb": 0.023561876459350456, "dsfb": 0.0, "sfT": 0.00036664672623067866, "roll-out": 0.171513479091488, "roll-in": 0.23828177765770633, "bad-redirect": 0.002566527083614751, "redirect": 0.016151753150267265, "oneh-out": 0.005654078462399414, "oneh-in": 0.0057312672468690295, "dsfb-red": 0.005210242951699118, "dsfb-alt": 0.052970803342274365, "alternate": 0.3647941954034079, "sfR": 0.10543987958549622, "unknown": 0.0077574728391964646}, "reddit": {"sft": 0.0, "sfb": 0.020205652436033505, "dsfb": 0.0, "sfT": 0.0002862870095630649, "roll-out": 0.22070394840466068, "roll-in": 0.1816785678232954, "bad-redirect": 0.002317902190078767, "redirect": 0.018948581646953767, "oneh-out": 0.014562768042908215, "oneh-in": 0.004890776992233393, "dsfb-red": 0.00767240195849831, "dsfb-alt": 0.04633751713910766, "alternate": 0.30115074792153496, "sfR": 0.1028716913164539, "unknown": 0.07837315711867839}, "akl": {"sft": 0.0, "sfb": 0.023821038449924423, "dsfb": 0.0, "sfT": 0.00027104985570234995, "roll-out": 0.20903662252178343, "roll-in": 0.17397479031892935, "bad-redirect": 0.0018244907887036582, "redirect": 0.019474885666524295, "oneh-out": 0.015673620535901808, "oneh-in": 0.005212521053603935, "dsfb-red": 0.010214459602171919, "dsfb-alt": 0.04080864673201849, "alternate": 0.2839106912099678, "sfR": 0.11706348985084018, "unknown": 0.09871369341392838}, "keymash": {"sft": 0.0, "sfb": 0.022814874411464084, "dsfb": 0.0, "sfT": 0.00022576791878922716, "roll-out": 0.23779929642506764, "roll-in": 0.18953011538793085, "bad-redirect": 0.0021263233078694485, "redirect": 0.018915246723286525, "oneh-out": 0.019005553890802215, "oneh-in": 0.004277275843243176, "dsfb-red": 0.00795113561263151, "dsfb-alt": 0.045178212985349714, "alternate": 0.31187580301543844, "sfR": 0.09899307508220005, "unknown": 0.04130731939592715}, "movie": {"sft": 0.0, "sfb": 0.02352614039725966, "dsfb": 0.0, "sfT": 0.00019515959462075412, "roll-out": 0.2204917837547469, "roll-in": 0.14757157902535745, "bad-redirect": 0.001901457169706862, "redirect": 0.018359740852272346, "oneh-out": 0.026257979928434462, "oneh-in": 0.0037717256516692065, "dsfb-red": 0.009455173104454864, "dsfb-alt": 0.043504929457636614, "alternate": 0.2875487783838443, "sfR": 0.1138359467128768, "unknown": 0.10357960596711975}}