{"english-450k": {"sft": 0.0, "sfb": 0.043539704414603045, "dsfb": 0.0, "sfT": 0.0017128563919450435, "roll-out": 0.18087137878069415, "roll-in": 0.19552230864625583, "bad-redirect": 0.0032801243757677742, "redirect": 0.019366181742278114, "oneh-out": 0.004940650797725079, "oneh-in": 0.0028606075772627157, "dsfb-red": 0.007695136704007072, "dsfb-alt": 0.05095068061119066, "alternate": 0.36627880121686185, "sfR": 0.11328269117541298, "unknown": 0.009698877565995693}, "shai": {"sft": 0.0, "sfb": 0.020201231068669414, "dsfb": 0.0, "sfT": 0.0001721209499655224, "roll-out": 0.21267869290411634, "roll-in": 0.19662741865716632, "bad-redirect": 0.0023276754665313365, "redirect": 0.017691657999531218, "oneh-out": 0.011429615222534573, "oneh-in": 0.004014496383954461, "dsfb-red": 0.005796645470243833, "dsfb-alt": 0.04984973911896491, "alternate": 0.3142276072854098, "sfR": 0.09728563198976478, "unknown": 0.06769746748314746}, "tr-quotes": {"sft": 0.0, "sfb": 0.018905018376829015, "dsfb": 0.0, "sfT": 0.0001803009639166917, "roll-out": 0.23868842606504703, "roll-in": 0.18768868033563718, "bad-redirect": 0.002037632047340561, "redirect": 0.020840942188114005, "oneh-out": 0.019612352927579114, "oneh-in": 0.004209334042208918, "dsfb-red": 0.007779524282841358, "dsfb-alt": 0.04485911097755484, "alternate": 0.3138901088740436, "sfR": 0.09591664547745082, "unknown": 0.04539192344143686}, "gutenberg": {"sft": 0.0, "sfb": 0.02005794492163569, "dsfb": 0.0, "sfT": 0.00010646346920117921, "roll-out": 0.2567099453929544, "roll-in": 0.1802845188855207, "bad-redirect": 0.0023827357929046833, "redirect": 0.02012045905835524, "oneh-out": 0.014794633483405149, "oneh-in": 0.004045990703200686, "dsfb-red": 0.007086261552328311, "dsfb-alt": 0.04071962485455991, "alternate": 0.28088397262562786, "sfR": 0.09761014138424484, "unknown": 0.07519730787606137}, "english-200": {"sft": 0.0, "sfb": 0.017817371937639197, "dsfb": 0.0, "sfT": 0.0, "roll-out": 0.26057906458797325, "roll-in": 0.1870824053452116, "bad-redirect": 0.0, "redirect": 0.028953229398663696, "oneh-out": 0.011135857461024499, "oneh-in": 0.0022271714922048997, "dsfb-red": 0.0022271714922048997, "dsfb-alt": 0.044543429844097995, "alternate": 0.33853006681514475, "sfR": 0.10690423162583519, "unknown": 0.0}, "monkeyracer": {"sft": 0.0, "sfb": 0.01874110452476657, "dsfb": 0.0, "sfT": 0.0001652016829066112, "roll-out": 0.23915143031421557, "roll-in": 0.18790567277163459, "bad-redirect": 0.002052801976946056, "redirect": 0.02078315372945243, "oneh-out": 0.020012864225722196, "oneh-in": 0.004222906924003316, "dsfb-red": 0.007803580086647794, "dsfb-alt": 0.044860565869527816, "alternate": 0.3129555265339318, "sfR": 0.09605353707555875, "unknown": 0.04529165428468649}, "chained-bigrams": {"sft": 0.0, "sfb": 0.02236010568083168, "dsfb": 0.0, "sfT": 6.622907859119062e-05, "roll-out": 0.20017089699495297, "roll-in": 0.1744473930091961, "bad-redirect": 0.003784797050078923, "redirect": 0.023179528202224648, "oneh-out": 0.0063430575368366784, "oneh-in": 0.004611361923084665, "dsfb-red": 0.011012856882207689, "dsfb-alt": 0.05680766750924772, "alternate": 0.30785872947953685, "sfR": 0.11643721321023381, "unknown": 0.07292016344297708}, "english-5k": {"sft": 0.0, "sfb": 0.024100883560791472, "dsfb": 0.0, "sfT": 0.00041481727299124733, "roll-out": 0.1819803376612602, "roll-in": 0.2218857593230182, "bad-redirect": 0.0038163189115194758, "redirect": 0.016426764010453395, "oneh-out": 0.007217820550047704, "oneh-in": 0.0015348239100676153, "dsfb-red": 0.004770398639399345, "dsfb-alt": 0.052515866760691914, "alternate": 0.3758659310573692, "sfR": 0.10644211224955408, "unknown": 0.0030281660928361057}, "mt-quotes": {"sft": 0.0, "sfb": 0.017780088691265943, "dsfb": 0.0, "sfT": 0.0001299888837092552, "roll-out": 0.24625871074933361, "roll-in": 0.18902027228935825, "bad-redirect": 0.001875127000633509, "redirect": 0.021131411290804557, "oneh-out": 0.02152735444233275, "oneh-in": 0.004349398166409677, "dsfb-red": 0.008071263790774674, "dsfb-alt": 0.04456676348597315, "alternate": 0.3132642449887044, "sfR": 0.09572710103871578, "unknown": 0.03629827518198444}, "english-1k": {"sft": 0.0, "sfb": 0.0187014820042343, "dsfb": 0.0, "sfT": 0.0, "roll-out": 0.22900494001411434, "roll-in": 0.20289343683839098, "bad-redirect": 0.0017642907551164433, "redirect": 0.017642907551164433, "oneh-out": 0.011644318983768526, "oneh-in": 0.0014114326040931546, "dsfb-red": 0.0056457304163726185, "dsfb-alt": 0.04940014114326041, "alternate": 0.35356386732533523, "sfR": 0.10832745236414962, "unknown": 0.0}, "english-10k": {"sft": 0.0, "sfb": 0.026572239053665504, "dsfb": 0.0, "sfT": 0.0003859439223480828, "roll-out": 0.17251693328959303, "roll-in": 0.23422936647305145, "bad-redirect": 0.00270160745643658, "redirect": 0.016383319503676115, "oneh-out": 0.005750564442986434, "oneh-in": 0.005306728932286139, "dsfb-red": 0.005190945755581714, "dsfb-alt": 0.05372339399085313, "alternate": 0.3640416047548291, "sfR": 0.10543987958549622, "unknown": 0.0077574728391964646}, "reddit": {"sft": 0.0, "sfb": 0.017832163444673622, "dsfb": 0.0, "sfT": 0.00017425188649579718, "roll-out": 0.22406189313137795, "roll-in": 0.1782795323142295, "bad-redirect": 0.0024127443604586812, "redirect": 0.019590114763895623, "oneh-out": 0.014259775027030205, "oneh-in": 0.004579580802850958, "dsfb-red": 0.007583627889066874, "dsfb-alt": 0.04746783204170808, "alternate": 0.29740313372465094, "sfR": 0.1028716913164539, "unknown": 0.0834836592971079}, "akl": {"sft": 0.0, "sfb": 0.024296165614125866, "dsfb": 0.0, "sfT": 0.00024304653346750147, "roll-out": 0.2096866465414472, "roll-in": 0.17088209597680235, "bad-redirect": 0.001860857935057322, "redirect": 0.019674750085837616, "oneh-out": 0.01518232331173732, "oneh-in": 0.005026658295408037, "dsfb-red": 0.010279883293056874, "dsfb-alt": 0.043232978595673044, "alternate": 0.2776546127233466, "sfR": 0.11706348985084018, "unknown": 0.10491649124320006}, "keymash": {"sft": 0.0, "sfb": 0.019892206080956272, "dsfb": 0.0, "sfT": 0.00016829972127924207, "roll-out": 0.24261841527340494, "roll-in": 0.18660334218617233, "bad-redirect": 0.0021796866341287206, "redirect": 0.02006871554473694, "oneh-out": 0.019091756187067193, "oneh-in": 0.00402687869694967, "dsfb-red": 0.00795113561263151, "dsfb-alt": 0.04500580839281976, "alternate": 0.31203999786546693, "sfR": 0.09899307508220005, "unknown": 0.04136068272218642}, "movie": {"sft": 0.0, "sfb": 0.015046502070231397, "dsfb": 0.0, "sfT": 8.34330296625476e-05, "roll-out": 0.2240542688430668, "roll-in": 0.15029078516402816, "bad-redirect": 0.0019347514228687302, "redirect": 0.021382016813203054, "oneh-out": 0.025427334371289353, "oneh-in": 0.003564327458060098, "dsfb-red": 0.00973481851144684, "dsfb-alt": 0.04463285453214402, "alternate": 0.2864113782649588, "sfR": 0.1138359467128768, "unknown": 0.10360158280616336}}