{"english-450k": {"sft": 0.0, "sfb": 0.03892297320764006, "dsfb": 0.0, "sfT": 0.0016970696970884072, "roll-out": 0.17768919038227773, "roll-in": 0.1983659601438577, "bad-redirect": 0.003633863279036848, "redirect": 0.01593403734196495, "oneh-out": 0.004838037281156942, "oneh-in": 0.00316464762635349, "dsfb-red": 0.007119507034141943, "dsfb-alt": 0.05075071580967327, "alternate": 0.37505561886474953, "sfR": 0.11328269117541298, "unknown": 0.009545688156646111}, "shai": {"sft": 0.0, "sfb": 0.018569013878666708, "dsfb": 0.0, "sfT": 0.0001871768402168296, "roll-out": 0.20980508466441852, "roll-in": 0.204809536408626, "bad-redirect": 0.0025241683807417127, "redirect": 0.01702891241822213, "oneh-out": 0.011074710346345855, "oneh-in": 0.004582610469982193, "dsfb-red": 0.0061775788456459296, "dsfb-alt": 0.045685891400044525, "alternate": 0.3221617479447355, "sfR": 0.09728563198976478, "unknown": 0.0601079364125893}, "tr-quotes": {"sft": 0.0, "sfb": 0.018473914149002565, "dsfb": 0.0, "sfT": 0.00018376829014585887, "roll-out": 0.23288643350824068, "roll-in": 0.1965245833429648, "bad-redirect": 0.0021844155243753035, "redirect": 0.020420239938975057, "oneh-out": 0.018565220406370635, "oneh-in": 0.0047490811585492705, "dsfb-red": 0.00811469915166085, "dsfb-alt": 0.040334250248491715, "alternate": 0.3202110445898153, "sfR": 0.09591664547745082, "unknown": 0.04143570421395714}, "gutenberg": {"sft": 0.0, "sfb": 0.018438449907043374, "dsfb": 0.0, "sfT": 8.2594435180986e-05, "roll-out": 0.2550044460811782, "roll-in": 0.1870072512609859, "bad-redirect": 0.0025265183073596566, "redirect": 0.01940495634808326, "oneh-out": 0.014509531132608397, "oneh-in": 0.004530569981166196, "dsfb-red": 0.008057503912816648, "dsfb-alt": 0.037270738875419936, "alternate": 0.28727519063970147, "sfR": 0.09761014138424484, "unknown": 0.0682821077342111}, "english-200": {"sft": 0.0, "sfb": 0.011135857461024499, "dsfb": 0.0, "sfT": 0.0, "roll-out": 0.26057906458797325, "roll-in": 0.19599109131403117, "bad-redirect": 0.0, "redirect": 0.028953229398663696, "oneh-out": 0.011135857461024499, "oneh-in": 0.0022271714922048997, "dsfb-red": 0.0022271714922048997, "dsfb-alt": 0.031180400890868598, "alternate": 0.34966592427616927, "sfR": 0.10690423162583519, "unknown": 0.0}, "monkeyracer": {"sft": 0.0, "sfb": 0.018377465317421838, "dsfb": 0.0, "sfT": 0.00017204435616309806, "roll-out": 0.23325891111562944, "roll-in": 0.19672978869824984, "bad-redirect": 0.00219943068958506, "redirect": 0.020438087492375308, "oneh-out": 0.018897508484914838, "oneh-in": 0.004785961180537091, "dsfb-red": 0.008129095828706382, "dsfb-alt": 0.04014498647105745, "alternate": 0.31943456058307396, "sfR": 0.09605353707555875, "unknown": 0.04137862270672694}, "chained-bigrams": {"sft": 0.0, "sfb": 0.019653803724281854, "dsfb": 0.0, "sfT": 9.544778973436296e-05, "roll-out": 0.1982664863331102, "roll-in": 0.1817345395683033, "bad-redirect": 0.004014001606379808, "redirect": 0.023182774725685, "oneh-out": 0.005766474970278078, "oneh-in": 0.005194437536563971, "dsfb-red": 0.011560220737623117, "dsfb-alt": 0.05682714665000984, "alternate": 0.310476076693273, "sfR": 0.11643721321023381, "unknown": 0.06679137645452367}, "english-5k": {"sft": 0.0, "sfb": 0.02094827228605799, "dsfb": 0.0, "sfT": 0.00045629900029037207, "roll-out": 0.18023810511469698, "roll-in": 0.22632430414402455, "bad-redirect": 0.003982245820715975, "redirect": 0.014643049736591031, "oneh-out": 0.0070933753681503295, "oneh-in": 0.0019911229103579875, "dsfb-red": 0.005019289003194093, "dsfb-alt": 0.050483262123034806, "alternate": 0.3814659642427511, "sfR": 0.10644211224955408, "unknown": 0.0009125980005807441}, "mt-quotes": {"sft": 0.0, "sfb": 0.01741402804173988, "dsfb": 0.0, "sfT": 0.0001389536343098935, "roll-out": 0.23987431419657906, "roll-in": 0.1978385986301861, "bad-redirect": 0.0020140806349434027, "redirect": 0.02088189239908679, "oneh-out": 0.020332054362247644, "oneh-in": 0.004917165704450102, "dsfb-red": 0.008326759182892865, "dsfb-alt": 0.03935077276150178, "alternate": 0.3195589940354526, "sfR": 0.09572710103871578, "unknown": 0.033625285377894124}, "english-1k": {"sft": 0.0, "sfb": 0.015172900494001412, "dsfb": 0.0, "sfT": 0.0, "roll-out": 0.22900494001411434, "roll-in": 0.20748059280169373, "bad-redirect": 0.0017642907551164433, "redirect": 0.016937191249117856, "oneh-out": 0.011644318983768526, "oneh-in": 0.0017642907551164433, "dsfb-red": 0.006351446718419196, "dsfb-alt": 0.04269583627381793, "alternate": 0.35885673959068454, "sfR": 0.10832745236414962, "unknown": 0.0}, "english-10k": {"sft": 0.0, "sfb": 0.023368904498176416, "dsfb": 0.0, "sfT": 0.00036664672623067866, "roll-out": 0.1700854865788001, "roll-in": 0.23783794214700604, "bad-redirect": 0.0028559850253758127, "redirect": 0.01482024661816638, "oneh-out": 0.005654078462399414, "oneh-in": 0.005943536404160475, "dsfb-red": 0.005190945755581714, "dsfb-alt": 0.052546265027691476, "alternate": 0.3681326103317188, "sfR": 0.10543987958549622, "unknown": 0.0077574728391964646}, "reddit": {"sft": 0.0, "sfb": 0.01835757858050263, "dsfb": 0.0, "sfT": 0.0002390906688526813, "roll-out": 0.2201976365495954, "roll-in": 0.18799156533968162, "bad-redirect": 0.002391468549725746, "redirect": 0.019199433943570782, "oneh-out": 0.013804967115200462, "oneh-in": 0.00522085171789998, "dsfb-red": 0.007993224703089132, "dsfb-alt": 0.042549074361767816, "alternate": 0.3066365733808518, "sfR": 0.1028716913164539, "unknown": 0.07254684377280805}, "akl": {"sft": 0.0, "sfb": 0.023290338321022404, "dsfb": 0.0, "sfT": 0.0002813962159085882, "roll-out": 0.20836429497113612, "roll-in": 0.1798019595138871, "bad-redirect": 0.0018804974331733551, "redirect": 0.019932913456971717, "oneh-out": 0.01512086469302721, "oneh-in": 0.005523655310823866, "dsfb-red": 0.010456452913342976, "dsfb-alt": 0.037264987384255516, "alternate": 0.29046780541061357, "sfR": 0.11706348985084018, "unknown": 0.09055134452499736}, "keymash": {"sft": 0.0, "sfb": 0.01879620545701584, "dsfb": 0.0, "sfT": 0.0001724045925299553, "roll-out": 0.2378239256525719, "roll-in": 0.19498959415137945, "bad-redirect": 0.002257679187892272, "redirect": 0.02008103015848908, "oneh-out": 0.018073748116890314, "oneh-in": 0.00451125350453383, "dsfb-red": 0.008242581471432149, "dsfb-alt": 0.040322150295755976, "alternate": 0.3179756416939983, "sfR": 0.09899307508220005, "unknown": 0.037760710635310925}, "movie": {"sft": 0.0, "sfb": 0.017530937664867418, "dsfb": 0.0, "sfT": 0.00015396947114381814, "roll-out": 0.21377779362800634, "roll-in": 0.16266203477367605, "bad-redirect": 0.0019247499871363112, "redirect": 0.020892472853668864, "oneh-out": 0.023271103786082974, "oneh-in": 0.004125460641784235, "dsfb-red": 0.011376501547787979, "dsfb-alt": 0.03802598504601121, "alternate": 0.2940669509267712, "sfR": 0.1138359467128768, "unknown": 0.09835609296018678}}