{"english-450k": {"sft": 0.0, "sfb": 0.02770564947339679, "dsfb": 0.0, "sfT": 0.00010378290137233154, "roll-out": 0.16635931336063067, "roll-in": 0.28150658860633304, "bad-redirect": 0.018720388984161267, "redirect": 0.030691673570909447, "oneh-out": 0.007505988711928485, "oneh-in": 0.011861070068952775, "dsfb-red": 0.013250006870135724, "dsfb-alt": 0.05081883247451764, "alternate": 0.26864774095320065, "sfR": 0.11328269117541298, "unknown": 0.009546272849048208}, "shai": {"sft": 0.0, "sfb": 0.018117282985404225, "dsfb": 0.0, "sfT": 5.183251471606836e-05, "roll-out": 0.17872645281987148, "roll-in": 0.2835311512174913, "bad-redirect": 0.013754666551896144, "redirect": 0.0338478474179574, "oneh-out": 0.006192750848161385, "oneh-in": 0.021954495294047343, "dsfb-red": 0.013631997815231637, "dsfb-alt": 0.04787519975179842, "alternate": 0.21658794900225506, "sfR": 0.09728563198976478, "unknown": 0.06844274179140478}, "tr-quotes": {"sft": 0.0, "sfb": 0.019328032176787406, "dsfb": 0.0, "sfT": 5.200989343750722e-05, "roll-out": 0.18272924805251844, "roll-in": 0.27831996486442756, "bad-redirect": 0.01324171886918934, "redirect": 0.03470677977855343, "oneh-out": 0.005602043410924389, "oneh-in": 0.03237789232796283, "dsfb-red": 0.01640854349182867, "dsfb-alt": 0.04953884561152077, "alternate": 0.2078742978664386, "sfR": 0.09591664547745082, "unknown": 0.06390397817896026}, "gutenberg": {"sft": 0.0, "sfb": 0.017252196803595358, "dsfb": 0.0, "sfT": 6.19458263857395e-05, "roll-out": 0.19809972179314791, "roll-in": 0.28279520027824473, "bad-redirect": 0.01148687790382901, "redirect": 0.03314537416226321, "oneh-out": 0.007012191772154537, "oneh-in": 0.02250167935703642, "dsfb-red": 0.0153680586102236, "dsfb-alt": 0.04814876697495608, "alternate": 0.1916622812052574, "sfR": 0.09761014138424484, "unknown": 0.07485556392866113}, "english-200": {"sft": 0.0, "sfb": 0.013363028953229399, "dsfb": 0.0, "sfT": 0.0, "roll-out": 0.18930957683741648, "roll-in": 0.33407572383073497, "bad-redirect": 0.011135857461024499, "redirect": 0.028953229398663696, "oneh-out": 0.004454342984409799, "oneh-in": 0.024498886414253896, "dsfb-red": 0.0200445434298441, "dsfb-alt": 0.066815144766147, "alternate": 0.20044543429844097, "sfR": 0.10690423162583519, "unknown": 0.0}, "monkeyracer": {"sft": 0.0, "sfb": 0.019463495315701393, "dsfb": 0.0, "sfT": 5.083128704818806e-05, "roll-out": 0.18234648951311447, "roll-in": 0.2783912288659149, "bad-redirect": 0.013173123543488121, "redirect": 0.0347783755884699, "oneh-out": 0.005689194050393356, "oneh-in": 0.032812573314356316, "dsfb-red": 0.01634910145924895, "dsfb-alt": 0.04964848209956676, "alternate": 0.20747767333468883, "sfR": 0.09605353707555875, "unknown": 0.06376589455245006}, "chained-bigrams": {"sft": 0.0, "sfb": 0.016636484820230255, "dsfb": 0.0, "sfT": 7.01249067436136e-05, "roll-out": 0.15794011982268788, "roll-in": 0.2408024367106484, "bad-redirect": 0.015888485814965044, "redirect": 0.04117435843826638, "oneh-out": 0.005265211747999655, "oneh-in": 0.016178725012320556, "dsfb-red": 0.021608210847414048, "dsfb-alt": 0.05536361387408294, "alternate": 0.23705724724678578, "sfR": 0.11643721321023381, "unknown": 0.07557776754762163}, "english-5k": {"sft": 0.0, "sfb": 0.019496411830588627, "dsfb": 0.0, "sfT": 8.296345459824948e-05, "roll-out": 0.1821462645704567, "roll-in": 0.30816775210519765, "bad-redirect": 0.01489194010038578, "redirect": 0.029908325382668934, "oneh-out": 0.0070933753681503295, "oneh-in": 0.013647488281412039, "dsfb-red": 0.01165636537105405, "dsfb-alt": 0.05139586012361555, "alternate": 0.254075579707139, "sfR": 0.10644211224955408, "unknown": 0.0009955614551789937}, "mt-quotes": {"sft": 0.0, "sfb": 0.01967314519310073, "dsfb": 0.0, "sfT": 3.2870752202340395e-05, "roll-out": 0.18504589952307526, "roll-in": 0.27981974874792315, "bad-redirect": 0.013134853755035201, "redirect": 0.03522101098480774, "oneh-out": 0.005556651247295634, "oneh-in": 0.034698067199770505, "dsfb-red": 0.01671477749489009, "dsfb-alt": 0.0503609806241857, "alternate": 0.20695126761573493, "sfR": 0.09572710103871578, "unknown": 0.05706362582326293}, "english-1k": {"sft": 0.0, "sfb": 0.013408609738884969, "dsfb": 0.0, "sfT": 0.0, "roll-out": 0.18877911079745943, "roll-in": 0.3352152434721242, "bad-redirect": 0.012350035285815103, "redirect": 0.03352152434721242, "oneh-out": 0.0077628793225123505, "oneh-in": 0.02081863091037403, "dsfb-red": 0.01587861679604799, "dsfb-alt": 0.051517290049400144, "alternate": 0.21242060691601977, "sfR": 0.10832745236414962, "unknown": 0.0}, "english-10k": {"sft": 0.0, "sfb": 0.020609405453387623, "dsfb": 0.0, "sfT": 5.789158835221242e-05, "roll-out": 0.1774956098878833, "roll-in": 0.31242160514077305, "bad-redirect": 0.015727214835684376, "redirect": 0.03317188012581772, "oneh-out": 0.007062773778969916, "oneh-in": 0.0121186391617298, "dsfb-red": 0.010883618610215936, "dsfb-alt": 0.05150421643735165, "alternate": 0.24574979255514173, "sfR": 0.10543987958549622, "unknown": 0.0077574728391964646}, "reddit": {"sft": 0.0, "sfb": 0.023858274632884573, "dsfb": 0.0, "sfT": 6.049372241846785e-05, "roll-out": 0.17379183454611072, "roll-in": 0.26342405331538377, "bad-redirect": 0.012166130370152285, "redirect": 0.03310909452883912, "oneh-out": 0.005274228531798628, "oneh-in": 0.024549738481704955, "dsfb-red": 0.013820624313944065, "dsfb-alt": 0.046947586028909256, "alternate": 0.2038605482978696, "sfR": 0.1028716913164539, "unknown": 0.09626570191353069}, "akl": {"sft": 0.0, "sfb": 0.023418955349693963, "dsfb": 0.0, "sfT": 0.0007791366823572007, "roll-out": 0.1669931655785641, "roll-in": 0.24758765628424909, "bad-redirect": 0.01155087478785315, "redirect": 0.03381394964432683, "oneh-out": 0.005583688981721141, "oneh-in": 0.02629443808174269, "dsfb-red": 0.013402315676495214, "dsfb-alt": 0.0441455647384149, "alternate": 0.1927915979129347, "sfR": 0.11706348985084018, "unknown": 0.11657516643080683}, "keymash": {"sft": 0.0, "sfb": 0.01860327650823232, "dsfb": 0.0, "sfT": 6.978281126212477e-05, "roll-out": 0.18455501143206643, "roll-in": 0.28341673063424366, "bad-redirect": 0.012532171928427465, "redirect": 0.0355810240011822, "oneh-out": 0.006313291983596934, "oneh-in": 0.03097535845788197, "dsfb-red": 0.01653852626912357, "dsfb-alt": 0.04961968367862142, "alternate": 0.2055965814632224, "sfR": 0.09899307508220005, "unknown": 0.05720548574993945}, "movie": {"sft": 0.0, "sfb": 0.016790305029314077, "dsfb": 0.0, "sfT": 5.737665762282454e-05, "roll-out": 0.15282812308977511, "roll-in": 0.24060269704506265, "bad-redirect": 0.009232904355085711, "redirect": 0.032986445817419316, "oneh-out": 0.004419055419666165, "oneh-in": 0.036631179554854516, "dsfb-red": 0.015917942957337693, "dsfb-alt": 0.04786226549100667, "alternate": 0.18379980599846635, "sfR": 0.1138359467128768, "unknown": 0.14503595187151208}}