{"english-450k": {"sft": 0.0, "sfb": 0.03510931701495819, "dsfb": 0.0, "sfT": 7.71793970768888e-05, "roll-out": 0.10469969905882064, "roll-in": 0.27455868879220674, "bad-redirect": 0.002683153433226081, "redirect": 0.016566089828632505, "oneh-out": 0.0006513473359367737, "oneh-in": 0.0056501750276705676, "dsfb-red": 0.0043837312847270745, "dsfb-alt": 0.06347157605591063, "alternate": 0.36916747402942524, "sfR": 0.11328269117541298, "unknown": 0.009698877565995693}, "shai": {"sft": 0.0, "sfb": 0.022027924689895107, "dsfb": 0.0, "sfT": 4.665777814383244e-05, "roll-out": 0.08993874071759857, "roll-in": 0.3238098570332914, "bad-redirect": 0.004103771233449745, "redirect": 0.013691671778186561, "oneh-out": 0.00018488168779548636, "oneh-in": 0.011751664198377958, "dsfb-red": 0.003695145083048136, "dsfb-alt": 0.06276012630537278, "alternate": 0.3032845759874264, "sfR": 0.09728563198976478, "unknown": 0.06741935151764922}, "tr-quotes": {"sft": 0.0, "sfb": 0.02710871223503849, "dsfb": 0.0, "sfT": 4.160791475000578e-05, "roll-out": 0.08551004368831049, "roll-in": 0.3405446013730612, "bad-redirect": 0.00559279720764661, "redirect": 0.01276207207415455, "oneh-out": 0.0001132659901527935, "oneh-in": 0.019224012389912393, "dsfb-red": 0.0035401400799796585, "dsfb-alt": 0.0666165830655787, "alternate": 0.29675458264949955, "sfR": 0.09591664547745082, "unknown": 0.04627493585446476}, "gutenberg": {"sft": 0.0, "sfb": 0.020207789412984678, "dsfb": 0.0, "sfT": 0.00017674451381619253, "roll-out": 0.08795720092763401, "roll-in": 0.34961371946610653, "bad-redirect": 0.005754710440201818, "redirect": 0.011984149445916368, "oneh-out": 0.0001674621116972285, "oneh-in": 0.014643084061054716, "dsfb-red": 0.005051142246939933, "dsfb-alt": 0.05729288024602533, "alternate": 0.2693953897907974, "sfR": 0.09761014138424484, "unknown": 0.08014558595258095}, "english-200": {"sft": 0.0, "sfb": 0.022271714922048998, "dsfb": 0.0, "sfT": 0.0, "roll-out": 0.0801781737193764, "roll-in": 0.3830734966592428, "bad-redirect": 0.004454342984409799, "redirect": 0.0022271714922048997, "oneh-out": 0.0, "oneh-in": 0.017817371937639197, "dsfb-red": 0.0022271714922048997, "dsfb-alt": 0.0757238307349666, "alternate": 0.3051224944320713, "sfR": 0.10690423162583519, "unknown": 0.0}, "monkeyracer": {"sft": 0.0, "sfb": 0.027224064313308413, "dsfb": 0.0, "sfT": 4.9853762297261364e-05, "roll-out": 0.08568981966623394, "roll-in": 0.3406507577771869, "bad-redirect": 0.005536700189248791, "redirect": 0.012785046217370224, "oneh-out": 0.00010850524735286297, "oneh-in": 0.019542674820526455, "dsfb-red": 0.003543527222109264, "dsfb-alt": 0.06654108732033095, "alternate": 0.2961176626992195, "sfR": 0.09605353707555875, "unknown": 0.046156763689256614}, "chained-bigrams": {"sft": 0.0, "sfb": 0.022066619960015816, "dsfb": 0.0, "sfT": 0.00011232971172819586, "roll-out": 0.0777152785939177, "roll-in": 0.2947408267856366, "bad-redirect": 0.0061047627148468064, "redirect": 0.016677391015830698, "oneh-out": 0.001852466286477126, "oneh-in": 0.01133036687663016, "dsfb-red": 0.008470179708059624, "dsfb-alt": 0.06436232760148794, "alternate": 0.30665491858043814, "sfR": 0.11643721321023381, "unknown": 0.07347531895469736}, "english-5k": {"sft": 0.0, "sfb": 0.024391255651885345, "dsfb": 0.0, "sfT": 0.0, "roll-out": 0.09918280997220724, "roll-in": 0.30995146637906, "bad-redirect": 0.0024059401833492347, "redirect": 0.014020823827104161, "oneh-out": 0.00020740863649562367, "oneh-in": 0.007051893640851205, "dsfb-red": 0.0032355747293317293, "dsfb-alt": 0.06587298295101009, "alternate": 0.3642095656863152, "sfR": 0.10644211224955408, "unknown": 0.0030281660928361057}, "mt-quotes": {"sft": 0.0, "sfb": 0.027612925975066042, "dsfb": 0.0, "sfT": 4.482375300319145e-05, "roll-out": 0.08552820310538961, "roll-in": 0.34829849033599886, "bad-redirect": 0.005831570265715208, "redirect": 0.012729945852906372, "oneh-out": 0.00010309463190734034, "oneh-in": 0.020843045146484024, "dsfb-red": 0.0034588996067462735, "dsfb-alt": 0.06767490228421845, "alternate": 0.2949746596383022, "sfR": 0.09572710103871578, "unknown": 0.03717233836554667}, "english-1k": {"sft": 0.0, "sfb": 0.02081863091037403, "dsfb": 0.0, "sfT": 0.0, "roll-out": 0.10127028934368384, "roll-in": 0.3366266760762174, "bad-redirect": 0.0035285815102328866, "redirect": 0.01058574453069866, "oneh-out": 0.0, "oneh-in": 0.010232886379675371, "dsfb-red": 0.001058574453069866, "dsfb-alt": 0.06986591390261115, "alternate": 0.3376852505292872, "sfR": 0.10832745236414962, "unknown": 0.0}, "english-10k": {"sft": 0.0, "sfb": 0.02543370448273866, "dsfb": 0.0, "sfT": 1.929719611740414e-05, "roll-out": 0.105285502016557, "roll-in": 0.307404334150248, "bad-redirect": 0.0023735551224407093, "redirect": 0.017811312016364024, "oneh-out": 0.00025086354952625386, "oneh-in": 0.005808456031338646, "dsfb-red": 0.004283977538063719, "dsfb-alt": 0.06622797707493101, "alternate": 0.3519036683969819, "sfR": 0.10543987958549622, "unknown": 0.0077574728391964646}, "reddit": {"sft": 0.0, "sfb": 0.02823300084260451, "dsfb": 0.0, "sfT": 5.004310411831149e-05, "roll-out": 0.08518358908318674, "roll-in": 0.31809528304413404, "bad-redirect": 0.005294305705307172, "redirect": 0.013456238597729294, "oneh-out": 0.0001547365741861862, "oneh-in": 0.01426917683775902, "dsfb-red": 0.0036716131053750076, "dsfb-alt": 0.06271813090504415, "alternate": 0.2861287519920321, "sfR": 0.1028716913164539, "unknown": 0.07987343889206965}, "akl": {"sft": 0.0, "sfb": 0.027707118952536972, "dsfb": 0.0, "sfT": 0.00026819996007667956, "roll-out": 0.08892262917492672, "roll-in": 0.2952414425378643, "bad-redirect": 0.0032828938980141308, "redirect": 0.017810608575385502, "oneh-out": 0.0003709201111062787, "oneh-in": 0.01657288651430629, "dsfb-red": 0.0036190576733377768, "dsfb-alt": 0.06039765213207507, "alternate": 0.26978326295949767, "sfR": 0.11706348985084018, "unknown": 0.09895983766003248}, "keymash": {"sft": 0.0, "sfb": 0.026739131327145924, "dsfb": 0.0, "sfT": 4.5153583757845434e-05, "roll-out": 0.08790171296277292, "roll-in": 0.3408315648179695, "bad-redirect": 0.005143403677143666, "redirect": 0.012675842422202427, "oneh-out": 0.00011083152376925698, "oneh-in": 0.018541703439471622, "dsfb-red": 0.003879103331923994, "dsfb-alt": 0.06680677960535768, "alternate": 0.29595300743392183, "sfR": 0.09899307508220005, "unknown": 0.0423786907923633}, "movie": {"sft": 0.0, "sfb": 0.02634286053432144, "dsfb": 0.0, "sfT": 5.316552678812182e-05, "roll-out": 0.07545280513294737, "roll-in": 0.3020949454717776, "bad-redirect": 0.00399017806371941, "redirect": 0.011460855762320617, "oneh-out": 0.0001448892202814904, "oneh-in": 0.025364956995800318, "dsfb-red": 0.004762788974048774, "dsfb-alt": 0.0610242865127086, "alternate": 0.2716887384754838, "sfR": 0.1138359467128768, "unknown": 0.10378358261692566}}