{"english-450k": {"sft": 0.0, "sfb": 0.03605768809116056, "dsfb": 0.0, "sfT": 4.7944776972006685e-05, "roll-out": 0.1922106108807748, "roll-in": 0.218116284794314, "bad-redirect": 0.003574809346424986, "redirect": 0.039776916460903665, "oneh-out": 0.00937729674484199, "oneh-in": 0.010687592417942806, "dsfb-red": 0.018133065466254185, "dsfb-alt": 0.04554490700759691, "alternate": 0.30349131527140544, "sfR": 0.11328269117541298, "unknown": 0.009698877565995693}, "shai": {"sft": 0.0, "sfb": 0.018145962714649, "dsfb": 0.0, "sfT": 1.3519337955736767e-05, "roll-out": 0.21579488288607404, "roll-in": 0.21619186297638152, "bad-redirect": 0.002843612571459358, "redirect": 0.029318304123100054, "oneh-out": 0.008812177730410854, "oneh-in": 0.011192881667978993, "dsfb-red": 0.013291920475174733, "dsfb-alt": 0.04519021975561929, "alternate": 0.27485256838780137, "sfR": 0.09728563198976478, "unknown": 0.06706645538363028}, "tr-quotes": {"sft": 0.0, "sfb": 0.01830632671459282, "dsfb": 0.0, "sfT": 1.0401978687501445e-05, "roll-out": 0.24419454011696448, "roll-in": 0.21082614826286955, "bad-redirect": 0.002977277455444858, "redirect": 0.03266683618039343, "oneh-out": 0.01095328355793902, "oneh-in": 0.009054344559765146, "dsfb-red": 0.015154527172279882, "dsfb-alt": 0.04217308892536002, "alternate": 0.2724220429486142, "sfR": 0.09591664547745082, "unknown": 0.045344536649638244}, "gutenberg": {"sft": 0.0, "sfb": 0.01914467021519639, "dsfb": 0.0, "sfT": 1.8375367459990004e-05, "roll-out": 0.24532384785498842, "roll-in": 0.19994237333215126, "bad-redirect": 0.0035208719547564354, "redirect": 0.031863266049178544, "oneh-out": 0.009856774429672165, "oneh-in": 0.00690156069383872, "dsfb-red": 0.011226212897386265, "dsfb-alt": 0.04053606061673795, "alternate": 0.2588644098684437, "sfR": 0.09761014138424484, "unknown": 0.07519143533594529}, "english-200": {"sft": 0.0, "sfb": 0.013363028953229399, "dsfb": 0.0, "sfT": 0.0, "roll-out": 0.2583518930957684, "roll-in": 0.22048997772828507, "bad-redirect": 0.0022271714922048997, "redirect": 0.0334075723830735, "oneh-out": 0.004454342984409799, "oneh-in": 0.0066815144766146995, "dsfb-red": 0.013363028953229399, "dsfb-alt": 0.0467706013363029, "alternate": 0.29398663697104677, "sfR": 0.10690423162583519, "unknown": 0.0}, "monkeyracer": {"sft": 0.0, "sfb": 0.018221061357273565, "dsfb": 0.0, "sfT": 8.797722758340242e-06, "roll-out": 0.24485724228537467, "roll-in": 0.21104466115082035, "bad-redirect": 0.0030058886090995824, "redirect": 0.032494877770305144, "oneh-out": 0.011007906220185494, "oneh-in": 0.008991272659023726, "dsfb-red": 0.015220060371928617, "dsfb-alt": 0.042112743794672884, "alternate": 0.27173624036160593, "sfR": 0.09605353707555875, "unknown": 0.04524571062139293}, "chained-bigrams": {"sft": 0.0, "sfb": 0.01986352913982062, "dsfb": 0.0, "sfT": 7.921517243260055e-05, "roll-out": 0.19413236335869735, "roll-in": 0.20292135167056358, "bad-redirect": 0.004747066603727398, "redirect": 0.03845247316910686, "oneh-out": 0.010996624264905925, "oneh-in": 0.007866975649126133, "dsfb-red": 0.020902416647133416, "dsfb-alt": 0.05127689014219124, "alternate": 0.25954591525664744, "sfR": 0.11643721321023381, "unknown": 0.07277796571541365}, "english-5k": {"sft": 0.0, "sfb": 0.022109760650433484, "dsfb": 0.0, "sfT": 0.0, "roll-out": 0.19645746048865476, "roll-in": 0.23134359314721864, "bad-redirect": 0.003484465093126478, "redirect": 0.0316920396565313, "oneh-out": 0.011448956734558428, "oneh-in": 0.018086033102418384, "dsfb-red": 0.015348239100676153, "dsfb-alt": 0.046708424938814455, "alternate": 0.31385074874517777, "sfR": 0.10644211224955408, "unknown": 0.0030281660928361057}, "mt-quotes": {"sft": 0.0, "sfb": 0.01774422968886339, "dsfb": 0.0, "sfT": 4.482375300319145e-06, "roll-out": 0.25125357095898926, "roll-in": 0.21332669941788887, "bad-redirect": 0.0028911320687058486, "redirect": 0.032340337791802634, "oneh-out": 0.01129409163170414, "oneh-in": 0.008766031962324141, "dsfb-red": 0.015334205902391795, "dsfb-alt": 0.04212685719749943, "alternate": 0.2729109142850313, "sfR": 0.09572710103871578, "unknown": 0.03628034568078316}, "english-1k": {"sft": 0.0, "sfb": 0.016231474947071278, "dsfb": 0.0, "sfT": 0.0, "roll-out": 0.24135497529992944, "roll-in": 0.23218066337332394, "bad-redirect": 0.0024700070571630206, "redirect": 0.04022582921665491, "oneh-out": 0.013408609738884969, "oneh-in": 0.008468595624558928, "dsfb-red": 0.010938602681721948, "dsfb-alt": 0.043048694424841216, "alternate": 0.28334509527170076, "sfR": 0.10832745236414962, "unknown": 0.0}, "english-10k": {"sft": 0.0, "sfb": 0.023426796086528628, "dsfb": 0.0, "sfT": 0.0, "roll-out": 0.18206904536770807, "roll-in": 0.25188630092047626, "bad-redirect": 0.002219177553501476, "redirect": 0.03342274367534397, "oneh-out": 0.009050384979062543, "oneh-in": 0.018428822292120953, "dsfb-red": 0.014878138206518593, "dsfb-alt": 0.049670982806198256, "alternate": 0.3017502556878486, "sfR": 0.10543987958549622, "unknown": 0.0077574728391964646}, "reddit": {"sft": 0.0, "sfb": 0.017574905930388768, "dsfb": 0.0, "sfT": 7.682515460079107e-05, "roll-out": 0.22546916814763915, "roll-in": 0.20176214654950736, "bad-redirect": 0.0024389645497422275, "redirect": 0.029081673454886384, "oneh-out": 0.009592955908691561, "oneh-in": 0.009624907082204226, "dsfb-red": 0.01525494358258058, "dsfb-alt": 0.04692514903836519, "alternate": 0.26095351216626145, "sfR": 0.1028716913164539, "unknown": 0.07837315711867839}, "akl": {"sft": 0.0, "sfb": 0.022554197890061186, "dsfb": 0.0, "sfT": 0.00020568811907012614, "roll-out": 0.21453481463473445, "roll-in": 0.19363628219468232, "bad-redirect": 0.002523520622278427, "redirect": 0.02437379429279902, "oneh-out": 0.008056345162506624, "oneh-in": 0.007503961045148418, "dsfb-red": 0.015694437164819747, "dsfb-alt": 0.04365197520689933, "alternate": 0.2514878004022318, "sfR": 0.11706348985084018, "unknown": 0.09871369341392838}, "keymash": {"sft": 0.0, "sfb": 0.018151740670653865, "dsfb": 0.0, "sfT": 4.104871250713221e-06, "roll-out": 0.2477905530493036, "roll-in": 0.20924581200510645, "bad-redirect": 0.0032962116143227167, "redirect": 0.0328800187182129, "oneh-out": 0.011050313406919992, "oneh-in": 0.008591495527742772, "dsfb-red": 0.01539326719017458, "dsfb-alt": 0.04243615898987328, "alternate": 0.2708599294783119, "sfR": 0.09899307508220005, "unknown": 0.04130731939592715}, "movie": {"sft": 0.0, "sfb": 0.01368630681062242, "dsfb": 0.0, "sfT": 7.764272476483137e-06, "roll-out": 0.2312829381165112, "roll-in": 0.180847408489824, "bad-redirect": 0.002282696108086042, "redirect": 0.031351342673007404, "oneh-out": 0.010953019703223186, "oneh-in": 0.006260240779301344, "dsfb-red": 0.01861214550667734, "dsfb-alt": 0.039954024979112136, "alternate": 0.2473465598811619, "sfR": 0.1138359467128768, "unknown": 0.10357960596711975}}