{"english-450k": {"sft": 0.0, "sfb": 0.03621555503972693, "dsfb": 0.0, "sfT": 3.7420313734249115e-05, "roll-out": 0.11615645433172289, "roll-in": 0.24600845114397993, "bad-redirect": 0.0026056816899481436, "redirect": 0.010227147151290913, "oneh-out": 0.003147983892893707, "oneh-in": 0.005188852722415528, "dsfb-red": 0.0034999687189564877, "dsfb-alt": 0.07489237274608387, "alternate": 0.3791917329171883, "sfR": 0.11328269117541298, "unknown": 0.009545688156646111}, "shai": {"sft": 0.0, "sfb": 0.028469755696699902, "dsfb": 0.0, "sfT": 6.186848474733816e-05, "roll-out": 0.09616562470101092, "roll-in": 0.3004291354466591, "bad-redirect": 0.004749978557935221, "redirect": 0.010270721936517246, "oneh-out": 0.0020322432920396837, "oneh-in": 0.01206356496233473, "dsfb-red": 0.004037815597004365, "dsfb-alt": 0.06879779374312808, "alternate": 0.31552792917956934, "sfR": 0.09728563198976478, "unknown": 0.0601079364125893}, "tr-quotes": {"sft": 0.0, "sfb": 0.03403758581632417, "dsfb": 0.0, "sfT": 3.1205936062504334e-05, "roll-out": 0.08977601072559581, "roll-in": 0.3194609463489055, "bad-redirect": 0.006197267746931416, "redirect": 0.01019625066457086, "oneh-out": 0.0016747185686877325, "oneh-in": 0.019427428862023532, "dsfb-red": 0.0038995862324033193, "dsfb-alt": 0.07036591849471811, "alternate": 0.3075807309123691, "sfR": 0.09591664547745082, "unknown": 0.04143570421395714}, "gutenberg": {"sft": 0.0, "sfb": 0.03216200784798684, "dsfb": 0.0, "sfT": 5.2473987488837436e-05, "roll-out": 0.08903017083787508, "roll-in": 0.3345459181489147, "bad-redirect": 0.005748269589751925, "redirect": 0.010908906294340047, "oneh-out": 0.0018038169995260292, "oneh-in": 0.013304334351366577, "dsfb-red": 0.004563910854083291, "dsfb-alt": 0.06345487975879394, "alternate": 0.27853306221141677, "sfR": 0.09761014138424484, "unknown": 0.0682821077342111}, "english-200": {"sft": 0.0, "sfb": 0.015590200445434299, "dsfb": 0.0, "sfT": 0.0, "roll-out": 0.0935412026726058, "roll-in": 0.34966592427616927, "bad-redirect": 0.004454342984409799, "redirect": 0.011135857461024499, "oneh-out": 0.0, "oneh-in": 0.015590200445434299, "dsfb-red": 0.0, "dsfb-alt": 0.0801781737193764, "alternate": 0.32293986636971045, "sfR": 0.10690423162583519, "unknown": 0.0}, "monkeyracer": {"sft": 0.0, "sfb": 0.03408922063906658, "dsfb": 0.0, "sfT": 3.5190891033360966e-05, "roll-out": 0.08969376104602969, "roll-in": 0.31989497474076045, "bad-redirect": 0.006148630683328902, "redirect": 0.010144751865117225, "oneh-out": 0.0016686347498318657, "oneh-in": 0.019744044919217354, "dsfb-red": 0.0039052113799521405, "dsfb-alt": 0.07035343384894506, "alternate": 0.3068899854544317, "sfR": 0.09605353707555875, "unknown": 0.04137862270672694}, "chained-bigrams": {"sft": 0.0, "sfb": 0.02785387268044015, "dsfb": 0.0, "sfT": 0.00013375676656652224, "roll-out": 0.08087674313960895, "roll-in": 0.28045482495070156, "bad-redirect": 0.0032257457102062258, "redirect": 0.014067835458399373, "oneh-out": 0.0021998442967348414, "oneh-in": 0.009585035864344666, "dsfb-red": 0.006860553376416864, "dsfb-alt": 0.07192477935003301, "alternate": 0.31958841874179034, "sfR": 0.11643721321023381, "unknown": 0.06679137645452367}, "english-5k": {"sft": 0.0, "sfb": 0.027212013108225828, "dsfb": 0.0, "sfT": 4.148172729912474e-05, "roll-out": 0.12328369353299871, "roll-in": 0.2661882440784834, "bad-redirect": 0.00236445845605011, "redirect": 0.01086821255237068, "oneh-out": 0.003982245820715975, "oneh-in": 0.0048118803666984695, "dsfb-red": 0.004148172729912474, "dsfb-alt": 0.07777823868585888, "alternate": 0.3719666486912515, "sfR": 0.10644211224955408, "unknown": 0.0009125980005807441}, "mt-quotes": {"sft": 0.0, "sfb": 0.03423787666893774, "dsfb": 0.0, "sfT": 2.9882502002127634e-05, "roll-out": 0.08883470195192503, "roll-in": 0.3280112597267544, "bad-redirect": 0.006435196806158186, "redirect": 0.009888119912504035, "oneh-out": 0.0016659494866186155, "oneh-in": 0.021180717419108066, "dsfb-red": 0.003784618878569465, "dsfb-alt": 0.07067211723503186, "alternate": 0.3059071729957806, "sfR": 0.09572710103871578, "unknown": 0.033625285377894124}, "english-1k": {"sft": 0.0, "sfb": 0.0187014820042343, "dsfb": 0.0, "sfT": 0.0, "roll-out": 0.13267466478475654, "roll-in": 0.2861679604798871, "bad-redirect": 0.0028228652081863093, "redirect": 0.011644318983768526, "oneh-out": 0.004234297812279464, "oneh-in": 0.007057163020465773, "dsfb-red": 0.0024700070571630206, "dsfb-alt": 0.07868736767819337, "alternate": 0.34721242060691604, "sfR": 0.10832745236414962, "unknown": 0.0}, "english-10k": {"sft": 0.0, "sfb": 0.030586055846085564, "dsfb": 0.0, "sfT": 3.859439223480828e-05, "roll-out": 0.11454815615291099, "roll-in": 0.2764323343818143, "bad-redirect": 0.0021226915729144554, "redirect": 0.010053839177167557, "oneh-out": 0.003512089693367554, "oneh-in": 0.007139962563439533, "dsfb-red": 0.004515543891472569, "dsfb-alt": 0.07413982748306672, "alternate": 0.36371355242083325, "sfR": 0.10543987958549622, "unknown": 0.0077574728391964646}, "reddit": {"sft": 0.0, "sfb": 0.03415269551973753, "dsfb": 0.0, "sfT": 0.00010697837227686947, "roll-out": 0.09451928747759344, "roll-in": 0.2940182945752114, "bad-redirect": 0.0070780277248535745, "redirect": 0.011551042186973547, "oneh-out": 0.0013664464358053915, "oneh-in": 0.014694842882070765, "dsfb-red": 0.00424066612765449, "dsfb-alt": 0.06390429481081852, "alternate": 0.2989488887977425, "sfR": 0.1028716913164539, "unknown": 0.07254684377280805}, "akl": {"sft": 0.0, "sfb": 0.034470292997769277, "dsfb": 0.0, "sfT": 0.0002964510993224559, "roll-out": 0.09808101658502955, "roll-in": 0.26847714340340234, "bad-redirect": 0.007960501933530274, "redirect": 0.016791461117944665, "oneh-out": 0.0013980596671495382, "oneh-in": 0.017175453576377387, "dsfb-red": 0.003804548706017282, "dsfb-alt": 0.06075785415745871, "alternate": 0.28317238238016096, "sfR": 0.11706348985084018, "unknown": 0.09055134452499736}, "keymash": {"sft": 0.0, "sfb": 0.03349574940581989, "dsfb": 0.0, "sfT": 6.157306876069832e-05, "roll-out": 0.0925853710598367, "roll-in": 0.3187884062016395, "bad-redirect": 0.005980797412289163, "redirect": 0.010623406796845817, "oneh-out": 0.0018636115478238024, "oneh-in": 0.018582752151978753, "dsfb-red": 0.004182863804476773, "dsfb-alt": 0.0716300033249457, "alternate": 0.3054516795080722, "sfR": 0.09899307508220005, "unknown": 0.037760710635310925}, "movie": {"sft": 0.0, "sfb": 0.030498193885464348, "dsfb": 0.0, "sfT": 4.355888457145624e-05, "roll-out": 0.07887448053398191, "roll-in": 0.28176650095428174, "bad-redirect": 0.005835179760673539, "redirect": 0.012123582477431958, "oneh-out": 0.0009078934883941892, "oneh-in": 0.02544115214434072, "dsfb-red": 0.004920179988995789, "dsfb-alt": 0.061076662452465215, "alternate": 0.28632057575633557, "sfR": 0.1138359467128768, "unknown": 0.09835609296018678}}