{"english-450k": {"sft": 0.0, "sfb": 0.02698063089479571, "dsfb": 0.0, "sfT": 2.4557080888100985e-05, "roll-out": 0.15936200703852713, "roll-in": 0.24817824464816426, "bad-redirect": 0.0035622384597798866, "redirect": 0.04190198099632755, "oneh-out": 0.0035637001907851307, "oneh-in": 0.011627485454314766, "dsfb-red": 0.017996247444163338, "dsfb-alt": 0.049463515486455306, "alternate": 0.3143578235643901, "sfR": 0.11328269117541298, "unknown": 0.009698877565995693}, "shai": {"sft": 0.0, "sfb": 0.018558064492157467, "dsfb": 0.0, "sfT": 2.4921562295158613e-05, "roll-out": 0.17416656164957442, "roll-in": 0.24548316325724936, "bad-redirect": 0.003094062854819727, "redirect": 0.029184209939643296, "oneh-out": 0.004049693881626798, "oneh-in": 0.017652837799217433, "dsfb-red": 0.012562534195061792, "dsfb-alt": 0.047465745333912554, "alternate": 0.283053221527028, "sfR": 0.09728563198976478, "unknown": 0.06741935151764922}, "tr-quotes": {"sft": 0.0, "sfb": 0.019042555650585977, "dsfb": 0.0, "sfT": 2.4271283604170037e-05, "roll-out": 0.19250479646795035, "roll-in": 0.2539735558586256, "bad-redirect": 0.002083863063729456, "redirect": 0.03284366981808095, "oneh-out": 0.004811493030674279, "oneh-in": 0.02198400406832944, "dsfb-red": 0.013286794110168513, "dsfb-alt": 0.043061880215436533, "alternate": 0.2741915351008992, "sfR": 0.09591664547745082, "unknown": 0.04627493585446476}, "gutenberg": {"sft": 0.0, "sfb": 0.019426552140768195, "dsfb": 0.0, "sfT": 9.945430841747168e-05, "roll-out": 0.2067988480728407, "roll-in": 0.23246753148344532, "bad-redirect": 0.002660071235805976, "redirect": 0.027679175934861026, "oneh-out": 0.004696895472195796, "oneh-in": 0.01273640289110833, "dsfb-red": 0.012885679072123507, "dsfb-alt": 0.03828271014316495, "alternate": 0.2645109519084429, "sfR": 0.09761014138424484, "unknown": 0.08014558595258095}, "english-200": {"sft": 0.0, "sfb": 0.011135857461024499, "dsfb": 0.0, "sfT": 0.0, "roll-out": 0.21380846325167038, "roll-in": 0.2583518930957684, "bad-redirect": 0.0022271714922048997, "redirect": 0.026726057906458798, "oneh-out": 0.004454342984409799, "oneh-in": 0.011135857461024499, "dsfb-red": 0.013363028953229399, "dsfb-alt": 0.0378619153674833, "alternate": 0.31403118040089084, "sfR": 0.10690423162583519, "unknown": 0.0}, "monkeyracer": {"sft": 0.0, "sfb": 0.018969845316483415, "dsfb": 0.0, "sfT": 2.3460594022240643e-05, "roll-out": 0.19273562256596338, "roll-in": 0.2542258394982561, "bad-redirect": 0.002056712075949763, "redirect": 0.032785202621330375, "oneh-out": 0.004833859893332499, "oneh-in": 0.022253350954846176, "dsfb-red": 0.013184853840499241, "dsfb-alt": 0.04279407854606879, "alternate": 0.2739268733284327, "sfR": 0.09605353707555875, "unknown": 0.046156763689256614}, "chained-bigrams": {"sft": 0.0, "sfb": 0.019573939247157182, "dsfb": 0.0, "sfT": 3.50624533718068e-05, "roll-out": 0.16631744895978143, "roll-in": 0.2225316519804767, "bad-redirect": 0.0031315965298560036, "redirect": 0.0404477864878395, "oneh-out": 0.004506823867661315, "oneh-in": 0.010246677345564502, "dsfb-red": 0.01695853994749722, "dsfb-alt": 0.05320532507764061, "alternate": 0.2731326159382226, "sfR": 0.11643721321023381, "unknown": 0.07347531895469736}, "english-5k": {"sft": 0.0, "sfb": 0.0191230762848965, "dsfb": 0.0, "sfT": 0.0, "roll-out": 0.1526112747334799, "roll-in": 0.2604637657112042, "bad-redirect": 0.002530385365246609, "redirect": 0.03206537520222342, "oneh-out": 0.004231136184510723, "oneh-in": 0.02111419919525449, "dsfb-red": 0.015348239100676153, "dsfb-alt": 0.052184012942298914, "alternate": 0.3308582569378189, "sfR": 0.10644211224955408, "unknown": 0.0030281660928361057}, "mt-quotes": {"sft": 0.0, "sfb": 0.018352338604606687, "dsfb": 0.0, "sfT": 1.792950120127658e-05, "roll-out": 0.19849003717383248, "roll-in": 0.2570477880972018, "bad-redirect": 0.00195730388113936, "redirect": 0.03299775283584944, "oneh-out": 0.004972448333154038, "oneh-in": 0.02328145730985764, "dsfb-red": 0.012861428861715733, "dsfb-alt": 0.04248096484622464, "alternate": 0.27464111115095446, "sfR": 0.09572710103871578, "unknown": 0.03717233836554667}, "english-1k": {"sft": 0.0, "sfb": 0.014820042342978124, "dsfb": 0.0, "sfT": 0.0, "roll-out": 0.20289343683839098, "roll-in": 0.2589978828510939, "bad-redirect": 0.0024700070571630206, "redirect": 0.032815808045165845, "oneh-out": 0.008115737473535639, "oneh-in": 0.013408609738884969, "dsfb-red": 0.015525758645024701, "dsfb-alt": 0.03881439661256175, "alternate": 0.3038108680310515, "sfR": 0.10832745236414962, "unknown": 0.0}, "english-10k": {"sft": 0.0, "sfb": 0.022404044692306207, "dsfb": 0.0, "sfT": 1.929719611740414e-05, "roll-out": 0.15165666428667915, "roll-in": 0.27151154937187627, "bad-redirect": 0.002720904652553984, "redirect": 0.033615715636518016, "oneh-out": 0.004245383145828911, "oneh-in": 0.018853360606703846, "dsfb-red": 0.015167596148279654, "dsfb-alt": 0.053376044460739853, "alternate": 0.313232087377704, "sfR": 0.10543987958549622, "unknown": 0.0077574728391964646}, "reddit": {"sft": 0.0, "sfb": 0.01864734912949908, "dsfb": 0.0, "sfT": 8.330528709515325e-05, "roll-out": 0.17708329236428758, "roll-in": 0.23993589538294305, "bad-redirect": 0.0025184491806846355, "redirect": 0.032035602522157466, "oneh-out": 0.005350828941919846, "oneh-in": 0.017611239621253112, "dsfb-red": 0.0126519904775764, "dsfb-alt": 0.04515015459610889, "alternate": 0.26618676228795124, "sfR": 0.1028716913164539, "unknown": 0.07987343889206965}, "akl": {"sft": 0.0, "sfb": 0.02145525335510158, "dsfb": 0.0, "sfT": 0.00024304653346750147, "roll-out": 0.17660251799430293, "roll-in": 0.22281066371467043, "bad-redirect": 0.0028665613196553214, "redirect": 0.03098177293493775, "oneh-out": 0.004201179832007326, "oneh-in": 0.017386779532446123, "dsfb-red": 0.015937979332309105, "dsfb-alt": 0.040594470880324085, "alternate": 0.25089644705990516, "sfR": 0.11706348985084018, "unknown": 0.09895983766003248}, "keymash": {"sft": 0.0, "sfb": 0.019210797453337876, "dsfb": 0.0, "sfT": 1.2314613752139664e-05, "roll-out": 0.19533440333643937, "roll-in": 0.2535086387015471, "bad-redirect": 0.0022330499603879926, "redirect": 0.03254341927565442, "oneh-out": 0.00453588273203811, "oneh-in": 0.021201660009933787, "dsfb-red": 0.013866255084909261, "dsfb-alt": 0.04300673609372242, "alternate": 0.2731750768637142, "sfR": 0.09899307508220005, "unknown": 0.0423786907923633}, "movie": {"sft": 0.0, "sfb": 0.018099703523229455, "dsfb": 0.0, "sfT": 9.080250862327736e-06, "roll-out": 0.16521292727679723, "roll-in": 0.2398036349691778, "bad-redirect": 0.002058848184653876, "redirect": 0.03409884234697376, "oneh-out": 0.003996231564294296, "oneh-in": 0.02695360610319192, "dsfb-red": 0.013995693329134485, "dsfb-alt": 0.03947474565098753, "alternate": 0.23867715747089482, "sfR": 0.1138359467128768, "unknown": 0.10378358261692566}}