{"english-450k": {"sft": 0.0, "sfb": 0.04378176706907147, "dsfb": 0.0, "sfT": 0.00011956959622896788, "roll-out": 0.16567668498118168, "roll-in": 0.27702229022844516, "bad-redirect": 0.0026433943498834415, "redirect": 0.06047707391856755, "oneh-out": 0.008594101272232198, "oneh-in": 0.008146226892225404, "dsfb-red": 0.028040678219798738, "dsfb-alt": 0.04341867308736883, "alternate": 0.23909797164358787, "sfR": 0.11328269117541298, "unknown": 0.009698877565995693}, "shai": {"sft": 0.0, "sfb": 0.023027411318871215, "dsfb": 0.0, "sfT": 3.3053291194386485e-05, "roll-out": 0.12818804412142185, "roll-in": 0.33951857300814053, "bad-redirect": 0.001959127399305122, "redirect": 0.04838086866216688, "oneh-out": 0.005200029693776352, "oneh-in": 0.014113256057267189, "dsfb-red": 0.019713230574495616, "dsfb-alt": 0.03502404143133291, "alternate": 0.22144894636635185, "sfR": 0.09728563198976478, "unknown": 0.06610778608591131}, "tr-quotes": {"sft": 0.0, "sfb": 0.021733200804419685, "dsfb": 0.0, "sfT": 1.618085573611336e-05, "roll-out": 0.11909225399320404, "roll-in": 0.3719666674371836, "bad-redirect": 0.0035436074062088255, "redirect": 0.04908809320172904, "oneh-out": 0.004406971637271446, "oneh-in": 0.016861607452439843, "dsfb-red": 0.017212963176995447, "dsfb-alt": 0.03590069577679665, "alternate": 0.2182531610457456, "sfR": 0.09591664547745082, "unknown": 0.04600795173481889}, "gutenberg": {"sft": 0.0, "sfb": 0.02515549917917044, "dsfb": 0.0, "sfT": 0.00012180784821416055, "roll-out": 0.10976175294185844, "roll-in": 0.3667427823640422, "bad-redirect": 0.0015118949247235076, "redirect": 0.045612397955143644, "oneh-out": 0.005591984247953041, "oneh-in": 0.015669263087145086, "dsfb-red": 0.016298003753121446, "dsfb-alt": 0.03361631399221718, "alternate": 0.20473682874498514, "sfR": 0.09761014138424484, "unknown": 0.0775713295771809}, "english-200": {"sft": 0.0, "sfb": 0.0066815144766146995, "dsfb": 0.0, "sfT": 0.0, "roll-out": 0.111358574610245, "roll-in": 0.42538975501113585, "bad-redirect": 0.0, "redirect": 0.035634743875278395, "oneh-out": 0.0, "oneh-in": 0.0200445434298441, "dsfb-red": 0.0200445434298441, "dsfb-alt": 0.024498886414253896, "alternate": 0.24944320712694878, "sfR": 0.10690423162583519, "unknown": 0.0}, "monkeyracer": {"sft": 0.0, "sfb": 0.021641420460766066, "dsfb": 0.0, "sfT": 1.661792076575379e-05, "roll-out": 0.11890415565322114, "roll-in": 0.3728025243599168, "bad-redirect": 0.0035405946478564835, "redirect": 0.04893000140763564, "oneh-out": 0.00438126593365344, "oneh-in": 0.017014795814630026, "dsfb-red": 0.017252334329105213, "dsfb-alt": 0.03584876519073463, "alternate": 0.21801343510017673, "sfR": 0.09605353707555875, "unknown": 0.045600552105979325}, "chained-bigrams": {"sft": 0.0, "sfb": 0.02280358078551583, "dsfb": 0.0, "sfT": 8.051378181674155e-05, "roll-out": 0.1021284857110763, "roll-in": 0.31073060413256465, "bad-redirect": 0.003079652154490364, "redirect": 0.05429810487439525, "oneh-out": 0.003952317660633111, "oneh-in": 0.016483248912901618, "dsfb-red": 0.02840253514523972, "dsfb-alt": 0.04685252797042287, "alternate": 0.2230861581875049, "sfR": 0.11643721321023381, "unknown": 0.07166505747320481}, "english-5k": {"sft": 0.0, "sfb": 0.029659435018874185, "dsfb": 0.0, "sfT": 0.0, "roll-out": 0.15476832455303438, "roll-in": 0.31853818392997885, "bad-redirect": 0.0012859335462728667, "redirect": 0.05728626540009126, "oneh-out": 0.007010411913552081, "oneh-in": 0.011241548098062803, "dsfb-red": 0.024515700833782718, "dsfb-alt": 0.03762392666030614, "alternate": 0.24859999170365454, "sfR": 0.10644211224955408, "unknown": 0.0030281660928361057}, "mt-quotes": {"sft": 0.0, "sfb": 0.020593526254766258, "dsfb": 0.0, "sfT": 1.0458875700744673e-05, "roll-out": 0.1172484789806481, "roll-in": 0.3833880183119972, "bad-redirect": 0.0036367004936589333, "redirect": 0.04878019626827315, "oneh-out": 0.004047584896188188, "oneh-in": 0.017638146806755836, "dsfb-red": 0.01654594135857807, "dsfb-alt": 0.03602783853886518, "alternate": 0.21974546084794588, "sfR": 0.09572710103871578, "unknown": 0.036610547327906674}, "english-1k": {"sft": 0.0, "sfb": 0.02399435426958363, "dsfb": 0.0, "sfT": 0.0, "roll-out": 0.13161609033168667, "roll-in": 0.38002822865208186, "bad-redirect": 0.0007057163020465773, "redirect": 0.05328158080451659, "oneh-out": 0.005998588567395907, "oneh-in": 0.02117148906139732, "dsfb-red": 0.020465772759350742, "dsfb-alt": 0.038108680310515175, "alternate": 0.21630204657727595, "sfR": 0.10832745236414962, "unknown": 0.0}, "english-10k": {"sft": 0.0, "sfb": 0.031705293220895006, "dsfb": 0.0, "sfT": 1.929719611740414e-05, "roll-out": 0.16477875764651395, "roll-in": 0.31413905559522204, "bad-redirect": 0.0016016672777445437, "redirect": 0.05615484070164605, "oneh-out": 0.0077574728391964646, "oneh-in": 0.010053839177167557, "dsfb-red": 0.024353061500164027, "dsfb-alt": 0.03708921093765076, "alternate": 0.23915015148298951, "sfR": 0.10543987958549622, "unknown": 0.0077574728391964646}, "reddit": {"sft": 0.0, "sfb": 0.02071230140781815, "dsfb": 0.0, "sfT": 0.0001315504353768787, "roll-out": 0.11776082580111574, "roll-in": 0.3417559323646472, "bad-redirect": 0.00351515349017876, "redirect": 0.046126294785722055, "oneh-out": 0.004453648979463412, "oneh-in": 0.01375016691959785, "dsfb-red": 0.017407021804147545, "dsfb-alt": 0.0356951917978753, "alternate": 0.21288156696346047, "sfR": 0.1028716913164539, "unknown": 0.08293865393414275}, "akl": {"sft": 0.0, "sfb": 0.02328426680425467, "dsfb": 0.0, "sfT": 0.00013611349325212867, "roll-out": 0.11655459761889982, "roll-in": 0.3259163560590206, "bad-redirect": 0.004553761484304943, "redirect": 0.040379179852080505, "oneh-out": 0.0035745125656234935, "oneh-in": 0.011465935507357625, "dsfb-red": 0.017051792887924386, "dsfb-alt": 0.034018646495353244, "alternate": 0.20238273577837032, "sfR": 0.11706348985084018, "unknown": 0.10361861160271811}, "keymash": {"sft": 0.0, "sfb": 0.021665510461264383, "dsfb": 0.0, "sfT": 2.873409875499255e-05, "roll-out": 0.11903716139943271, "roll-in": 0.3751729177014363, "bad-redirect": 0.003222323931809879, "redirect": 0.04943085960108861, "oneh-out": 0.004548197345790249, "oneh-in": 0.016969537750448457, "dsfb-red": 0.01661651882288712, "dsfb-alt": 0.03702183381018254, "alternate": 0.21578897677874334, "sfR": 0.09899307508220005, "unknown": 0.04150435321596138}, "movie": {"sft": 0.0, "sfb": 0.01880717350345951, "dsfb": 0.0, "sfT": 1.8555295240408853e-05, "roll-out": 0.10321047402989034, "roll-in": 0.3403401725168705, "bad-redirect": 0.006002177417837219, "redirect": 0.04440676944545592, "oneh-out": 0.0032841556597137827, "oneh-in": 0.015578288935951201, "dsfb-red": 0.017770182535413966, "dsfb-alt": 0.03668618745138282, "alternate": 0.19707421157431942, "sfR": 0.1138359467128768, "unknown": 0.10298570492158808}}