{"english-450k": {"sft": 0.0, "sfb": 0.024039335766043522, "dsfb": 0.0, "sfT": 0.00012453948164679784, "roll-out": 0.23811042617644496, "roll-in": 0.22017674081930608, "bad-redirect": 0.009648886365616345, "redirect": 0.051460824732020856, "oneh-out": 0.030376816712379868, "oneh-in": 0.015382087714384778, "dsfb-red": 0.028701965326571172, "dsfb-alt": 0.03449714406996195, "alternate": 0.22449966409421498, "sfR": 0.11328269117541298, "unknown": 0.009698877565995693}, "shai": {"sft": 0.0, "sfb": 0.012595486855627249, "dsfb": 0.0, "sfT": 1.7985789716664402e-05, "roll-out": 0.24128528303370692, "roll-in": 0.19902206380724993, "bad-redirect": 0.012452955180975672, "redirect": 0.06418045796534777, "oneh-out": 0.026330317562397957, "oneh-in": 0.0223145787772171, "dsfb-red": 0.02120462294012973, "dsfb-alt": 0.03003551022670378, "alternate": 0.20585575435351322, "sfR": 0.09728563198976478, "unknown": 0.06741935151764922}, "tr-quotes": {"sft": 0.0, "sfb": 0.010828459813689004, "dsfb": 0.0, "sfT": 1.733663114583574e-05, "roll-out": 0.2526871778276045, "roll-in": 0.19556182242666606, "bad-redirect": 0.01283488592496706, "redirect": 0.06518457733293266, "oneh-out": 0.027805644807101085, "oneh-in": 0.02919141952335822, "dsfb-red": 0.0210212431520307, "dsfb-alt": 0.03394281223272694, "alternate": 0.20873303899586232, "sfR": 0.09591664547745082, "unknown": 0.04627493585446476}, "gutenberg": {"sft": 0.0, "sfb": 0.010089971103313894, "dsfb": 0.0, "sfT": 0.0001504128016828048, "roll-out": 0.24118673806159954, "roll-in": 0.19525343420462885, "bad-redirect": 0.013977971533714252, "redirect": 0.06873315670248159, "oneh-out": 0.026220702181516047, "oneh-in": 0.028509856206119337, "dsfb-red": 0.016356729154282237, "dsfb-alt": 0.028090443179764515, "alternate": 0.19367485753407115, "sfR": 0.09761014138424484, "unknown": 0.08014558595258095}, "english-200": {"sft": 0.0, "sfb": 0.008908685968819599, "dsfb": 0.0, "sfT": 0.0, "roll-out": 0.267260579064588, "roll-in": 0.24276169265033407, "bad-redirect": 0.0066815144766146995, "redirect": 0.07126948775055679, "oneh-out": 0.022271714922048998, "oneh-in": 0.026726057906458798, "dsfb-red": 0.015590200445434299, "dsfb-alt": 0.028953229398663696, "alternate": 0.2026726057906459, "sfR": 0.10690423162583519, "unknown": 0.0}, "monkeyracer": {"sft": 0.0, "sfb": 0.010726379091918608, "dsfb": 0.0, "sfT": 1.661792076575379e-05, "roll-out": 0.25251126108513067, "roll-in": 0.19566526424449068, "bad-redirect": 0.01290723681123606, "redirect": 0.06499171059011215, "oneh-out": 0.0277216244115301, "oneh-in": 0.029163473419146973, "dsfb-red": 0.021097916699250825, "dsfb-alt": 0.03392304143140904, "alternate": 0.20906517353019377, "sfR": 0.09605353707555875, "unknown": 0.046156763689256614}, "chained-bigrams": {"sft": 0.0, "sfb": 0.013493200805916985, "dsfb": 0.0, "sfT": 1.947914076211489e-05, "roll-out": 0.24439439026718238, "roll-in": 0.18067227709207595, "bad-redirect": 0.012201084468696697, "redirect": 0.06312280494432537, "oneh-out": 0.027906466360497862, "oneh-in": 0.015295670631104681, "dsfb-red": 0.034004736028423965, "dsfb-alt": 0.04010949874327077, "alternate": 0.17886785935281205, "sfR": 0.11643721321023381, "unknown": 0.07347531895469736}, "english-5k": {"sft": 0.0, "sfb": 0.015970465010163023, "dsfb": 0.0, "sfT": 0.0, "roll-out": 0.2379806695150786, "roll-in": 0.2383125233334716, "bad-redirect": 0.008254863732525822, "redirect": 0.05662255776330526, "oneh-out": 0.02820757456340482, "oneh-in": 0.019828265648981623, "dsfb-red": 0.0270046044717302, "dsfb-alt": 0.030240179201061933, "alternate": 0.22810801841788692, "sfR": 0.10644211224955408, "unknown": 0.0030281660928361057}, "mt-quotes": {"sft": 0.0, "sfb": 0.009949379041608395, "dsfb": 0.0, "sfT": 7.470625500531909e-06, "roll-out": 0.2558240996402147, "roll-in": 0.19595450687895197, "bad-redirect": 0.013157265631536798, "redirect": 0.06625249518891718, "oneh-out": 0.02739926608575083, "oneh-in": 0.030838742066195718, "dsfb-red": 0.020990963531394558, "dsfb-alt": 0.03501482172099306, "alternate": 0.21171155018467386, "sfR": 0.09572710103871578, "unknown": 0.03717233836554667}, "english-1k": {"sft": 0.0, "sfb": 0.011644318983768526, "dsfb": 0.0, "sfT": 0.0, "roll-out": 0.2360621030345801, "roll-in": 0.2547635850388144, "bad-redirect": 0.009880028228652082, "redirect": 0.05998588567395907, "oneh-out": 0.02611150317572336, "oneh-in": 0.024700070571630206, "dsfb-red": 0.02328863796753705, "dsfb-alt": 0.02646436132674665, "alternate": 0.21877205363443897, "sfR": 0.10832745236414962, "unknown": 0.0}, "english-10k": {"sft": 0.0, "sfb": 0.015920186796858415, "dsfb": 0.0, "sfT": 5.789158835221242e-05, "roll-out": 0.2367187047721966, "roll-in": 0.22936647305146562, "bad-redirect": 0.008876710214005904, "redirect": 0.05646359583952452, "oneh-out": 0.030489569865498542, "oneh-in": 0.01821655313482951, "dsfb-red": 0.025356515698269043, "dsfb-alt": 0.03326836610640474, "alternate": 0.2320680805079022, "sfR": 0.10543987958549622, "unknown": 0.0077574728391964646}, "reddit": {"sft": 0.0, "sfb": 0.011590185183832556, "dsfb": 0.0, "sfT": 7.439042273874746e-05, "roll-out": 0.23057251596013556, "roll-in": 0.19284421068521407, "bad-redirect": 0.013233629190711985, "redirect": 0.062300668034236825, "oneh-out": 0.025465984267511857, "oneh-in": 0.02955513515852071, "dsfb-red": 0.02301975297959676, "dsfb-alt": 0.03192431654735544, "alternate": 0.19667408136162193, "sfR": 0.1028716913164539, "unknown": 0.07987343889206965}, "akl": {"sft": 0.0, "sfb": 0.019039223361313112, "dsfb": 0.0, "sfT": 0.0001647363580142968, "roll-out": 0.2088772142295041, "roll-in": 0.18750287312847044, "bad-redirect": 0.009776876715126044, "redirect": 0.05521592234207892, "oneh-out": 0.02416767249395977, "oneh-in": 0.029237327040763792, "dsfb-red": 0.024135889962308272, "dsfb-alt": 0.03372300080131631, "alternate": 0.1921359360562723, "sfR": 0.11706348985084018, "unknown": 0.09895983766003248}, "keymash": {"sft": 0.0, "sfb": 0.011300710553213498, "dsfb": 0.0, "sfT": 2.873409875499255e-05, "roll-out": 0.24991277148592234, "roll-in": 0.19946390381465684, "bad-redirect": 0.011932860725823334, "redirect": 0.06466403681248538, "oneh-out": 0.02694027001843087, "oneh-in": 0.027424644826015032, "dsfb-red": 0.020475097798557548, "dsfb-alt": 0.03375435629461482, "alternate": 0.212730847696962, "sfR": 0.09899307508220005, "unknown": 0.0423786907923633}, "movie": {"sft": 0.0, "sfb": 0.009960508804619189, "dsfb": 0.0, "sfT": 1.2107001149770316e-05, "roll-out": 0.2231474281373813, "roll-in": 0.17702330689839818, "bad-redirect": 0.012809207216456994, "redirect": 0.0540642084278151, "oneh-out": 0.026905704489947176, "oneh-in": 0.03437914574315866, "dsfb-red": 0.02449246332598535, "dsfb-alt": 0.03247110868152257, "alternate": 0.18711528194376326, "sfR": 0.1138359467128768, "unknown": 0.10378358261692566}}