{"english-450k": {"sft": 0.0, "sfb": 0.025374773212434535, "dsfb": 0.0, "sfT": 2.4849427089149805e-05, "roll-out": 0.2249206426237253, "roll-in": 0.22619088686728242, "bad-redirect": 0.01283458291844535, "redirect": 0.05519496275801745, "oneh-out": 0.012920825047754752, "oneh-in": 0.01687217630113062, "dsfb-red": 0.02006459681658375, "dsfb-alt": 0.04008738812641752, "alternate": 0.24268593656906007, "sfR": 0.11328269117541298, "unknown": 0.009545688156646111}, "shai": {"sft": 0.0, "sfb": 0.0164449683601821, "dsfb": 0.0, "sfT": 1.9653935911603577e-05, "roll-out": 0.21154313044237535, "roll-in": 0.24829958620685386, "bad-redirect": 0.009533436152033373, "redirect": 0.04447003343723575, "oneh-out": 0.009259864046472154, "oneh-in": 0.012006402894694226, "dsfb-red": 0.017666662899468763, "dsfb-alt": 0.036971217008248305, "alternate": 0.23574101531040834, "sfR": 0.09728563198976478, "unknown": 0.06075839731635142}, "tr-quotes": {"sft": 0.0, "sfb": 0.016234021404960587, "dsfb": 0.0, "sfT": 2.3115508194447656e-05, "roll-out": 0.21622361942627308, "roll-in": 0.2578176648713622, "bad-redirect": 0.011034187836619589, "redirect": 0.04526132082013823, "oneh-out": 0.008783893113890108, "oneh-in": 0.0130383023970782, "dsfb-red": 0.017344721573703797, "dsfb-alt": 0.036890039527519014, "alternate": 0.23994822126164445, "sfR": 0.09591664547745082, "unknown": 0.04148424678116548}, "gutenberg": {"sft": 0.0, "sfb": 0.016098905699508562, "dsfb": 0.0, "sfT": 0.00010665290597911724, "roll-out": 0.18997724106549851, "roll-in": 0.2775413606789111, "bad-redirect": 0.013847070720159066, "redirect": 0.041393451473685526, "oneh-out": 0.00994315760041191, "oneh-in": 0.01144709618046202, "dsfb-red": 0.013736629078621188, "dsfb-alt": 0.031746572993968714, "alternate": 0.2282635505074443, "sfR": 0.09761014138424484, "unknown": 0.06828816971110513}, "english-200": {"sft": 0.0, "sfb": 0.013363028953229399, "dsfb": 0.0, "sfT": 0.0, "roll-out": 0.1915367483296214, "roll-in": 0.27839643652561247, "bad-redirect": 0.013363028953229399, "redirect": 0.0400890868596882, "oneh-out": 0.004454342984409799, "oneh-in": 0.015590200445434299, "dsfb-red": 0.017817371937639197, "dsfb-alt": 0.035634743875278395, "alternate": 0.2828507795100223, "sfR": 0.10690423162583519, "unknown": 0.0}, "monkeyracer": {"sft": 0.0, "sfb": 0.016179012152587702, "dsfb": 0.0, "sfT": 2.248306927131395e-05, "roll-out": 0.21710531460656585, "roll-in": 0.25697561662261287, "bad-redirect": 0.01116040008133006, "redirect": 0.04508148646323725, "oneh-out": 0.00873613869903186, "oneh-in": 0.013038225127860237, "dsfb-red": 0.017366704724963634, "dsfb-alt": 0.03677545865461313, "alternate": 0.2400800788275959, "sfR": 0.09605353707555875, "unknown": 0.04142554389477142}, "chained-bigrams": {"sft": 0.0, "sfb": 0.017254622887081367, "dsfb": 0.0, "sfT": 3.50624533718068e-05, "roll-out": 0.1811573076970526, "roll-in": 0.24253543093378455, "bad-redirect": 0.011495290268416067, "redirect": 0.04236583254821574, "oneh-out": 0.01028368771301252, "oneh-in": 0.017607195334875647, "dsfb-red": 0.02458332494648106, "dsfb-alt": 0.03866804232687426, "alternate": 0.23063237731874822, "sfR": 0.11643721321023381, "unknown": 0.06694461236185231}, "english-5k": {"sft": 0.0, "sfb": 0.021694943377442235, "dsfb": 0.0, "sfT": 0.0, "roll-out": 0.23885178578836022, "roll-in": 0.22752727423569918, "bad-redirect": 0.011946737462147923, "redirect": 0.052806238851785786, "oneh-out": 0.0117393288256523, "oneh-in": 0.013979342099805036, "dsfb-red": 0.020326046376571122, "dsfb-alt": 0.04027875720745012, "alternate": 0.2534948355249513, "sfR": 0.10644211224955408, "unknown": 0.0009125980005807441}, "mt-quotes": {"sft": 0.0, "sfb": 0.01590645581573254, "dsfb": 0.0, "sfT": 1.6435376101170198e-05, "roll-out": 0.2187892207838778, "roll-in": 0.2619051887976476, "bad-redirect": 0.011176055748795734, "redirect": 0.04461158723897635, "oneh-out": 0.008573289824410418, "oneh-in": 0.013124394879334457, "dsfb-red": 0.017482757796344773, "dsfb-alt": 0.03683018371762231, "alternate": 0.24221411410334565, "sfR": 0.09572710103871578, "unknown": 0.0336432148790954}, "english-1k": {"sft": 0.0, "sfb": 0.015525758645024701, "dsfb": 0.0, "sfT": 0.0, "roll-out": 0.21347918136908964, "roll-in": 0.25970359915314045, "bad-redirect": 0.013408609738884969, "redirect": 0.0465772759350741, "oneh-out": 0.009527170077628794, "oneh-in": 0.0187014820042343, "dsfb-red": 0.012350035285815103, "dsfb-alt": 0.04269583627381793, "alternate": 0.25970359915314045, "sfR": 0.10832745236414962, "unknown": 0.0}, "english-10k": {"sft": 0.0, "sfb": 0.02114972694467494, "dsfb": 0.0, "sfT": 1.929719611740414e-05, "roll-out": 0.24150440940931284, "roll-in": 0.22058624881804673, "bad-redirect": 0.010883618610215936, "redirect": 0.05005692672854634, "oneh-out": 0.010188919549989387, "oneh-in": 0.013816792420061366, "dsfb-red": 0.01854460546882538, "dsfb-alt": 0.04403620153991625, "alternate": 0.25601590088960074, "sfR": 0.10543987958549622, "unknown": 0.0077574728391964646}, "reddit": {"sft": 0.0, "sfb": 0.01696067926771506, "dsfb": 0.0, "sfT": 2.9066952691474337e-05, "roll-out": 0.20123032619601053, "roll-in": 0.24421225842543642, "bad-redirect": 0.008652138059784653, "redirect": 0.0426517825889328, "oneh-out": 0.009280149050538852, "oneh-in": 0.012788485291503891, "dsfb-red": 0.01766678896512097, "dsfb-alt": 0.035664214517107454, "alternate": 0.2300171348936968, "sfR": 0.1028716913164539, "unknown": 0.07797528447500719}, "akl": {"sft": 0.0, "sfb": 0.02030290425428702, "dsfb": 0.0, "sfT": 0.00018846483681063967, "roll-out": 0.18934433938242265, "roll-in": 0.22790776399543472, "bad-redirect": 0.007634994289676526, "redirect": 0.0401923258258409, "oneh-out": 0.00974212037934341, "oneh-in": 0.011667844417011101, "dsfb-red": 0.01541087255006554, "dsfb-alt": 0.041622849521421985, "alternate": 0.22187032206670465, "sfR": 0.11706348985084018, "unknown": 0.09705170863014068}, "keymash": {"sft": 0.0, "sfb": 0.0166411480503914, "dsfb": 0.0, "sfT": 1.2314613752139664e-05, "roll-out": 0.21294430100199907, "roll-in": 0.25895169797999285, "bad-redirect": 0.011046208535669278, "redirect": 0.04482108918653766, "oneh-out": 0.009079975206577646, "oneh-in": 0.012458284245914627, "dsfb-red": 0.0174169687167762, "dsfb-alt": 0.03736253812399174, "alternate": 0.24245832529462713, "sfR": 0.09899307508220005, "unknown": 0.037814073961570195}, "movie": {"sft": 0.0, "sfb": 0.014393381997336722, "dsfb": 0.0, "sfT": 1.6054936307304115e-05, "roll-out": 0.20125625928669497, "roll-in": 0.22813419663270082, "bad-redirect": 0.011185684681840512, "redirect": 0.03810889168431942, "oneh-out": 0.010177645238283548, "oneh-in": 0.011978430061473299, "dsfb-red": 0.019261449242253065, "dsfb-alt": 0.03515623097999989, "alternate": 0.21811617957262022, "sfR": 0.1138359467128768, "unknown": 0.0983796489732934}}