{"english-450k": {"sft": 0.0, "sfb": 0.020496392155532856, "dsfb": 0.0, "sfT": 1.7833118263978095e-05, "roll-out": 0.2453711364256935, "roll-in": 0.2523199132784229, "bad-redirect": 0.01898759341191989, "redirect": 0.061832683252830936, "oneh-out": 0.017512122135226488, "oneh-in": 0.018496744140358918, "dsfb-red": 0.026084297442380024, "dsfb-alt": 0.026825395062038786, "alternate": 0.18907432083592304, "sfR": 0.11328269117541298, "unknown": 0.009698877565995693}, "shai": {"sft": 0.0, "sfb": 0.013293495731558353, "dsfb": 0.0, "sfT": 8.576825911798647e-06, "roll-out": 0.234953928975831, "roll-in": 0.252365009429864, "bad-redirect": 0.028236869328496457, "redirect": 0.0498949648458509, "oneh-out": 0.012430224270064122, "oneh-in": 0.019024731292998306, "dsfb-red": 0.024666777153936687, "dsfb-alt": 0.029801304049097838, "alternate": 0.17097203072299547, "sfR": 0.09728563198976478, "unknown": 0.06706645538363028}, "tr-quotes": {"sft": 0.0, "sfb": 0.013109960472480987, "dsfb": 0.0, "sfT": 4.623101638889531e-06, "roll-out": 0.23677215043572733, "roll-in": 0.26102147430711264, "bad-redirect": 0.031164328147754328, "redirect": 0.049498393472180484, "oneh-out": 0.011327754790689074, "oneh-in": 0.022208224497815586, "dsfb-red": 0.025910173135156377, "dsfb-alt": 0.03649129701116479, "alternate": 0.17126742331430156, "sfR": 0.09591664547745082, "unknown": 0.04530755183652713}, "gutenberg": {"sft": 0.0, "sfb": 0.012057082605422514, "dsfb": 0.0, "sfT": 3.4098620028847435e-06, "roll-out": 0.21254749653614852, "roll-in": 0.2581710712611905, "bad-redirect": 0.02764299351027486, "redirect": 0.05677268685380747, "oneh-out": 0.010753947009986728, "oneh-in": 0.01822116592274844, "dsfb-red": 0.024276891403093807, "dsfb-alt": 0.03426058847398446, "alternate": 0.17267654844675104, "sfR": 0.09761014138424484, "unknown": 0.07500597673034394}, "english-200": {"sft": 0.0, "sfb": 0.011135857461024499, "dsfb": 0.0, "sfT": 0.0, "roll-out": 0.2383073496659243, "roll-in": 0.24944320712694878, "bad-redirect": 0.042316258351893093, "redirect": 0.066815144766147, "oneh-out": 0.0066815144766146995, "oneh-in": 0.0200445434298441, "dsfb-red": 0.024498886414253896, "dsfb-alt": 0.042316258351893093, "alternate": 0.1915367483296214, "sfR": 0.10690423162583519, "unknown": 0.0}, "monkeyracer": {"sft": 0.0, "sfb": 0.013044090276365798, "dsfb": 0.0, "sfT": 3.9100990037067735e-06, "roll-out": 0.2368200337832554, "roll-in": 0.26073517681467695, "bad-redirect": 0.03152615074213679, "redirect": 0.04924769695168682, "oneh-out": 0.011234691962400487, "oneh-in": 0.022221092638065595, "dsfb-red": 0.025857484711512897, "dsfb-alt": 0.03633557251669612, "alternate": 0.17170613259927742, "sfR": 0.09605353707555875, "unknown": 0.04521442982936328}, "chained-bigrams": {"sft": 0.0, "sfb": 0.01401069664549717, "dsfb": 0.0, "sfT": 2.2725664222467372e-05, "roll-out": 0.19461025161206122, "roll-in": 0.23193812905450198, "bad-redirect": 0.020414139518696403, "redirect": 0.058357557809219994, "oneh-out": 0.015670319438429357, "oneh-in": 0.02150951653421933, "dsfb-red": 0.02771102564818464, "dsfb-alt": 0.03388266674631471, "alternate": 0.19288439974053784, "sfR": 0.11643721321023381, "unknown": 0.07255135837788104}, "english-5k": {"sft": 0.0, "sfb": 0.014726013191189281, "dsfb": 0.0, "sfT": 0.0, "roll-out": 0.26303563280375, "roll-in": 0.2554444767080101, "bad-redirect": 0.022897913469116855, "redirect": 0.06180777367569586, "oneh-out": 0.014601568009291906, "oneh-in": 0.016426764010453395, "dsfb-red": 0.029452026382378562, "dsfb-alt": 0.029534989836976812, "alternate": 0.18260256357074708, "sfR": 0.10644211224955408, "unknown": 0.0030281660928361057}, "mt-quotes": {"sft": 0.0, "sfb": 0.012422156082284457, "dsfb": 0.0, "sfT": 2.9882502002127633e-06, "roll-out": 0.23884037962730542, "roll-in": 0.26497113350306595, "bad-redirect": 0.03243596179820944, "redirect": 0.04914177454249889, "oneh-out": 0.010735288844264352, "oneh-in": 0.02305136204444126, "dsfb-red": 0.02609788312355817, "dsfb-alt": 0.03752794013937199, "alternate": 0.17276568532530093, "sfR": 0.09572710103871578, "unknown": 0.03628034568078316}, "english-1k": {"sft": 0.0, "sfb": 0.008468595624558928, "dsfb": 0.0, "sfT": 0.0, "roll-out": 0.25935074100211714, "roll-in": 0.25511644318983767, "bad-redirect": 0.027875793930839804, "redirect": 0.06810162314749471, "oneh-out": 0.0077628793225123505, "oneh-in": 0.020465772759350742, "dsfb-red": 0.02893436838390967, "dsfb-alt": 0.031051517290049402, "alternate": 0.18454481298517997, "sfR": 0.10832745236414962, "unknown": 0.0}, "english-10k": {"sft": 0.0, "sfb": 0.015727214835684376, "dsfb": 0.0, "sfT": 0.0, "roll-out": 0.26587676810559424, "roll-in": 0.25040041681943614, "bad-redirect": 0.020532216668918007, "redirect": 0.05613554350552865, "oneh-out": 0.014916732598753401, "oneh-in": 0.016885046602728625, "dsfb-red": 0.027498504467300903, "dsfb-alt": 0.029138766137280253, "alternate": 0.1896914378340827, "sfR": 0.10543987958549622, "unknown": 0.0077574728391964646}, "reddit": {"sft": 0.0, "sfb": 0.013871678768220456, "dsfb": 0.0, "sfT": 3.483539433385455e-05, "roll-out": 0.2275018321357262, "roll-in": 0.24590379775094454, "bad-redirect": 0.027931581038083513, "redirect": 0.04695238057780682, "oneh-out": 0.010973973278255953, "oneh-in": 0.021406574562633195, "dsfb-red": 0.025921279125714007, "dsfb-alt": 0.03439410854821247, "alternate": 0.16524997111097003, "sfR": 0.1028716913164539, "unknown": 0.07698629639264509}, "akl": {"sft": 0.0, "sfb": 0.015507707047085604, "dsfb": 0.0, "sfT": 6.827358651062621e-05, "roll-out": 0.21299426018630138, "roll-in": 0.23461889646837217, "bad-redirect": 0.024153423015831416, "redirect": 0.048570027697268224, "oneh-out": 0.010378576417658896, "oneh-in": 0.020763224352085524, "dsfb-red": 0.023945194772399283, "dsfb-alt": 0.034188215285080634, "alternate": 0.16048747340768588, "sfR": 0.11706348985084018, "unknown": 0.09726123791288017}, "keymash": {"sft": 0.0, "sfb": 0.013217685427296573, "dsfb": 0.0, "sfT": 0.0, "roll-out": 0.23353023032432588, "roll-in": 0.2615049278979365, "bad-redirect": 0.031389950454204, "redirect": 0.052127760012807195, "oneh-out": 0.011994433794584033, "oneh-in": 0.02190359299380575, "dsfb-red": 0.025692389158214052, "dsfb-alt": 0.036882268187658294, "alternate": 0.17145636727104055, "sfR": 0.09899307508220005, "unknown": 0.04130731939592715}, "movie": {"sft": 0.0, "sfb": 0.01202659487039521, "dsfb": 0.0, "sfT": 1.1843805472601396e-06, "roll-out": 0.21472937759881056, "roll-in": 0.23292567393556102, "bad-redirect": 0.02911852214574487, "redirect": 0.04618755139718083, "oneh-out": 0.009964325141938138, "oneh-in": 0.020702840368268655, "dsfb-red": 0.026586448133541274, "dsfb-alt": 0.03913443364040812, "alternate": 0.15122157667633604, "sfR": 0.1138359467128768, "unknown": 0.10356552499839122}}