{"english-450k": {"sft": 0.0, "sfb": 0.14844784631477148, "dsfb": 0.0, "sfT": 0.008874168932836969, "roll-out": 0.20131953381305395, "roll-in": 0.1771261315990577, "bad-redirect": 0.011407056418723955, "redirect": 0.05287197984448352, "oneh-out": 0.023173698664737962, "oneh-in": 0.018454938633608937, "dsfb-red": 0.027845098611297074, "dsfb-alt": 0.0382441453288047, "alternate": 0.16925383309721506, "sfR": 0.11328269117541298, "unknown": 0.009698877565995693}, "shai": {"sft": 0.0, "sfb": 0.11647569553568471, "dsfb": 0.0, "sfT": 0.006610151215323846, "roll-out": 0.20842709527676984, "roll-in": 0.16372832454956956, "bad-redirect": 0.027288464354928252, "redirect": 0.04335534409017991, "oneh-out": 0.027128260393673213, "oneh-in": 0.01513108455357002, "dsfb-red": 0.028853889900183706, "dsfb-alt": 0.03333725534758903, "alternate": 0.1649594512751139, "sfR": 0.09728563198976478, "unknown": 0.06741935151764922}, "tr-quotes": {"sft": 0.0, "sfb": 0.10846952220244561, "dsfb": 0.0, "sfT": 0.0068780194632579, "roll-out": 0.22289475509119067, "roll-in": 0.17097847946187097, "bad-redirect": 0.028025242134948336, "redirect": 0.0388409884191304, "oneh-out": 0.030455837821594507, "oneh-in": 0.012701971752848986, "dsfb-red": 0.030084833915073623, "dsfb-alt": 0.03547190309978965, "alternate": 0.17300686530593376, "sfR": 0.09591664547745082, "unknown": 0.04627493585446476}, "gutenberg": {"sft": 0.0, "sfb": 0.09682473650291373, "dsfb": 0.0, "sfT": 0.0051553324748058555, "roll-out": 0.2192033577290016, "roll-in": 0.16413825399152762, "bad-redirect": 0.034254905370646314, "redirect": 0.038920543774482334, "oneh-out": 0.029324244914474978, "oneh-in": 0.012883026957232374, "dsfb-red": 0.02713056702595246, "dsfb-alt": 0.03544040072698258, "alternate": 0.15896890319515436, "sfR": 0.09761014138424484, "unknown": 0.08014558595258095}, "english-200": {"sft": 0.0, "sfb": 0.1091314031180401, "dsfb": 0.0, "sfT": 0.008908685968819599, "roll-out": 0.23162583518930957, "roll-in": 0.18262806236080179, "bad-redirect": 0.0334075723830735, "redirect": 0.0556792873051225, "oneh-out": 0.042316258351893093, "oneh-in": 0.011135857461024499, "dsfb-red": 0.04899777282850779, "dsfb-alt": 0.031180400890868598, "alternate": 0.13808463251670378, "sfR": 0.10690423162583519, "unknown": 0.0}, "monkeyracer": {"sft": 0.0, "sfb": 0.10854434834290004, "dsfb": 0.0, "sfT": 0.006910122464300796, "roll-out": 0.22262735192455074, "roll-in": 0.17139918982748642, "bad-redirect": 0.028142937579179506, "redirect": 0.03863177815662293, "oneh-out": 0.030517345199180444, "oneh-in": 0.01264721522748956, "dsfb-red": 0.029867291239814193, "dsfb-alt": 0.03550663152791029, "alternate": 0.17299548774574972, "sfR": 0.09605353707555875, "unknown": 0.046156763689256614}, "chained-bigrams": {"sft": 0.0, "sfb": 0.10836440797372134, "dsfb": 0.0, "sfT": 0.0042620359987507375, "roll-out": 0.20981696750035225, "roll-in": 0.17253129486289606, "bad-redirect": 0.017002043361865945, "redirect": 0.04127240344676903, "oneh-out": 0.03176268692670454, "oneh-in": 0.012080313795971584, "dsfb-red": 0.028683684076906246, "dsfb-alt": 0.03534425160816539, "alternate": 0.1489673782829657, "sfR": 0.11643721321023381, "unknown": 0.07347531895469736}, "english-5k": {"sft": 0.0, "sfb": 0.1296303978097648, "dsfb": 0.0, "sfT": 0.009001534823910067, "roll-out": 0.19409300203260463, "roll-in": 0.18637740075496745, "bad-redirect": 0.012942298917326917, "redirect": 0.054589953125648155, "oneh-out": 0.024847554652175717, "oneh-in": 0.020491973285767618, "dsfb-red": 0.03401501638528228, "dsfb-alt": 0.039905421661758, "alternate": 0.1846351682084042, "sfR": 0.10644211224955408, "unknown": 0.0030281660928361057}, "mt-quotes": {"sft": 0.0, "sfb": 0.10803420948829204, "dsfb": 0.0, "sfT": 0.006744480701880207, "roll-out": 0.22650936517612746, "roll-in": 0.17410442141499624, "bad-redirect": 0.029138427702274657, "redirect": 0.038252590812923586, "oneh-out": 0.031599251742149864, "oneh-in": 0.01258202746799584, "dsfb-red": 0.030315798281158483, "dsfb-alt": 0.03584704940175231, "alternate": 0.17397293840618688, "sfR": 0.09572710103871578, "unknown": 0.03717233836554667}, "english-1k": {"sft": 0.0, "sfb": 0.09386026817219478, "dsfb": 0.0, "sfT": 0.0038814396612561752, "roll-out": 0.19830628087508823, "roll-in": 0.21030345800988004, "bad-redirect": 0.019407198306280876, "redirect": 0.05504587155963303, "oneh-out": 0.03352152434721242, "oneh-in": 0.020112914608327453, "dsfb-red": 0.035285815102328866, "dsfb-alt": 0.03916725476358504, "alternate": 0.18278052223006352, "sfR": 0.10832745236414962, "unknown": 0.0}, "english-10k": {"sft": 0.0, "sfb": 0.13602593543158178, "dsfb": 0.0, "sfT": 0.007178556955674341, "roll-out": 0.20354682464637888, "roll-in": 0.17913587155786265, "bad-redirect": 0.01202215318114278, "redirect": 0.05416722950155342, "oneh-out": 0.026128403542965205, "oneh-in": 0.019027035371760485, "dsfb-red": 0.03220702031994751, "dsfb-alt": 0.03724358850658999, "alternate": 0.18012002855985026, "sfR": 0.10543987958549622, "unknown": 0.0077574728391964646}, "reddit": {"sft": 0.0, "sfb": 0.10805216394285722, "dsfb": 0.0, "sfT": 0.007814178267695772, "roll-out": 0.20356879250597024, "roll-in": 0.16955674957303232, "bad-redirect": 0.02401997828593753, "redirect": 0.037212179577581515, "oneh-out": 0.025850821731367792, "oneh-in": 0.01438173636461196, "dsfb-red": 0.02889153962516741, "dsfb-alt": 0.03383325869943741, "alternate": 0.1640734712178173, "sfR": 0.1028716913164539, "unknown": 0.07987343889206965}, "akl": {"sft": 0.0, "sfb": 0.10230982801375534, "dsfb": 0.0, "sfT": 0.008009321884683063, "roll-out": 0.18990508732389969, "roll-in": 0.1690182642376139, "bad-redirect": 0.021101804343265716, "redirect": 0.035710493228957765, "oneh-out": 0.026999167706568798, "oneh-in": 0.01230919484129241, "dsfb-red": 0.02963278103595193, "dsfb-alt": 0.03430710549607328, "alternate": 0.15467362437706547, "sfR": 0.11706348985084018, "unknown": 0.09895983766003248}, "keymash": {"sft": 0.0, "sfb": 0.10785138724123917, "dsfb": 0.0, "sfT": 0.006489801447377603, "roll-out": 0.22011140620574435, "roll-in": 0.17146457701354198, "bad-redirect": 0.028040375513622016, "redirect": 0.04084757381584726, "oneh-out": 0.03133248225669402, "oneh-in": 0.012712786263458847, "dsfb-red": 0.030934309745374835, "dsfb-alt": 0.034973503056076646, "alternate": 0.17387003156645991, "sfR": 0.09899307508220005, "unknown": 0.0423786907923633}, "movie": {"sft": 0.0, "sfb": 0.10204162202758317, "dsfb": 0.0, "sfT": 0.006019548332530367, "roll-out": 0.19754401585806594, "roll-in": 0.15727376127283535, "bad-redirect": 0.018929559493343056, "redirect": 0.033649435728207826, "oneh-out": 0.02683477325495015, "oneh-in": 0.011790376750136104, "dsfb-red": 0.029542925175179754, "dsfb-alt": 0.0352628252292533, "alternate": 0.1634916275481125, "sfR": 0.1138359467128768, "unknown": 0.10378358261692566}}