{"english-450k": {"sft": 0.0, "sfb": 0.06233230291042337, "dsfb": 0.0, "sfT": 0.001231362198817635, "roll-out": 0.22123094122028814, "roll-in": 0.16219776518870072, "bad-redirect": 0.0018537672608505754, "redirect": 0.048621266081233655, "oneh-out": 0.010435589992638723, "oneh-in": 0.004645088788464721, "dsfb-red": 0.023818029691849565, "dsfb-alt": 0.04980526819548138, "alternate": 0.2908470497298429, "sfR": 0.11328269117541298, "unknown": 0.009698877565995693}, "shai": {"sft": 0.0, "sfb": 0.0743451152189738, "dsfb": 0.0, "sfT": 0.0018243675055339104, "roll-out": 0.1947962779362237, "roll-in": 0.17815917474214563, "bad-redirect": 0.0022363686524134478, "redirect": 0.03991961702769324, "oneh-out": 0.009256105879522534, "oneh-in": 0.006957930668902628, "dsfb-red": 0.019536650913586775, "dsfb-alt": 0.043256954427948933, "alternate": 0.2650064535196414, "sfR": 0.09728563198976478, "unknown": 0.06741935151764922}, "tr-quotes": {"sft": 0.0, "sfb": 0.09789417720348582, "dsfb": 0.0, "sfT": 0.003013106493146252, "roll-out": 0.18501190448672014, "roll-in": 0.1957294098610758, "bad-redirect": 0.002554263655486466, "redirect": 0.037191696909456555, "oneh-out": 0.007190078823882943, "oneh-in": 0.007264048450105176, "dsfb-red": 0.020281546889808374, "dsfb-alt": 0.043720672198978294, "alternate": 0.2579575136959386, "sfR": 0.09591664547745082, "unknown": 0.04627493585446476}, "gutenberg": {"sft": 0.0, "sfb": 0.09235251304935245, "dsfb": 0.0, "sfT": 0.001848713515897345, "roll-out": 0.16846821042485743, "roll-in": 0.19784568707393302, "bad-redirect": 0.0019519565598735775, "redirect": 0.03484196994547631, "oneh-out": 0.00518677897994357, "oneh-in": 0.008604218453945836, "dsfb-red": 0.015190556349295656, "dsfb-alt": 0.04127202249902724, "alternate": 0.25468164581157177, "sfR": 0.09761014138424484, "unknown": 0.08014558595258095}, "english-200": {"sft": 0.0, "sfb": 0.10022271714922049, "dsfb": 0.0, "sfT": 0.004454342984409799, "roll-out": 0.22494432071269488, "roll-in": 0.1870824053452116, "bad-redirect": 0.0022271714922048997, "redirect": 0.0467706013363029, "oneh-out": 0.0066815144766146995, "oneh-in": 0.008908685968819599, "dsfb-red": 0.017817371937639197, "dsfb-alt": 0.042316258351893093, "alternate": 0.2516703786191537, "sfR": 0.10690423162583519, "unknown": 0.0}, "monkeyracer": {"sft": 0.0, "sfb": 0.09887369598198226, "dsfb": 0.0, "sfT": 0.0030254391041181165, "roll-out": 0.1846700658460672, "roll-in": 0.19628696998608006, "bad-redirect": 0.0025425418771603298, "redirect": 0.03715180568371991, "oneh-out": 0.007105627414486134, "oneh-in": 0.0073431659289613215, "dsfb-red": 0.020270930759966842, "dsfb-alt": 0.043519401911256396, "alternate": 0.25700005474138604, "sfR": 0.09605353707555875, "unknown": 0.046156763689256614}, "chained-bigrams": {"sft": 0.0, "sfb": 0.06505123987977475, "dsfb": 0.0, "sfT": 0.0008531863653806321, "roll-out": 0.16753424595272154, "roll-in": 0.1659850049574413, "bad-redirect": 0.0028394094184242802, "redirect": 0.04573052946252505, "oneh-out": 0.00727416046526577, "oneh-in": 0.00590088104153667, "dsfb-red": 0.02442229738284758, "dsfb-alt": 0.048177758846938756, "alternate": 0.27631875406221246, "sfR": 0.11643721321023381, "unknown": 0.07347531895469736}, "english-5k": {"sft": 0.0, "sfb": 0.0513128966690173, "dsfb": 0.0, "sfT": 0.0006637076367859958, "roll-out": 0.23603102833201975, "roll-in": 0.16920396565312978, "bad-redirect": 0.0025718670925457335, "redirect": 0.04948770066785581, "oneh-out": 0.016634172646949018, "oneh-in": 0.004521508275604596, "dsfb-red": 0.024515700833782718, "dsfb-alt": 0.0461276807566267, "alternate": 0.2894594930932924, "sfR": 0.10644211224955408, "unknown": 0.0030281660928361057}, "mt-quotes": {"sft": 0.0, "sfb": 0.10256421749680257, "dsfb": 0.0, "sfT": 0.0032302984664299974, "roll-out": 0.1844213552312308, "roll-in": 0.2003681524246662, "bad-redirect": 0.0025684010470828703, "redirect": 0.0373202567504572, "oneh-out": 0.006814704581585207, "oneh-in": 0.007451201874230526, "dsfb-red": 0.02066375013447126, "dsfb-alt": 0.04323848627197858, "alternate": 0.25845973631680236, "sfR": 0.09572710103871578, "unknown": 0.03717233836554667}, "english-1k": {"sft": 0.0, "sfb": 0.07515878616796048, "dsfb": 0.0, "sfT": 0.0007057163020465773, "roll-out": 0.22582921665490474, "roll-in": 0.1771347918136909, "bad-redirect": 0.003175723359209598, "redirect": 0.04022582921665491, "oneh-out": 0.008468595624558928, "oneh-in": 0.005998588567395907, "dsfb-red": 0.017290049400141144, "dsfb-alt": 0.04798870853916726, "alternate": 0.28969654199011996, "sfR": 0.10832745236414962, "unknown": 0.0}, "english-10k": {"sft": 0.0, "sfb": 0.054861928561779974, "dsfb": 0.0, "sfT": 0.000675401864109145, "roll-out": 0.23839756083441077, "roll-in": 0.17074159124679184, "bad-redirect": 0.0022963663379710927, "redirect": 0.04936222766831979, "oneh-out": 0.015071110167692634, "oneh-in": 0.004226085949711507, "dsfb-red": 0.022616313849597655, "dsfb-alt": 0.04525192489531271, "alternate": 0.2833021361996102, "sfR": 0.10543987958549622, "unknown": 0.0077574728391964646}, "reddit": {"sft": 0.0, "sfb": 0.08405245011749454, "dsfb": 0.0, "sfT": 0.0037954473136198714, "roll-out": 0.18737291870224296, "roll-in": 0.1820631430852585, "bad-redirect": 0.002420086013458074, "redirect": 0.03573871731208599, "oneh-out": 0.00855898147300154, "oneh-in": 0.006288387995872943, "dsfb-red": 0.018027728599315614, "dsfb-alt": 0.04049393592572345, "alternate": 0.24844307325340295, "sfR": 0.1028716913164539, "unknown": 0.07987343889206965}, "akl": {"sft": 0.0, "sfb": 0.08363985199872473, "dsfb": 0.0, "sfT": 0.004968235435081794, "roll-out": 0.17355796210654867, "roll-in": 0.17848852935596943, "bad-redirect": 0.002616018321607252, "redirect": 0.03615135969139843, "oneh-out": 0.008396412055752384, "oneh-in": 0.00613743609263945, "dsfb-red": 0.016550954708839175, "dsfb-alt": 0.03885547696039054, "alternate": 0.23461443576217547, "sfR": 0.11706348985084018, "unknown": 0.09895983766003248}, "keymash": {"sft": 0.0, "sfb": 0.09827472261332523, "dsfb": 0.0, "sfT": 0.0027051101542200128, "roll-out": 0.18691941727247724, "roll-in": 0.19641808934662763, "bad-redirect": 0.0024711324929293592, "redirect": 0.036808380505145455, "oneh-out": 0.0073477195387766665, "oneh-in": 0.007606326427571599, "dsfb-red": 0.019182063354582883, "dsfb-alt": 0.04350753038630943, "alternate": 0.25738774203347115, "sfR": 0.09899307508220005, "unknown": 0.0423786907923633}, "movie": {"sft": 0.0, "sfb": 0.11073958116882306, "dsfb": 0.0, "sfT": 0.0034016725295697055, "roll-out": 0.1603355165853414, "roll-in": 0.18169331939624492, "bad-redirect": 0.0028840982304170243, "redirect": 0.030622685440765247, "oneh-out": 0.005877554264697735, "oneh-in": 0.005935983705029235, "dsfb-red": 0.01717404432662636, "dsfb-alt": 0.03818982435504886, "alternate": 0.225526190667634, "sfR": 0.1138359467128768, "unknown": 0.10378358261692566}}