{"english-450k": {"sft": 0.0, "sfb": 0.0837627411783072, "dsfb": 0.0, "sfT": 0.0011898490382687024, "roll-out": 0.19182412920298825, "roll-in": 0.14457075099646202, "bad-redirect": 0.005424776106661927, "redirect": 0.017522646598464246, "oneh-out": 0.005772375739708975, "oneh-in": 0.00343243674651421, "dsfb-red": 0.006194523654023473, "dsfb-alt": 0.06309240303315031, "alternate": 0.354231798964042, "sfR": 0.11328269117541298, "unknown": 0.009698877565995693}, "shai": {"sft": 0.0, "sfb": 0.08153636187145723, "dsfb": 0.0, "sfT": 0.0010358916941955944, "roll-out": 0.18318988953234006, "roll-in": 0.1580345893790409, "bad-redirect": 0.006641025466361038, "redirect": 0.014194159212517335, "oneh-out": 0.004853666809820187, "oneh-in": 0.002231360343419825, "dsfb-red": 0.011108042306974198, "dsfb-alt": 0.06545456945108004, "alternate": 0.3067373444598814, "sfR": 0.09728563198976478, "unknown": 0.06769746748314746}, "tr-quotes": {"sft": 0.0, "sfb": 0.08611567000300502, "dsfb": 0.0, "sfT": 0.0014296941818265874, "roll-out": 0.17077275143894038, "roll-in": 0.1752710293335799, "bad-redirect": 0.005954554910889716, "redirect": 0.014479554333002012, "oneh-out": 0.005660987956820231, "oneh-in": 0.0018700446129308152, "dsfb-red": 0.01833059799819699, "dsfb-alt": 0.06531402417882157, "alternate": 0.3134925221330991, "sfR": 0.09591664547745082, "unknown": 0.04539192344143686}, "gutenberg": {"sft": 0.0, "sfb": 0.09007093649586669, "dsfb": 0.0, "sfT": 0.001174697459993794, "roll-out": 0.1627955261095028, "roll-in": 0.1865863227404076, "bad-redirect": 0.005230728312425196, "redirect": 0.014645357302389972, "oneh-out": 0.005498781353207524, "oneh-in": 0.002307150518507405, "dsfb-red": 0.00932237327910895, "dsfb-alt": 0.06550704837419674, "alternate": 0.28405362879408713, "sfR": 0.09761014138424484, "unknown": 0.07519730787606137}, "english-200": {"sft": 0.0, "sfb": 0.0801781737193764, "dsfb": 0.0, "sfT": 0.0, "roll-out": 0.1759465478841871, "roll-in": 0.2071269487750557, "bad-redirect": 0.004454342984409799, "redirect": 0.015590200445434299, "oneh-out": 0.008908685968819599, "oneh-in": 0.0022271714922048997, "dsfb-red": 0.011135857461024499, "dsfb-alt": 0.066815144766147, "alternate": 0.3207126948775056, "sfR": 0.10690423162583519, "unknown": 0.0}, "monkeyracer": {"sft": 0.0, "sfb": 0.08626460421977884, "dsfb": 0.0, "sfT": 0.001412523265089072, "roll-out": 0.1703942943835338, "roll-in": 0.17544516477157202, "bad-redirect": 0.005992226723180631, "redirect": 0.014430220373179849, "oneh-out": 0.005674531179129455, "oneh-in": 0.001881735145533885, "dsfb-red": 0.018684408089212817, "dsfb-alt": 0.06541204623301063, "alternate": 0.3130630542565338, "sfR": 0.09605353707555875, "unknown": 0.04529165428468649}, "chained-bigrams": {"sft": 0.0, "sfb": 0.07906063791588777, "dsfb": 0.0, "sfT": 0.001244067790007071, "roll-out": 0.15220740869639746, "roll-in": 0.15483319687113056, "bad-redirect": 0.005908023393149446, "redirect": 0.02244061946264842, "oneh-out": 0.0079799546655464, "oneh-in": 0.003628963923982004, "dsfb-red": 0.011619307464601531, "dsfb-alt": 0.059804208663153065, "alternate": 0.3119162345002854, "sfR": 0.11643721321023381, "unknown": 0.07292016344297708}, "english-5k": {"sft": 0.0, "sfb": 0.08993238478450243, "dsfb": 0.0, "sfT": 0.0009955614551789937, "roll-out": 0.2171983241382171, "roll-in": 0.13539635790434312, "bad-redirect": 0.008130418550628448, "redirect": 0.013730451736010287, "oneh-out": 0.004231136184510723, "oneh-in": 0.0029866843655369808, "dsfb-red": 0.005268179366988842, "dsfb-alt": 0.07226116895507528, "alternate": 0.3403990542166176, "sfR": 0.10644211224955408, "unknown": 0.0030281660928361057}, "mt-quotes": {"sft": 0.0, "sfb": 0.08725242347091237, "dsfb": 0.0, "sfT": 0.001401489343899786, "roll-out": 0.168946701569429, "roll-in": 0.18029009932943665, "bad-redirect": 0.005972018025125207, "redirect": 0.014503472346732648, "oneh-out": 0.0056926166314053145, "oneh-in": 0.0017316909910232963, "dsfb-red": 0.019951052461720516, "dsfb-alt": 0.06538739675595558, "alternate": 0.3168456628536594, "sfR": 0.09572710103871578, "unknown": 0.03629827518198444}, "english-1k": {"sft": 0.0, "sfb": 0.08009880028228653, "dsfb": 0.0, "sfT": 0.0017642907551164433, "roll-out": 0.205363443895554, "roll-in": 0.17995765702187722, "bad-redirect": 0.009880028228652082, "redirect": 0.014467184191954835, "oneh-out": 0.005998588567395907, "oneh-in": 0.0038814396612561752, "dsfb-red": 0.0067043048694424845, "dsfb-alt": 0.06916019760056458, "alternate": 0.31439661256175017, "sfR": 0.10832745236414962, "unknown": 0.0}, "english-10k": {"sft": 0.0, "sfb": 0.08506204048551745, "dsfb": 0.0, "sfT": 0.0012543177476312692, "roll-out": 0.2228054263715482, "roll-in": 0.13083498967600007, "bad-redirect": 0.008085525173192335, "redirect": 0.016904343798846026, "oneh-out": 0.003917330811833041, "oneh-in": 0.0026823102603191758, "dsfb-red": 0.005576889677929797, "dsfb-alt": 0.07045406302464252, "alternate": 0.3392254105478474, "sfR": 0.10543987958549622, "unknown": 0.0077574728391964646}, "reddit": {"sft": 0.0, "sfb": 0.08040578364935216, "dsfb": 0.0, "sfT": 0.0014242432244689802, "roll-out": 0.16564900493445234, "roll-in": 0.16398769374144684, "bad-redirect": 0.006133951080992853, "redirect": 0.013862688989037527, "oneh-out": 0.006207479983226571, "oneh-in": 0.001970859256204399, "dsfb-red": 0.014275844257319694, "dsfb-alt": 0.059420455156265775, "alternate": 0.30030664511367106, "sfR": 0.1028716913164539, "unknown": 0.0834836592971079}, "akl": {"sft": 0.0, "sfb": 0.07598794419805238, "dsfb": 0.0, "sfT": 0.001454128265871967, "roll-out": 0.1569378044974079, "roll-in": 0.16037137113806615, "bad-redirect": 0.004666580178529853, "redirect": 0.013458446229470374, "oneh-out": 0.0066230335255525975, "oneh-in": 0.002308725228056702, "dsfb-red": 0.016231828353016817, "dsfb-alt": 0.05590262327936003, "alternate": 0.28407753401257496, "sfR": 0.11706348985084018, "unknown": 0.10491649124320006}, "keymash": {"sft": 0.0, "sfb": 0.08700274615886673, "dsfb": 0.0, "sfT": 0.0017568848953052588, "roll-out": 0.17261394096374166, "roll-in": 0.17669828785820132, "bad-redirect": 0.0058166025622606345, "redirect": 0.014432727317507686, "oneh-out": 0.005705771038491378, "oneh-in": 0.0022412597028894188, "dsfb-red": 0.017872609425605365, "dsfb-alt": 0.06642092170779064, "alternate": 0.3090844905649534, "sfR": 0.09899307508220005, "unknown": 0.04136068272218642}, "movie": {"sft": 0.0, "sfb": 0.0727071478287212, "dsfb": 0.0, "sfT": 0.002301251403326451, "roll-out": 0.1493570984992714, "roll-in": 0.15843827054646922, "bad-redirect": 0.003949251135919644, "redirect": 0.014284813780504543, "oneh-out": 0.005510791088562845, "oneh-in": 0.001779597571177652, "dsfb-red": 0.025589594506263993, "dsfb-alt": 0.058960174414511346, "alternate": 0.2896844797062315, "sfR": 0.1138359467128768, "unknown": 0.10360158280616336}}