{"english-450k": {"sft": 0.0, "sfb": 0.09161399075367435, "dsfb": 0.0, "sfT": 0.0007972280902601355, "roll-out": 0.23229185973697028, "roll-in": 0.18731410435940807, "bad-redirect": 0.01764835546491524, "redirect": 0.0636265195424665, "oneh-out": 0.011902875575702757, "oneh-in": 0.008471608213992742, "dsfb-red": 0.03345346813221766, "dsfb-alt": 0.043788198685494543, "alternate": 0.18611022270348904, "sfR": 0.11328269117541298, "unknown": 0.009698877565995693}, "shai": {"sft": 0.0, "sfb": 0.10120787717985294, "dsfb": 0.0, "sfT": 0.0015212641807908205, "roll-out": 0.19807963474487658, "roll-in": 0.2064956374300114, "bad-redirect": 0.020361938183069098, "redirect": 0.05890225375452877, "oneh-out": 0.01548450319277763, "oneh-in": 0.01103513928672391, "dsfb-red": 0.03047823080826831, "dsfb-alt": 0.03306737174161894, "alternate": 0.15901406212408656, "sfR": 0.09728563198976478, "unknown": 0.06706645538363028}, "tr-quotes": {"sft": 0.0, "sfb": 0.11484246781165484, "dsfb": 0.0, "sfT": 0.0010667807031737593, "roll-out": 0.20095004738679179, "roll-in": 0.21219805367421002, "bad-redirect": 0.018866877788308176, "redirect": 0.058834747231917894, "oneh-out": 0.01724994799010656, "oneh-in": 0.01147107094149465, "dsfb-red": 0.03146945285592104, "dsfb-alt": 0.033733616883567186, "alternate": 0.15805575460576501, "sfR": 0.09591664547745082, "unknown": 0.045344536649638244}, "gutenberg": {"sft": 0.0, "sfb": 0.10588360322391085, "dsfb": 0.0, "sfT": 0.0010807368181365257, "roll-out": 0.19204930054258482, "roll-in": 0.21093633673978548, "bad-redirect": 0.01605268312569168, "redirect": 0.055303036330564145, "oneh-out": 0.01751797660304243, "oneh-in": 0.01348505703751947, "dsfb-red": 0.029517280991193842, "dsfb-alt": 0.033142153737038264, "alternate": 0.15223025813034236, "sfR": 0.09761014138424484, "unknown": 0.07519143533594529}, "english-200": {"sft": 0.0, "sfb": 0.08463251670378619, "dsfb": 0.0, "sfT": 0.0, "roll-out": 0.23385300668151449, "roll-in": 0.2182628062360802, "bad-redirect": 0.031180400890868598, "redirect": 0.051224944320712694, "oneh-out": 0.031180400890868598, "oneh-in": 0.015590200445434299, "dsfb-red": 0.035634743875278395, "dsfb-alt": 0.028953229398663696, "alternate": 0.16258351893095768, "sfR": 0.10690423162583519, "unknown": 0.0}, "monkeyracer": {"sft": 0.0, "sfb": 0.11545935843095548, "dsfb": 0.0, "sfT": 0.0010674570280119493, "roll-out": 0.20067410106823905, "roll-in": 0.21201436570373963, "bad-redirect": 0.018941497098706538, "redirect": 0.05902392198570468, "oneh-out": 0.017402873140747923, "oneh-in": 0.011600286219247071, "dsfb-red": 0.03130718519792921, "dsfb-alt": 0.03349488559050315, "alternate": 0.15771482083926364, "sfR": 0.09605353707555875, "unknown": 0.04524571062139293}, "chained-bigrams": {"sft": 0.0, "sfb": 0.09627240669329248, "dsfb": 0.0, "sfT": 0.0015193729794449613, "roll-out": 0.1887217073596739, "roll-in": 0.206102944661709, "bad-redirect": 0.015773558884468568, "redirect": 0.06245596902556897, "oneh-out": 0.013545794485974694, "oneh-in": 0.015650840297667244, "dsfb-red": 0.025268990701307503, "dsfb-alt": 0.03399174993458255, "alternate": 0.15148148605066264, "sfR": 0.11643721321023381, "unknown": 0.07277796571541365}, "english-5k": {"sft": 0.0, "sfb": 0.08794126187414444, "dsfb": 0.0, "sfT": 0.002530385365246609, "roll-out": 0.22209316795951384, "roll-in": 0.20686937404073505, "bad-redirect": 0.02725349483552495, "redirect": 0.06160036503920023, "oneh-out": 0.01775417928402539, "oneh-in": 0.0070933753681503295, "dsfb-red": 0.03820467084249388, "dsfb-alt": 0.03816318911519476, "alternate": 0.18102625793338034, "sfR": 0.10644211224955408, "unknown": 0.0030281660928361057}, "mt-quotes": {"sft": 0.0, "sfb": 0.11892787559316767, "dsfb": 0.0, "sfT": 0.0009756636903694673, "roll-out": 0.20146185199794409, "roll-in": 0.21556938119314853, "bad-redirect": 0.019344437671077325, "redirect": 0.05929584872282186, "oneh-out": 0.01795340720287828, "oneh-in": 0.012091954435160947, "dsfb-red": 0.0311151552097154, "dsfb-alt": 0.03334887223437444, "alternate": 0.15790810532984306, "sfR": 0.09572710103871578, "unknown": 0.03628034568078316}, "english-1k": {"sft": 0.0, "sfb": 0.10197600564573042, "dsfb": 0.0, "sfT": 0.0024700070571630206, "roll-out": 0.22194777699364857, "roll-in": 0.20112914608327453, "bad-redirect": 0.021524347212420608, "redirect": 0.061397318278052226, "oneh-out": 0.02399435426958363, "oneh-in": 0.008821453775582216, "dsfb-red": 0.035285815102328866, "dsfb-alt": 0.03952011291460833, "alternate": 0.17360621030345802, "sfR": 0.10832745236414962, "unknown": 0.0}, "english-10k": {"sft": 0.0, "sfb": 0.0950772852704502, "dsfb": 0.0, "sfT": 0.0021419887690318595, "roll-out": 0.21886879836359777, "roll-in": 0.20426082090272282, "bad-redirect": 0.025298624109916828, "redirect": 0.06352636961849444, "oneh-out": 0.014993921383223018, "oneh-in": 0.00796974199648791, "dsfb-red": 0.03710850813376816, "dsfb-alt": 0.0372821828988248, "alternate": 0.18027440612878948, "sfR": 0.10543987958549622, "unknown": 0.0077574728391964646}, "reddit": {"sft": 0.0, "sfb": 0.10273051432586863, "dsfb": 0.0, "sfT": 0.0014643226566595441, "roll-out": 0.19061302240683733, "roll-in": 0.20267135034162098, "bad-redirect": 0.01954730094053692, "redirect": 0.057567287092531234, "oneh-out": 0.016616558012075146, "oneh-in": 0.011288503177418724, "dsfb-red": 0.02944594679886137, "dsfb-alt": 0.03304908775279306, "alternate": 0.15376125805966478, "sfR": 0.1028716913164539, "unknown": 0.07837315711867839}, "akl": {"sft": 0.0, "sfb": 0.10170905762501346, "dsfb": 0.0, "sfT": 0.0010322817590200126, "roll-out": 0.1800757973109624, "roll-in": 0.18955281544286573, "bad-redirect": 0.01789951292805587, "redirect": 0.05651844855151577, "oneh-out": 0.015588371484142624, "oneh-in": 0.00995164966208292, "dsfb-red": 0.026087201106354263, "dsfb-alt": 0.03218102140507041, "alternate": 0.153626659460148, "sfR": 0.11706348985084018, "unknown": 0.09871369341392838}, "keymash": {"sft": 0.0, "sfb": 0.11653318993649764, "dsfb": 0.0, "sfT": 0.001239671117715393, "roll-out": 0.20175852684380555, "roll-in": 0.21051832209282756, "bad-redirect": 0.018398032945696658, "redirect": 0.05853135916391982, "oneh-out": 0.017503171013041177, "oneh-in": 0.011637309995771982, "dsfb-red": 0.030080496525226486, "dsfb-alt": 0.034234626230948265, "alternate": 0.15926489965642227, "sfR": 0.09899307508220005, "unknown": 0.04130731939592715}, "movie": {"sft": 0.0, "sfb": 0.10780889730354713, "dsfb": 0.0, "sfT": 0.0008676245497873444, "roll-out": 0.18538753392098786, "roll-in": 0.18751297061196548, "bad-redirect": 0.01743868758001971, "redirect": 0.05074228418842758, "oneh-out": 0.015951895199692482, "oneh-in": 0.0096775734516626, "dsfb-red": 0.025728430225970596, "dsfb-alt": 0.03417595868038425, "alternate": 0.1472925916075584, "sfR": 0.1138359467128768, "unknown": 0.10357960596711975}}