{"english-450k": {"sft": 0.0, "sfb": 0.05593284456946467, "dsfb": 0.0, "sfT": 0.0010413371681359013, "roll-out": 0.18249214611930883, "roll-in": 0.2189456709666895, "bad-redirect": 0.000562474090817932, "redirect": 0.04664500576214362, "oneh-out": 0.0043138605426764065, "oneh-in": 0.00445418671917984, "dsfb-red": 0.01906974269441461, "dsfb-alt": 0.04978655803861425, "alternate": 0.29377460458714577, "sfR": 0.11328269117541298, "unknown": 0.009698877565995693}, "shai": {"sft": 0.0, "sfb": 0.04643915810248409, "dsfb": 0.0, "sfT": 0.0006009235414674052, "roll-out": 0.20048668842558892, "roll-in": 0.22109500522195555, "bad-redirect": 0.0006101776889200723, "redirect": 0.04112574478276634, "oneh-out": 0.0057552166143955055, "oneh-in": 0.0032478651599113584, "dsfb-red": 0.014301025070031177, "dsfb-alt": 0.04490073639946087, "alternate": 0.25708537161962364, "sfR": 0.09728563198976478, "unknown": 0.06706645538363028}, "tr-quotes": {"sft": 0.0, "sfb": 0.045360717505374355, "dsfb": 0.0, "sfT": 0.00047502369339589933, "roll-out": 0.2161057303344814, "roll-in": 0.2204271745914334, "bad-redirect": 0.0024802940292642335, "redirect": 0.043572732946533826, "oneh-out": 0.008611682577841473, "oneh-in": 0.0037215968193060724, "dsfb-red": 0.012738956565960103, "dsfb-alt": 0.04475624696608955, "alternate": 0.2604886618432306, "sfR": 0.09591664547745082, "unknown": 0.045344536649638244}, "gutenberg": {"sft": 0.0, "sfb": 0.04115021465081308, "dsfb": 0.0, "sfT": 0.0004436609339308927, "roll-out": 0.22291006716291525, "roll-in": 0.2111511580459672, "bad-redirect": 0.001050237496888501, "redirect": 0.03476316424585408, "oneh-out": 0.007328551191311065, "oneh-in": 0.003977414589587115, "dsfb-red": 0.015333012806305063, "dsfb-alt": 0.04704529774346699, "alternate": 0.24204564441277063, "sfR": 0.09761014138424484, "unknown": 0.07519143533594529}, "english-200": {"sft": 0.0, "sfb": 0.042316258351893093, "dsfb": 0.0, "sfT": 0.0022271714922048997, "roll-out": 0.20489977728285078, "roll-in": 0.2650334075723831, "bad-redirect": 0.0, "redirect": 0.0556792873051225, "oneh-out": 0.0066815144766146995, "oneh-in": 0.0022271714922048997, "dsfb-red": 0.017817371937639197, "dsfb-alt": 0.04899777282850779, "alternate": 0.24721603563474387, "sfR": 0.10690423162583519, "unknown": 0.0}, "monkeyracer": {"sft": 0.0, "sfb": 0.04542948527456715, "dsfb": 0.0, "sfT": 0.00044281871216979215, "roll-out": 0.2161991491624568, "roll-in": 0.22037904499741934, "bad-redirect": 0.0025532946494205232, "redirect": 0.04361715438634906, "oneh-out": 0.008735161174280933, "oneh-in": 0.0038182116771196648, "dsfb-red": 0.012711731861050722, "dsfb-alt": 0.04457903874126093, "alternate": 0.2602356616669534, "sfR": 0.09605353707555875, "unknown": 0.04524571062139293}, "chained-bigrams": {"sft": 0.0, "sfb": 0.04335147707077876, "dsfb": 0.0, "sfT": 0.0009947347882520003, "roll-out": 0.18759776093769986, "roll-in": 0.17123398408813922, "bad-redirect": 0.001580407620499588, "redirect": 0.0448117633232453, "oneh-out": 0.006367081810443286, "oneh-in": 0.0062703354113247825, "dsfb-red": 0.021244600219854567, "dsfb-alt": 0.06126644282969582, "alternate": 0.26606623297441934, "sfR": 0.11643721321023381, "unknown": 0.07277796571541365}, "english-5k": {"sft": 0.0, "sfb": 0.047538059484796946, "dsfb": 0.0, "sfT": 0.000622225909486871, "roll-out": 0.19197743394034927, "roll-in": 0.2456962707927158, "bad-redirect": 0.00020740863649562367, "redirect": 0.044758783755755586, "oneh-out": 0.004645953457501971, "oneh-in": 0.00394076409341685, "dsfb-red": 0.018874185921101756, "dsfb-alt": 0.04828473057618119, "alternate": 0.2839839050898079, "sfR": 0.10644211224955408, "unknown": 0.0030281660928361057}, "mt-quotes": {"sft": 0.0, "sfb": 0.044793870501189326, "dsfb": 0.0, "sfT": 0.0003839901507273401, "roll-out": 0.2212485506986529, "roll-in": 0.22178195335939088, "bad-redirect": 0.0028149316886004233, "redirect": 0.044592163612674963, "oneh-out": 0.00905140985644446, "oneh-in": 0.0038174896307718053, "dsfb-red": 0.012444567958786052, "dsfb-alt": 0.04471318774578358, "alternate": 0.2623504380774794, "sfR": 0.09572710103871578, "unknown": 0.03628034568078316}, "english-1k": {"sft": 0.0, "sfb": 0.0465772759350741, "dsfb": 0.0, "sfT": 0.00035285815102328866, "roll-out": 0.22829922371206776, "roll-in": 0.2360621030345801, "bad-redirect": 0.0, "redirect": 0.04128440366972477, "oneh-out": 0.006351446718419196, "oneh-in": 0.0045871559633027525, "dsfb-red": 0.016937191249117856, "dsfb-alt": 0.04446012702893437, "alternate": 0.2667607621736062, "sfR": 0.10832745236414962, "unknown": 0.0}, "english-10k": {"sft": 0.0, "sfb": 0.05111827251500357, "dsfb": 0.0, "sfT": 0.0007332934524613573, "roll-out": 0.18297601358522605, "roll-in": 0.24727427104841668, "bad-redirect": 0.00011578317670442484, "redirect": 0.041508268848536305, "oneh-out": 0.00438046351865074, "oneh-in": 0.0033577121244283206, "dsfb-red": 0.017000829779433048, "dsfb-alt": 0.04895698654985431, "alternate": 0.2893807529765925, "sfR": 0.10543987958549622, "unknown": 0.0077574728391964646}, "reddit": {"sft": 0.0, "sfb": 0.04304620915058386, "dsfb": 0.0, "sfT": 0.00047466034085871496, "roll-out": 0.2034296756731144, "roll-in": 0.20307888699791382, "bad-redirect": 0.0011307643915595713, "redirect": 0.04153697505542293, "oneh-out": 0.006524894103210531, "oneh-in": 0.003619397471287488, "dsfb-red": 0.016294087141300786, "dsfb-alt": 0.045392054570956235, "alternate": 0.2542275466686594, "sfR": 0.1028716913164539, "unknown": 0.07837315711867839}, "akl": {"sft": 0.0, "sfb": 0.04780891970245603, "dsfb": 0.0, "sfT": 0.0005664477327283624, "roll-out": 0.19503508531286465, "roll-in": 0.18768762071011716, "bad-redirect": 0.0008863175395835014, "redirect": 0.03944181200824586, "oneh-out": 0.005248888199957598, "oneh-in": 0.004039479232376896, "dsfb-red": 0.014909290919947547, "dsfb-alt": 0.04885136195892408, "alternate": 0.23974759341802976, "sfR": 0.11706348985084018, "unknown": 0.09871369341392838}, "keymash": {"sft": 0.0, "sfb": 0.04681605661438429, "dsfb": 0.0, "sfT": 0.0003981725113191825, "roll-out": 0.21585054984750404, "roll-in": 0.22037411796579, "bad-redirect": 0.0026558516992114542, "redirect": 0.04222681055608691, "oneh-out": 0.008546341943984927, "oneh-in": 0.004195178418228912, "dsfb-red": 0.013295677981060124, "dsfb-alt": 0.04535061757787967, "alternate": 0.25999023040642333, "sfR": 0.09899307508220005, "unknown": 0.04130731939592715}, "movie": {"sft": 0.0, "sfb": 0.03760868829985989, "dsfb": 0.0, "sfT": 0.00035281380524493713, "roll-out": 0.1920203281813218, "roll-in": 0.19295454123743289, "bad-redirect": 0.004754366712379369, "redirect": 0.03759552851600144, "oneh-out": 0.00972771222816328, "oneh-in": 0.0033524549379391174, "dsfb-red": 0.010897485415340545, "dsfb-alt": 0.047368510400637776, "alternate": 0.24595201758568236, "sfR": 0.1138359467128768, "unknown": 0.10357960596711975}}