{"english-450k": {"sft": 0.0, "sfb": 0.041827725061261145, "dsfb": 0.0, "sfT": 0.0006110035601920364, "roll-out": 0.17191652229636772, "roll-in": 0.20321481423445348, "bad-redirect": 0.002994209791142027, "redirect": 0.0256320378693575, "oneh-out": 0.009554458542677575, "oneh-in": 0.003604043966529868, "dsfb-red": 0.011512008704900482, "dsfb-alt": 0.08848997924926665, "alternate": 0.31766162798244285, "sfR": 0.11328269117541298, "unknown": 0.009698877565995693}, "shai": {"sft": 0.0, "sfb": 0.05564275027534088, "dsfb": 0.0, "sfT": 0.0013789531194411254, "roll-out": 0.153073538076927, "roll-in": 0.2334203607654492, "bad-redirect": 0.005919058759927212, "redirect": 0.027024111563140454, "oneh-out": 0.005178765667801883, "oneh-in": 0.0033750816269216967, "dsfb-red": 0.015274084547686997, "dsfb-alt": 0.0769237054179221, "alternate": 0.25745400096543475, "sfR": 0.09728563198976478, "unknown": 0.06804995722424188}, "tr-quotes": {"sft": 0.0, "sfb": 0.07395806846813527, "dsfb": 0.0, "sfT": 0.0009280876540070734, "roll-out": 0.15469129238806315, "roll-in": 0.24599177087908278, "bad-redirect": 0.008108920274612238, "redirect": 0.02739072143501075, "oneh-out": 0.006437669032153672, "oneh-in": 0.002751901250548993, "dsfb-red": 0.017000300501606527, "dsfb-alt": 0.07593791174498972, "alternate": 0.24456438824807564, "sfR": 0.09591664547745082, "unknown": 0.046322322646263375}, "gutenberg": {"sft": 0.0, "sfb": 0.062365428848872265, "dsfb": 0.0, "sfT": 0.0009110014651040406, "roll-out": 0.14199423127123822, "roll-in": 0.2591764122417077, "bad-redirect": 0.00785613261786851, "redirect": 0.03449605838896144, "oneh-out": 0.006539547011199124, "oneh-in": 0.0019102804687272084, "dsfb-red": 0.016577612437357992, "dsfb-alt": 0.06384928713046094, "alternate": 0.22656240824156068, "sfR": 0.09761014138424484, "unknown": 0.08015145849269702}, "english-200": {"sft": 0.0, "sfb": 0.066815144766147, "dsfb": 0.0, "sfT": 0.0022271714922048997, "roll-out": 0.15367483296213807, "roll-in": 0.26057906458797325, "bad-redirect": 0.0022271714922048997, "redirect": 0.031180400890868598, "oneh-out": 0.0066815144766146995, "oneh-in": 0.0022271714922048997, "dsfb-red": 0.022271714922048998, "dsfb-alt": 0.10244988864142539, "alternate": 0.24276169265033407, "sfR": 0.10690423162583519, "unknown": 0.0}, "monkeyracer": {"sft": 0.0, "sfb": 0.07471417176282903, "dsfb": 0.0, "sfT": 0.0009276709886294321, "roll-out": 0.15495038084364296, "roll-in": 0.2456940034721679, "bad-redirect": 0.008137893551464723, "redirect": 0.027524164411842907, "oneh-out": 0.006512269890673632, "oneh-in": 0.0027781253421336628, "dsfb-red": 0.01714089650749957, "dsfb-alt": 0.07588720146394107, "alternate": 0.24347697733706616, "sfR": 0.09605353707555875, "unknown": 0.046202707352550165}, "chained-bigrams": {"sft": 0.0, "sfb": 0.045614303922644435, "dsfb": 0.0, "sfT": 0.0009103251782828358, "roll-out": 0.1351709521858518, "roll-in": 0.2244970972833741, "bad-redirect": 0.003432873906976714, "redirect": 0.03095625049915298, "oneh-out": 0.00698716779137061, "oneh-in": 0.005071718949762646, "dsfb-red": 0.016912439314360216, "dsfb-alt": 0.08772755694564476, "alternate": 0.2526645841300843, "sfR": 0.11643721321023381, "unknown": 0.0736175166822608}, "english-5k": {"sft": 0.0, "sfb": 0.04144024557182561, "dsfb": 0.0, "sfT": 0.0007466710913842452, "roll-out": 0.17716845729456174, "roll-in": 0.22246650350520597, "bad-redirect": 0.0035259468204256023, "redirect": 0.023934956651594973, "oneh-out": 0.006968930186252956, "oneh-in": 0.005060770730493218, "dsfb-red": 0.012942298917326917, "dsfb-alt": 0.08657236487327333, "alternate": 0.3097025760152653, "sfR": 0.10644211224955408, "unknown": 0.0030281660928361057}, "mt-quotes": {"sft": 0.0, "sfb": 0.07791264747014738, "dsfb": 0.0, "sfT": 0.000915898686365212, "roll-out": 0.15552348167007327, "roll-in": 0.25241749441197214, "bad-redirect": 0.00846123044190244, "redirect": 0.027698091105772104, "oneh-out": 0.006439679181458506, "oneh-in": 0.002767119685397019, "dsfb-red": 0.01767400580915839, "dsfb-alt": 0.07673677101636366, "alternate": 0.24053621161592617, "sfR": 0.09572710103871578, "unknown": 0.03719026786674795}, "english-1k": {"sft": 0.0, "sfb": 0.068454481298518, "dsfb": 0.0, "sfT": 0.00035285815102328866, "roll-out": 0.1838390966831334, "roll-in": 0.21912491178546226, "bad-redirect": 0.0035285815102328866, "redirect": 0.027170077628793227, "oneh-out": 0.005998588567395907, "oneh-in": 0.0017642907551164433, "dsfb-red": 0.014467184191954835, "dsfb-alt": 0.08786167960479888, "alternate": 0.2791107974594213, "sfR": 0.10832745236414962, "unknown": 0.0}, "english-10k": {"sft": 0.0, "sfb": 0.04123810810289265, "dsfb": 0.0, "sfT": 0.0009069682175179947, "roll-out": 0.1715713706798402, "roll-in": 0.22378958337353583, "bad-redirect": 0.003010362594315046, "redirect": 0.02545300167885606, "oneh-out": 0.005866347619690859, "oneh-in": 0.004805001833233631, "dsfb-red": 0.010516971883985256, "dsfb-alt": 0.08290075452036819, "alternate": 0.31674417707107155, "sfR": 0.10543987958549622, "unknown": 0.0077574728391964646}, "reddit": {"sft": 0.0, "sfb": 0.06528782182707149, "dsfb": 0.0, "sfT": 0.0014395258490799616, "roll-out": 0.1497515543421851, "roll-in": 0.22765053806637717, "bad-redirect": 0.008068514103746172, "redirect": 0.026596823573897952, "oneh-out": 0.0055032806138970375, "oneh-in": 0.0028616714584062584, "dsfb-red": 0.017355442946085486, "dsfb-alt": 0.07671536692251953, "alternate": 0.23092450327256056, "sfR": 0.1028716913164539, "unknown": 0.08497326570771943}, "akl": {"sft": 0.0, "sfb": 0.06684176177573775, "dsfb": 0.0, "sfT": 0.004598492454777422, "roll-out": 0.14147073944011446, "roll-in": 0.21386496525419643, "bad-redirect": 0.008164765104787565, "redirect": 0.02530143531895474, "oneh-out": 0.005185756816423725, "oneh-in": 0.0027486623767063903, "dsfb-red": 0.01590340885928467, "dsfb-alt": 0.07700312658331837, "alternate": 0.21671932158606355, "sfR": 0.11706348985084018, "unknown": 0.10513407457879471}, "keymash": {"sft": 0.0, "sfb": 0.07275884291889186, "dsfb": 0.0, "sfT": 0.0009235960314104749, "roll-out": 0.15650232130469227, "roll-in": 0.2450238698263229, "bad-redirect": 0.008057862265150054, "redirect": 0.02797880244486132, "oneh-out": 0.006707359623665404, "oneh-in": 0.002614802986704322, "dsfb-red": 0.015914585839015158, "dsfb-alt": 0.07599348146445387, "alternate": 0.2462635409440383, "sfR": 0.09899307508220005, "unknown": 0.04226785926859404}, "movie": {"sft": 0.0, "sfb": 0.078621417890384, "dsfb": 0.0, "sfT": 0.0008730200611693073, "roll-out": 0.14741431960824902, "roll-in": 0.20772810939044012, "bad-redirect": 0.013249928377876351, "redirect": 0.02504109471504396, "oneh-out": 0.007121548632836635, "oneh-in": 0.001802495595091348, "dsfb-red": 0.01772372849839365, "dsfb-alt": 0.06585063724279366, "alternate": 0.21693219381887585, "sfR": 0.1138359467128768, "unknown": 0.10380555945596927}}