{"english-450k": {"sft": 0.0, "sfb": 0.03869932836383771, "dsfb": 0.0, "sfT": 0.0017002855052999442, "roll-out": 0.1793117117980987, "roll-in": 0.1969191387948671, "bad-redirect": 0.0034362372471278446, "redirect": 0.01612289298784249, "oneh-out": 0.0049459130293439575, "oneh-in": 0.003043323952918229, "dsfb-red": 0.007186454314182123, "dsfb-alt": 0.05068347618343204, "alternate": 0.37512285849099075, "sfR": 0.11328269117541298, "unknown": 0.009545688156646111}, "shai": {"sft": 0.0, "sfb": 0.017713274232706935, "dsfb": 0.0, "sfT": 0.0001807751840534203, "roll-out": 0.21433010345138287, "roll-in": 0.20037713650436442, "bad-redirect": 0.0023206197112798886, "redirect": 0.017246971250293765, "oneh-out": 0.011485380072596484, "oneh-in": 0.004380973782470021, "dsfb-red": 0.006128262096653087, "dsfb-alt": 0.045289162886309374, "alternate": 0.3221506824459621, "sfR": 0.09728563198976478, "unknown": 0.06111102639216282}, "tr-quotes": {"sft": 0.0, "sfb": 0.016944823281939855, "dsfb": 0.0, "sfT": 0.00017914518850696933, "roll-out": 0.2405237974156862, "roll-in": 0.18938535863710965, "bad-redirect": 0.002128938304708629, "redirect": 0.02015441159473891, "oneh-out": 0.019671297473474954, "oneh-in": 0.004484408589722845, "dsfb-red": 0.00801876979265389, "dsfb-alt": 0.04180208501883914, "alternate": 0.31837567323917615, "sfR": 0.09591664547745082, "unknown": 0.042414645985992004}, "gutenberg": {"sft": 0.0, "sfb": 0.017641678819035972, "dsfb": 0.0, "sfT": 7.577471117521652e-05, "roll-out": 0.2573114071629077, "roll-in": 0.18290234571984648, "bad-redirect": 0.002407552010814567, "redirect": 0.01962546075760314, "oneh-out": 0.014968536445552271, "oneh-in": 0.004245278193591506, "dsfb-red": 0.00759982465731834, "dsfb-alt": 0.03694377099669888, "alternate": 0.2853577115734126, "sfR": 0.09761014138424484, "unknown": 0.07331051756779848}, "english-200": {"sft": 0.0, "sfb": 0.011135857461024499, "dsfb": 0.0, "sfT": 0.0, "roll-out": 0.26280623608017817, "roll-in": 0.19376391982182628, "bad-redirect": 0.0, "redirect": 0.028953229398663696, "oneh-out": 0.011135857461024499, "oneh-in": 0.0022271714922048997, "dsfb-red": 0.0022271714922048997, "dsfb-alt": 0.031180400890868598, "alternate": 0.34966592427616927, "sfR": 0.10690423162583519, "unknown": 0.0}, "monkeyracer": {"sft": 0.0, "sfb": 0.016844706507968783, "dsfb": 0.0, "sfT": 0.0001642241581556845, "roll-out": 0.2410165475389837, "roll-in": 0.18949317296713952, "bad-redirect": 0.0021505544520387257, "redirect": 0.020096931354301892, "oneh-out": 0.020062717988019455, "oneh-in": 0.004500523953266496, "dsfb-red": 0.008062624145643368, "dsfb-alt": 0.04167970033001236, "alternate": 0.3175381625662762, "sfR": 0.09605353707555875, "unknown": 0.042336596962635094}, "chained-bigrams": {"sft": 0.0, "sfb": 0.019046054532503867, "dsfb": 0.0, "sfT": 7.856586774053006e-05, "roll-out": 0.20122277059610716, "roll-in": 0.17881201914929398, "bad-redirect": 0.0038977760664991893, "redirect": 0.02322497953066958, "oneh-out": 0.00639694982627853, "oneh-in": 0.004930819831583349, "dsfb-red": 0.01136932515815439, "dsfb-alt": 0.0564823658585204, "alternate": 0.31045270172435846, "sfR": 0.11643721321023381, "unknown": 0.06764845864805673}, "english-5k": {"sft": 0.0, "sfb": 0.020989754013357117, "dsfb": 0.0, "sfT": 0.00045629900029037207, "roll-out": 0.1821462645704567, "roll-in": 0.2243746629609657, "bad-redirect": 0.0037333554569212264, "redirect": 0.014767494918488406, "oneh-out": 0.007425229186543328, "oneh-in": 0.0017837142738623636, "dsfb-red": 0.005019289003194093, "dsfb-alt": 0.05023437175924005, "alternate": 0.3817148546065458, "sfR": 0.10644211224955408, "unknown": 0.0009125980005807441}, "mt-quotes": {"sft": 0.0, "sfb": 0.015900479315332113, "dsfb": 0.0, "sfT": 0.0001299888837092552, "roll-out": 0.24797844873955607, "roll-in": 0.19027085499814728, "bad-redirect": 0.0019602921313395727, "redirect": 0.02042020774315392, "oneh-out": 0.021582637071036685, "oneh-in": 0.0046183406844288255, "dsfb-red": 0.008301359056191056, "dsfb-alt": 0.04128865301633975, "alternate": 0.31728642975819077, "sfR": 0.09572710103871578, "unknown": 0.03453520756385891}, "english-1k": {"sft": 0.0, "sfb": 0.015172900494001412, "dsfb": 0.0, "sfT": 0.0, "roll-out": 0.23147494707127736, "roll-in": 0.2050105857445307, "bad-redirect": 0.0017642907551164433, "redirect": 0.016937191249117856, "oneh-out": 0.011997177134791814, "oneh-in": 0.0014114326040931546, "dsfb-red": 0.006351446718419196, "dsfb-alt": 0.04269583627381793, "alternate": 0.35885673959068454, "sfR": 0.10832745236414962, "unknown": 0.0}, "english-10k": {"sft": 0.0, "sfb": 0.023330310105941606, "dsfb": 0.0, "sfT": 0.00036664672623067866, "roll-out": 0.1718994230138361, "roll-in": 0.23602400571197005, "bad-redirect": 0.002566527083614751, "redirect": 0.015071110167692634, "oneh-out": 0.005924239208043071, "oneh-in": 0.0057312672468690295, "dsfb-red": 0.005210242951699118, "dsfb-alt": 0.052449779047104454, "alternate": 0.3682290963123058, "sfR": 0.10543987958549622, "unknown": 0.0077574728391964646}, "reddit": {"sft": 0.0, "sfb": 0.01640870682588315, "dsfb": 0.0, "sfT": 0.00019005891489244945, "roll-out": 0.22560828498049498, "roll-in": 0.18043228476923517, "bad-redirect": 0.0023175276159461454, "redirect": 0.019106389729027454, "oneh-out": 0.014310679651653549, "oneh-in": 0.0049002537177887315, "dsfb-red": 0.008078889807219804, "dsfb-alt": 0.043044898141119683, "alternate": 0.3032553301430854, "sfR": 0.1028716913164539, "unknown": 0.07947500438719952}, "akl": {"sft": 0.0, "sfb": 0.02205658133211804, "dsfb": 0.0, "sfT": 0.0002552515212556987, "roll-out": 0.21231995009956667, "roll-in": 0.1744280476319164, "bad-redirect": 0.0017614833136752489, "redirect": 0.019793268571313867, "oneh-out": 0.015280768619328413, "oneh-in": 0.00522404454461208, "dsfb-red": 0.010769693615155795, "dsfb-alt": 0.038331591799289036, "alternate": 0.28541834795020016, "sfR": 0.11706348985084018, "unknown": 0.09729748115072838}, "keymash": {"sft": 0.0, "sfb": 0.01776177790183611, "dsfb": 0.0, "sfT": 0.00016008997877781564, "roll-out": 0.24448202682122874, "roll-in": 0.1885162121890047, "bad-redirect": 0.0021796866341287206, "redirect": 0.01949403356963709, "oneh-out": 0.019214902324588588, "oneh-in": 0.004277275843243176, "dsfb-red": 0.008222057115178582, "dsfb-alt": 0.041533087314716374, "alternate": 0.3162803298674537, "sfR": 0.09899307508220005, "unknown": 0.038885445358006344}, "movie": {"sft": 0.0, "sfb": 0.014361008929044947, "dsfb": 0.0, "sfT": 9.040771510752398e-05, "roll-out": 0.22651633280514347, "roll-in": 0.15218408326774277, "bad-redirect": 0.0019447528586011493, "redirect": 0.021223836211224534, "oneh-out": 0.025478525930498708, "oneh-in": 0.003743168920696379, "dsfb-red": 0.010047626573762103, "dsfb-alt": 0.042563610118241973, "alternate": 0.28942694273612174, "sfR": 0.1138359467128768, "unknown": 0.0985837572209379}}