{"english-450k": {"sft": 0.0, "sfb": 0.03579457651021662, "dsfb": 0.0, "sfT": 6.022331741605717e-05, "roll-out": 0.2316788097533709, "roll-in": 0.20740179652587468, "bad-redirect": 0.01592526695593349, "redirect": 0.05744544381369127, "oneh-out": 0.02622199250307402, "oneh-in": 0.01416621986422273, "dsfb-red": 0.02539816090851844, "dsfb-alt": 0.03531746751010495, "alternate": 0.22760847359616815, "sfR": 0.11328269117541298, "unknown": 0.009698877565995693}, "shai": {"sft": 0.0, "sfb": 0.016928839128161, "dsfb": 0.0, "sfT": 2.276574459079406e-05, "roll-out": 0.2272995801690161, "roll-in": 0.20229594585514823, "bad-redirect": 0.017152111400892917, "redirect": 0.06505042136366578, "oneh-out": 0.029780264506834058, "oneh-in": 0.013819550085102548, "dsfb-red": 0.021872132994677725, "dsfb-alt": 0.02725927373172122, "alternate": 0.21353601554727736, "sfR": 0.09728563198976478, "unknown": 0.06769746748314746}, "tr-quotes": {"sft": 0.0, "sfb": 0.01864728046046092, "dsfb": 0.0, "sfT": 2.6582834423614803e-05, "roll-out": 0.24122650886479738, "roll-in": 0.19731166639698575, "bad-redirect": 0.022427821825662837, "redirect": 0.06482281962968955, "oneh-out": 0.03650401054067174, "oneh-in": 0.012440766510251729, "dsfb-red": 0.023385959640322692, "dsfb-alt": 0.030255888675712536, "alternate": 0.21164212570213356, "sfR": 0.09591664547745082, "unknown": 0.04539192344143686}, "gutenberg": {"sft": 0.0, "sfb": 0.01695231838411944, "dsfb": 0.0, "sfT": 0.00010665290597911724, "roll-out": 0.2290792652732455, "roll-in": 0.18508276303391336, "bad-redirect": 0.0175422245106185, "redirect": 0.07557731805260508, "oneh-out": 0.03472451914315472, "oneh-in": 0.012336691289659063, "dsfb-red": 0.021797353416662783, "dsfb-alt": 0.02505680261786472, "alternate": 0.20893664211187152, "sfR": 0.09761014138424484, "unknown": 0.07519730787606137}, "english-200": {"sft": 0.0, "sfb": 0.011135857461024499, "dsfb": 0.0, "sfT": 0.0, "roll-out": 0.27839643652561247, "roll-in": 0.21380846325167038, "bad-redirect": 0.008908685968819599, "redirect": 0.042316258351893093, "oneh-out": 0.05790645879732739, "oneh-in": 0.011135857461024499, "dsfb-red": 0.022271714922048998, "dsfb-alt": 0.031180400890868598, "alternate": 0.21603563474387527, "sfR": 0.10690423162583519, "unknown": 0.0}, "monkeyracer": {"sft": 0.0, "sfb": 0.018498678386536748, "dsfb": 0.0, "sfT": 2.541564352409403e-05, "roll-out": 0.24149553466693777, "roll-in": 0.19692040602468056, "bad-redirect": 0.02274015828080767, "redirect": 0.06443843158108763, "oneh-out": 0.03666890845676213, "oneh-in": 0.012456597901058854, "dsfb-red": 0.023312987784850712, "dsfb-alt": 0.030463581337879474, "alternate": 0.21163410857562914, "sfR": 0.09605353707555875, "unknown": 0.04529165428468649}, "chained-bigrams": {"sft": 0.0, "sfb": 0.017229949308782692, "dsfb": 0.0, "sfT": 2.9868015835242832e-05, "roll-out": 0.22543599186810803, "roll-in": 0.18758477484385847, "bad-redirect": 0.012490025056668066, "redirect": 0.054126688435688644, "oneh-out": 0.027926594805952047, "oneh-in": 0.013713315096528882, "dsfb-red": 0.03315284827242747, "dsfb-alt": 0.04430011122589375, "alternate": 0.19465245641704582, "sfR": 0.11643721321023381, "unknown": 0.07292016344297708}, "english-5k": {"sft": 0.0, "sfb": 0.02111419919525449, "dsfb": 0.0, "sfT": 0.0, "roll-out": 0.23167544696561165, "roll-in": 0.23623843696851538, "bad-redirect": 0.015016385282283154, "redirect": 0.05782552785497988, "oneh-out": 0.027958684199610073, "oneh-in": 0.018708259011905256, "dsfb-red": 0.026423860289542456, "dsfb-alt": 0.029991288837267184, "alternate": 0.2255776330526403, "sfR": 0.10644211224955408, "unknown": 0.0030281660928361057}, "mt-quotes": {"sft": 0.0, "sfb": 0.017684464684859135, "dsfb": 0.0, "sfT": 1.4941251001063817e-05, "roll-out": 0.24619147511982883, "roll-in": 0.19728726646824685, "bad-redirect": 0.023765553842292106, "redirect": 0.06516925449134005, "oneh-out": 0.0381853551834188, "oneh-in": 0.012571568592295095, "dsfb-red": 0.023372598940964127, "dsfb-alt": 0.030753576935489656, "alternate": 0.21297856826956407, "sfR": 0.09572710103871578, "unknown": 0.03629827518198444}, "english-1k": {"sft": 0.0, "sfb": 0.017642907551164433, "dsfb": 0.0, "sfT": 0.0, "roll-out": 0.255469301340861, "roll-in": 0.22335920959774172, "bad-redirect": 0.013408609738884969, "redirect": 0.05434015525758645, "oneh-out": 0.035638673253352154, "oneh-in": 0.01799576570218772, "dsfb-red": 0.02117148906139732, "dsfb-alt": 0.025052928722653495, "alternate": 0.22759350741002118, "sfR": 0.10832745236414962, "unknown": 0.0}, "english-10k": {"sft": 0.0, "sfb": 0.02120761853302715, "dsfb": 0.0, "sfT": 1.929719611740414e-05, "roll-out": 0.23106462630979718, "roll-in": 0.2292699870708786, "bad-redirect": 0.014762355029814168, "redirect": 0.05360761081414871, "oneh-out": 0.0237548484205245, "oneh-in": 0.016035969973562842, "dsfb-red": 0.023696956832172284, "dsfb-alt": 0.03141583527913394, "alternate": 0.24196754211613053, "sfR": 0.10543987958549622, "unknown": 0.0077574728391964646}, "reddit": {"sft": 0.0, "sfb": 0.016069792150686678, "dsfb": 0.0, "sfT": 6.349031547944459e-05, "roll-out": 0.22626959561163928, "roll-in": 0.19253878293747403, "bad-redirect": 0.019226590568185882, "redirect": 0.05755058108621629, "oneh-out": 0.033777596983329765, "oneh-in": 0.012569696540639327, "dsfb-red": 0.02458389964260009, "dsfb-alt": 0.02848767379537427, "alternate": 0.20250694975481315, "sfR": 0.1028716913164539, "unknown": 0.0834836592971079}, "akl": {"sft": 0.0, "sfb": 0.018103156556785842, "dsfb": 0.0, "sfT": 8.444364647366925e-05, "roll-out": 0.2153303072398129, "roll-in": 0.18459337751167187, "bad-redirect": 0.020508716281862606, "redirect": 0.048872612267611144, "oneh-out": 0.030657504376138643, "oneh-in": 0.012628692922631158, "dsfb-red": 0.02354484639124532, "dsfb-alt": 0.029250151571079307, "alternate": 0.1944462101406473, "sfR": 0.11706348985084018, "unknown": 0.10491649124320006}, "keymash": {"sft": 0.0, "sfb": 0.01783977045559966, "dsfb": 0.0, "sfT": 2.873409875499255e-05, "roll-out": 0.23984762717917352, "roll-in": 0.19889743158205841, "bad-redirect": 0.022039053745079286, "redirect": 0.06611305636398715, "oneh-out": 0.03733380402523675, "oneh-in": 0.012482913473418907, "dsfb-red": 0.0236276389191053, "dsfb-alt": 0.029238997918830275, "alternate": 0.21219721443436926, "sfR": 0.09899307508220005, "unknown": 0.04136068272218642}, "movie": {"sft": 0.0, "sfb": 0.020114992823311872, "dsfb": 0.0, "sfT": 1.9081686594746693e-05, "roll-out": 0.2228560705227553, "roll-in": 0.1757291737537586, "bad-redirect": 0.028750969382578474, "redirect": 0.04797096530567743, "oneh-out": 0.03931077474411129, "oneh-in": 0.009507549044211479, "dsfb-red": 0.024984244448775474, "dsfb-alt": 0.03152794697238775, "alternate": 0.1817907017967974, "sfR": 0.1138359467128768, "unknown": 0.10360158280616336}}