{"english-450k": {"sft": 0.0, "sfb": 0.05015228313612633, "dsfb": 0.0, "sfT": 0.00011313797980589382, "roll-out": 0.19235444521169082, "roll-in": 0.22059158007859436, "bad-redirect": 0.003781205764365454, "redirect": 0.045862687328136975, "oneh-out": 0.011877441456211509, "oneh-in": 0.010387645215666716, "dsfb-red": 0.026651741418615787, "dsfb-alt": 0.04771090001116762, "alternate": 0.26753536365820985, "sfR": 0.11328269117541298, "unknown": 0.009698877565995693}, "shai": {"sft": 0.0, "sfb": 0.028509009382799842, "dsfb": 0.0, "sfT": 7.115359547044509e-05, "roll-out": 0.228655577893835, "roll-in": 0.21787823492638328, "bad-redirect": 0.001923949253676811, "redirect": 0.0353056175423028, "oneh-out": 0.011276807612505817, "oneh-in": 0.011432750253666593, "dsfb-red": 0.028590837565754375, "dsfb-alt": 0.047466093670705, "alternate": 0.224537880929505, "sfR": 0.09728563198976478, "unknown": 0.06706645538363028}, "tr-quotes": {"sft": 0.0, "sfb": 0.02890941032338596, "dsfb": 0.0, "sfT": 6.70349737638982e-05, "roll-out": 0.2649730704329535, "roll-in": 0.2147326691477312, "bad-redirect": 0.0020549686784863967, "redirect": 0.03561637502600495, "oneh-out": 0.01281523774300178, "oneh-in": 0.009158364346640161, "dsfb-red": 0.035439541388317425, "dsfb-alt": 0.04664593976098565, "alternate": 0.20832620605164004, "sfR": 0.09591664547745082, "unknown": 0.045344536649638244}, "gutenberg": {"sft": 0.0, "sfb": 0.027063127533006517, "dsfb": 0.0, "sfT": 0.00012408108954941704, "roll-out": 0.2681111978731554, "roll-in": 0.20099905167948964, "bad-redirect": 0.002043265086839713, "redirect": 0.03190020622087646, "oneh-out": 0.016211241708825822, "oneh-in": 0.007836431192962954, "dsfb-red": 0.03198791544906178, "dsfb-alt": 0.040837643967215315, "alternate": 0.20008426147882685, "sfR": 0.09761014138424484, "unknown": 0.07519143533594529}, "english-200": {"sft": 0.0, "sfb": 0.0200445434298441, "dsfb": 0.0, "sfT": 0.0, "roll-out": 0.2739420935412027, "roll-in": 0.21158129175946547, "bad-redirect": 0.0, "redirect": 0.026726057906458798, "oneh-out": 0.013363028953229399, "oneh-in": 0.011135857461024499, "dsfb-red": 0.044543429844097995, "dsfb-alt": 0.0556792873051225, "alternate": 0.23608017817371937, "sfR": 0.10690423162583519, "unknown": 0.0}, "monkeyracer": {"sft": 0.0, "sfb": 0.028683508766441965, "dsfb": 0.0, "sfT": 6.744920781394185e-05, "roll-out": 0.26590530522232825, "roll-in": 0.21455788510565088, "bad-redirect": 0.0020381391056821557, "redirect": 0.03566890063656412, "oneh-out": 0.012769405821355396, "oneh-in": 0.009082182460859909, "dsfb-red": 0.03583019222046702, "dsfb-alt": 0.04650867259959022, "alternate": 0.20758911115629447, "sfR": 0.09605353707555875, "unknown": 0.04524571062139293}, "chained-bigrams": {"sft": 0.0, "sfb": 0.02916352024434634, "dsfb": 0.0, "sfT": 7.207282081982508e-05, "roll-out": 0.2031102993359561, "roll-in": 0.1996105470456961, "bad-redirect": 0.002769284511680667, "redirect": 0.0458000050645766, "oneh-out": 0.011097266492176853, "oneh-in": 0.008053326095750366, "dsfb-red": 0.03901671894651612, "dsfb-alt": 0.05360010233041947, "alternate": 0.21849167818641407, "sfR": 0.11643721321023381, "unknown": 0.07277796571541365}, "english-5k": {"sft": 0.0, "sfb": 0.033060936657402416, "dsfb": 0.0, "sfT": 4.148172729912474e-05, "roll-out": 0.19110631766706765, "roll-in": 0.2403036462438296, "bad-redirect": 0.0019496411830588626, "redirect": 0.04102542829883436, "oneh-out": 0.010992657734268056, "oneh-in": 0.020201601194673745, "dsfb-red": 0.02567718919815821, "dsfb-alt": 0.046749906666113575, "alternate": 0.2794209150869042, "sfR": 0.10644211224955408, "unknown": 0.0030281660928361057}, "mt-quotes": {"sft": 0.0, "sfb": 0.027651773227668805, "dsfb": 0.0, "sfT": 5.5282628703936124e-05, "roll-out": 0.27499521879967964, "roll-in": 0.2158203942099664, "bad-redirect": 0.0019333978795376579, "redirect": 0.03531812911631465, "oneh-out": 0.012991417745424989, "oneh-in": 0.00896475060063829, "dsfb-red": 0.037241068120151564, "dsfb-alt": 0.047156082284457515, "alternate": 0.20586503866795758, "sfR": 0.09572710103871578, "unknown": 0.03628034568078316}, "english-1k": {"sft": 0.0, "sfb": 0.022582921665490474, "dsfb": 0.0, "sfT": 0.0, "roll-out": 0.23253352152434723, "roll-in": 0.2360621030345801, "bad-redirect": 0.0014114326040931546, "redirect": 0.037755822159491886, "oneh-out": 0.017290049400141144, "oneh-in": 0.011644318983768526, "dsfb-red": 0.028228652081863093, "dsfb-alt": 0.04693013408609739, "alternate": 0.2572335920959774, "sfR": 0.10832745236414962, "unknown": 0.0}, "english-10k": {"sft": 0.0, "sfb": 0.03278593620346964, "dsfb": 0.0, "sfT": 5.789158835221242e-05, "roll-out": 0.18573551263001487, "roll-in": 0.2539318037089211, "bad-redirect": 0.001775342042801181, "redirect": 0.04143108006406669, "oneh-out": 0.00988016441211092, "oneh-in": 0.01804287836977287, "dsfb-red": 0.02589683718955636, "dsfb-alt": 0.048764014588680266, "alternate": 0.26850118677756124, "sfR": 0.10543987958549622, "unknown": 0.0077574728391964646}, "reddit": {"sft": 0.0, "sfb": 0.029439766325673106, "dsfb": 0.0, "sfT": 6.68240252597812e-05, "roll-out": 0.23910576419022597, "roll-in": 0.2089689528611564, "bad-redirect": 0.00149867110462099, "redirect": 0.03483531941902803, "oneh-out": 0.012584866793010522, "oneh-in": 0.008545721548706716, "dsfb-red": 0.033260122819112344, "dsfb-alt": 0.04628807335360154, "alternate": 0.2041610691244723, "sfR": 0.1028716913164539, "unknown": 0.07837315711867839}, "akl": {"sft": 0.0, "sfb": 0.02794341247245669, "dsfb": 0.0, "sfT": 0.0001985633800059501, "roll-out": 0.22933971263882863, "roll-in": 0.19750173193113513, "bad-redirect": 0.001380402705120928, "redirect": 0.032206608511448714, "oneh-out": 0.010488793033269063, "oneh-in": 0.006866142013272831, "dsfb-red": 0.0327794994864612, "dsfb-alt": 0.04417164747881505, "alternate": 0.20134630308441726, "sfR": 0.11706348985084018, "unknown": 0.09871369341392838}, "keymash": {"sft": 0.0, "sfb": 0.027079835640955122, "dsfb": 0.0, "sfT": 8.209742501426443e-05, "roll-out": 0.2666975900300887, "roll-in": 0.21449594233476868, "bad-redirect": 0.002130428179120162, "redirect": 0.03435366749721895, "oneh-out": 0.013271048753555845, "oneh-in": 0.008973248554059102, "dsfb-red": 0.035429143764905816, "dsfb-alt": 0.04645482794432153, "alternate": 0.21073177539786464, "sfR": 0.09899307508220005, "unknown": 0.04130731939592715}, "movie": {"sft": 0.0, "sfb": 0.024553393125249953, "dsfb": 0.0, "sfT": 0.00011712207634016936, "roll-out": 0.25512820327233815, "roll-in": 0.19848836194774802, "bad-redirect": 0.0019841006123379025, "redirect": 0.036062150500815314, "oneh-out": 0.011013159915456285, "oneh-in": 0.006334856753778733, "dsfb-red": 0.03307027364059762, "dsfb-alt": 0.04286299520102162, "alternate": 0.17296983027431964, "sfR": 0.1138359467128768, "unknown": 0.10357960596711975}}