{"english-450k": {"sft": 0.0, "sfb": 0.049545664768950025, "dsfb": 0.0, "sfT": 0.000418639759901912, "roll-out": 0.23647182571956632, "roll-in": 0.2542146090074203, "bad-redirect": 0.014700044027337877, "redirect": 0.060694287145946824, "oneh-out": 0.029519365304703674, "oneh-in": 0.019510308419395182, "dsfb-red": 0.046019677238100194, "dsfb-alt": 0.02740540992491965, "alternate": 0.13851859994234933, "sfR": 0.11328269117541298, "unknown": 0.009698877565995693}, "shai": {"sft": 0.0, "sfb": 0.030270780766731082, "dsfb": 0.0, "sfT": 0.00017990821248110853, "roll-out": 0.22974599977768373, "roll-in": 0.26229261575541246, "bad-redirect": 0.010864218163487926, "redirect": 0.05987348252881984, "oneh-out": 0.027493150924578737, "oneh-in": 0.015666551741327885, "dsfb-red": 0.03885768522305785, "dsfb-alt": 0.02334487386028072, "alternate": 0.13642763357322643, "sfR": 0.09728563198976478, "unknown": 0.06769746748314746}, "tr-quotes": {"sft": 0.0, "sfb": 0.029599408242990222, "dsfb": 0.0, "sfT": 0.00010979866392362636, "roll-out": 0.25561591271584105, "roll-in": 0.2554645061371674, "bad-redirect": 0.009131781512216545, "redirect": 0.06563532974272439, "oneh-out": 0.031358498416587686, "oneh-in": 0.015316335729641016, "dsfb-red": 0.033786782552414414, "dsfb-alt": 0.02150320149788493, "alternate": 0.141169875869721, "sfR": 0.09591664547745082, "unknown": 0.04539192344143686}, "gutenberg": {"sft": 0.0, "sfb": 0.03195760556459169, "dsfb": 0.0, "sfT": 0.0002849129140188141, "roll-out": 0.23714017904806503, "roll-in": 0.2532957263441771, "bad-redirect": 0.010061934460179063, "redirect": 0.05251642132709556, "oneh-out": 0.0313127627724906, "oneh-in": 0.015339832530310831, "dsfb-red": 0.033933999468819274, "dsfb-alt": 0.021427004515793914, "alternate": 0.13992217179415192, "sfR": 0.09761014138424484, "unknown": 0.07519730787606137}, "english-200": {"sft": 0.0, "sfb": 0.017817371937639197, "dsfb": 0.0, "sfT": 0.0, "roll-out": 0.22717149220489977, "roll-in": 0.2873051224944321, "bad-redirect": 0.008908685968819599, "redirect": 0.0779510022271715, "oneh-out": 0.042316258351893093, "oneh-in": 0.024498886414253896, "dsfb-red": 0.0334075723830735, "dsfb-alt": 0.017817371937639197, "alternate": 0.155902004454343, "sfR": 0.10690423162583519, "unknown": 0.0}, "monkeyracer": {"sft": 0.0, "sfb": 0.02935018064657397, "dsfb": 0.0, "sfT": 0.00010752772260193628, "roll-out": 0.2560821590002659, "roll-in": 0.25516524078389663, "bad-redirect": 0.009196552856718332, "redirect": 0.06596825781628791, "oneh-out": 0.03145870153432285, "oneh-in": 0.015367666609318547, "dsfb-red": 0.03360339083785602, "dsfb-alt": 0.02135598323349547, "alternate": 0.1409991475984172, "sfR": 0.09605353707555875, "unknown": 0.04529165428468649}, "chained-bigrams": {"sft": 0.0, "sfb": 0.030856257576574127, "dsfb": 0.0, "sfT": 0.00030452390058106275, "roll-out": 0.21022018571412804, "roll-in": 0.21818131054360437, "bad-redirect": 0.011064151952881258, "redirect": 0.07177478996616474, "oneh-out": 0.02415153732625418, "oneh-in": 0.01696698090849414, "dsfb-red": 0.04152693088606066, "dsfb-alt": 0.03494427991784997, "alternate": 0.15065167465419654, "sfR": 0.11643721321023381, "unknown": 0.07292016344297708}, "english-5k": {"sft": 0.0, "sfb": 0.03629651138673414, "dsfb": 0.0, "sfT": 0.00012444518189737422, "roll-out": 0.21595387231924337, "roll-in": 0.2982121375534077, "bad-redirect": 0.013937860372505911, "redirect": 0.05977516903803874, "oneh-out": 0.027460903472020574, "oneh-in": 0.0194549301032895, "dsfb-red": 0.048367694030779444, "dsfb-alt": 0.0273364582901232, "alternate": 0.14360973990956982, "sfR": 0.10644211224955408, "unknown": 0.0030281660928361057}, "mt-quotes": {"sft": 0.0, "sfb": 0.028126905009502635, "dsfb": 0.0, "sfT": 8.96475060063829e-05, "roll-out": 0.2639969639377966, "roll-in": 0.2558614527677173, "bad-redirect": 0.009084280608646801, "redirect": 0.06710414649597782, "oneh-out": 0.03221333715829359, "oneh-in": 0.01525800552228637, "dsfb-red": 0.03262272743572274, "dsfb-alt": 0.02101785778319647, "alternate": 0.14259929955415307, "sfR": 0.09572710103871578, "unknown": 0.03629827518198444}, "english-1k": {"sft": 0.0, "sfb": 0.03140437544107269, "dsfb": 0.0, "sfT": 0.0, "roll-out": 0.21100917431192662, "roll-in": 0.2992237120677488, "bad-redirect": 0.013408609738884969, "redirect": 0.07092448835568102, "oneh-out": 0.030698659139026113, "oneh-in": 0.028228652081863093, "dsfb-red": 0.03916725476358504, "dsfb-alt": 0.025052928722653495, "alternate": 0.14255469301340862, "sfR": 0.10832745236414962, "unknown": 0.0}, "english-10k": {"sft": 0.0, "sfb": 0.03903822774550858, "dsfb": 0.0, "sfT": 0.00023156635340884968, "roll-out": 0.22716659269408154, "roll-in": 0.29049999035140195, "bad-redirect": 0.012987012987012988, "redirect": 0.056695162192933364, "oneh-out": 0.024295169911811815, "oneh-in": 0.018795469018351635, "dsfb-red": 0.043630960421450767, "dsfb-alt": 0.02734412689836167, "alternate": 0.14611836900098416, "sfR": 0.10543987958549622, "unknown": 0.0077574728391964646}, "reddit": {"sft": 0.0, "sfb": 0.027154901574091606, "dsfb": 0.0, "sfT": 0.00013372296534608683, "roll-out": 0.23459431842209896, "roll-in": 0.24290990162372267, "bad-redirect": 0.010278426571389991, "redirect": 0.06247098689234009, "oneh-out": 0.02992596354981658, "oneh-in": 0.014512912225856215, "dsfb-red": 0.03475141481332068, "dsfb-alt": 0.021154973117750938, "alternate": 0.13575712763070436, "sfR": 0.1028716913164539, "unknown": 0.0834836592971079}, "akl": {"sft": 0.0, "sfb": 0.03122921822034922, "dsfb": 0.0, "sfT": 0.00010693304021537281, "roll-out": 0.2247578858780361, "roll-in": 0.22544533026635, "bad-redirect": 0.010177163142027275, "redirect": 0.05740315528052824, "oneh-out": 0.02938446839100221, "oneh-in": 0.014308892256722067, "dsfb-red": 0.0326254192599168, "dsfb-alt": 0.02299363940468902, "alternate": 0.12958791376612344, "sfR": 0.11706348985084018, "unknown": 0.10491649124320006}, "keymash": {"sft": 0.0, "sfb": 0.030708541826585608, "dsfb": 0.0, "sfT": 0.00014777536502567597, "roll-out": 0.25590177864071295, "roll-in": 0.25404637683539055, "bad-redirect": 0.009859900744213158, "redirect": 0.06605558816647716, "oneh-out": 0.03231354648561448, "oneh-in": 0.016263499895325783, "dsfb-red": 0.03351627376207345, "dsfb-alt": 0.022379758058888484, "alternate": 0.13845320241530623, "sfR": 0.09899307508220005, "unknown": 0.04136068272218642}, "movie": {"sft": 0.0, "sfb": 0.0267098869061335, "dsfb": 0.0, "sfT": 8.277504046962531e-05, "roll-out": 0.24403805862130998, "roll-in": 0.21773691460181982, "bad-redirect": 0.00749910283173545, "redirect": 0.06329053289097158, "oneh-out": 0.03127198917634097, "oneh-in": 0.013019368964676377, "dsfb-red": 0.02964057077140942, "dsfb-alt": 0.018176161867447024, "alternate": 0.13109710880864608, "sfR": 0.1138359467128768, "unknown": 0.10360158280616336}}