{"english-450k": {"sft": 0.0, "sfb": 0.03704727998171082, "dsfb": 0.0, "sfT": 0.0004215632219124002, "roll-out": 0.22672295695319128, "roll-in": 0.2030867665983941, "bad-redirect": 0.0016961926584852607, "redirect": 0.03375400002689585, "oneh-out": 0.009552119773069185, "oneh-in": 0.004402733787795248, "dsfb-red": 0.018875332470717144, "dsfb-alt": 0.04440972670892433, "alternate": 0.2970497590774957, "sfR": 0.11328269117541298, "unknown": 0.009698877565995693}, "shai": {"sft": 0.0, "sfb": 0.019270428714346182, "dsfb": 0.0, "sfT": 6.599434053342903e-05, "roll-out": 0.24919598062690096, "roll-in": 0.20819636859667956, "bad-redirect": 0.0013172665439076204, "redirect": 0.026245745259600703, "oneh-out": 0.010244616029127768, "oneh-in": 0.005409751665282092, "dsfb-red": 0.016395752241818187, "dsfb-alt": 0.044713598263332086, "alternate": 0.2539613982455592, "sfR": 0.09728563198976478, "unknown": 0.06769746748314746}, "tr-quotes": {"sft": 0.0, "sfb": 0.024084047987795013, "dsfb": 0.0, "sfT": 5.7788770486119136e-05, "roll-out": 0.27785649892512887, "roll-in": 0.19237997272370033, "bad-redirect": 0.0012147199556182243, "redirect": 0.026491528166246735, "oneh-out": 0.01332031159705046, "oneh-in": 0.00431219805367421, "dsfb-red": 0.020530038602898686, "dsfb-alt": 0.04741221885763158, "alternate": 0.2510321074408821, "sfR": 0.09591664547745082, "unknown": 0.04539192344143686}, "gutenberg": {"sft": 0.0, "sfb": 0.020111555529792154, "dsfb": 0.0, "sfT": 2.93627005803964e-05, "roll-out": 0.2707797937639686, "roll-in": 0.19258180732536864, "bad-redirect": 0.0010843361169173484, "redirect": 0.02446898029592298, "oneh-out": 0.016363548878288007, "oneh-in": 0.005106647222875779, "dsfb-red": 0.02461370999426764, "dsfb-alt": 0.0412275048562118, "alternate": 0.23082530405550042, "sfR": 0.09761014138424484, "unknown": 0.07519730787606137}, "english-200": {"sft": 0.0, "sfb": 0.008908685968819599, "dsfb": 0.0, "sfT": 0.0, "roll-out": 0.32516703786191536, "roll-in": 0.18040089086859687, "bad-redirect": 0.0, "redirect": 0.024498886414253896, "oneh-out": 0.015590200445434299, "oneh-in": 0.0, "dsfb-red": 0.0334075723830735, "dsfb-alt": 0.044543429844097995, "alternate": 0.26057906458797325, "sfR": 0.10690423162583519, "unknown": 0.0}, "monkeyracer": {"sft": 0.0, "sfb": 0.024037333625287392, "dsfb": 0.0, "sfT": 5.669643555374822e-05, "roll-out": 0.27816639817320177, "roll-in": 0.19237589345762235, "bad-redirect": 0.0012219059386583669, "redirect": 0.026653189858767225, "oneh-out": 0.013408707008461454, "oneh-in": 0.004295243755571891, "dsfb-red": 0.020550502838731877, "dsfb-alt": 0.047331748439870494, "alternate": 0.2505571891080282, "sfR": 0.09605353707555875, "unknown": 0.04529165428468649}, "chained-bigrams": {"sft": 0.0, "sfb": 0.019628480841291103, "dsfb": 0.0, "sfT": 0.0001538852120207076, "roll-out": 0.22266021430950667, "roll-in": 0.18119821389265306, "bad-redirect": 0.0024835904471696485, "redirect": 0.03803237303333725, "oneh-out": 0.009963580499821765, "oneh-in": 0.006469671951790425, "dsfb-red": 0.022710730214549748, "dsfb-alt": 0.05033994347153351, "alternate": 0.2570019394731152, "sfR": 0.11643721321023381, "unknown": 0.07292016344297708}, "english-5k": {"sft": 0.0, "sfb": 0.02119716264985274, "dsfb": 0.0, "sfT": 0.00016592690919649896, "roll-out": 0.2262413406894263, "roll-in": 0.2426681046998797, "bad-redirect": 0.001410378728170241, "redirect": 0.031609076201933047, "oneh-out": 0.010163023188285561, "oneh-in": 0.0034015016385282285, "dsfb-red": 0.016053428464761273, "dsfb-alt": 0.04206247148131248, "alternate": 0.29555730700626376, "sfR": 0.10644211224955408, "unknown": 0.0030281660928361057}, "mt-quotes": {"sft": 0.0, "sfb": 0.023654988584884237, "dsfb": 0.0, "sfT": 3.2870752202340395e-05, "roll-out": 0.2864850408194977, "roll-in": 0.19230734750959227, "bad-redirect": 0.0011953000800851053, "redirect": 0.02665519178589785, "oneh-out": 0.013823645426184243, "oneh-in": 0.004315033289107231, "dsfb-red": 0.021259906049413704, "dsfb-alt": 0.04801072184171836, "alternate": 0.2502345776407167, "sfR": 0.09572710103871578, "unknown": 0.03629827518198444}, "english-1k": {"sft": 0.0, "sfb": 0.01834862385321101, "dsfb": 0.0, "sfT": 0.0, "roll-out": 0.27769936485532815, "roll-in": 0.2025405786873677, "bad-redirect": 0.0017642907551164433, "redirect": 0.02893436838390967, "oneh-out": 0.01834862385321101, "oneh-in": 0.003175723359209598, "dsfb-red": 0.021524347212420608, "dsfb-alt": 0.04234297812279464, "alternate": 0.27699364855328157, "sfR": 0.10832745236414962, "unknown": 0.0}, "english-10k": {"sft": 0.0, "sfb": 0.023272418517589395, "dsfb": 0.0, "sfT": 9.64859805870207e-05, "roll-out": 0.21881090677524556, "roll-in": 0.24860577758051755, "bad-redirect": 0.0012736149437486733, "redirect": 0.029119468941162848, "oneh-out": 0.009455626097528029, "oneh-in": 0.007564500878022423, "dsfb-red": 0.015264082128866676, "dsfb-alt": 0.04509754732637348, "alternate": 0.28824221840566566, "sfR": 0.10543987958549622, "unknown": 0.0077574728391964646}, "reddit": {"sft": 0.0, "sfb": 0.021900675300974996, "dsfb": 0.0, "sfT": 0.00010327008836391076, "roll-out": 0.2618067545829613, "roll-in": 0.18411981727524662, "bad-redirect": 0.000978013060276282, "redirect": 0.02769578662159791, "oneh-out": 0.010117659353668589, "oneh-in": 0.004163091824788454, "dsfb-red": 0.01614953898352192, "dsfb-alt": 0.045042988936765706, "alternate": 0.24156705335827247, "sfR": 0.1028716913164539, "unknown": 0.0834836592971079}, "akl": {"sft": 0.0, "sfb": 0.022920161660948908, "dsfb": 0.0, "sfT": 0.0002799093138430211, "roll-out": 0.25602024962359693, "roll-in": 0.17178681392944725, "bad-redirect": 0.0006129134222773368, "redirect": 0.028784193636282193, "oneh-out": 0.007948358899994809, "oneh-in": 0.005926667724845304, "dsfb-red": 0.01678092889498023, "dsfb-alt": 0.038498000922127094, "alternate": 0.22846182087761668, "sfR": 0.11706348985084018, "unknown": 0.10491649124320006}, "keymash": {"sft": 0.0, "sfb": 0.02279845492646123, "dsfb": 0.0, "sfT": 4.5153583757845434e-05, "roll-out": 0.2774687721919602, "roll-in": 0.1936431963811455, "bad-redirect": 0.0012109370189604003, "redirect": 0.02689922130592374, "oneh-out": 0.01373489920488644, "oneh-in": 0.0042936953282460295, "dsfb-red": 0.020996416447398126, "dsfb-alt": 0.047920266980826146, "alternate": 0.2506352288260479, "sfR": 0.09899307508220005, "unknown": 0.04136068272218642}, "movie": {"sft": 0.0, "sfb": 0.02354943321468911, "dsfb": 0.0, "sfT": 8.093267072944287e-05, "roll-out": 0.262514131962891, "roll-in": 0.1534982192838472, "bad-redirect": 0.0012066205819809134, "redirect": 0.023519823701007605, "oneh-out": 0.012685768443864771, "oneh-in": 0.0038322606574180585, "dsfb-red": 0.019907068238348428, "dsfb-alt": 0.04830548701135913, "alternate": 0.23346272471482418, "sfR": 0.1138359467128768, "unknown": 0.10360158280616336}}