{"english-450k": {"sft": 0.0, "sfb": 0.03377007906795353, "dsfb": 0.0, "sfT": 1.403261765034342e-05, "roll-out": 0.1704942580282652, "roll-in": 0.2645493395606972, "bad-redirect": 0.0037806210719633563, "redirect": 0.05627898247150648, "oneh-out": 0.005676193839563913, "oneh-in": 0.014277603766822331, "dsfb-red": 0.03456555308100738, "dsfb-alt": 0.03830378395381866, "alternate": 0.25530798379934294, "sfR": 0.11328269117541298, "unknown": 0.009698877565995693}, "shai": {"sft": 0.0, "sfb": 0.02316170676358583, "dsfb": 0.0, "sfT": 1.1886025440042259e-05, "roll-out": 0.1525682291145774, "roll-in": 0.2848182247023114, "bad-redirect": 0.008851079209309541, "redirect": 0.04144934579254052, "oneh-out": 0.007594454230558085, "oneh-in": 0.012546661648552638, "dsfb-red": 0.02703360567593903, "dsfb-alt": 0.04135191212128437, "alternate": 0.2356297952429889, "sfR": 0.09728563198976478, "unknown": 0.06769746748314746}, "tr-quotes": {"sft": 0.0, "sfb": 0.028058759621830284, "dsfb": 0.0, "sfT": 1.5025080326390976e-05, "roll-out": 0.16625829268856476, "roll-in": 0.28821802547329, "bad-redirect": 0.014754628880515938, "redirect": 0.043628210166200505, "oneh-out": 0.009790573495758305, "oneh-in": 0.008930676590924851, "dsfb-red": 0.03118975520676822, "dsfb-alt": 0.04211414437946418, "alternate": 0.22573333949746885, "sfR": 0.09591664547745082, "unknown": 0.04539192344143686}, "gutenberg": {"sft": 0.0, "sfb": 0.02339354770756872, "dsfb": 0.0, "sfT": 5.910427471666888e-05, "roll-out": 0.1597077066291127, "roll-in": 0.30113741630209556, "bad-redirect": 0.007516093601469726, "redirect": 0.04139326203690759, "oneh-out": 0.009249061246046929, "oneh-in": 0.008439787330695616, "dsfb-red": 0.024044831350119707, "dsfb-alt": 0.04023012022036802, "alternate": 0.21202162004059252, "sfR": 0.09761014138424484, "unknown": 0.07519730787606137}, "english-200": {"sft": 0.0, "sfb": 0.017817371937639197, "dsfb": 0.0, "sfT": 0.0, "roll-out": 0.19599109131403117, "roll-in": 0.30734966592427615, "bad-redirect": 0.004454342984409799, "redirect": 0.042316258351893093, "oneh-out": 0.011135857461024499, "oneh-in": 0.004454342984409799, "dsfb-red": 0.031180400890868598, "dsfb-alt": 0.044543429844097995, "alternate": 0.23385300668151449, "sfR": 0.10690423162583519, "unknown": 0.0}, "monkeyracer": {"sft": 0.0, "sfb": 0.028062780549603514, "dsfb": 0.0, "sfT": 1.5640396014827094e-05, "roll-out": 0.16657217260741042, "roll-in": 0.2880921844941114, "bad-redirect": 0.015091027104806294, "redirect": 0.04371588438619266, "oneh-out": 0.009832921469571609, "oneh-in": 0.008835846223626383, "dsfb-red": 0.030951366188591897, "dsfb-alt": 0.042218316467772965, "alternate": 0.2252666687520528, "sfR": 0.09605353707555875, "unknown": 0.04529165428468649}, "chained-bigrams": {"sft": 0.0, "sfb": 0.02221466142980789, "dsfb": 0.0, "sfT": 3.0517320527313326e-05, "roll-out": 0.12551254489130315, "roll-in": 0.2743331803138609, "bad-redirect": 0.005098340442137537, "redirect": 0.054550035094918604, "oneh-out": 0.007063785745034929, "oneh-in": 0.012893892575135915, "dsfb-red": 0.027763619328242353, "dsfb-alt": 0.04534484247543518, "alternate": 0.2358372037303853, "sfR": 0.11643721321023381, "unknown": 0.07292016344297708}, "english-5k": {"sft": 0.0, "sfb": 0.024432737379184468, "dsfb": 0.0, "sfT": 0.0, "roll-out": 0.16040983946571535, "roll-in": 0.28166092836105694, "bad-redirect": 0.0053096610942879666, "redirect": 0.044924710664952086, "oneh-out": 0.006346704276766085, "oneh-in": 0.02161197992284399, "dsfb-red": 0.029949807109968057, "dsfb-alt": 0.04185506284481686, "alternate": 0.274028290538018, "sfR": 0.10644211224955408, "unknown": 0.0030281660928361057}, "mt-quotes": {"sft": 0.0, "sfb": 0.028531812911631465, "dsfb": 0.0, "sfT": 1.0458875700744673e-05, "roll-out": 0.16926196196555146, "roll-in": 0.2930830972615675, "bad-redirect": 0.016242633963256474, "redirect": 0.043538805417099966, "oneh-out": 0.010047991298215417, "oneh-in": 0.008356641684894993, "dsfb-red": 0.03154994561384636, "dsfb-alt": 0.04285001374595092, "alternate": 0.2245012610415845, "sfR": 0.09572710103871578, "unknown": 0.03629827518198444}, "english-1k": {"sft": 0.0, "sfb": 0.017642907551164433, "dsfb": 0.0, "sfT": 0.0, "roll-out": 0.19830628087508823, "roll-in": 0.2861679604798871, "bad-redirect": 0.005998588567395907, "redirect": 0.0465772759350741, "oneh-out": 0.011291460832745237, "oneh-in": 0.009880028228652082, "dsfb-red": 0.030698659139026113, "dsfb-alt": 0.046224417784050814, "alternate": 0.23888496824276642, "sfR": 0.10832745236414962, "unknown": 0.0}, "english-10k": {"sft": 0.0, "sfb": 0.026012620366260782, "dsfb": 0.0, "sfT": 0.0, "roll-out": 0.15999305300939773, "roll-in": 0.2917157137067984, "bad-redirect": 0.004882190617703248, "redirect": 0.04424847069720769, "oneh-out": 0.006175102757569325, "oneh-in": 0.01970243723586963, "dsfb-red": 0.03020011192373748, "dsfb-alt": 0.04011887072808321, "alternate": 0.2637540765326798, "sfR": 0.10543987958549622, "unknown": 0.0077574728391964646}, "reddit": {"sft": 0.0, "sfb": 0.029857154281653902, "dsfb": 0.0, "sfT": 1.9814971615708666e-05, "roll-out": 0.15287377956724327, "roll-in": 0.27298644397485333, "bad-redirect": 0.011034317171021372, "redirect": 0.04152352784406179, "oneh-out": 0.00855493607236922, "oneh-in": 0.009522348684692298, "dsfb-red": 0.02739196954262813, "dsfb-alt": 0.0411438969606493, "alternate": 0.2187364603156499, "sfR": 0.1028716913164539, "unknown": 0.0834836592971079}, "akl": {"sft": 0.0, "sfb": 0.029525909949989288, "dsfb": 0.0, "sfT": 9.850726184382547e-05, "roll-out": 0.15058352852020657, "roll-in": 0.2576914655910417, "bad-redirect": 0.016300597573549302, "redirect": 0.03786018189025151, "oneh-out": 0.009340347050376613, "oneh-in": 0.0073400920466723685, "dsfb-red": 0.027332171815003116, "dsfb-alt": 0.04015211751581785, "alternate": 0.20179509969120762, "sfR": 0.11706348985084018, "unknown": 0.10491649124320006}, "keymash": {"sft": 0.0, "sfb": 0.027387700984758612, "dsfb": 0.0, "sfT": 8.209742501426442e-06, "roll-out": 0.16648126331517613, "roll-in": 0.2901733487129176, "bad-redirect": 0.01418233017121418, "redirect": 0.043470586545053015, "oneh-out": 0.010110297890506664, "oneh-in": 0.008837787802785565, "dsfb-red": 0.031123133822907646, "dsfb-alt": 0.04330639169502449, "alternate": 0.22456519151276821, "sfR": 0.09899307508220005, "unknown": 0.04136068272218642}, "movie": {"sft": 0.0, "sfb": 0.02839710279462486, "dsfb": 0.0, "sfT": 1.5133751437212895e-05, "roll-out": 0.15388801208173436, "roll-in": 0.24412543958613006, "bad-redirect": 0.02049320501140361, "redirect": 0.04226830456845845, "oneh-out": 0.011648251084464888, "oneh-in": 0.006194178664331945, "dsfb-red": 0.03102050570680607, "dsfb-alt": 0.03828286402692808, "alternate": 0.2062294732046403, "sfR": 0.1138359467128768, "unknown": 0.10360158280616336}}