{"english-450k": {"sft": 0.0, "sfb": 0.024039335766043522, "dsfb": 0.0, "sfT": 0.00012453948164679784, "roll-out": 0.21889451038150595, "roll-in": 0.18505660699490908, "bad-redirect": 0.00214523642329625, "redirect": 0.06354437025997178, "oneh-out": 0.005564225244562214, "oneh-in": 0.005955092115364488, "dsfb-red": 0.026928008578606923, "dsfb-alt": 0.0362711008179262, "alternate": 0.308494820502356, "sfR": 0.11328269117541298, "unknown": 0.00969946225839779}, "shai": {"sft": 0.0, "sfb": 0.012360394354404974, "dsfb": 0.0, "sfT": 1.7591008018558146e-05, "roll-out": 0.20498795451371718, "roll-in": 0.17162870363288957, "bad-redirect": 0.001034962796082403, "redirect": 0.05184790346147689, "oneh-out": 0.0049795750786544475, "oneh-in": 0.005240146481039796, "dsfb-red": 0.019748195847639656, "dsfb-alt": 0.03022991699056828, "alternate": 0.3258920827846384, "sfR": 0.09728563198976478, "unknown": 0.07474694106110509}, "tr-quotes": {"sft": 0.0, "sfb": 0.010541827512077852, "dsfb": 0.0, "sfT": 1.733663114583574e-05, "roll-out": 0.2109313238251543, "roll-in": 0.1739430433878089, "bad-redirect": 0.0009303992048265181, "redirect": 0.04832874875754144, "oneh-out": 0.006810984489494002, "oneh-in": 0.005417119345368808, "dsfb-red": 0.018366427035898383, "dsfb-alt": 0.032186033609948914, "alternate": 0.3288458426758512, "sfR": 0.09591664547745082, "unknown": 0.06776426804743302}, "gutenberg": {"sft": 0.0, "sfb": 0.009869087820238136, "dsfb": 0.0, "sfT": 0.00015022336490486674, "roll-out": 0.19813211548217532, "roll-in": 0.17624553734310372, "bad-redirect": 0.0012000819882374916, "redirect": 0.043515711696925405, "oneh-out": 0.006278313694422564, "oneh-in": 0.005871214058633714, "dsfb-red": 0.016419243291001792, "dsfb-alt": 0.02779984716240756, "alternate": 0.33517333275744554, "sfR": 0.09761014138424484, "unknown": 0.08173514995625905}, "english-200": {"sft": 0.0, "sfb": 0.008908685968819599, "dsfb": 0.0, "sfT": 0.0, "roll-out": 0.26057906458797325, "roll-in": 0.155902004454343, "bad-redirect": 0.0, "redirect": 0.04899777282850779, "oneh-out": 0.0, "oneh-in": 0.0066815144766146995, "dsfb-red": 0.008908685968819599, "dsfb-alt": 0.035634743875278395, "alternate": 0.3674832962138085, "sfR": 0.10690423162583519, "unknown": 0.0}, "monkeyracer": {"sft": 0.0, "sfb": 0.010438009290395232, "dsfb": 0.0, "sfT": 1.661792076575379e-05, "roll-out": 0.2111463237249167, "roll-in": 0.17420859596164975, "bad-redirect": 0.000947221483647966, "redirect": 0.048240846458232324, "oneh-out": 0.0068798191970220685, "oneh-in": 0.0054741386051894835, "dsfb-red": 0.01824647700079766, "dsfb-alt": 0.032314035691383705, "alternate": 0.3284492938361199, "sfR": 0.09605353707555875, "unknown": 0.06758508375432067}, "chained-bigrams": {"sft": 0.0, "sfb": 0.013058166662229751, "dsfb": 0.0, "sfT": 1.5583312609691913e-05, "roll-out": 0.17937366770793495, "roll-in": 0.1634942721586589, "bad-redirect": 0.002571895885291236, "redirect": 0.042486603220940854, "oneh-out": 0.006772247938295277, "oneh-in": 0.0057405027825952575, "dsfb-red": 0.022678914284638294, "dsfb-alt": 0.050287999096167865, "alternate": 0.315735444699044, "sfR": 0.11643721321023381, "unknown": 0.08134748904136006}, "english-5k": {"sft": 0.0, "sfb": 0.0159289832828639, "dsfb": 0.0, "sfT": 0.0, "roll-out": 0.2223835400506077, "roll-in": 0.19347077612311778, "bad-redirect": 0.0018666777284606132, "redirect": 0.06628780022400133, "oneh-out": 0.0038578006388186002, "oneh-in": 0.006471149458663459, "dsfb-red": 0.022026797195835234, "dsfb-alt": 0.0352179864769569, "alternate": 0.3229352470236861, "sfR": 0.10644211224955408, "unknown": 0.003111129547434355}, "mt-quotes": {"sft": 0.0, "sfb": 0.009708824900491268, "dsfb": 0.0, "sfT": 7.470625500531909e-06, "roll-out": 0.21288742663845758, "roll-in": 0.17618573767944443, "bad-redirect": 0.0008695808082619141, "redirect": 0.04842608861954794, "oneh-out": 0.006998481968898292, "oneh-in": 0.00543413298908691, "dsfb-red": 0.01827314997430105, "dsfb-alt": 0.03286477570193997, "alternate": 0.33291796655550376, "sfR": 0.09572710103871578, "unknown": 0.05969926249985059}, "english-1k": {"sft": 0.0, "sfb": 0.011644318983768526, "dsfb": 0.0, "sfT": 0.0, "roll-out": 0.2240649258997883, "roll-in": 0.18242766407904024, "bad-redirect": 0.0, "redirect": 0.0465772759350741, "oneh-out": 0.0067043048694424845, "oneh-in": 0.010232886379675371, "dsfb-red": 0.01587861679604799, "dsfb-alt": 0.03387438249823571, "alternate": 0.3602681721947777, "sfR": 0.10832745236414962, "unknown": 0.0}, "english-10k": {"sft": 0.0, "sfb": 0.015920186796858415, "dsfb": 0.0, "sfT": 5.789158835221242e-05, "roll-out": 0.22571930298527623, "roll-in": 0.1956928658265954, "bad-redirect": 0.0012543177476312692, "redirect": 0.06437544624766021, "oneh-out": 0.003936628007950445, "oneh-in": 0.006638235464387025, "dsfb-red": 0.02475830261862951, "dsfb-alt": 0.03386657918604427, "alternate": 0.3145828911059223, "sfR": 0.10543987958549622, "unknown": 0.0077574728391964646}, "reddit": {"sft": 0.0, "sfb": 0.011437658597028841, "dsfb": 0.0, "sfT": 7.435296532548526e-05, "roll-out": 0.19931254409439866, "roll-in": 0.17126574405312062, "bad-redirect": 0.0010270073568232519, "redirect": 0.04888293565734108, "oneh-out": 0.005498898096545359, "oneh-in": 0.004602092708221546, "dsfb-red": 0.01886572584881776, "dsfb-alt": 0.03271556694510635, "alternate": 0.30678044730519194, "sfR": 0.1028716913164539, "unknown": 0.09666533505562519}, "akl": {"sft": 0.0, "sfb": 0.018847722766118607, "dsfb": 0.0, "sfT": 0.00016262991342140998, "roll-out": 0.1829178867007886, "roll-in": 0.16692483003780076, "bad-redirect": 0.0012309690475314267, "redirect": 0.048462289251767335, "oneh-out": 0.004158059672105878, "oneh-in": 0.0043240351151748145, "dsfb-red": 0.01837501181777371, "dsfb-alt": 0.03570082836553158, "alternate": 0.2835919365796618, "sfR": 0.11706348985084018, "unknown": 0.11824031088148387}, "keymash": {"sft": 0.0, "sfb": 0.011037998793167853, "dsfb": 0.0, "sfT": 2.873409875499255e-05, "roll-out": 0.21428248902973157, "roll-in": 0.17477720811286754, "bad-redirect": 0.0009523301301654673, "redirect": 0.04841285153091173, "oneh-out": 0.006908498314950351, "oneh-in": 0.005521051832209283, "dsfb-red": 0.01845139627195593, "dsfb-alt": 0.03174707425301605, "alternate": 0.32819677110827417, "sfR": 0.09899307508220005, "unknown": 0.06069052144179498}, "movie": {"sft": 0.0, "sfb": 0.00923527311618023, "dsfb": 0.0, "sfT": 1.1580609795432476e-05, "roll-out": 0.18906648309645502, "roll-in": 0.15033789719024138, "bad-redirect": 0.0007287888300807392, "redirect": 0.043148825706427064, "oneh-out": 0.00877941820332366, "oneh-in": 0.004284430830794263, "dsfb-red": 0.017650165306624936, "dsfb-alt": 0.029154448355678427, "alternate": 0.28356175866825095, "sfR": 0.1138359467128768, "unknown": 0.1502049833732711}}