{"english-450k": {"sft": 0.0, "sfb": 0.03386801504530489, "dsfb": 0.0, "sfT": 0.00010144413176394097, "roll-out": 0.13199050927292916, "roll-in": 0.26735995593758055, "bad-redirect": 0.004589250664064396, "redirect": 0.041490649891451854, "oneh-out": 0.00383675154256473, "oneh-in": 0.014022970225708808, "dsfb-red": 0.017029750903495934, "dsfb-alt": 0.04702680990071338, "alternate": 0.31570232374301366, "sfR": 0.11328269117541298, "unknown": 0.009698877565995693}, "shai": {"sft": 0.0, "sfb": 0.02557464733609051, "dsfb": 0.0, "sfT": 4.776471506205194e-05, "roll-out": 0.12387948955810149, "roll-in": 0.2868305973155464, "bad-redirect": 0.004913619442209068, "redirect": 0.03046280722918053, "oneh-out": 0.0043951897940106505, "oneh-in": 0.019668372536446092, "dsfb-red": 0.01111580247662815, "dsfb-alt": 0.045948014836360664, "alternate": 0.28218059528745215, "sfR": 0.09728563198976478, "unknown": 0.06769746748314746}, "tr-quotes": {"sft": 0.0, "sfb": 0.026989667367837082, "dsfb": 0.0, "sfT": 6.241187212500867e-05, "roll-out": 0.1321490487968378, "roll-in": 0.3049628996093479, "bad-redirect": 0.004009384896326945, "redirect": 0.0392697810961374, "oneh-out": 0.005234506830632671, "oneh-in": 0.023696863225538014, "dsfb-red": 0.01092323339728624, "dsfb-alt": 0.04358775802686022, "alternate": 0.267805875962183, "sfR": 0.09591664547745082, "unknown": 0.04539192344143686}, "gutenberg": {"sft": 0.0, "sfb": 0.028933626278366736, "dsfb": 0.0, "sfT": 5.22845507108994e-05, "roll-out": 0.12502486357710438, "roll-in": 0.30698684513126645, "bad-redirect": 0.004035382243636155, "redirect": 0.03173691171829387, "oneh-out": 0.005114035257215363, "oneh-in": 0.015427541758496146, "dsfb-red": 0.009895040658815649, "dsfb-alt": 0.04624132805789794, "alternate": 0.25374469150789025, "sfR": 0.09761014138424484, "unknown": 0.07519730787606137}, "english-200": {"sft": 0.0, "sfb": 0.015590200445434299, "dsfb": 0.0, "sfT": 0.0, "roll-out": 0.14253897550111358, "roll-in": 0.32516703786191536, "bad-redirect": 0.0022271714922048997, "redirect": 0.0378619153674833, "oneh-out": 0.004454342984409799, "oneh-in": 0.011135857461024499, "dsfb-red": 0.008908685968819599, "dsfb-alt": 0.0467706013363029, "alternate": 0.2984409799554566, "sfR": 0.10690423162583519, "unknown": 0.0}, "monkeyracer": {"sft": 0.0, "sfb": 0.02694937985829801, "dsfb": 0.0, "sfT": 5.376386130096814e-05, "roll-out": 0.132480996918842, "roll-in": 0.3051402161502729, "bad-redirect": 0.0040215368253124165, "redirect": 0.03913129330434647, "oneh-out": 0.005253218011480051, "oneh-in": 0.023965974318469745, "dsfb-red": 0.010837816913524251, "dsfb-alt": 0.04366798567339725, "alternate": 0.2671526268045107, "sfR": 0.09605353707555875, "unknown": 0.04529165428468649}, "chained-bigrams": {"sft": 0.0, "sfb": 0.025299508021834817, "dsfb": 0.0, "sfT": 5.648950821013318e-05, "roll-out": 0.10331476538348909, "roll-in": 0.28200666316475004, "bad-redirect": 0.004470462804905367, "redirect": 0.03514686298177597, "oneh-out": 0.004196456224851618, "oneh-in": 0.01651376623342893, "dsfb-red": 0.016598825148090166, "dsfb-alt": 0.04925365672169957, "alternate": 0.2737851671537534, "sfR": 0.11643721321023381, "unknown": 0.07292016344297708}, "english-5k": {"sft": 0.0, "sfb": 0.02306384037831335, "dsfb": 0.0, "sfT": 0.0, "roll-out": 0.12884224499108143, "roll-in": 0.27730534699464887, "bad-redirect": 0.004936325548595843, "redirect": 0.0313601858381383, "oneh-out": 0.004231136184510723, "oneh-in": 0.023769029742398473, "dsfb-red": 0.01410378728170241, "dsfb-alt": 0.050483262123034806, "alternate": 0.3324345625751856, "sfR": 0.10644211224955408, "unknown": 0.0030281660928361057}, "mt-quotes": {"sft": 0.0, "sfb": 0.026538650028089552, "dsfb": 0.0, "sfT": 4.482375300319145e-05, "roll-out": 0.13431586999916328, "roll-in": 0.311882179271106, "bad-redirect": 0.004037126020487444, "redirect": 0.03990658729874135, "oneh-out": 0.005348967858380847, "oneh-in": 0.02492947729527498, "dsfb-red": 0.010473816951745736, "dsfb-alt": 0.043447663785993476, "alternate": 0.2670494615173139, "sfR": 0.09572710103871578, "unknown": 0.03629827518198444}, "english-1k": {"sft": 0.0, "sfb": 0.019407198306280876, "dsfb": 0.0, "sfT": 0.0, "roll-out": 0.1616090331686662, "roll-in": 0.28757939308398023, "bad-redirect": 0.0056457304163726185, "redirect": 0.03881439661256175, "oneh-out": 0.0067043048694424845, "oneh-in": 0.015172900494001412, "dsfb-red": 0.010938602681721948, "dsfb-alt": 0.051517290049400144, "alternate": 0.29428369795342274, "sfR": 0.10832745236414962, "unknown": 0.0}, "english-10k": {"sft": 0.0, "sfb": 0.02678450821095695, "dsfb": 0.0, "sfT": 5.789158835221242e-05, "roll-out": 0.1317998494818703, "roll-in": 0.2832249474151406, "bad-redirect": 0.005750564442986434, "redirect": 0.03241928947723896, "oneh-out": 0.004689218656529206, "oneh-in": 0.021053240964087918, "dsfb-red": 0.013488740086065494, "dsfb-alt": 0.05001833233631153, "alternate": 0.3175160649157677, "sfR": 0.10543987958549622, "unknown": 0.0077574728391964646}, "reddit": {"sft": 0.0, "sfb": 0.026726875712744343, "dsfb": 0.0, "sfT": 8.735068772747185e-05, "roll-out": 0.1255544024915173, "roll-in": 0.28110792286095226, "bad-redirect": 0.003954866064463834, "redirect": 0.03642677253629951, "oneh-out": 0.005485900374143373, "oneh-in": 0.0199566730100796, "dsfb-red": 0.010989330817693458, "dsfb-alt": 0.04155926221631394, "alternate": 0.2617952926145031, "sfR": 0.1028716913164539, "unknown": 0.0834836592971079}, "akl": {"sft": 0.0, "sfb": 0.030938652775036303, "dsfb": 0.0, "sfT": 0.00014813261828213, "roll-out": 0.12389109631891373, "roll-in": 0.2656393908112674, "bad-redirect": 0.004835591379982655, "redirect": 0.0366994070110654, "oneh-out": 0.004948038348691173, "oneh-in": 0.01845133945713949, "dsfb-red": 0.014337762938495164, "dsfb-alt": 0.037860615570020635, "alternate": 0.2402699916770657, "sfR": 0.11706348985084018, "unknown": 0.10491649124320006}, "keymash": {"sft": 0.0, "sfb": 0.027666832229807113, "dsfb": 0.0, "sfT": 1.6419485002852885e-05, "roll-out": 0.1330676113343705, "roll-in": 0.30550914770558224, "bad-redirect": 0.004342953783254588, "redirect": 0.03844211926292932, "oneh-out": 0.0051228793208901, "oneh-in": 0.02304064233025331, "dsfb-red": 0.011173459544441388, "dsfb-alt": 0.044677418692762705, "alternate": 0.26658675850631947, "sfR": 0.09899307508220005, "unknown": 0.04136068272218642}, "movie": {"sft": 0.0, "sfb": 0.02710625959594989, "dsfb": 0.0, "sfT": 5.55342878826421e-05, "roll-out": 0.12483555205095889, "roll-in": 0.2654059944657845, "bad-redirect": 0.002926735930118389, "redirect": 0.04502777964573599, "oneh-out": 0.004541441409549713, "oneh-in": 0.028518304403961147, "dsfb-red": 0.011171735310950559, "dsfb-alt": 0.036989783664997174, "alternate": 0.23598334971507093, "sfR": 0.1138359467128768, "unknown": 0.10360158280616336}}