{"english-450k": {"sft": 0.0, "sfb": 0.03452287053565425, "dsfb": 0.0, "sfT": 0.00046892330648230925, "roll-out": 0.19335134575726728, "roll-in": 0.2190102794771213, "bad-redirect": 0.00260655872855129, "redirect": 0.041369910910418695, "oneh-out": 0.007096996376661184, "oneh-in": 0.011042500706016076, "dsfb-red": 0.018512823181416605, "dsfb-alt": 0.03861834846614719, "alternate": 0.3104178738128552, "sfR": 0.11328269117541298, "unknown": 0.009698877565995693}, "shai": {"sft": 0.0, "sfb": 0.019922724191881864, "dsfb": 0.0, "sfT": 6.551828025041854e-05, "roll-out": 0.2075849407657155, "roll-in": 0.2237664310464997, "bad-redirect": 0.0025275549884460555, "redirect": 0.029872480867021114, "oneh-out": 0.006732258742711633, "oneh-in": 0.011798778684760777, "dsfb-red": 0.013334436915897255, "dsfb-alt": 0.0387406711536574, "alternate": 0.2813021169897632, "sfR": 0.09728563198976478, "unknown": 0.06706645538363028}, "tr-quotes": {"sft": 0.0, "sfb": 0.020888328979912624, "dsfb": 0.0, "sfT": 5.663299507639675e-05, "roll-out": 0.2303575969117681, "roll-in": 0.22384480247798247, "bad-redirect": 0.002286123760430873, "redirect": 0.03328170869836573, "oneh-out": 0.008299623217216431, "oneh-in": 0.009775548415431913, "dsfb-red": 0.015353320542752132, "dsfb-alt": 0.03703566722914403, "alternate": 0.2775594646448302, "sfR": 0.09591664547745082, "unknown": 0.045344536649638244}, "gutenberg": {"sft": 0.0, "sfb": 0.021015547834112486, "dsfb": 0.0, "sfT": 2.4437344354007328e-05, "roll-out": 0.2334967414979827, "roll-in": 0.21160826899113172, "bad-redirect": 0.003132715996761389, "redirect": 0.03235580167181745, "oneh-out": 0.006779373972068683, "oneh-in": 0.007730725470873527, "dsfb-red": 0.01165434001552624, "dsfb-alt": 0.039276495480227915, "alternate": 0.26012397500495377, "sfR": 0.09761014138424484, "unknown": 0.07519143533594529}, "english-200": {"sft": 0.0, "sfb": 0.013363028953229399, "dsfb": 0.0, "sfT": 0.0, "roll-out": 0.2561247216035635, "roll-in": 0.22494432071269488, "bad-redirect": 0.0022271714922048997, "redirect": 0.031180400890868598, "oneh-out": 0.004454342984409799, "oneh-in": 0.0066815144766146995, "dsfb-red": 0.013363028953229399, "dsfb-alt": 0.031180400890868598, "alternate": 0.30957683741648107, "sfR": 0.10690423162583519, "unknown": 0.0}, "monkeyracer": {"sft": 0.0, "sfb": 0.020732322442404243, "dsfb": 0.0, "sfT": 5.4741386051894835e-05, "roll-out": 0.2309020989411452, "roll-in": 0.2242050768725464, "bad-redirect": 0.002295228115175876, "redirect": 0.03321238093748534, "oneh-out": 0.00840182523421493, "oneh-in": 0.009707798301452993, "dsfb-red": 0.015340295916292601, "dsfb-alt": 0.03692404241675399, "alternate": 0.27692494173952487, "sfR": 0.09605353707555875, "unknown": 0.04524571062139293}, "chained-bigrams": {"sft": 0.0, "sfb": 0.020967996421032538, "dsfb": 0.0, "sfT": 0.00014609355571586167, "roll-out": 0.18591281526177691, "roll-in": 0.21133828839387342, "bad-redirect": 0.004671747259447221, "redirect": 0.037703175554457506, "oneh-out": 0.009727882896600176, "oneh-in": 0.008492905372282093, "dsfb-red": 0.021001110960328133, "dsfb-alt": 0.0476264991633709, "alternate": 0.26319630623546775, "sfR": 0.11643721321023381, "unknown": 0.07277796571541365}, "english-5k": {"sft": 0.0, "sfb": 0.023105322105612478, "dsfb": 0.0, "sfT": 0.00016592690919649896, "roll-out": 0.1894885303024018, "roll-in": 0.23752437051478822, "bad-redirect": 0.0030281660928361057, "redirect": 0.03426390674907703, "oneh-out": 0.008130418550628448, "oneh-in": 0.018957149375700005, "dsfb-red": 0.015306757373377028, "dsfb-alt": 0.037872817024100884, "alternate": 0.3226863566598913, "sfR": 0.10644211224955408, "unknown": 0.0030281660928361057}, "mt-quotes": {"sft": 0.0, "sfb": 0.02001529984102509, "dsfb": 0.0, "sfT": 3.2870752202340395e-05, "roll-out": 0.23706087663307873, "roll-in": 0.22682611969735003, "bad-redirect": 0.002215787523457764, "redirect": 0.03325922472836806, "oneh-out": 0.008679372706517972, "oneh-in": 0.009412988130670204, "dsfb-red": 0.0154522417853002, "dsfb-alt": 0.03693477247462976, "alternate": 0.2781029990079009, "sfR": 0.09572710103871578, "unknown": 0.03628034568078316}, "english-1k": {"sft": 0.0, "sfb": 0.01587861679604799, "dsfb": 0.0, "sfT": 0.0, "roll-out": 0.23465067043048696, "roll-in": 0.2392378263937897, "bad-redirect": 0.0017642907551164433, "redirect": 0.04163726182074806, "oneh-out": 0.010938602681721948, "oneh-in": 0.009527170077628794, "dsfb-red": 0.011644318983768526, "dsfb-alt": 0.035285815102328866, "alternate": 0.2911079745942131, "sfR": 0.10832745236414962, "unknown": 0.0}, "english-10k": {"sft": 0.0, "sfb": 0.02450743906910326, "dsfb": 0.0, "sfT": 9.64859805870207e-05, "roll-out": 0.17911657436174525, "roll-in": 0.2542019644545648, "bad-redirect": 0.002026205592327435, "redirect": 0.034908627776384094, "oneh-out": 0.0068698018177958745, "oneh-in": 0.018949846587290868, "dsfb-red": 0.014704463441461955, "dsfb-alt": 0.0414889716524189, "alternate": 0.3099322668416279, "sfR": 0.10543987958549622, "unknown": 0.0077574728391964646}, "reddit": {"sft": 0.0, "sfb": 0.018723799709967247, "dsfb": 0.0, "sfT": 0.000155598094691217, "roll-out": 0.21466918455398615, "roll-in": 0.21216317123450457, "bad-redirect": 0.0020313155212096047, "redirect": 0.03032982937960972, "oneh-out": 0.007461554179245334, "oneh-in": 0.010106010098144042, "dsfb-red": 0.015236027588883164, "dsfb-alt": 0.03682558161530225, "alternate": 0.2710530795893244, "sfR": 0.1028716913164539, "unknown": 0.07837315711867839}, "akl": {"sft": 0.0, "sfb": 0.023623776109225843, "dsfb": 0.0, "sfT": 0.00021485734847445707, "roll-out": 0.20643547322083183, "roll-in": 0.20090401167416375, "bad-redirect": 0.0017544205288638048, "redirect": 0.025645033604606224, "oneh-out": 0.006270823598771373, "oneh-in": 0.008407997501013263, "dsfb-red": 0.015826647540149764, "dsfb-alt": 0.03435697866952251, "alternate": 0.2607827969396086, "sfR": 0.11706348985084018, "unknown": 0.09871369341392838}, "keymash": {"sft": 0.0, "sfb": 0.021107247971167385, "dsfb": 0.0, "sfT": 3.694384125641899e-05, "roll-out": 0.23423626817944856, "roll-in": 0.22177798393353393, "bad-redirect": 0.0026599565704621673, "redirect": 0.03329461071453494, "oneh-out": 0.008189218145172877, "oneh-in": 0.009293428511614733, "dsfb-red": 0.015807859186496617, "dsfb-alt": 0.03756367681527669, "alternate": 0.2757324116529085, "sfR": 0.09899307508220005, "unknown": 0.04130731939592715}, "movie": {"sft": 0.0, "sfb": 0.01720378543814645, "dsfb": 0.0, "sfT": 7.514236583172664e-05, "roll-out": 0.21904262835625482, "roll-in": 0.1911382278692902, "bad-redirect": 0.0016789252246605401, "redirect": 0.03176179633155233, "oneh-out": 0.008978657330940533, "oneh-in": 0.007088517575351935, "dsfb-red": 0.01831618196770089, "dsfb-alt": 0.03657788243022781, "alternate": 0.2507227024300462, "sfR": 0.1138359467128768, "unknown": 0.10357960596711975}}