{"english-450k": {"sft": 0.0, "sfb": 0.09853879521791778, "dsfb": 0.0, "sfT": 0.0020414535219239185, "roll-out": 0.1707141023714539, "roll-in": 0.23420175746842223, "bad-redirect": 0.007677595931944143, "redirect": 0.05487981355328682, "oneh-out": 0.008144180468818062, "oneh-in": 0.015469206882297326, "dsfb-red": 0.030101426590991878, "dsfb-alt": 0.05825904329121014, "alternate": 0.19699105596032512, "sfR": 0.11328269117541298, "unknown": 0.009698877565995693}, "shai": {"sft": 0.0, "sfb": 0.07320772205386804, "dsfb": 0.0, "sfT": 0.0010816167038174306, "roll-out": 0.1788700256344916, "roll-in": 0.21624866122559436, "bad-redirect": 0.006472294994508664, "redirect": 0.043782912021273004, "oneh-out": 0.00728292502584659, "oneh-in": 0.012762680775184053, "dsfb-red": 0.03676171565004445, "dsfb-alt": 0.059359314200715683, "alternate": 0.19981804434126108, "sfR": 0.09728563198976478, "unknown": 0.06706645538363028}, "tr-quotes": {"sft": 0.0, "sfb": 0.06937541896858603, "dsfb": 0.0, "sfT": 0.0013291417211807402, "roll-out": 0.19349182866785325, "roll-in": 0.21287880539053652, "bad-redirect": 0.0064908347010009014, "redirect": 0.045160768359492384, "oneh-out": 0.008508818566376182, "oneh-in": 0.012203832551258639, "dsfb-red": 0.05264556991285453, "dsfb-alt": 0.059093640923695706, "alternate": 0.19756015811007605, "sfR": 0.09591664547745082, "unknown": 0.045344536649638244}, "gutenberg": {"sft": 0.0, "sfb": 0.06902261609917092, "dsfb": 0.0, "sfT": 0.0008880796149735375, "roll-out": 0.19924467767900544, "roll-in": 0.19325658112838395, "bad-redirect": 0.00528831709291836, "redirect": 0.037268465634084674, "oneh-out": 0.006989838232357847, "oneh-in": 0.011836578195902635, "dsfb-red": 0.048269817076058485, "dsfb-alt": 0.05799796393351072, "alternate": 0.1971354885934433, "sfR": 0.09761014138424484, "unknown": 0.07519143533594529}, "english-200": {"sft": 0.0, "sfb": 0.060133630289532294, "dsfb": 0.0, "sfT": 0.0022271714922048997, "roll-out": 0.19599109131403117, "roll-in": 0.23385300668151449, "bad-redirect": 0.008908685968819599, "redirect": 0.031180400890868598, "oneh-out": 0.011135857461024499, "oneh-in": 0.0200445434298441, "dsfb-red": 0.042316258351893093, "dsfb-alt": 0.0801781737193764, "alternate": 0.2071269487750557, "sfR": 0.10690423162583519, "unknown": 0.0}, "monkeyracer": {"sft": 0.0, "sfb": 0.06914521325679966, "dsfb": 0.0, "sfT": 0.0013382313840186433, "roll-out": 0.19313445266434145, "roll-in": 0.21311114847427937, "bad-redirect": 0.006439933059105057, "redirect": 0.04490650953282137, "oneh-out": 0.0085289034518354, "oneh-in": 0.012223947010338302, "dsfb-red": 0.05309034674757965, "dsfb-alt": 0.059322067034737316, "alternate": 0.19745999968719208, "sfR": 0.09605353707555875, "unknown": 0.04524571062139293}, "chained-bigrams": {"sft": 0.0, "sfb": 0.06895745690727084, "dsfb": 0.0, "sfT": 0.0009590230301881231, "roll-out": 0.18216567788383808, "roll-in": 0.20614579877138567, "bad-redirect": 0.007105990550019511, "redirect": 0.03731099552044693, "oneh-out": 0.00871172105350985, "oneh-in": 0.011169988617688748, "dsfb-red": 0.031558805253394405, "dsfb-alt": 0.05719660101979795, "alternate": 0.19950276246681242, "sfR": 0.11643721321023381, "unknown": 0.07277796571541365}, "english-5k": {"sft": 0.0, "sfb": 0.08607458414568382, "dsfb": 0.0, "sfT": 0.0015348239100676153, "roll-out": 0.15891649728294685, "roll-in": 0.2529140913427635, "bad-redirect": 0.0076326378230389515, "redirect": 0.05940183349234662, "oneh-out": 0.006139295640270461, "oneh-in": 0.016219355373957772, "dsfb-red": 0.02891276392748994, "dsfb-alt": 0.06292778031277223, "alternate": 0.20985605840627203, "sfR": 0.10644211224955408, "unknown": 0.0030281660928361057}, "mt-quotes": {"sft": 0.0, "sfb": 0.06797073905403951, "dsfb": 0.0, "sfT": 0.0013058653374929776, "roll-out": 0.1974411613535578, "roll-in": 0.2148357657689963, "bad-redirect": 0.0065263384372646754, "redirect": 0.044977647888502406, "oneh-out": 0.00875407896152329, "oneh-in": 0.0121278134375635, "dsfb-red": 0.056095432758393994, "dsfb-alt": 0.05934366072602527, "alternate": 0.19861404955714132, "sfR": 0.09572710103871578, "unknown": 0.03628034568078316}, "english-1k": {"sft": 0.0, "sfb": 0.0931545518701482, "dsfb": 0.0, "sfT": 0.0024700070571630206, "roll-out": 0.16090331686661963, "roll-in": 0.2487649964714185, "bad-redirect": 0.009174311926605505, "redirect": 0.043754410726887794, "oneh-out": 0.008468595624558928, "oneh-in": 0.016937191249117856, "dsfb-red": 0.03387438249823571, "dsfb-alt": 0.06457304163726182, "alternate": 0.20959774170783346, "sfR": 0.10832745236414962, "unknown": 0.0}, "english-10k": {"sft": 0.0, "sfb": 0.08971266474981185, "dsfb": 0.0, "sfT": 0.00135080372821829, "roll-out": 0.16556994268732753, "roll-in": 0.24987939252426622, "bad-redirect": 0.007931147604253102, "redirect": 0.05480403697342776, "oneh-out": 0.0062329943459215375, "oneh-in": 0.01646050828814573, "dsfb-red": 0.026244186719669632, "dsfb-alt": 0.06124930047664075, "alternate": 0.2073676694776249, "sfR": 0.10543987958549622, "unknown": 0.0077574728391964646}, "reddit": {"sft": 0.0, "sfb": 0.0667152114742545, "dsfb": 0.0, "sfT": 0.000997341085519582, "roll-out": 0.17825323721011943, "roll-in": 0.2102006275240444, "bad-redirect": 0.007005173056058577, "redirect": 0.043597357529324005, "oneh-out": 0.007800543769268328, "oneh-in": 0.013171861916242603, "dsfb-red": 0.046853642836447634, "dsfb-alt": 0.05521263918004224, "alternate": 0.18894751598354645, "sfR": 0.1028716913164539, "unknown": 0.07837315711867839}, "akl": {"sft": 0.0, "sfb": 0.06514954331661683, "dsfb": 0.0, "sfT": 0.0016663215814789495, "roll-out": 0.1675307426295194, "roll-in": 0.20710433133332615, "bad-redirect": 0.005981807009776753, "redirect": 0.03876428030036909, "oneh-out": 0.006220826516816677, "oneh-in": 0.012837168983074222, "dsfb-red": 0.043217923712259174, "dsfb-alt": 0.052589123980496304, "alternate": 0.1831607473714979, "sfR": 0.11706348985084018, "unknown": 0.09871369341392838}, "keymash": {"sft": 0.0, "sfb": 0.06891257855697357, "dsfb": 0.0, "sfT": 0.001260195473968959, "roll-out": 0.19412346631747895, "roll-in": 0.21317827866328973, "bad-redirect": 0.0064282283786169046, "redirect": 0.04515768862909615, "oneh-out": 0.007975764840135789, "oneh-in": 0.012499332958421759, "dsfb-red": 0.05280506376917488, "dsfb-alt": 0.05924150189029321, "alternate": 0.1981175060444229, "sfR": 0.09899307508220005, "unknown": 0.04130731939592715}, "movie": {"sft": 0.0, "sfb": 0.05909848374286361, "dsfb": 0.0, "sfT": 0.0011788534380395923, "roll-out": 0.18281927050317354, "roll-in": 0.18924927249424883, "bad-redirect": 0.005486577086263304, "redirect": 0.043414916536044845, "oneh-out": 0.009067880665500797, "oneh-in": 0.011288462593774974, "dsfb-red": 0.057047531428524804, "dsfb-alt": 0.049488156786717676, "alternate": 0.17444504204485145, "sfR": 0.1138359467128768, "unknown": 0.10357960596711975}}