{"english-450k": {"sft": 0.0, "sfb": 0.026576023752544142, "dsfb": 0.0, "sfT": 0.00016751437320097455, "roll-out": 0.18976659664000664, "roll-in": 0.22915410796111327, "bad-redirect": 0.0013263747141585018, "redirect": 0.03675698020406934, "oneh-out": 0.007631112885977381, "oneh-in": 0.0160343120889247, "dsfb-red": 0.015833762595005206, "dsfb-alt": 0.03612434302499969, "alternate": 0.31764730301859145, "sfR": 0.11328269117541298, "unknown": 0.009698877565995693}, "shai": {"sft": 0.0, "sfb": 0.01483730891404689, "dsfb": 0.0, "sfT": 1.8554739810994003e-05, "roll-out": 0.21152995557080326, "roll-in": 0.23359094516311915, "bad-redirect": 0.0009906504856743786, "redirect": 0.031213174995425176, "oneh-out": 0.005676856317730219, "oneh-in": 0.012932057605306857, "dsfb-red": 0.013225024329389748, "dsfb-alt": 0.03408782437509154, "alternate": 0.27754556013020676, "sfR": 0.09728563198976478, "unknown": 0.06706645538363028}, "tr-quotes": {"sft": 0.0, "sfb": 0.014509604493654793, "dsfb": 0.0, "sfT": 1.618085573611336e-05, "roll-out": 0.21828552275721783, "roll-in": 0.24985668384919443, "bad-redirect": 0.001123413698250156, "redirect": 0.03215713922470585, "oneh-out": 0.005525762233882712, "oneh-in": 0.01588150990499526, "dsfb-red": 0.01780703173759275, "dsfb-alt": 0.03443517255726867, "alternate": 0.2691407965604124, "sfR": 0.09591664547745082, "unknown": 0.045344536649638244}, "gutenberg": {"sft": 0.0, "sfb": 0.013231401191860432, "dsfb": 0.0, "sfT": 0.00015855858313414055, "roll-out": 0.21690605792294698, "roll-in": 0.24701703377619863, "bad-redirect": 0.0012991574230990872, "redirect": 0.030857546195105483, "oneh-out": 0.006200076305134154, "oneh-in": 0.012793802234823556, "dsfb-red": 0.015656760259801176, "dsfb-alt": 0.028055586812623916, "alternate": 0.25502244257508233, "sfR": 0.09761014138424484, "unknown": 0.07519143533594529}, "english-200": {"sft": 0.0, "sfb": 0.011135857461024499, "dsfb": 0.0, "sfT": 0.0, "roll-out": 0.22717149220489977, "roll-in": 0.267260579064588, "bad-redirect": 0.0022271714922048997, "redirect": 0.026726057906458798, "oneh-out": 0.0022271714922048997, "oneh-in": 0.011135857461024499, "dsfb-red": 0.0200445434298441, "dsfb-alt": 0.0334075723830735, "alternate": 0.29175946547884185, "sfR": 0.10690423162583519, "unknown": 0.0}, "monkeyracer": {"sft": 0.0, "sfb": 0.014475186511722476, "dsfb": 0.0, "sfT": 1.4662871263900401e-05, "roll-out": 0.2185794219309633, "roll-in": 0.2500469211880445, "bad-redirect": 0.0011368612853277446, "redirect": 0.03197874470181585, "oneh-out": 0.005526924941739525, "oneh-in": 0.01585838403428375, "dsfb-red": 0.01800111828831506, "dsfb-alt": 0.03449978103445579, "alternate": 0.26858274551511646, "sfR": 0.09605353707555875, "unknown": 0.04524571062139293}, "chained-bigrams": {"sft": 0.0, "sfb": 0.01475674773668617, "dsfb": 0.0, "sfT": 5.1295070673569206e-05, "roll-out": 0.1713735845969344, "roll-in": 0.22694757319124814, "bad-redirect": 0.002660850628104894, "redirect": 0.03395798609059489, "oneh-out": 0.009664900341469338, "oneh-in": 0.015238531818202478, "dsfb-red": 0.023458729219814962, "dsfb-alt": 0.03695712446326851, "alternate": 0.2757174979173552, "sfR": 0.11643721321023381, "unknown": 0.07277796571541365}, "english-5k": {"sft": 0.0, "sfb": 0.019164558012195628, "dsfb": 0.0, "sfT": 0.0, "roll-out": 0.21819388559339611, "roll-in": 0.21504127431866263, "bad-redirect": 0.00041481727299124733, "redirect": 0.03911726884307463, "oneh-out": 0.00551706973078359, "oneh-in": 0.015721574646368273, "dsfb-red": 0.013854896917907662, "dsfb-alt": 0.03774837184220351, "alternate": 0.32575600448002656, "sfR": 0.10644211224955408, "unknown": 0.0030281660928361057}, "mt-quotes": {"sft": 0.0, "sfb": 0.014046270066100094, "dsfb": 0.0, "sfT": 8.96475060063829e-06, "roll-out": 0.22235420327273162, "roll-in": 0.25558503962419765, "bad-redirect": 0.0011444998266814884, "redirect": 0.031736711251359656, "oneh-out": 0.005465509616189144, "oneh-in": 0.01634423447006371, "dsfb-red": 0.018728858129833496, "dsfb-alt": 0.03491322121418582, "alternate": 0.26766504105855776, "sfR": 0.09572710103871578, "unknown": 0.03628034568078316}, "english-1k": {"sft": 0.0, "sfb": 0.016231474947071278, "dsfb": 0.0, "sfT": 0.0, "roll-out": 0.22935779816513763, "roll-in": 0.23182780522230065, "bad-redirect": 0.00035285815102328866, "redirect": 0.030698659139026113, "oneh-out": 0.0035285815102328866, "oneh-in": 0.019407198306280876, "dsfb-red": 0.014114326040931546, "dsfb-alt": 0.03669724770642202, "alternate": 0.3094565984474241, "sfR": 0.10832745236414962, "unknown": 0.0}, "english-10k": {"sft": 0.0, "sfb": 0.018004283977538064, "dsfb": 0.0, "sfT": 3.859439223480828e-05, "roll-out": 0.21742150865479246, "roll-in": 0.22544914223963258, "bad-redirect": 0.0003280523339958704, "redirect": 0.03749445205611625, "oneh-out": 0.007332934524613573, "oneh-in": 0.014781652225931571, "dsfb-red": 0.013430848497713282, "dsfb-alt": 0.03718569691823778, "alternate": 0.31533548175450105, "sfR": 0.10543987958549622, "unknown": 0.0077574728391964646}, "reddit": {"sft": 0.0, "sfb": 0.013404172793294823, "dsfb": 0.0, "sfT": 2.326105363583191e-05, "roll-out": 0.21337765294470518, "roll-in": 0.23152603187213838, "bad-redirect": 0.0009938575460861966, "redirect": 0.030681704319794913, "oneh-out": 0.005713042128165409, "oneh-in": 0.014205723979692837, "dsfb-red": 0.016666076712407787, "dsfb-alt": 0.03343853247848025, "alternate": 0.2587250957364661, "sfR": 0.1028716913164539, "unknown": 0.07837315711867839}, "akl": {"sft": 0.0, "sfb": 0.017150733829537336, "dsfb": 0.0, "sfT": 5.885654009536742e-05, "roll-out": 0.2021040035953292, "roll-in": 0.2188472643046484, "bad-redirect": 0.0012657253833140594, "redirect": 0.02764720919014516, "oneh-out": 0.005505069035004277, "oneh-in": 0.011948063502117781, "dsfb-red": 0.01824112867761993, "dsfb-alt": 0.033498044909646536, "alternate": 0.2479567177677734, "sfR": 0.11706348985084018, "unknown": 0.09871369341392838}, "keymash": {"sft": 0.0, "sfb": 0.014949941095097553, "dsfb": 0.0, "sfT": 4.5153583757845434e-05, "roll-out": 0.21479149306482, "roll-in": 0.25351684844404854, "bad-redirect": 0.0011698883064532681, "redirect": 0.031184706891668343, "oneh-out": 0.005623673613477113, "oneh-in": 0.015705237405228785, "dsfb-red": 0.0178520850693518, "dsfb-alt": 0.03428388468595683, "alternate": 0.2705766933620127, "sfR": 0.09899307508220005, "unknown": 0.04130731939592715}, "movie": {"sft": 0.0, "sfb": 0.013065165012503769, "dsfb": 0.0, "sfT": 2.710915474839875e-05, "roll-out": 0.20404652825820127, "roll-in": 0.22211201634339878, "bad-redirect": 0.0011197660085151698, "redirect": 0.03337979175694827, "oneh-out": 0.005104285365175448, "oneh-in": 0.015638692343861466, "dsfb-red": 0.017466849517476787, "dsfb-alt": 0.03281431584455084, "alternate": 0.23780992771462325, "sfR": 0.1138359467128768, "unknown": 0.10357960596711975}}