{"english-450k": {"sft": 0.0, "sfb": 0.016354431179073158, "dsfb": 0.0, "sfT": 9.939770835659921e-06, "roll-out": 0.16558781173606282, "roll-in": 0.22981217925967418, "bad-redirect": 0.0035090314511890012, "redirect": 0.04576913654380135, "oneh-out": 0.005524758507420624, "oneh-in": 0.005617724599354149, "dsfb-red": 0.017798329066053286, "dsfb-alt": 0.03294624747339796, "alternate": 0.3540888416717291, "sfR": 0.11328269117541298, "unknown": 0.009698877565995693}, "shai": {"sft": 0.0, "sfb": 0.012780256301567391, "dsfb": 0.0, "sfT": 6.715159276611305e-06, "roll-out": 0.1611157753837665, "roll-in": 0.23664777855564395, "bad-redirect": 0.007971358510394214, "redirect": 0.038957096673213336, "oneh-out": 0.009142791920939624, "oneh-in": 0.006666465663436062, "dsfb-red": 0.012191404565162668, "dsfb-alt": 0.025640800363384942, "alternate": 0.32452746952981965, "sfR": 0.09728563198976478, "unknown": 0.06706645538363028}, "tr-quotes": {"sft": 0.0, "sfb": 0.013762973578974134, "dsfb": 0.0, "sfT": 3.4673262291671484e-06, "roll-out": 0.1646956843346201, "roll-in": 0.23506853748179654, "bad-redirect": 0.014387092300224221, "redirect": 0.03424331383925475, "oneh-out": 0.012688102447932318, "oneh-in": 0.006753195719007883, "dsfb-red": 0.011494186449689097, "dsfb-alt": 0.026229167148239755, "alternate": 0.33941309724694296, "sfR": 0.09591664547745082, "unknown": 0.045344536649638244}, "gutenberg": {"sft": 0.0, "sfb": 0.015566967227058543, "dsfb": 0.0, "sfT": 1.591268934679547e-05, "roll-out": 0.16096935557018008, "roll-in": 0.24583381166119764, "bad-redirect": 0.007516472475025603, "redirect": 0.031994545736289605, "oneh-out": 0.009929328715622434, "oneh-in": 0.0073183216053024115, "dsfb-red": 0.008928344780997825, "dsfb-alt": 0.025486066356672322, "alternate": 0.31363929646211663, "sfR": 0.09761014138424484, "unknown": 0.07519143533594529}, "english-200": {"sft": 0.0, "sfb": 0.008908685968819599, "dsfb": 0.0, "sfT": 0.0, "roll-out": 0.17371937639198218, "roll-in": 0.24721603563474387, "bad-redirect": 0.0022271714922048997, "redirect": 0.031180400890868598, "oneh-out": 0.0200445434298441, "oneh-in": 0.011135857461024499, "dsfb-red": 0.0022271714922048997, "dsfb-alt": 0.022271714922048998, "alternate": 0.3741648106904232, "sfR": 0.10690423162583519, "unknown": 0.0}, "monkeyracer": {"sft": 0.0, "sfb": 0.013762570968296917, "dsfb": 0.0, "sfT": 2.9325742527800804e-06, "roll-out": 0.16483511112501367, "roll-in": 0.23425891893582745, "bad-redirect": 0.014742050768725465, "redirect": 0.03428472558925192, "oneh-out": 0.012841742652923972, "oneh-in": 0.006773268999171059, "dsfb-red": 0.011490803447143282, "dsfb-alt": 0.02622503401786133, "alternate": 0.33948359322458044, "sfR": 0.09605353707555875, "unknown": 0.04524571062139293}, "chained-bigrams": {"sft": 0.0, "sfb": 0.013119201303284377, "dsfb": 0.0, "sfT": 1.4934007917621416e-05, "roll-out": 0.14625588188887928, "roll-in": 0.21265118248123996, "bad-redirect": 0.004744469384959117, "redirect": 0.03621302128615572, "oneh-out": 0.006448244896952099, "oneh-in": 0.014067835458399373, "dsfb-red": 0.01771692782783556, "dsfb-alt": 0.0372609990591575, "alternate": 0.3222921234795719, "sfR": 0.11643721321023381, "unknown": 0.07277796571541365}, "english-5k": {"sft": 0.0, "sfb": 0.011946737462147923, "dsfb": 0.0, "sfT": 0.0, "roll-out": 0.17434769983822127, "roll-in": 0.24677479570249305, "bad-redirect": 0.003277056456630854, "redirect": 0.04471730202845647, "oneh-out": 0.006263740822167835, "oneh-in": 0.004438544821006347, "dsfb-red": 0.016966026465342017, "dsfb-alt": 0.033060936657402416, "alternate": 0.34873688140374165, "sfR": 0.10644211224955408, "unknown": 0.0030281660928361057}, "mt-quotes": {"sft": 0.0, "sfb": 0.013589067785467542, "dsfb": 0.0, "sfT": 1.4941251001063816e-06, "roll-out": 0.16600925162261987, "roll-in": 0.23601797731320448, "bad-redirect": 0.015873585063530198, "redirect": 0.033631261878294544, "oneh-out": 0.013653315164772115, "oneh-in": 0.006826657582386058, "dsfb-red": 0.011032619739185522, "dsfb-alt": 0.02637728451727806, "alternate": 0.3449800384886626, "sfR": 0.09572710103871578, "unknown": 0.03628034568078316}, "english-1k": {"sft": 0.0, "sfb": 0.009880028228652082, "dsfb": 0.0, "sfT": 0.0, "roll-out": 0.17960479887085393, "roll-in": 0.25970359915314045, "bad-redirect": 0.001058574453069866, "redirect": 0.04940014114326041, "oneh-out": 0.010232886379675371, "oneh-in": 0.007057163020465773, "dsfb-red": 0.014467184191954835, "dsfb-alt": 0.022935779816513763, "alternate": 0.33733239237826396, "sfR": 0.10832745236414962, "unknown": 0.0}, "english-10k": {"sft": 0.0, "sfb": 0.013893981204530982, "dsfb": 0.0, "sfT": 0.0, "roll-out": 0.17865344165492755, "roll-in": 0.2437235869628143, "bad-redirect": 0.0026630130642017716, "redirect": 0.04573435479824781, "oneh-out": 0.0061172111692171125, "oneh-in": 0.0049786765982902685, "dsfb-red": 0.01657629146485016, "dsfb-alt": 0.02921595492174987, "alternate": 0.3452461357364775, "sfR": 0.10543987958549622, "unknown": 0.0077574728391964646}, "reddit": {"sft": 0.0, "sfb": 0.013892842206713605, "dsfb": 0.0, "sfT": 6.004423345932134e-05, "roll-out": 0.15492670801590516, "roll-in": 0.22369308744039823, "bad-redirect": 0.010543699972112956, "redirect": 0.03393821437139812, "oneh-out": 0.012015214452118844, "oneh-in": 0.00658235377515476, "dsfb-red": 0.010793615833398416, "dsfb-alt": 0.026871948274308877, "alternate": 0.3254374229898994, "sfR": 0.1028716913164539, "unknown": 0.07837315711867839}, "akl": {"sft": 0.0, "sfb": 0.016450093185391534, "dsfb": 0.0, "sfT": 6.480414835763612e-05, "roll-out": 0.14977508747630713, "roll-in": 0.2076058510091914, "bad-redirect": 0.01191584729069716, "redirect": 0.02971133902841606, "oneh-out": 0.010723351834112283, "oneh-in": 0.007161354027540648, "dsfb-red": 0.013357274934759075, "dsfb-alt": 0.02495337632710656, "alternate": 0.31250443747335194, "sfR": 0.11706348985084018, "unknown": 0.09871369341392838}, "keymash": {"sft": 0.0, "sfb": 0.014293161694983438, "dsfb": 0.0, "sfT": 0.0, "roll-out": 0.16665366790770608, "roll-in": 0.23776645745506192, "bad-redirect": 0.013693850492379306, "redirect": 0.03550713631866936, "oneh-out": 0.012725100877210986, "oneh-in": 0.006612947584899, "dsfb-red": 0.011928755854572622, "dsfb-alt": 0.025466621239424826, "alternate": 0.3350519060969653, "sfR": 0.09899307508220005, "unknown": 0.04130731939592715}, "movie": {"sft": 0.0, "sfb": 0.014583146080575515, "dsfb": 0.0, "sfT": 5.1323157047939386e-06, "roll-out": 0.1505477957427836, "roll-in": 0.20325509885695434, "bad-redirect": 0.019902593911836554, "redirect": 0.028021654161143397, "oneh-out": 0.01415018919163264, "oneh-in": 0.005651205982332464, "dsfb-red": 0.011000789718629346, "dsfb-alt": 0.03029908635568606, "alternate": 0.30516775500272475, "sfR": 0.1138359467128768, "unknown": 0.10357960596711975}}