{"english-450k": {"sft": 0.0, "sfb": 0.03792782673926987, "dsfb": 0.0, "sfT": 0.00010027474695974568, "roll-out": 0.1971173495191782, "roll-in": 0.1789386780455604, "bad-redirect": 0.0022919942162227583, "redirect": 0.018822417808327305, "oneh-out": 0.005996605275913421, "oneh-in": 0.0023949000789919433, "dsfb-red": 0.006548262557292546, "dsfb-alt": 0.05953922730560293, "alternate": 0.36734089496527217, "sfR": 0.11328269117541298, "unknown": 0.009698877565995693}, "shai": {"sft": 0.0, "sfb": 0.021783183259522058, "dsfb": 0.0, "sfT": 4.356145109986181e-05, "roll-out": 0.22801298166076456, "roll-in": 0.18629793230376332, "bad-redirect": 0.0020756692788313717, "redirect": 0.01509303843501723, "oneh-out": 0.013601239676458595, "oneh-in": 0.003382551515915276, "dsfb-red": 0.0067084247652906695, "dsfb-alt": 0.055227950822895354, "alternate": 0.30342137945704667, "sfR": 0.09728563198976478, "unknown": 0.06706645538363028}, "tr-quotes": {"sft": 0.0, "sfb": 0.026909918864566236, "dsfb": 0.0, "sfT": 3.0050160652781953e-05, "roll-out": 0.25269295670465314, "roll-in": 0.17266706733547538, "bad-redirect": 0.0018596426342433138, "redirect": 0.01611844386398835, "oneh-out": 0.022305309632232265, "oneh-in": 0.002765770555465662, "dsfb-red": 0.009411479161369363, "dsfb-alt": 0.05671621090589676, "alternate": 0.29726196805436766, "sfR": 0.09591664547745082, "unknown": 0.045344536649638244}, "gutenberg": {"sft": 0.0, "sfb": 0.02204134798664698, "dsfb": 0.0, "sfT": 7.425921695171219e-05, "roll-out": 0.2639678366660946, "roll-in": 0.17448396474505787, "bad-redirect": 0.001793587413517375, "redirect": 0.014604628395133294, "oneh-out": 0.01751627167204099, "oneh-in": 0.002742476234209024, "dsfb-red": 0.010231669813211549, "dsfb-alt": 0.04699320262953403, "alternate": 0.2727491785074125, "sfR": 0.09761014138424484, "unknown": 0.07519143533594529}, "english-200": {"sft": 0.0, "sfb": 0.015590200445434299, "dsfb": 0.0, "sfT": 0.0, "roll-out": 0.30734966592427615, "roll-in": 0.16703786191536749, "bad-redirect": 0.0, "redirect": 0.017817371937639197, "oneh-out": 0.015590200445434299, "oneh-in": 0.0, "dsfb-red": 0.0066815144766146995, "dsfb-alt": 0.0556792873051225, "alternate": 0.30734966592427615, "sfR": 0.10690423162583519, "unknown": 0.0}, "monkeyracer": {"sft": 0.0, "sfb": 0.026776357977383987, "dsfb": 0.0, "sfT": 2.834821777687411e-05, "roll-out": 0.25308311306442277, "roll-in": 0.1727569717065236, "bad-redirect": 0.001881735145533885, "redirect": 0.01610081017251357, "oneh-out": 0.02270692243927616, "oneh-in": 0.0027595523718660555, "dsfb-red": 0.00938326008414533, "dsfb-alt": 0.0566700423854732, "alternate": 0.29655363873813284, "sfR": 0.09605353707555875, "unknown": 0.04524571062139293}, "chained-bigrams": {"sft": 0.0, "sfb": 0.02346976739958016, "dsfb": 0.0, "sfT": 0.0001428470322555092, "roll-out": 0.2137511046296074, "roll-in": 0.16420396218709196, "bad-redirect": 0.0024654099157916747, "redirect": 0.02216206774975018, "oneh-out": 0.008348759730642441, "oneh-in": 0.003950369746556899, "dsfb-red": 0.01201018888922797, "dsfb-alt": 0.059965236226786546, "alternate": 0.3003151075670618, "sfR": 0.11643721321023381, "unknown": 0.07277796571541365}, "english-5k": {"sft": 0.0, "sfb": 0.02646534201684158, "dsfb": 0.0, "sfT": 4.148172729912474e-05, "roll-out": 0.1977433940349276, "roll-in": 0.2097730949516738, "bad-redirect": 0.0026133488198448584, "redirect": 0.016883063010743767, "oneh-out": 0.007383747459244203, "oneh-in": 0.0009955614551789937, "dsfb-red": 0.005475588003484465, "dsfb-alt": 0.05761811921848426, "alternate": 0.3655369809598872, "sfR": 0.10644211224955408, "unknown": 0.0030281660928361057}, "mt-quotes": {"sft": 0.0, "sfb": 0.026673121287099127, "dsfb": 0.0, "sfT": 2.2411876501595726e-05, "roll-out": 0.2605574879573517, "roll-in": 0.1732542642330357, "bad-redirect": 0.0017720323687261687, "redirect": 0.01608724495284541, "oneh-out": 0.02441699238593849, "oneh-in": 0.002841825940402338, "dsfb-red": 0.009765601654295311, "dsfb-alt": 0.05723246195957495, "alternate": 0.29536910866473026, "sfR": 0.09572710103871578, "unknown": 0.03628034568078316}, "english-1k": {"sft": 0.0, "sfb": 0.02117148906139732, "dsfb": 0.0, "sfT": 0.0, "roll-out": 0.2565278757939308, "roll-in": 0.17501764290755117, "bad-redirect": 0.0017642907551164433, "redirect": 0.011997177134791814, "oneh-out": 0.013761467889908258, "oneh-in": 0.00035285815102328866, "dsfb-red": 0.0038814396612561752, "dsfb-alt": 0.05857445306986592, "alternate": 0.3486238532110092, "sfR": 0.10832745236414962, "unknown": 0.0}, "english-10k": {"sft": 0.0, "sfb": 0.027209046525539838, "dsfb": 0.0, "sfT": 5.789158835221242e-05, "roll-out": 0.19025105652148744, "roll-in": 0.22029679087628568, "bad-redirect": 0.0021226915729144554, "redirect": 0.01588159240462361, "oneh-out": 0.006696127052739237, "oneh-in": 0.005075162578877289, "dsfb-red": 0.005769861639103838, "dsfb-alt": 0.05953185002219177, "alternate": 0.35391057679319193, "sfR": 0.10543987958549622, "unknown": 0.0077574728391964646}, "reddit": {"sft": 0.0, "sfb": 0.02554048706249039, "dsfb": 0.0, "sfT": 4.596024607273069e-05, "roll-out": 0.2417556514340477, "roll-in": 0.16543549767885773, "bad-redirect": 0.0020091032751451145, "redirect": 0.01720396516685311, "oneh-out": 0.017199545192088172, "oneh-in": 0.002577070032439993, "dsfb-red": 0.009109155958996869, "dsfb-alt": 0.05396395885153323, "alternate": 0.28391475666634264, "sfR": 0.1028716913164539, "unknown": 0.07837315711867839}, "akl": {"sft": 0.0, "sfb": 0.028738099672249613, "dsfb": 0.0, "sfT": 0.00012136838110192082, "roll-out": 0.22466284805434528, "roll-in": 0.15922180997862453, "bad-redirect": 0.0013924837844036613, "redirect": 0.022246161345477855, "oneh-out": 0.018646309490486988, "oneh-in": 0.002826972552159595, "dsfb-red": 0.008570813277192868, "dsfb-alt": 0.048960215580974145, "alternate": 0.26883573461821497, "sfR": 0.11706348985084018, "unknown": 0.09871369341392838}, "keymash": {"sft": 0.0, "sfb": 0.026004359373268258, "dsfb": 0.0, "sfT": 3.694384125641899e-05, "roll-out": 0.2546333734242425, "roll-in": 0.17326661549260508, "bad-redirect": 0.00194981384408878, "redirect": 0.015935110195268727, "oneh-out": 0.021423323057472302, "oneh-in": 0.0028282562917414096, "dsfb-red": 0.009708020507936769, "dsfb-alt": 0.05681141810987098, "alternate": 0.29710237138412154, "sfR": 0.09899307508220005, "unknown": 0.04130731939592715}, "movie": {"sft": 0.0, "sfb": 0.026810954046166364, "dsfb": 0.0, "sfT": 4.079532996118259e-05, "roll-out": 0.2344770808546332, "roll-in": 0.13509452475348763, "bad-redirect": 0.0020335813996456595, "redirect": 0.0175327800346076, "oneh-out": 0.028220103701728762, "oneh-in": 0.001741565795826743, "dsfb-red": 0.011768268313253916, "dsfb-alt": 0.05323461565337866, "alternate": 0.2716301774373137, "sfR": 0.1138359467128768, "unknown": 0.10357960596711975}}