{"english-450k": {"sft": 0.0, "sfb": 0.16899803017129733, "dsfb": 0.0, "sfT": 0.010577085553946352, "roll-out": 0.08550834034476971, "roll-in": 0.1572498057359494, "bad-redirect": 3.5958582729005014e-05, "redirect": 0.002224169897579432, "oneh-out": 0.0013699342981147763, "oneh-in": 0.003954274715386356, "dsfb-red": 0.0032318872525947187, "dsfb-alt": 0.18521388925107335, "alternate": 0.2586550554551509, "sfR": 0.11328269117541298, "unknown": 0.009698877565995693}, "shai": {"sft": 0.0, "sfb": 0.15805959996073857, "dsfb": 0.0, "sfT": 0.010163643206519132, "roll-out": 0.08103411827288116, "roll-in": 0.19531146805225238, "bad-redirect": 1.6251846572040846e-05, "redirect": 0.0015161010554449995, "oneh-out": 0.0060464184320633335, "oneh-in": 0.0029530948253253544, "dsfb-red": 0.001493490127206404, "dsfb-alt": 0.14261648691972123, "alternate": 0.23580622782836316, "sfR": 0.09728563198976478, "unknown": 0.06769746748314746}, "tr-quotes": {"sft": 0.0, "sfb": 0.15622385058135504, "dsfb": 0.0, "sfT": 0.011577402279189108, "roll-out": 0.08910681676336654, "roll-in": 0.2083077136450845, "bad-redirect": 2.542705901389242e-05, "redirect": 0.001630799103118282, "oneh-out": 0.013774531333071358, "oneh-in": 0.0028073784702156677, "dsfb-red": 0.0012933126834793463, "dsfb-alt": 0.1232160606550935, "alternate": 0.2507281385081251, "sfR": 0.09591664547745082, "unknown": 0.04539192344143686}, "gutenberg": {"sft": 0.0, "sfb": 0.16007445623120076, "dsfb": 0.0, "sfT": 0.00935912401402893, "roll-out": 0.07977504761493413, "roll-in": 0.22831526674782138, "bad-redirect": 2.6710585689263822e-05, "redirect": 0.0021137355682326647, "oneh-out": 0.005834463323713734, "oneh-in": 0.002514015480015746, "dsfb-red": 0.0015350062116319485, "dsfb-alt": 0.10719886277313469, "alternate": 0.23044586218929053, "sfR": 0.09761014138424484, "unknown": 0.07519730787606137}, "english-200": {"sft": 0.0, "sfb": 0.18040089086859687, "dsfb": 0.0, "sfT": 0.013363028953229399, "roll-out": 0.08463251670378619, "roll-in": 0.20935412026726058, "bad-redirect": 0.0, "redirect": 0.0, "oneh-out": 0.0022271714922048997, "oneh-in": 0.0, "dsfb-red": 0.0, "dsfb-alt": 0.12249443207126949, "alternate": 0.2806236080178174, "sfR": 0.10690423162583519, "unknown": 0.0}, "monkeyracer": {"sft": 0.0, "sfb": 0.15637365688099222, "dsfb": 0.0, "sfT": 0.011681420773573988, "roll-out": 0.08930079609615715, "roll-in": 0.20817660353160142, "bad-redirect": 2.541564352409403e-05, "redirect": 0.0016080282152744108, "oneh-out": 0.014135985423150914, "oneh-in": 0.0028279791044309244, "dsfb-red": 0.0012815349484648951, "dsfb-alt": 0.12245159297433411, "alternate": 0.2507917950482506, "sfR": 0.09605353707555875, "unknown": 0.04529165428468649}, "chained-bigrams": {"sft": 0.0, "sfb": 0.13912651636994525, "dsfb": 0.0, "sfT": 0.008483815106593105, "roll-out": 0.06847047838821797, "roll-in": 0.19128516228396822, "bad-redirect": 0.000176610876243175, "redirect": 0.006407338701351658, "oneh-out": 0.0017907823407304288, "oneh-in": 0.0028705760436436643, "dsfb-red": 0.004872382409297004, "dsfb-alt": 0.1410796248836933, "alternate": 0.24607933594310533, "sfR": 0.11643721321023381, "unknown": 0.07292016344297708}, "english-5k": {"sft": 0.0, "sfb": 0.1631476334674576, "dsfb": 0.0, "sfT": 0.009167461733106567, "roll-out": 0.09333388642303066, "roll-in": 0.17160990583647903, "bad-redirect": 0.0, "redirect": 0.0018251960011614883, "oneh-out": 0.00157630563736674, "oneh-in": 0.003899282366117725, "dsfb-red": 0.001410378728170241, "dsfb-alt": 0.19060853693947816, "alternate": 0.25395113452524165, "sfR": 0.10644211224955408, "unknown": 0.0030281660928361057}, "mt-quotes": {"sft": 0.0, "sfb": 0.15704151277178136, "dsfb": 0.0, "sfT": 0.012065060183359032, "roll-out": 0.0897640477641912, "roll-in": 0.21478197726539247, "bad-redirect": 1.792950120127658e-05, "redirect": 0.001452289597303403, "oneh-out": 0.015501547913603711, "oneh-in": 0.0028746966926046784, "dsfb-red": 0.001201276580485531, "dsfb-alt": 0.11949564313120808, "alternate": 0.25377864237816905, "sfR": 0.09572710103871578, "unknown": 0.03629827518198444}, "english-1k": {"sft": 0.0, "sfb": 0.19971771347918138, "dsfb": 0.0, "sfT": 0.008468595624558928, "roll-out": 0.07233592095977417, "roll-in": 0.18136908962597037, "bad-redirect": 0.0, "redirect": 0.00035285815102328866, "oneh-out": 0.001058574453069866, "oneh-in": 0.002117148906139732, "dsfb-red": 0.001058574453069866, "dsfb-alt": 0.1619618913196895, "alternate": 0.26323218066337334, "sfR": 0.10832745236414962, "unknown": 0.0}, "english-10k": {"sft": 0.0, "sfb": 0.17838328090928388, "dsfb": 0.0, "sfT": 0.010266108334459003, "roll-out": 0.0852550124466915, "roll-in": 0.1710117519924355, "bad-redirect": 0.0, "redirect": 0.0018718280233882016, "oneh-out": 0.0007525906485787615, "oneh-in": 0.004110302773007082, "dsfb-red": 0.0019490168078578182, "dsfb-alt": 0.18558113506107562, "alternate": 0.24762162057852993, "sfR": 0.10543987958549622, "unknown": 0.0077574728391964646}, "reddit": {"sft": 0.0, "sfb": 0.15059370936455932, "dsfb": 0.0, "sfT": 0.011323226199512792, "roll-out": 0.07994449560502806, "roll-in": 0.19893272592391986, "bad-redirect": 6.0156605699107974e-05, "redirect": 0.0016668548901683092, "oneh-out": 0.009557708482811823, "oneh-in": 0.002582501357363013, "dsfb-red": 0.0019527673255987522, "dsfb-alt": 0.12486571049127833, "alternate": 0.23216479314049882, "sfR": 0.1028716913164539, "unknown": 0.0834836592971079}, "akl": {"sft": 0.0, "sfb": 0.15245318395915183, "dsfb": 0.0, "sfT": 0.015474065887852146, "roll-out": 0.07238964119937981, "roll-in": 0.18133532726900325, "bad-redirect": 0.0001670906196181115, "redirect": 0.002272791761472162, "oneh-out": 0.01183518285364014, "oneh-in": 0.0027606815017363917, "dsfb-red": 0.0032798581396302645, "dsfb-alt": 0.11651847828955708, "alternate": 0.21953371742491856, "sfR": 0.11706348985084018, "unknown": 0.10491649124320006}, "keymash": {"sft": 0.0, "sfb": 0.1578117752336698, "dsfb": 0.0, "sfT": 0.011025684179415712, "roll-out": 0.08797560064528576, "roll-in": 0.20993132550397556, "bad-redirect": 2.873409875499255e-05, "redirect": 0.0016665777277895678, "oneh-out": 0.013234104912299425, "oneh-in": 0.00294319268676138, "dsfb-red": 0.0013422928989832233, "dsfb-alt": 0.12278490885133388, "alternate": 0.25090204545734424, "sfR": 0.09899307508220005, "unknown": 0.04136068272218642}, "movie": {"sft": 0.0, "sfb": 0.13727654851505658, "dsfb": 0.0, "sfT": 0.010267526562036734, "roll-out": 0.08936980295460835, "roll-in": 0.17423777544908092, "bad-redirect": 9.014451943035507e-05, "redirect": 0.0026747260692291486, "oneh-out": 0.022279119278833318, "oneh-in": 0.001596544977706668, "dsfb-red": 0.00120622578846516, "dsfb-alt": 0.10359092338123801, "alternate": 0.2399731329852746, "sfR": 0.1138359467128768, "unknown": 0.10360158280616336}}