{"english-450k": {"sft": 0.0, "sfb": 0.032476447128312505, "dsfb": 0.0, "sfT": 0.0005057589278144607, "roll-out": 0.1922915907784653, "roll-in": 0.190229965368669, "bad-redirect": 0.0016920998116705772, "redirect": 0.026523693782556403, "oneh-out": 0.002913814585853601, "oneh-in": 0.003988186874708019, "dsfb-red": 0.007705076474842733, "dsfb-alt": 0.05190372922660982, "alternate": 0.3667880682990889, "sfR": 0.11328269117541298, "unknown": 0.009698877565995693}, "shai": {"sft": 0.0, "sfb": 0.016941630829261405, "dsfb": 0.0, "sfT": 7.52020430804367e-05, "roll-out": 0.22787898423752792, "roll-in": 0.17983524753431737, "bad-redirect": 0.001827479314213101, "redirect": 0.025978512883662014, "oneh-out": 0.009807824913852441, "oneh-in": 0.004659074266333048, "dsfb-red": 0.009070159829305683, "dsfb-alt": 0.04279126297012695, "alternate": 0.3161515217054074, "sfR": 0.09728563198976478, "unknown": 0.06769746748314746}, "tr-quotes": {"sft": 0.0, "sfb": 0.017252259540926008, "dsfb": 0.0, "sfT": 3.929636393056101e-05, "roll-out": 0.2497526640623194, "roll-in": 0.1660953283557939, "bad-redirect": 0.0013233628441321281, "redirect": 0.027360671274357967, "oneh-out": 0.01840687917523867, "oneh-in": 0.004056771688125563, "dsfb-red": 0.0113601165021613, "dsfb-alt": 0.04180670812047803, "alternate": 0.3212373731536488, "sfR": 0.09591664547745082, "unknown": 0.04539192344143686}, "gutenberg": {"sft": 0.0, "sfb": 0.017509641384813156, "dsfb": 0.0, "sfT": 3.125706835977681e-05, "roll-out": 0.26667223610793805, "roll-in": 0.1515014948456147, "bad-redirect": 0.0014427505007761224, "redirect": 0.027971476883219423, "oneh-out": 0.01341629148712796, "oneh-in": 0.005006814040902432, "dsfb-red": 0.011661349176309945, "dsfb-alt": 0.03666814048479902, "alternate": 0.2953110987598332, "sfR": 0.09761014138424484, "unknown": 0.07519730787606137}, "english-200": {"sft": 0.0, "sfb": 0.011135857461024499, "dsfb": 0.0, "sfT": 0.0, "roll-out": 0.28507795100222716, "roll-in": 0.15812917594654788, "bad-redirect": 0.0, "redirect": 0.024498886414253896, "oneh-out": 0.008908685968819599, "oneh-in": 0.004454342984409799, "dsfb-red": 0.004454342984409799, "dsfb-alt": 0.044543429844097995, "alternate": 0.3518930957683742, "sfR": 0.10690423162583519, "unknown": 0.0}, "monkeyracer": {"sft": 0.0, "sfb": 0.017123301061982888, "dsfb": 0.0, "sfT": 3.323584153150758e-05, "roll-out": 0.24985239376261006, "roll-in": 0.16609318547945634, "bad-redirect": 0.0013177033642491828, "redirect": 0.027313019065642742, "oneh-out": 0.018822239079093483, "oneh-in": 0.004044019894583731, "dsfb-red": 0.011430196912585826, "dsfb-alt": 0.04179309320111985, "alternate": 0.3208324209768991, "sfR": 0.09605353707555875, "unknown": 0.04529165428468649}, "chained-bigrams": {"sft": 0.0, "sfb": 0.017879254000853186, "dsfb": 0.0, "sfT": 6.493046920704963e-05, "roll-out": 0.21373162548884528, "roll-in": 0.16083017500709365, "bad-redirect": 0.0035854605096132808, "redirect": 0.027483119701267898, "oneh-out": 0.00605801277701773, "oneh-in": 0.005421044874096574, "dsfb-red": 0.014906737120554455, "dsfb-alt": 0.054106559990234455, "alternate": 0.30657570340800555, "sfR": 0.11643721321023381, "unknown": 0.07292016344297708}, "english-5k": {"sft": 0.0, "sfb": 0.02119716264985274, "dsfb": 0.0, "sfT": 0.00012444518189737422, "roll-out": 0.20471232422118057, "roll-in": 0.2111419919525449, "bad-redirect": 0.002862239183639607, "redirect": 0.025345335379765212, "oneh-out": 0.002862239183639607, "oneh-in": 0.0041896544572115986, "dsfb-red": 0.00630522254946696, "dsfb-alt": 0.04799435848508732, "alternate": 0.36379474841332393, "sfR": 0.10644211224955408, "unknown": 0.0030281660928361057}, "mt-quotes": {"sft": 0.0, "sfb": 0.016678918492487538, "dsfb": 0.0, "sfT": 2.2411876501595726e-05, "roll-out": 0.25645760868265977, "roll-in": 0.16606154600112358, "bad-redirect": 0.0012087472059860629, "redirect": 0.027491901841957423, "oneh-out": 0.020336536737547962, "oneh-in": 0.003986325767083827, "dsfb-red": 0.011815541291641267, "dsfb-alt": 0.04166517254156656, "alternate": 0.3222499133407442, "sfR": 0.09572710103871578, "unknown": 0.03629827518198444}, "english-1k": {"sft": 0.0, "sfb": 0.017290049400141144, "dsfb": 0.0, "sfT": 0.0, "roll-out": 0.24311926605504589, "roll-in": 0.17819336626676077, "bad-redirect": 0.001058574453069866, "redirect": 0.025758645024700072, "oneh-out": 0.007057163020465773, "oneh-in": 0.00529287226534933, "dsfb-red": 0.0045871559633027525, "dsfb-alt": 0.04481298517995766, "alternate": 0.36450247000705716, "sfR": 0.10832745236414962, "unknown": 0.0}, "english-10k": {"sft": 0.0, "sfb": 0.022481233476775823, "dsfb": 0.0, "sfT": 0.00015437756893923313, "roll-out": 0.19283688080121958, "roll-in": 0.22981030856216592, "bad-redirect": 0.002064799984562243, "redirect": 0.02589683718955636, "oneh-out": 0.002103394376797051, "oneh-in": 0.006136508365334517, "dsfb-red": 0.007892553212018294, "dsfb-alt": 0.04772196599834044, "alternate": 0.34970378803959784, "sfR": 0.10543987958549622, "unknown": 0.0077574728391964646}, "reddit": {"sft": 0.0, "sfb": 0.01577496485089983, "dsfb": 0.0, "sfT": 6.656182336694574e-05, "roll-out": 0.2337530998350563, "roll-in": 0.16495072383641823, "bad-redirect": 0.0016939365999568865, "redirect": 0.026076053157313456, "oneh-out": 0.013607716376961667, "oneh-in": 0.004200624152877188, "dsfb-red": 0.01066431284281727, "dsfb-alt": 0.042635188954857635, "alternate": 0.3002214669559128, "sfR": 0.1028716913164539, "unknown": 0.0834836592971079}, "akl": {"sft": 0.0, "sfb": 0.020215920483451336, "dsfb": 0.0, "sfT": 0.00015061078839140863, "roll-out": 0.21875111130440839, "roll-in": 0.1542624340016834, "bad-redirect": 0.0015512105799029574, "redirect": 0.025672851064082878, "oneh-out": 0.01474015580998928, "oneh-in": 0.0045963860101845356, "dsfb-red": 0.014142359225378544, "dsfb-alt": 0.03933209102665755, "alternate": 0.2846048886118295, "sfR": 0.11706348985084018, "unknown": 0.10491649124320006}, "keymash": {"sft": 0.0, "sfb": 0.017769987644337536, "dsfb": 0.0, "sfT": 2.462922750427933e-05, "roll-out": 0.252322330910091, "roll-in": 0.16571365239129274, "bad-redirect": 0.0014326000664989143, "redirect": 0.02727276458973864, "oneh-out": 0.017782302258089674, "oneh-in": 0.004260856358240324, "dsfb-red": 0.012010853279586885, "dsfb-alt": 0.04178348446100988, "alternate": 0.3192727810092236, "sfR": 0.09899307508220005, "unknown": 0.04136068272218642}, "movie": {"sft": 0.0, "sfb": 0.015154675493547824, "dsfb": 0.0, "sfT": 1.9213284433331154e-05, "roll-out": 0.22970810678217096, "roll-in": 0.1352177003304027, "bad-redirect": 0.0008606498643423681, "redirect": 0.027157056361643495, "oneh-out": 0.025677370264599826, "oneh-in": 0.004546047333900169, "dsfb-red": 0.012287684982146779, "dsfb-alt": 0.042435302225622126, "alternate": 0.28949866355815024, "sfR": 0.1138359467128768, "unknown": 0.10360158280616336}}