{"english-450k": {"sft": 0.0, "sfb": 0.0392466004522011, "dsfb": 0.0, "sfT": 0.001705547736918823, "roll-out": 0.1486174071113798, "roll-in": 0.24846737504100155, "bad-redirect": 0.0026729213161893724, "redirect": 0.040175676679134256, "oneh-out": 0.0038320740033479486, "oneh-in": 0.012658882851615007, "dsfb-red": 0.01504647427558073, "dsfb-alt": 0.04055601908669877, "alternate": 0.32403945270452394, "sfR": 0.11328269117541298, "unknown": 0.009698877565995693}, "shai": {"sft": 0.0, "sfb": 0.017256333769192972, "dsfb": 0.0, "sfT": 0.0001639505169782449, "roll-out": 0.14681918193181703, "roll-in": 0.26661806465316645, "bad-redirect": 0.0019651304033616204, "redirect": 0.03454907647401423, "oneh-out": 0.005125001819092138, "oneh-in": 0.00820698125762277, "dsfb-red": 0.01540515594186708, "dsfb-alt": 0.03414618626946158, "alternate": 0.3047618374905136, "sfR": 0.09728563198976478, "unknown": 0.06769746748314746}, "tr-quotes": {"sft": 0.0, "sfb": 0.017130903122905158, "dsfb": 0.0, "sfT": 0.00017567786227780217, "roll-out": 0.1565936987124662, "roll-in": 0.27132752363560714, "bad-redirect": 0.0025195903931947944, "redirect": 0.03288527773283095, "oneh-out": 0.006406463096091167, "oneh-in": 0.009369871246619357, "dsfb-red": 0.015730103326321628, "dsfb-alt": 0.03371165715078246, "alternate": 0.31284066480201567, "sfR": 0.09591664547745082, "unknown": 0.04539192344143686}, "gutenberg": {"sft": 0.0, "sfb": 0.018434661171484613, "dsfb": 0.0, "sfT": 8.107894095748168e-05, "roll-out": 0.14906628506522118, "roll-in": 0.273435507953882, "bad-redirect": 0.0022810082431519553, "redirect": 0.027566271615209956, "oneh-out": 0.00811926030242445, "oneh-in": 0.009830442717538777, "dsfb-red": 0.014008849728518154, "dsfb-alt": 0.02990524751241095, "alternate": 0.29446393748889427, "sfR": 0.09761014138424484, "unknown": 0.07519730787606137}, "english-200": {"sft": 0.0, "sfb": 0.011135857461024499, "dsfb": 0.0, "sfT": 0.0, "roll-out": 0.1759465478841871, "roll-in": 0.2873051224944321, "bad-redirect": 0.0, "redirect": 0.0334075723830735, "oneh-out": 0.004454342984409799, "oneh-in": 0.008908685968819599, "dsfb-red": 0.008908685968819599, "dsfb-alt": 0.0200445434298441, "alternate": 0.3429844097995546, "sfR": 0.10690423162583519, "unknown": 0.0}, "monkeyracer": {"sft": 0.0, "sfb": 0.01700795314137354, "dsfb": 0.0, "sfT": 0.00015933653440105105, "roll-out": 0.15683895866243333, "roll-in": 0.2710236248181804, "bad-redirect": 0.002585552966201104, "redirect": 0.03291228083895084, "oneh-out": 0.006512269890673632, "oneh-in": 0.009509360777014874, "dsfb-red": 0.01563062076731783, "dsfb-alt": 0.03369332311494127, "alternate": 0.3127815271282669, "sfR": 0.09605353707555875, "unknown": 0.04529165428468649}, "chained-bigrams": {"sft": 0.0, "sfb": 0.018789579179136023, "dsfb": 0.0, "sfT": 6.363185982290863e-05, "roll-out": 0.1290395679786301, "roll-in": 0.2390811299719695, "bad-redirect": 0.0033328809843978574, "redirect": 0.0378882273916976, "oneh-out": 0.004815892901086871, "oneh-in": 0.012438080681302427, "dsfb-red": 0.019749251514016217, "dsfb-alt": 0.04591558129976515, "alternate": 0.2995287995849644, "sfR": 0.11643721321023381, "unknown": 0.07292016344297708}, "english-5k": {"sft": 0.0, "sfb": 0.02206827892313436, "dsfb": 0.0, "sfT": 0.0003733355456921226, "roll-out": 0.1651802381051147, "roll-in": 0.2679719583523458, "bad-redirect": 0.0026548305471439833, "redirect": 0.040983946571535236, "oneh-out": 0.0038163189115194758, "oneh-in": 0.008296345459824947, "dsfb-red": 0.014269714190898909, "dsfb-alt": 0.03691873729622101, "alternate": 0.3279960177541793, "sfR": 0.10644211224955408, "unknown": 0.0030281660928361057}, "mt-quotes": {"sft": 0.0, "sfb": 0.016164939458050944, "dsfb": 0.0, "sfT": 0.0001225182582087233, "roll-out": 0.15907949940832647, "roll-in": 0.2751162429327883, "bad-redirect": 0.002517600793679253, "redirect": 0.03268249243972699, "oneh-out": 0.00653679731296542, "oneh-in": 0.009569871266181374, "dsfb-red": 0.01554338341640669, "dsfb-alt": 0.03398088715171944, "alternate": 0.31666039134124624, "sfR": 0.09572710103871578, "unknown": 0.03629827518198444}, "english-1k": {"sft": 0.0, "sfb": 0.016937191249117856, "dsfb": 0.0, "sfT": 0.0, "roll-out": 0.19760056457304165, "roll-in": 0.2642907551164432, "bad-redirect": 0.0017642907551164433, "redirect": 0.037755822159491886, "oneh-out": 0.007057163020465773, "oneh-in": 0.008115737473535639, "dsfb-red": 0.017642907551164433, "dsfb-alt": 0.02928722653493296, "alternate": 0.3112208892025406, "sfR": 0.10832745236414962, "unknown": 0.0}, "english-10k": {"sft": 0.0, "sfb": 0.024449547480751045, "dsfb": 0.0, "sfT": 0.00036664672623067866, "roll-out": 0.15667393527720422, "roll-in": 0.25968236815190754, "bad-redirect": 0.0021226915729144554, "redirect": 0.03676115860365489, "oneh-out": 0.0033577121244283206, "oneh-in": 0.00810482236930974, "dsfb-red": 0.014434302695818298, "dsfb-alt": 0.03899963335327377, "alternate": 0.3418498292198144, "sfR": 0.10543987958549622, "unknown": 0.0077574728391964646}, "reddit": {"sft": 0.0, "sfb": 0.01608065480053272, "dsfb": 0.0, "sfT": 0.00017039377292978964, "roll-out": 0.14651759365336572, "roll-in": 0.251722994188295, "bad-redirect": 0.0019535539312772587, "redirect": 0.03234058078093837, "oneh-out": 0.005106082203664571, "oneh-in": 0.009181373851766407, "dsfb-red": 0.01599229276264717, "dsfb-alt": 0.03537245872520811, "alternate": 0.29920667071581303, "sfR": 0.1028716913164539, "unknown": 0.0834836592971079}, "akl": {"sft": 0.0, "sfb": 0.02130774027934677, "dsfb": 0.0, "sfT": 0.00022594715971347893, "roll-out": 0.13897831985270748, "roll-in": 0.2395691651701617, "bad-redirect": 0.001258910415513543, "redirect": 0.02852435750032433, "oneh-out": 0.003943883820411473, "oneh-in": 0.009219350394791085, "dsfb-red": 0.013244827966050556, "dsfb-alt": 0.03594932687323949, "alternate": 0.28579818947369984, "sfR": 0.11706348985084018, "unknown": 0.10491649124320006}, "keymash": {"sft": 0.0, "sfb": 0.01778640712934039, "dsfb": 0.0, "sfT": 0.00014777536502567597, "roll-out": 0.15592763932959242, "roll-in": 0.27186972780598734, "bad-redirect": 0.0025696494029464768, "redirect": 0.03253110466190228, "oneh-out": 0.0065554793873890144, "oneh-in": 0.009609503597919651, "dsfb-red": 0.015873537126508026, "dsfb-alt": 0.032674775155677245, "alternate": 0.314100643233325, "sfR": 0.09899307508220005, "unknown": 0.04136068272218642}, "movie": {"sft": 0.0, "sfb": 0.014076625999863928, "dsfb": 0.0, "sfT": 7.843231179633814e-05, "roll-out": 0.1439178966348985, "roll-in": 0.23842738477326153, "bad-redirect": 0.003557747566130875, "redirect": 0.02856502163665863, "oneh-out": 0.007423434074549386, "oneh-in": 0.007372110917501447, "dsfb-red": 0.015608556438825626, "dsfb-alt": 0.037854776258012826, "alternate": 0.2856804838694607, "sfR": 0.1138359467128768, "unknown": 0.10360158280616336}}