{"english-450k": {"sft": 0.0, "sfb": 0.03284626507263926, "dsfb": 0.0, "sfT": 0.00010085943936184333, "roll-out": 0.14659290966911673, "roll-in": 0.2420515453127841, "bad-redirect": 0.0021695011579833026, "redirect": 0.02270009781903887, "oneh-out": 0.003959536947005235, "oneh-in": 0.008930299403438343, "dsfb-red": 0.012748925481538045, "dsfb-alt": 0.058645524968996686, "alternate": 0.3462729659866889, "sfR": 0.11328269117541298, "unknown": 0.009698877565995693}, "shai": {"sft": 0.0, "sfb": 0.017866275363175938, "dsfb": 0.0, "sfT": 2.5312473584459908e-05, "roll-out": 0.1647148956243635, "roll-in": 0.25238469432904603, "bad-redirect": 0.002675520717059802, "redirect": 0.022516021944289026, "oneh-out": 0.012057523254190182, "oneh-in": 0.00671946704161123, "dsfb-red": 0.010970325420875995, "dsfb-alt": 0.05117534252343842, "alternate": 0.2939115218354531, "sfR": 0.09728563198976478, "unknown": 0.06769746748314746}, "tr-quotes": {"sft": 0.0, "sfb": 0.016722914403273156, "dsfb": 0.0, "sfT": 2.195973278472527e-05, "roll-out": 0.1677272832343219, "roll-in": 0.25851228589260533, "bad-redirect": 0.002198284829291972, "redirect": 0.0247185686877326, "oneh-out": 0.021098680104482098, "oneh-in": 0.006237719886271699, "dsfb-red": 0.011313885485772404, "dsfb-alt": 0.04990291486558332, "alternate": 0.3002369339589931, "sfR": 0.09591664547745082, "unknown": 0.04539192344143686}, "gutenberg": {"sft": 0.0, "sfb": 0.01751873435015418, "dsfb": 0.0, "sfT": 4.603313703894403e-05, "roll-out": 0.1723232488558966, "roll-in": 0.26223164859629244, "bad-redirect": 0.0023461744947626414, "redirect": 0.02165546526998719, "oneh-out": 0.012534084412270502, "oneh-in": 0.00640542577241899, "dsfb-red": 0.009179916822099543, "dsfb-alt": 0.055791972654422234, "alternate": 0.2671598463743506, "sfR": 0.09761014138424484, "unknown": 0.07519730787606137}, "english-200": {"sft": 0.0, "sfb": 0.015590200445434299, "dsfb": 0.0, "sfT": 0.0, "roll-out": 0.16926503340757237, "roll-in": 0.2828507795100223, "bad-redirect": 0.0, "redirect": 0.031180400890868598, "oneh-out": 0.013363028953229399, "oneh-in": 0.0066815144766146995, "dsfb-red": 0.008908685968819599, "dsfb-alt": 0.05790645879732739, "alternate": 0.30734966592427615, "sfR": 0.10690423162583519, "unknown": 0.0}, "monkeyracer": {"sft": 0.0, "sfb": 0.01666777452805105, "dsfb": 0.0, "sfT": 2.1505544520387257e-05, "roll-out": 0.1683082565650562, "roll-in": 0.2583793421649436, "bad-redirect": 0.002165217323302626, "redirect": 0.02462287095109248, "oneh-out": 0.021582768975710466, "oneh-in": 0.006289394247462346, "dsfb-red": 0.011295298496957942, "dsfb-alt": 0.04979315576270391, "alternate": 0.2995292240799537, "sfR": 0.09605353707555875, "unknown": 0.04529165428468649}, "chained-bigrams": {"sft": 0.0, "sfb": 0.018738933413154524, "dsfb": 0.0, "sfT": 5.843742228634467e-05, "roll-out": 0.13929338767580737, "roll-in": 0.22932727488768653, "bad-redirect": 0.0034906620245709883, "redirect": 0.029044697485697442, "oneh-out": 0.00574374930605561, "oneh-in": 0.015428128788287063, "dsfb-red": 0.017548108607897232, "dsfb-alt": 0.059977573015935884, "alternate": 0.2919916707194101, "sfR": 0.11643721321023381, "unknown": 0.07292016344297708}, "english-5k": {"sft": 0.0, "sfb": 0.020699381922263244, "dsfb": 0.0, "sfT": 4.148172729912474e-05, "roll-out": 0.16036835773841623, "roll-in": 0.2606296926204007, "bad-redirect": 0.001244451818973742, "redirect": 0.022400132741527357, "oneh-out": 0.0053096610942879666, "oneh-in": 0.009914132824490812, "dsfb-red": 0.013730451736010287, "dsfb-alt": 0.054299581034554276, "alternate": 0.34189239639938607, "sfR": 0.10644211224955408, "unknown": 0.0030281660928361057}, "mt-quotes": {"sft": 0.0, "sfb": 0.016039432949642007, "dsfb": 0.0, "sfT": 1.0458875700744673e-05, "roll-out": 0.16991638875939805, "roll-in": 0.26293314686652086, "bad-redirect": 0.0021859050214556365, "redirect": 0.024708346780459235, "oneh-out": 0.023317316312260195, "oneh-in": 0.0061393600363371225, "dsfb-red": 0.011246279628500735, "dsfb-alt": 0.05018467386237315, "alternate": 0.3012933146866521, "sfR": 0.09572710103871578, "unknown": 0.03629827518198444}, "english-1k": {"sft": 0.0, "sfb": 0.01587861679604799, "dsfb": 0.0, "sfT": 0.0, "roll-out": 0.1806633733239238, "roll-in": 0.2801693719124912, "bad-redirect": 0.0, "redirect": 0.02611150317572336, "oneh-out": 0.0077628793225123505, "oneh-in": 0.01058574453069866, "dsfb-red": 0.012702893436838392, "dsfb-alt": 0.05575158786167961, "alternate": 0.3020465772759351, "sfR": 0.10832745236414962, "unknown": 0.0}, "english-10k": {"sft": 0.0, "sfb": 0.021188321336909746, "dsfb": 0.0, "sfT": 3.859439223480828e-05, "roll-out": 0.16051407730456765, "roll-in": 0.2632137550413925, "bad-redirect": 0.003647170066189383, "redirect": 0.02230755871171919, "oneh-out": 0.006001427992512688, "oneh-in": 0.008780224233418885, "dsfb-red": 0.012195827946199417, "dsfb-alt": 0.05561451921035873, "alternate": 0.3333011713398043, "sfR": 0.10543987958549622, "unknown": 0.0077574728391964646}, "reddit": {"sft": 0.0, "sfb": 0.015584381532221709, "dsfb": 0.0, "sfT": 3.090236594132259e-05, "roll-out": 0.15689445830680881, "roll-in": 0.24527447575072617, "bad-redirect": 0.002477545685402303, "redirect": 0.021789951187371908, "oneh-out": 0.01603896469957188, "oneh-in": 0.006065179270243437, "dsfb-red": 0.010710348003716525, "dsfb-alt": 0.049126708502851536, "alternate": 0.2896517340815826, "sfR": 0.1028716913164539, "unknown": 0.0834836592971079}, "akl": {"sft": 0.0, "sfb": 0.021125842593325717, "dsfb": 0.0, "sfT": 9.094884301052565e-05, "roll-out": 0.1478605152041312, "roll-in": 0.23246611009444182, "bad-redirect": 0.002467885703325122, "redirect": 0.01992944401881873, "oneh-out": 0.01756130466239207, "oneh-in": 0.005509653649706442, "dsfb-red": 0.01185537994003076, "dsfb-alt": 0.045655204014734704, "alternate": 0.27349773018204265, "sfR": 0.11706348985084018, "unknown": 0.10491649124320006}, "keymash": {"sft": 0.0, "sfb": 0.01846371088570807, "dsfb": 0.0, "sfT": 3.694384125641899e-05, "roll-out": 0.1710089363047128, "roll-in": 0.25866846186369363, "bad-redirect": 0.002257679187892272, "redirect": 0.02427620857671799, "oneh-out": 0.020183651939756908, "oneh-in": 0.0064651722198733235, "dsfb-red": 0.01160857589701699, "dsfb-alt": 0.05124110782265314, "alternate": 0.295435793656332, "sfR": 0.09899307508220005, "unknown": 0.04136068272218642}, "movie": {"sft": 0.0, "sfb": 0.013779609678178801, "dsfb": 0.0, "sfT": 1.4607360082875054e-05, "roll-out": 0.15571459008128666, "roll-in": 0.21728119128680182, "bad-redirect": 0.00183973778341075, "redirect": 0.02264035534574766, "oneh-out": 0.02739116891648525, "oneh-in": 0.003941092069927407, "dsfb-red": 0.011206082346821102, "dsfb-alt": 0.05316855353840926, "alternate": 0.27558548207380823, "sfR": 0.1138359467128768, "unknown": 0.10360158280616336}}