{"english-450k": {"sft": 0.0, "sfb": 0.04180433736517724, "dsfb": 0.0, "sfT": 0.0004738931919001392, "roll-out": 0.19282132209476577, "roll-in": 0.19939238765574013, "bad-redirect": 0.0026255612316194634, "redirect": 0.03207183998606093, "oneh-out": 0.006229897544350381, "oneh-in": 0.004770212962513616, "dsfb-red": 0.01621235092536343, "dsfb-alt": 0.04163185310655844, "alternate": 0.3389847751945418, "sfR": 0.11328269117541298, "unknown": 0.009698877565995693}, "shai": {"sft": 0.0, "sfb": 0.019322388952552814, "dsfb": 0.0, "sfT": 7.231471811193408e-05, "roll-out": 0.2295847895101394, "roll-in": 0.18662140946045572, "bad-redirect": 0.00212329078876764, "redirect": 0.027595964464073783, "oneh-out": 0.008808845308429781, "oneh-in": 0.006211708110488096, "dsfb-red": 0.011406117970679641, "dsfb-alt": 0.0362246267609973, "alternate": 0.30767645658190884, "sfR": 0.09728563198976478, "unknown": 0.06706645538363028}, "tr-quotes": {"sft": 0.0, "sfb": 0.019123459929266545, "dsfb": 0.0, "sfT": 6.0100321305563905e-05, "roll-out": 0.26031876285800143, "roll-in": 0.16881024479323178, "bad-redirect": 0.0015418043965696585, "redirect": 0.02907353043156654, "oneh-out": 0.01175308014146691, "oneh-in": 0.006641085504264811, "dsfb-red": 0.012770162502022607, "dsfb-alt": 0.035830193476803586, "alternate": 0.3128163935184115, "sfR": 0.09591664547745082, "unknown": 0.045344536649638244}, "gutenberg": {"sft": 0.0, "sfb": 0.018043663661820496, "dsfb": 0.0, "sfT": 2.6710585689263822e-05, "roll-out": 0.2673740993701985, "roll-in": 0.15555184259470797, "bad-redirect": 0.0019235410431828713, "redirect": 0.02982511575534316, "oneh-out": 0.01250055410257547, "oneh-in": 0.0067839204547391965, "dsfb-red": 0.014004682119403516, "dsfb-alt": 0.03055804664918544, "alternate": 0.290606246942964, "sfR": 0.09761014138424484, "unknown": 0.07519143533594529}, "english-200": {"sft": 0.0, "sfb": 0.013363028953229399, "dsfb": 0.0, "sfT": 0.0, "roll-out": 0.29398663697104677, "roll-in": 0.14699331848552338, "bad-redirect": 0.0, "redirect": 0.028953229398663696, "oneh-out": 0.011135857461024499, "oneh-in": 0.008908685968819599, "dsfb-red": 0.0066815144766146995, "dsfb-alt": 0.028953229398663696, "alternate": 0.35412026726057905, "sfR": 0.10690423162583519, "unknown": 0.0}, "monkeyracer": {"sft": 0.0, "sfb": 0.019066620266825155, "dsfb": 0.0, "sfT": 5.96290098065283e-05, "roll-out": 0.2607469071116881, "roll-in": 0.16890552418787244, "bad-redirect": 0.0015376464332076888, "redirect": 0.029157608270641414, "oneh-out": 0.011807521466443531, "oneh-in": 0.0066686738508219025, "dsfb-red": 0.012872045920202699, "dsfb-alt": 0.035472418161627856, "alternate": 0.31240615762391105, "sfR": 0.09605353707555875, "unknown": 0.04524571062139293}, "chained-bigrams": {"sft": 0.0, "sfb": 0.020585555957403016, "dsfb": 0.0, "sfT": 0.00014479494633172068, "roll-out": 0.2118077356862404, "roll-in": 0.17038144702745064, "bad-redirect": 0.0029796592319115077, "redirect": 0.03328076129676536, "oneh-out": 0.006924834540931843, "oneh-in": 0.005145739684658683, "dsfb-red": 0.01966419259935498, "dsfb-alt": 0.04823684557391717, "alternate": 0.2916332545293872, "sfR": 0.11643721321023381, "unknown": 0.07277796571541365}, "english-5k": {"sft": 0.0, "sfb": 0.023354212469407228, "dsfb": 0.0, "sfT": 0.00016592690919649896, "roll-out": 0.20185008503754095, "roll-in": 0.2222176131414112, "bad-redirect": 0.0033600199112291036, "redirect": 0.02882980047289169, "oneh-out": 0.007591156095739827, "oneh-in": 0.004562990002903721, "dsfb-red": 0.011946737462147923, "dsfb-alt": 0.039366159206869374, "alternate": 0.3472850209482723, "sfR": 0.10644211224955408, "unknown": 0.0030281660928361057}, "mt-quotes": {"sft": 0.0, "sfb": 0.018158102341592857, "dsfb": 0.0, "sfT": 3.585900240255316e-05, "roll-out": 0.268975388771351, "roll-in": 0.1678246136192491, "bad-redirect": 0.0014074658443002117, "redirect": 0.029257957710283167, "oneh-out": 0.012336990951578393, "oneh-in": 0.006853551834187973, "dsfb-red": 0.013001876621125733, "dsfb-alt": 0.03531812911631465, "alternate": 0.31482261746811535, "sfR": 0.09572710103871578, "unknown": 0.03628034568078316}, "english-1k": {"sft": 0.0, "sfb": 0.016937191249117856, "dsfb": 0.0, "sfT": 0.0, "roll-out": 0.24770642201834864, "roll-in": 0.18101623147494708, "bad-redirect": 0.001058574453069866, "redirect": 0.031051517290049402, "oneh-out": 0.012350035285815103, "oneh-in": 0.006351446718419196, "dsfb-red": 0.010938602681721948, "dsfb-alt": 0.035285815102328866, "alternate": 0.34897671136203245, "sfR": 0.10832745236414962, "unknown": 0.0}, "english-10k": {"sft": 0.0, "sfb": 0.02618629513131742, "dsfb": 0.0, "sfT": 0.00011578317670442484, "roll-out": 0.19183342660311456, "roll-in": 0.2339399085312904, "bad-redirect": 0.002354257926323305, "redirect": 0.029486115667393526, "oneh-out": 0.006310183130391154, "oneh-in": 0.006966287798382895, "dsfb-red": 0.012697555045251925, "dsfb-alt": 0.039211902510565215, "alternate": 0.33770093205457247, "sfR": 0.10543987958549622, "unknown": 0.0077574728391964646}, "reddit": {"sft": 0.0, "sfb": 0.01900727741353565, "dsfb": 0.0, "sfT": 0.0001848523344490024, "roll-out": 0.24217277718813565, "roll-in": 0.1684219772382537, "bad-redirect": 0.00185998531294826, "redirect": 0.027886856886648437, "oneh-out": 0.010700683991094875, "oneh-in": 0.00701487452609349, "dsfb-red": 0.01262603249018569, "dsfb-alt": 0.03610744808823918, "alternate": 0.2927723860952838, "sfR": 0.1028716913164539, "unknown": 0.07837315711867839}, "akl": {"sft": 0.0, "sfb": 0.024814846617997884, "dsfb": 0.0, "sfT": 0.00020283822344445573, "roll-out": 0.23605933284439037, "roll-in": 0.15591902876548344, "bad-redirect": 0.001560565672065484, "redirect": 0.025763304273071545, "oneh-out": 0.009289916288652793, "oneh-in": 0.0069149000101728884, "dsfb-red": 0.012333666771121536, "dsfb-alt": 0.03596363830562058, "alternate": 0.27540077896321047, "sfR": 0.11706348985084018, "unknown": 0.09871369341392838}, "keymash": {"sft": 0.0, "sfb": 0.01907533670206434, "dsfb": 0.0, "sfT": 3.694384125641899e-05, "roll-out": 0.2629457377069368, "roll-in": 0.1689277665806012, "bad-redirect": 0.0017281507965502662, "redirect": 0.028832615665009668, "oneh-out": 0.011760456133293379, "oneh-in": 0.00649801118987903, "dsfb-red": 0.013459872831088652, "dsfb-alt": 0.03524442455862372, "alternate": 0.3111902895165693, "sfR": 0.09899307508220005, "unknown": 0.04130731939592715}, "movie": {"sft": 0.0, "sfb": 0.01705034235835697, "dsfb": 0.0, "sfT": 8.18538555995341e-05, "roll-out": 0.24667251575193228, "roll-in": 0.13653394191192447, "bad-redirect": 0.0010281739128603857, "redirect": 0.026472747601004303, "oneh-out": 0.013073324078496006, "oneh-in": 0.006484351898410679, "dsfb-red": 0.014038857420190188, "dsfb-alt": 0.03582211604323726, "alternate": 0.2853262224879914, "sfR": 0.1138359467128768, "unknown": 0.10357960596711975}}