{"english-450k": {"sft": 0.0, "sfb": 0.03953251503682685, "dsfb": 0.0, "sfT": 0.00023767746145269167, "roll-out": 0.11271700127638351, "roll-in": 0.267709601994035, "bad-redirect": 0.004385193015732318, "redirect": 0.011947312198262177, "oneh-out": 0.001847920336829599, "oneh-in": 0.01213792192134601, "dsfb-red": 0.0058159353236652495, "dsfb-alt": 0.06022331741605717, "alternate": 0.36046403527800075, "sfR": 0.11328269117541298, "unknown": 0.009698877565995693}, "shai": {"sft": 0.0, "sfb": 0.029949176887900265, "dsfb": 0.0, "sfT": 0.0002401937000272167, "roll-out": 0.10406585670879633, "roll-in": 0.3062476564674686, "bad-redirect": 0.00642785883101888, "redirect": 0.00998492707994995, "oneh-out": 0.001796376709056416, "oneh-in": 0.018474417217064602, "dsfb-red": 0.005317415322422084, "dsfb-alt": 0.0588928447907239, "alternate": 0.29389829277815777, "sfR": 0.09728563198976478, "unknown": 0.06741935151764922}, "tr-quotes": {"sft": 0.0, "sfb": 0.03720903354060239, "dsfb": 0.0, "sfT": 0.0001259795196597397, "roll-out": 0.09549478745290216, "roll-in": 0.3255033401909341, "bad-redirect": 0.008108920274612238, "redirect": 0.010092230877695845, "oneh-out": 0.0018503964309655348, "oneh-in": 0.026469568433462008, "dsfb-red": 0.0056182242666605025, "dsfb-alt": 0.06103881093825848, "alternate": 0.28629712674233143, "sfR": 0.09591664547745082, "unknown": 0.04627493585446476}, "gutenberg": {"sft": 0.0, "sfb": 0.029228200468060392, "dsfb": 0.0, "sfT": 0.00019455157094236842, "roll-out": 0.10127157542823131, "roll-in": 0.3343191623257229, "bad-redirect": 0.007394285753255566, "redirect": 0.008691169935019396, "oneh-out": 0.001248198929833754, "oneh-in": 0.022699830226759612, "dsfb-red": 0.008506279639751868, "dsfb-alt": 0.051398176026927304, "alternate": 0.2572928423586697, "sfR": 0.09761014138424484, "unknown": 0.08014558595258095}, "english-200": {"sft": 0.0, "sfb": 0.031180400890868598, "dsfb": 0.0, "sfT": 0.0, "roll-out": 0.09799554565701558, "roll-in": 0.3674832962138085, "bad-redirect": 0.004454342984409799, "redirect": 0.0066815144766146995, "oneh-out": 0.0, "oneh-in": 0.0200445434298441, "dsfb-red": 0.004454342984409799, "dsfb-alt": 0.06904231625835189, "alternate": 0.29175946547884185, "sfR": 0.10690423162583519, "unknown": 0.0}, "monkeyracer": {"sft": 0.0, "sfb": 0.03741084974271548, "dsfb": 0.0, "sfT": 0.0001476062373899307, "roll-out": 0.09532528113611836, "roll-in": 0.32588622393919014, "bad-redirect": 0.007998107512082206, "redirect": 0.010071437508797723, "oneh-out": 0.0018866227692885184, "oneh-in": 0.026799818571406227, "dsfb-red": 0.005636407713843315, "dsfb-alt": 0.061192071883260084, "alternate": 0.28543527222109266, "sfR": 0.09605353707555875, "unknown": 0.046156763689256614}, "chained-bigrams": {"sft": 0.0, "sfb": 0.027688949288654244, "dsfb": 0.0, "sfT": 0.00023504829852951967, "roll-out": 0.08867359388199147, "roll-in": 0.2887600812669753, "bad-redirect": 0.007002101799288232, "redirect": 0.017859125555399, "oneh-out": 0.0017193588246026742, "oneh-in": 0.014643119415573834, "dsfb-red": 0.01002201792210811, "dsfb-alt": 0.05887310573472397, "alternate": 0.2946109658472225, "sfR": 0.11643721321023381, "unknown": 0.07347531895469736}, "english-5k": {"sft": 0.0, "sfb": 0.030115734019164557, "dsfb": 0.0, "sfT": 0.00012444518189737422, "roll-out": 0.1150288298004729, "roll-in": 0.29252914091342763, "bad-redirect": 0.0033600199112291036, "redirect": 0.009748205915294314, "oneh-out": 0.0009125980005807441, "oneh-in": 0.014145269009001534, "dsfb-red": 0.004894843821296718, "dsfb-alt": 0.06010702285643174, "alternate": 0.3595636122288132, "sfR": 0.10644211224955408, "unknown": 0.0030281660928361057}, "mt-quotes": {"sft": 0.0, "sfb": 0.038318332317328264, "dsfb": 0.0, "sfT": 0.00013297713390946798, "roll-out": 0.09450490670682875, "roll-in": 0.33400568962838123, "bad-redirect": 0.008391006562197439, "redirect": 0.010009144045612652, "oneh-out": 0.0019244331289370196, "oneh-in": 0.02810001075770072, "dsfb-red": 0.00562836925210074, "dsfb-alt": 0.062125721662423354, "alternate": 0.2839599694003179, "sfR": 0.09572710103871578, "unknown": 0.03717233836554667}, "english-1k": {"sft": 0.0, "sfb": 0.02611150317572336, "dsfb": 0.0, "sfT": 0.0, "roll-out": 0.11397318278052224, "roll-in": 0.3158080451658433, "bad-redirect": 0.003175723359209598, "redirect": 0.008821453775582216, "oneh-out": 0.00035285815102328866, "oneh-in": 0.01834862385321101, "dsfb-red": 0.0028228652081863093, "dsfb-alt": 0.06633733239237827, "alternate": 0.3359209597741708, "sfR": 0.10832745236414962, "unknown": 0.0}, "english-10k": {"sft": 0.0, "sfb": 0.031049188552903263, "dsfb": 0.0, "sfT": 0.0001929719611740414, "roll-out": 0.12083904208718473, "roll-in": 0.28995966886011465, "bad-redirect": 0.005847050423573454, "redirect": 0.009629300862584667, "oneh-out": 0.002199880357384072, "oneh-in": 0.01271685224136933, "dsfb-red": 0.005345323324520947, "dsfb-alt": 0.062098377105806526, "alternate": 0.34692499179869163, "sfR": 0.10543987958549622, "unknown": 0.0077574728391964646}, "reddit": {"sft": 0.0, "sfb": 0.03683872916735729, "dsfb": 0.0, "sfT": 0.00017934609469945763, "roll-out": 0.0981036248100675, "roll-in": 0.30499616342444663, "bad-redirect": 0.00828838911959534, "redirect": 0.01215994989696402, "oneh-out": 0.001907780972270839, "oneh-in": 0.020364284581198964, "dsfb-red": 0.005198901673728325, "dsfb-alt": 0.05618484634126288, "alternate": 0.2730328537098852, "sfR": 0.1028716913164539, "unknown": 0.07987343889206965}, "akl": {"sft": 0.0, "sfb": 0.037226761610319896, "dsfb": 0.0, "sfT": 0.00022402657787878798, "roll-out": 0.10124415291251279, "roll-in": 0.2820029339055924, "bad-redirect": 0.006742171553556168, "redirect": 0.017811909614692874, "oneh-out": 0.00440110620557338, "oneh-in": 0.02200367240028494, "dsfb-red": 0.004564107844511182, "dsfb-alt": 0.05320779914827772, "alternate": 0.25454803071592724, "sfR": 0.11706348985084018, "unknown": 0.09895983766003248}, "keymash": {"sft": 0.0, "sfb": 0.03692742177141614, "dsfb": 0.0, "sfT": 0.00017650946378066853, "roll-out": 0.0980161157245303, "roll-in": 0.32554502428031346, "bad-redirect": 0.007589906942568747, "redirect": 0.00972443999293962, "oneh-out": 0.0020072820415987652, "oneh-in": 0.0261726590945475, "dsfb-red": 0.006091628936058421, "dsfb-alt": 0.06147044697943049, "alternate": 0.28490679889825254, "sfR": 0.09899307508220005, "unknown": 0.0423786907923633}, "movie": {"sft": 0.0, "sfb": 0.03650510882549061, "dsfb": 0.0, "sfT": 0.0001819998107623081, "roll-out": 0.0863826636165797, "roll-in": 0.28452637082507504, "bad-redirect": 0.006292613847593121, "redirect": 0.011521785561585222, "oneh-out": 0.0018985620172580037, "oneh-in": 0.031263830110348736, "dsfb-red": 0.005623570436229727, "dsfb-alt": 0.05445386962786369, "alternate": 0.2637300959914114, "sfR": 0.1138359467128768, "unknown": 0.10378358261692566}}