{"english-450k": {"sft": 0.0, "sfb": 0.03374552198706544, "dsfb": 0.0, "sfT": 8.273397489681641e-05, "roll-out": 0.20962596642345413, "roll-in": 0.24645691021638882, "bad-redirect": 0.005512479966976573, "redirect": 0.0667625172411172, "oneh-out": 0.010119271403103898, "oneh-in": 0.012468273128531177, "dsfb-red": 0.03472663583778528, "dsfb-alt": 0.04335231049973075, "alternate": 0.21416581057954126, "sfR": 0.11328269117541298, "unknown": 0.009698877565995693}, "shai": {"sft": 0.0, "sfb": 0.02188726629310513, "dsfb": 0.0, "sfT": 1.4966870848793036e-05, "roll-out": 0.20264578436621128, "roll-in": 0.23880253963840473, "bad-redirect": 0.010554066824310997, "redirect": 0.05305101616809092, "oneh-out": 0.00980525109199714, "oneh-in": 0.016510668549646352, "dsfb-red": 0.031235236325613466, "dsfb-alt": 0.04788358692767878, "alternate": 0.20325752957069734, "sfR": 0.09728563198976478, "unknown": 0.06706645538363028}, "tr-quotes": {"sft": 0.0, "sfb": 0.02032546635537782, "dsfb": 0.0, "sfT": 1.733663114583574e-05, "roll-out": 0.2224000832158295, "roll-in": 0.22898684727583735, "bad-redirect": 0.018037031044127506, "redirect": 0.054245163079910313, "oneh-out": 0.012122928272578073, "oneh-in": 0.017014169806523198, "dsfb-red": 0.038490788469984515, "dsfb-alt": 0.04638242296756894, "alternate": 0.20073622893599316, "sfR": 0.09591664547745082, "unknown": 0.045324888467672964}, "gutenberg": {"sft": 0.0, "sfb": 0.01932558233812722, "dsfb": 0.0, "sfT": 2.519509146575949e-05, "roll-out": 0.2271261720927043, "roll-in": 0.213848548327027, "bad-redirect": 0.01166968439453922, "redirect": 0.04682801375917205, "oneh-out": 0.011671768199096539, "oneh-in": 0.016011007034545312, "dsfb-red": 0.03543471762364444, "dsfb-alt": 0.04653211351203283, "alternate": 0.19873793429802117, "sfR": 0.09761014138424484, "unknown": 0.07517912194537932}, "english-200": {"sft": 0.0, "sfb": 0.011135857461024499, "dsfb": 0.0, "sfT": 0.0, "roll-out": 0.22939866369710468, "roll-in": 0.2516703786191537, "bad-redirect": 0.0022271714922048997, "redirect": 0.0467706013363029, "oneh-out": 0.004454342984409799, "oneh-in": 0.028953229398663696, "dsfb-red": 0.044543429844097995, "dsfb-alt": 0.051224944320712694, "alternate": 0.22271714922049, "sfR": 0.10690423162583519, "unknown": 0.0}, "monkeyracer": {"sft": 0.0, "sfb": 0.020188818680889, "dsfb": 0.0, "sfT": 1.955049501853387e-05, "roll-out": 0.2221503198460985, "roll-in": 0.22918947557752162, "bad-redirect": 0.01840092591144408, "redirect": 0.05403170308272205, "oneh-out": 0.01203528473340945, "oneh-in": 0.016997200369113345, "dsfb-red": 0.038714867760451695, "dsfb-alt": 0.04620955002580665, "alternate": 0.20078456136509376, "sfR": 0.09605353707555875, "unknown": 0.045224205076872546}, "chained-bigrams": {"sft": 0.0, "sfb": 0.022314005047694676, "dsfb": 0.0, "sfT": 9.025335219779899e-05, "roll-out": 0.20391673576350766, "roll-in": 0.2223362112681635, "bad-redirect": 0.005500909351221245, "redirect": 0.05243784693161328, "oneh-out": 0.009594775434725724, "oneh-in": 0.0103875764637438, "dsfb-red": 0.03755967921750993, "dsfb-alt": 0.045525349179830775, "alternate": 0.2012091351975737, "sfR": 0.11643721321023381, "unknown": 0.07269030958198414}, "english-5k": {"sft": 0.0, "sfb": 0.027958684199610073, "dsfb": 0.0, "sfT": 4.148172729912474e-05, "roll-out": 0.18600406520927532, "roll-in": 0.2760608951756751, "bad-redirect": 0.005475588003484465, "redirect": 0.07197079686398142, "oneh-out": 0.009748205915294314, "oneh-in": 0.015638611191770024, "dsfb-red": 0.03513502302235865, "dsfb-alt": 0.05060770730493218, "alternate": 0.21188866304392914, "sfR": 0.10644211224955408, "unknown": 0.0030281660928361057}, "mt-quotes": {"sft": 0.0, "sfb": 0.019786698700708812, "dsfb": 0.0, "sfT": 2.0917751401489345e-05, "roll-out": 0.22643914129642248, "roll-in": 0.23038811393600364, "bad-redirect": 0.019634297940497963, "redirect": 0.054510166027181124, "oneh-out": 0.01227274357227382, "oneh-in": 0.0171376148982202, "dsfb-red": 0.0403398835777722, "dsfb-alt": 0.046077323962180707, "alternate": 0.20139909874373962, "sfR": 0.09572710103871578, "unknown": 0.0362668985548822}, "english-1k": {"sft": 0.0, "sfb": 0.016584333098094567, "dsfb": 0.0, "sfT": 0.0, "roll-out": 0.19513055751587863, "roll-in": 0.2671136203246295, "bad-redirect": 0.008821453775582216, "redirect": 0.05963302752293578, "oneh-out": 0.0077628793225123505, "oneh-in": 0.025052928722653495, "dsfb-red": 0.037755822159491886, "dsfb-alt": 0.05081157374735357, "alternate": 0.22300635144671843, "sfR": 0.10832745236414962, "unknown": 0.0}, "english-10k": {"sft": 0.0, "sfb": 0.029370332490689103, "dsfb": 0.0, "sfT": 1.929719611740414e-05, "roll-out": 0.19030894810983964, "roll-in": 0.2766639007352232, "bad-redirect": 0.0044769494992377605, "redirect": 0.06692267613515757, "oneh-out": 0.009339842920823604, "oneh-in": 0.015437756893923313, "dsfb-red": 0.03434900908897937, "dsfb-alt": 0.05055865382759885, "alternate": 0.20935528067771753, "sfR": 0.10543987958549622, "unknown": 0.0077574728391964646}, "reddit": {"sft": 0.0, "sfb": 0.02421250939010529, "dsfb": 0.0, "sfT": 4.693413881754812e-05, "roll-out": 0.2042625787144129, "roll-in": 0.2241159441787153, "bad-redirect": 0.013758332635689012, "redirect": 0.04933744390986473, "oneh-out": 0.011302549707392051, "oneh-in": 0.017266181930281642, "dsfb-red": 0.03387097831459245, "dsfb-alt": 0.04810281011132905, "alternate": 0.1928910699092051, "sfR": 0.1028716913164539, "unknown": 0.07796097574314104}, "akl": {"sft": 0.0, "sfb": 0.02691038726240389, "dsfb": 0.0, "sfT": 0.00018524321566857745, "roll-out": 0.1907801911437387, "roll-in": 0.21641828587203893, "bad-redirect": 0.014309387890743923, "redirect": 0.046715736913000495, "oneh-out": 0.008051574685046263, "oneh-in": 0.015082515010586123, "dsfb-red": 0.03312619548474928, "dsfb-alt": 0.048972110797498684, "alternate": 0.1839082873849618, "sfR": 0.11706348985084018, "unknown": 0.09847659448872315}, "keymash": {"sft": 0.0, "sfb": 0.020824011854868173, "dsfb": 0.0, "sfT": 8.209742501426442e-06, "roll-out": 0.22225004412736596, "roll-in": 0.2306814496763309, "bad-redirect": 0.01786439968310394, "redirect": 0.05382307183935176, "oneh-out": 0.011296605681962786, "oneh-in": 0.01734308103426336, "dsfb-red": 0.03844622413418003, "dsfb-alt": 0.0471608657994442, "alternate": 0.20000985169100172, "sfR": 0.09899307508220005, "unknown": 0.041299109653425724}, "movie": {"sft": 0.0, "sfb": 0.019335144031860364, "dsfb": 0.0, "sfT": 5.263913543378398e-06, "roll-out": 0.20322930568059178, "roll-in": 0.20427129736650354, "bad-redirect": 0.024707099400716602, "redirect": 0.04668025370484105, "oneh-out": 0.012478238652417078, "oneh-in": 0.016401301818458412, "dsfb-red": 0.03710032584940812, "dsfb-alt": 0.04535585305732705, "alternate": 0.17305971159807282, "sfR": 0.1138359467128768, "unknown": 0.103540258213383}}