{"english-450k": {"sft": 0.0, "sfb": 0.05430535326822589, "dsfb": 0.0, "sfT": 0.00012570886645099313, "roll-out": 0.1592690409465936, "roll-in": 0.2828619055943954, "bad-redirect": 0.0031693251655702708, "redirect": 0.08543583848690961, "oneh-out": 0.007610648651903963, "oneh-in": 0.023636775047199295, "dsfb-red": 0.05978479811448394, "dsfb-alt": 0.02712943511112956, "alternate": 0.1736896020057288, "sfR": 0.11328269117541298, "unknown": 0.009698877565995693}, "shai": {"sft": 0.0, "sfb": 0.03262513496115503, "dsfb": 0.0, "sfT": 0.0001451016260980737, "roll-out": 0.11628244215364408, "roll-in": 0.36154776719212367, "bad-redirect": 0.0034814636833349175, "redirect": 0.05846015630878183, "oneh-out": 0.004155336689958271, "oneh-in": 0.028112307961926323, "dsfb-red": 0.04679659809644006, "dsfb-alt": 0.028441582991008577, "alternate": 0.15496900886261689, "sfR": 0.09728563198976478, "unknown": 0.06769746748314746}, "tr-quotes": {"sft": 0.0, "sfb": 0.03479115138346316, "dsfb": 0.0, "sfT": 9.824090982640254e-05, "roll-out": 0.11660502531148147, "roll-in": 0.39737523404452046, "bad-redirect": 0.0048577240470631744, "redirect": 0.053762048958646357, "oneh-out": 0.003789787568479693, "oneh-in": 0.028402024918517833, "dsfb-red": 0.04704237072652042, "dsfb-alt": 0.028007905503802503, "alternate": 0.14395991770879082, "sfR": 0.09591664547745082, "unknown": 0.04539192344143686}, "gutenberg": {"sft": 0.0, "sfb": 0.03119360703916757, "dsfb": 0.0, "sfT": 0.00011896629654508993, "roll-out": 0.1092949807210191, "roll-in": 0.39692195545735154, "bad-redirect": 0.0029294503340338706, "redirect": 0.053559081352866536, "oneh-out": 0.004401374098612451, "oneh-in": 0.02394935521403893, "dsfb-red": 0.04281631111277816, "dsfb-alt": 0.027511713823163798, "alternate": 0.13449575529011673, "sfR": 0.09761014138424484, "unknown": 0.07519730787606137}, "english-200": {"sft": 0.0, "sfb": 0.0400890868596882, "dsfb": 0.0, "sfT": 0.0, "roll-out": 0.111358574610245, "roll-in": 0.42316258351893093, "bad-redirect": 0.0022271714922048997, "redirect": 0.060133630289532294, "oneh-out": 0.0022271714922048997, "oneh-in": 0.026726057906458798, "dsfb-red": 0.060133630289532294, "dsfb-alt": 0.031180400890868598, "alternate": 0.1358574610244989, "sfR": 0.10690423162583519, "unknown": 0.0}, "monkeyracer": {"sft": 0.0, "sfb": 0.03473536449942913, "dsfb": 0.0, "sfT": 9.286485133803589e-05, "roll-out": 0.11630100724150336, "roll-in": 0.39824944867604045, "bad-redirect": 0.004837769992336206, "redirect": 0.05380687239000891, "oneh-out": 0.0037810657365844502, "oneh-in": 0.028558385598323348, "dsfb-red": 0.046738390916058, "dsfb-alt": 0.028106769163395218, "alternate": 0.14344686957473762, "sfR": 0.09605353707555875, "unknown": 0.04529165428468649}, "chained-bigrams": {"sft": 0.0, "sfb": 0.03221135646892525, "dsfb": 0.0, "sfT": 8.8954742813658e-05, "roll-out": 0.08738472406823153, "roll-in": 0.32858518455511915, "bad-redirect": 0.005043798848003616, "redirect": 0.06702382753428492, "oneh-out": 0.0034828703682661423, "oneh-in": 0.02977451595958468, "dsfb-red": 0.0509210711709366, "dsfb-alt": 0.030912097780092188, "alternate": 0.17521422185053137, "sfR": 0.11643721321023381, "unknown": 0.07292016344297708}, "english-5k": {"sft": 0.0, "sfb": 0.036711328659725394, "dsfb": 0.0, "sfT": 0.00012444518189737422, "roll-out": 0.14398307545526196, "roll-in": 0.3298626954826399, "bad-redirect": 0.002032604637657112, "redirect": 0.07097523540880242, "oneh-out": 0.006263740822167835, "oneh-in": 0.03422242502177791, "dsfb-red": 0.05566847803542539, "dsfb-alt": 0.02932758120048119, "alternate": 0.18135811175177335, "sfR": 0.10644211224955408, "unknown": 0.0030281660928361057}, "mt-quotes": {"sft": 0.0, "sfb": 0.03451130156225721, "dsfb": 0.0, "sfT": 6.872975460489356e-05, "roll-out": 0.11595904901925629, "roll-in": 0.4089988166529207, "bad-redirect": 0.004905212703649251, "redirect": 0.052953287672870275, "oneh-out": 0.0036232533677579754, "oneh-in": 0.028639389918839124, "dsfb-red": 0.04648970248981007, "dsfb-alt": 0.028503424534729444, "alternate": 0.14332245610260455, "sfR": 0.09572710103871578, "unknown": 0.03629827518198444}, "english-1k": {"sft": 0.0, "sfb": 0.02893436838390967, "dsfb": 0.0, "sfT": 0.0, "roll-out": 0.14114326040931546, "roll-in": 0.37544107268877913, "bad-redirect": 0.0045871559633027525, "redirect": 0.07092448835568102, "oneh-out": 0.007410021171489062, "oneh-in": 0.033168666196189134, "dsfb-red": 0.05822159491884263, "dsfb-alt": 0.03175723359209598, "alternate": 0.1400846859562456, "sfR": 0.10832745236414962, "unknown": 0.0}, "english-10k": {"sft": 0.0, "sfb": 0.03761023523282067, "dsfb": 0.0, "sfT": 0.00013508037282182898, "roll-out": 0.1476814418864939, "roll-in": 0.33289593022133884, "bad-redirect": 0.00247004110302773, "redirect": 0.0694699060226549, "oneh-out": 0.006175102757569325, "oneh-in": 0.031608807240307984, "dsfb-red": 0.05437949865884487, "dsfb-alt": 0.027151154937187626, "alternate": 0.17722544914223964, "sfR": 0.10543987958549622, "unknown": 0.0077574728391964646}, "reddit": {"sft": 0.0, "sfb": 0.03570714071270595, "dsfb": 0.0, "sfT": 0.0001339477098256601, "roll-out": 0.10980060107911062, "roll-in": 0.3624214494633008, "bad-redirect": 0.005510772096549479, "redirect": 0.05417031174119474, "oneh-out": 0.00393598752817968, "oneh-in": 0.025281955996154622, "dsfb-red": 0.042891547491224195, "dsfb-alt": 0.028133139378847462, "alternate": 0.145657796189345, "sfR": 0.1028716913164539, "unknown": 0.0834836592971079}, "akl": {"sft": 0.0, "sfb": 0.03476711582260812, "dsfb": 0.0, "sfT": 8.704572508841182e-05, "roll-out": 0.11091372486190706, "roll-in": 0.3426728749784244, "bad-redirect": 0.0065753287509489845, "redirect": 0.050422459853954, "oneh-out": 0.004183027235956861, "oneh-in": 0.020946051351897553, "dsfb-red": 0.0431094418157255, "dsfb-alt": 0.026462086289635388, "alternate": 0.13788086221981344, "sfR": 0.11706348985084018, "unknown": 0.10491649124320006}, "keymash": {"sft": 0.0, "sfb": 0.034127899578429724, "dsfb": 0.0, "sfT": 0.0001354607512735363, "roll-out": 0.11539614060005007, "roll-in": 0.4006805876533682, "bad-redirect": 0.004445575564522419, "redirect": 0.05380254748309819, "oneh-out": 0.004092556636961082, "oneh-in": 0.028126577809886994, "dsfb-red": 0.04763292599327622, "dsfb-alt": 0.027584734804792847, "alternate": 0.1436212353199542, "sfR": 0.09899307508220005, "unknown": 0.04136068272218642}, "movie": {"sft": 0.0, "sfb": 0.029487259289458525, "dsfb": 0.0, "sfT": 6.698329983949012e-05, "roll-out": 0.10447249730191531, "roll-in": 0.373772471811414, "bad-redirect": 0.008114717520633554, "redirect": 0.043583361769432956, "oneh-out": 0.0028010599942702302, "oneh-in": 0.025853448172625835, "dsfb-red": 0.039923757476237706, "dsfb-alt": 0.02754961271414094, "alternate": 0.1269373011309913, "sfR": 0.1138359467128768, "unknown": 0.10360158280616336}}