{"english-450k": {"sft": 0.0, "sfb": 0.14203990993398238, "dsfb": 0.0, "sfT": 0.005549315588308725, "roll-out": 0.09659703175055151, "roll-in": 0.1456299212828619, "bad-redirect": 0.013467220097514998, "redirect": 0.1223930758386974, "oneh-out": 0.029545968808999117, "oneh-in": 0.06240422007588138, "dsfb-red": 0.1361579043688801, "dsfb-alt": 0.03192478984693337, "alternate": 0.09130907366598043, "sfR": 0.11328269117541298, "unknown": 0.009698877565995693}, "shai": {"sft": 0.0, "sfb": 0.14503651421074779, "dsfb": 0.0, "sfT": 0.004728296527809817, "roll-out": 0.07968478539202442, "roll-in": 0.14593472772293323, "bad-redirect": 0.0173238104762987, "redirect": 0.10331172690519325, "oneh-out": 0.020056133312980142, "oneh-in": 0.10755783242244553, "dsfb-red": 0.11276610995738526, "dsfb-alt": 0.029962870394252227, "alternate": 0.06865409320501742, "sfR": 0.09728563198976478, "unknown": 0.06769746748314746}, "tr-quotes": {"sft": 0.0, "sfb": 0.15692425047964678, "dsfb": 0.0, "sfT": 0.006130232773167518, "roll-out": 0.08316613115739349, "roll-in": 0.14899909849518042, "bad-redirect": 0.0217493816601558, "redirect": 0.09981045283280553, "oneh-out": 0.01648598044428007, "oneh-in": 0.12973925706756664, "dsfb-red": 0.09814844779362475, "dsfb-alt": 0.0313642772936363, "alternate": 0.06617392108365502, "sfR": 0.09591664547745082, "unknown": 0.04539192344143686}, "gutenberg": {"sft": 0.0, "sfb": 0.1625933970674429, "dsfb": 0.0, "sfT": 0.005196819129174287, "roll-out": 0.07219094621018465, "roll-in": 0.13473122520509373, "bad-redirect": 0.02246795961056345, "redirect": 0.09116739656657206, "oneh-out": 0.01693299583276976, "oneh-in": 0.13869329541566786, "dsfb-red": 0.1023227601090095, "dsfb-alt": 0.027003076074400157, "alternate": 0.05389267951881543, "sfR": 0.09761014138424484, "unknown": 0.07519730787606137}, "english-200": {"sft": 0.0, "sfb": 0.19376391982182628, "dsfb": 0.0, "sfT": 0.0066815144766146995, "roll-out": 0.08685968819599109, "roll-in": 0.12026726057906459, "bad-redirect": 0.013363028953229399, "redirect": 0.09799554565701558, "oneh-out": 0.024498886414253896, "oneh-in": 0.1358574610244989, "dsfb-red": 0.10467706013363029, "dsfb-alt": 0.0378619153674833, "alternate": 0.07126948775055679, "sfR": 0.10690423162583519, "unknown": 0.0}, "monkeyracer": {"sft": 0.0, "sfb": 0.15749781034455793, "dsfb": 0.0, "sfT": 0.006165248604094655, "roll-out": 0.08306516570999578, "roll-in": 0.14919080501118287, "bad-redirect": 0.021749925708118928, "redirect": 0.1000066471683063, "oneh-out": 0.016322708290973927, "oneh-in": 0.12941450177518496, "dsfb-red": 0.09787955331028982, "dsfb-alt": 0.031452836385817286, "alternate": 0.0659096063312323, "sfR": 0.09605353707555875, "unknown": 0.04529165428468649}, "chained-bigrams": {"sft": 0.0, "sfb": 0.14618640628682775, "dsfb": 0.0, "sfT": 0.004989257253869694, "roll-out": 0.05931982736286847, "roll-in": 0.13305032306154954, "bad-redirect": 0.0225269769866938, "redirect": 0.10085260199115777, "oneh-out": 0.018448694215799012, "oneh-in": 0.10612690400484641, "dsfb-red": 0.1153087216554153, "dsfb-alt": 0.025987770995429545, "alternate": 0.0778451395323318, "sfR": 0.11643721321023381, "unknown": 0.07292016344297708}, "english-5k": {"sft": 0.0, "sfb": 0.13066744099224292, "dsfb": 0.0, "sfT": 0.0038578006388186002, "roll-out": 0.10216949433774422, "roll-in": 0.1531090554610694, "bad-redirect": 0.014020823827104161, "redirect": 0.12971336126436306, "oneh-out": 0.031484631020035674, "oneh-in": 0.06545816567801883, "dsfb-red": 0.13912971336126437, "dsfb-alt": 0.03248019247521467, "alternate": 0.08843904260173394, "sfR": 0.10644211224955408, "unknown": 0.0030281660928361057}, "mt-quotes": {"sft": 0.0, "sfb": 0.1602120462342071, "dsfb": 0.0, "sfT": 0.006347043425251909, "roll-out": 0.08282533079929716, "roll-in": 0.1494692867644422, "bad-redirect": 0.022994585290637214, "redirect": 0.10062185486666428, "oneh-out": 0.015719690178219243, "oneh-in": 0.1357472418450652, "dsfb-red": 0.09716444938501811, "dsfb-alt": 0.031947382890474656, "alternate": 0.06492571210002271, "sfR": 0.09572710103871578, "unknown": 0.03629827518198444}, "english-1k": {"sft": 0.0, "sfb": 0.17325335215243473, "dsfb": 0.0, "sfT": 0.0038814396612561752, "roll-out": 0.10656316160903317, "roll-in": 0.14043754410726889, "bad-redirect": 0.013408609738884969, "redirect": 0.10973888496824277, "oneh-out": 0.02328863796753705, "oneh-in": 0.09103740296400847, "dsfb-red": 0.12208892025405788, "dsfb-alt": 0.02928722653493296, "alternate": 0.07868736767819337, "sfR": 0.10832745236414962, "unknown": 0.0}, "english-10k": {"sft": 0.0, "sfb": 0.14370621948630863, "dsfb": 0.0, "sfT": 0.004669921460411802, "roll-out": 0.095019393682098, "roll-in": 0.1594141371258756, "bad-redirect": 0.011983558788907972, "redirect": 0.1216109299318809, "oneh-out": 0.028714227822697364, "oneh-in": 0.06526311726906081, "dsfb-red": 0.1411589895988113, "dsfb-alt": 0.03126145771019471, "alternate": 0.08400069469906023, "sfR": 0.10543987958549622, "unknown": 0.0077574728391964646}, "reddit": {"sft": 0.0, "sfb": 0.14072952432643612, "dsfb": 0.0, "sfT": 0.004724353705109397, "roll-out": 0.08352216551794145, "roll-in": 0.14302993390452143, "bad-redirect": 0.02046122436672156, "redirect": 0.09511010325697827, "oneh-out": 0.017401927595943886, "oneh-in": 0.1129240249413932, "dsfb-red": 0.09733593512525852, "dsfb-alt": 0.030887420433430967, "alternate": 0.06751803621270341, "sfR": 0.1028716913164539, "unknown": 0.0834836592971079}, "akl": {"sft": 0.0, "sfb": 0.13067143169215278, "dsfb": 0.0, "sfT": 0.005114819197045625, "roll-out": 0.07530235843732044, "roll-in": 0.13851961056548, "bad-redirect": 0.02086904221575172, "redirect": 0.09514029602485406, "oneh-out": 0.017372344191559575, "oneh-in": 0.10454767757668666, "dsfb-red": 0.09334281729034154, "dsfb-alt": 0.029337011433409523, "alternate": 0.0678026102813578, "sfR": 0.11706348985084018, "unknown": 0.10491649124320006}, "keymash": {"sft": 0.0, "sfb": 0.15423232750304786, "dsfb": 0.0, "sfT": 0.0058699658885199065, "roll-out": 0.08164178430543526, "roll-in": 0.1518473973063835, "bad-redirect": 0.02127965256369734, "redirect": 0.09992488085611195, "oneh-out": 0.016965432879197745, "oneh-in": 0.13090023931399392, "dsfb-red": 0.10040104592119468, "dsfb-alt": 0.02925952227508384, "alternate": 0.06732399338294755, "sfR": 0.09899307508220005, "unknown": 0.04136068272218642}, "movie": {"sft": 0.0, "sfb": 0.13671936326648998, "dsfb": 0.0, "sfT": 0.0042624539917506575, "roll-out": 0.080558932867863, "roll-in": 0.14859475222035162, "bad-redirect": 0.022680361088677336, "redirect": 0.08774483284376744, "oneh-out": 0.013134648671276363, "oneh-in": 0.11543525524519375, "dsfb-red": 0.08004688567793088, "dsfb-alt": 0.02689346589095882, "alternate": 0.06649151871669999, "sfR": 0.1138359467128768, "unknown": 0.10360158280616336}}