{"english-450k": {"sft": 0.0, "sfb": 0.047306877561318156, "dsfb": 0.0, "sfT": 0.002119217611402905, "roll-out": 0.15343205669645285, "roll-in": 0.25489372923245673, "bad-redirect": 0.0026317005018414888, "redirect": 0.04365898166463096, "oneh-out": 0.005187098645209235, "oneh-in": 0.011818679869800695, "dsfb-red": 0.018644671318089622, "dsfb-alt": 0.049952610680809986, "alternate": 0.2873728074765787, "sfR": 0.11328269117541298, "unknown": 0.009698877565995693}, "shai": {"sft": 0.0, "sfb": 0.02336422203389673, "dsfb": 0.0, "sfT": 0.00020498846153727064, "roll-out": 0.14634284684978138, "roll-in": 0.2892429263634599, "bad-redirect": 0.002433283441183565, "redirect": 0.03283400931313248, "oneh-out": 0.004490099958725961, "oneh-in": 0.01333914333300409, "dsfb-red": 0.0158901336467642, "dsfb-alt": 0.04746869071501313, "alternate": 0.2594065564105891, "sfR": 0.09728563198976478, "unknown": 0.06769746748314746}, "tr-quotes": {"sft": 0.0, "sfb": 0.026308915651510598, "dsfb": 0.0, "sfT": 0.00019648181965280508, "roll-out": 0.16013383879244586, "roll-in": 0.29550865675781884, "bad-redirect": 0.0022872795358405956, "redirect": 0.03377406902290747, "oneh-out": 0.006169529137098079, "oneh-in": 0.011472226716904371, "dsfb-red": 0.0204895864635584, "dsfb-alt": 0.05220175215552114, "alternate": 0.2501490950278542, "sfR": 0.09591664547745082, "unknown": 0.04539192344143686}, "gutenberg": {"sft": 0.0, "sfb": 0.02417289061200582, "dsfb": 0.0, "sfT": 8.80881017411892e-05, "roll-out": 0.14541451229690958, "roll-in": 0.30123383962206607, "bad-redirect": 0.0020796369482038173, "redirect": 0.031844132934606806, "oneh-out": 0.0056156638451952965, "oneh-in": 0.010298162122267801, "dsfb-red": 0.014181994943553523, "dsfb-alt": 0.04633945630886985, "alternate": 0.24592417300427408, "sfR": 0.09761014138424484, "unknown": 0.07519730787606137}, "english-200": {"sft": 0.0, "sfb": 0.011135857461024499, "dsfb": 0.0, "sfT": 0.0, "roll-out": 0.1870824053452116, "roll-in": 0.3184855233853007, "bad-redirect": 0.0, "redirect": 0.031180400890868598, "oneh-out": 0.0022271714922048997, "oneh-in": 0.013363028953229399, "dsfb-red": 0.013363028953229399, "dsfb-alt": 0.060133630289532294, "alternate": 0.2561247216035635, "sfR": 0.10690423162583519, "unknown": 0.0}, "monkeyracer": {"sft": 0.0, "sfb": 0.026043214414188966, "dsfb": 0.0, "sfT": 0.0001798645541705116, "roll-out": 0.16100712420038477, "roll-in": 0.2955086647793922, "bad-redirect": 0.00231184603594163, "redirect": 0.033674750144673665, "oneh-out": 0.006233675336659524, "oneh-in": 0.011437039585842313, "dsfb-red": 0.020683446204857906, "dsfb-alt": 0.05214508031343354, "alternate": 0.24943010307020974, "sfR": 0.09605353707555875, "unknown": 0.04529165428468649}, "chained-bigrams": {"sft": 0.0, "sfb": 0.02267307054240966, "dsfb": 0.0, "sfT": 8.70068287374465e-05, "roll-out": 0.11705340336300872, "roll-in": 0.2798399334073108, "bad-redirect": 0.002653058971800048, "redirect": 0.04093736222566065, "oneh-out": 0.004992503777330046, "oneh-in": 0.013842526730250911, "dsfb-red": 0.0194921268559563, "dsfb-alt": 0.05333648462543885, "alternate": 0.2557351460188857, "sfR": 0.11643721321023381, "unknown": 0.07292016344297708}, "english-5k": {"sft": 0.0, "sfb": 0.02961795329157506, "dsfb": 0.0, "sfT": 0.00041481727299124733, "roll-out": 0.14207491599950223, "roll-in": 0.2896254200024889, "bad-redirect": 0.0034015016385282285, "redirect": 0.03633799311403327, "oneh-out": 0.0035259468204256023, "oneh-in": 0.02306384037831335, "dsfb-red": 0.01692454473804289, "dsfb-alt": 0.049197328576761935, "alternate": 0.2963454598249471, "sfR": 0.10644211224955408, "unknown": 0.0030281660928361057}, "mt-quotes": {"sft": 0.0, "sfb": 0.025262667192598703, "dsfb": 0.0, "sfT": 0.00013148300880936158, "roll-out": 0.16413561874708646, "roll-in": 0.3009212775367256, "bad-redirect": 0.0023637059083682957, "redirect": 0.03331749560727221, "oneh-out": 0.006426232055557548, "oneh-in": 0.011431551140913926, "dsfb-red": 0.0213286358040186, "dsfb-alt": 0.053404513453102403, "alternate": 0.2492514433248467, "sfR": 0.09572710103871578, "unknown": 0.03629827518198444}, "english-1k": {"sft": 0.0, "sfb": 0.022230063514467185, "dsfb": 0.0, "sfT": 0.0, "roll-out": 0.16372618207480594, "roll-in": 0.3013408609738885, "bad-redirect": 0.0038814396612561752, "redirect": 0.03634438955539873, "oneh-out": 0.005998588567395907, "oneh-in": 0.014114326040931546, "dsfb-red": 0.014114326040931546, "dsfb-alt": 0.05575158786167961, "alternate": 0.27417078334509526, "sfR": 0.10832745236414962, "unknown": 0.0}, "english-10k": {"sft": 0.0, "sfb": 0.029756276413037186, "dsfb": 0.0, "sfT": 0.0004245383145828911, "roll-out": 0.14692885123791513, "roll-in": 0.29295073425831225, "bad-redirect": 0.0037629532428938074, "redirect": 0.03701202215318114, "oneh-out": 0.004419057910885548, "oneh-in": 0.019586654059165202, "dsfb-red": 0.01669207464155458, "dsfb-alt": 0.047760560390575246, "alternate": 0.2875089249532043, "sfR": 0.10543987958549622, "unknown": 0.0077574728391964646}, "reddit": {"sft": 0.0, "sfb": 0.025878390387528778, "dsfb": 0.0, "sfT": 0.000250140605765033, "roll-out": 0.14956606523171062, "roll-in": 0.277420277982701, "bad-redirect": 0.0016233293759576222, "redirect": 0.032160747739866505, "oneh-out": 0.005341239844124721, "oneh-in": 0.009777546041247729, "dsfb-red": 0.018433167640465768, "dsfb-alt": 0.047938521896761004, "alternate": 0.24525522264030938, "sfR": 0.1028716913164539, "unknown": 0.0834836592971079}, "akl": {"sft": 0.0, "sfb": 0.02839127976545607, "dsfb": 0.0, "sfT": 0.00027334216305343267, "roll-out": 0.14594148222575856, "roll-in": 0.259033642522227, "bad-redirect": 0.0014875835623472285, "redirect": 0.03013591152238822, "oneh-out": 0.004409965663714051, "oneh-in": 0.008423857789712646, "dsfb-red": 0.016188088650588052, "dsfb-alt": 0.04564126430787001, "alternate": 0.23809360073284447, "sfR": 0.11706348985084018, "unknown": 0.10491649124320006}, "keymash": {"sft": 0.0, "sfb": 0.025762171969476177, "dsfb": 0.0, "sfT": 0.00016008997877781564, "roll-out": 0.160299327211602, "roll-in": 0.2972214126503922, "bad-redirect": 0.002450608136675793, "redirect": 0.03333565942704207, "oneh-out": 0.006046475352300575, "oneh-in": 0.011542897957005579, "dsfb-red": 0.020142603227249777, "dsfb-alt": 0.05282148325417773, "alternate": 0.24986351303091378, "sfR": 0.09899307508220005, "unknown": 0.04136068272218642}, "movie": {"sft": 0.0, "sfb": 0.025777647817601185, "dsfb": 0.0, "sfT": 9.488204161939562e-05, "roll-out": 0.15679171839010048, "roll-in": 0.2486829359319871, "bad-redirect": 0.0015652246921235666, "redirect": 0.0346582647587963, "oneh-out": 0.007380401581332268, "oneh-in": 0.007639517725505069, "dsfb-red": 0.021955914987269884, "dsfb-alt": 0.04909823239099192, "alternate": 0.2289177301636327, "sfR": 0.1138359467128768, "unknown": 0.10360158280616336}}