{"english-450k": {"sft": 0.0, "sfb": 0.024532231461011834, "dsfb": 0.0, "sfT": 0.00012863232846148135, "roll-out": 0.1782601425129261, "roll-in": 0.2118133006997014, "bad-redirect": 0.00179559036684186, "redirect": 0.035128319518026356, "oneh-out": 0.004807925622448914, "oneh-in": 0.002499267672766373, "dsfb-red": 0.01419603917672971, "dsfb-alt": 0.049320850540343485, "alternate": 0.3545361313593338, "sfR": 0.11328269117541298, "unknown": 0.009698877565995693}, "shai": {"sft": 0.0, "sfb": 0.01258389885166519, "dsfb": 0.0, "sfT": 1.702205792422854e-05, "roll-out": 0.2095382896446748, "roll-in": 0.2021598235774777, "bad-redirect": 0.000908686838411671, "redirect": 0.03368659457591621, "oneh-out": 0.01269071052345576, "oneh-in": 0.0021674289307794417, "dsfb-red": 0.010665341077453693, "dsfb-alt": 0.04233053337639292, "alternate": 0.3085466870384344, "sfR": 0.09728563198976478, "unknown": 0.06741935151764922}, "tr-quotes": {"sft": 0.0, "sfb": 0.01079263077598761, "dsfb": 0.0, "sfT": 1.733663114583574e-05, "roll-out": 0.22309586001248238, "roll-in": 0.19535493862832573, "bad-redirect": 0.0008506507015556737, "redirect": 0.03320658329673378, "oneh-out": 0.022294907653544763, "oneh-in": 0.0023323547768197683, "dsfb-red": 0.011356649175932133, "dsfb-alt": 0.045787198631561915, "alternate": 0.3127193083839948, "sfR": 0.09591664547745082, "unknown": 0.04627493585446476}, "gutenberg": {"sft": 0.0, "sfb": 0.010103610551325432, "dsfb": 0.0, "sfT": 0.00014984449134899065, "roll-out": 0.2339464644088076, "roll-in": 0.1938982034952601, "bad-redirect": 0.0011707192876570952, "redirect": 0.029574869771687006, "oneh-out": 0.01413103645028819, "oneh-in": 0.002113546131454727, "dsfb-red": 0.008027004591568623, "dsfb-alt": 0.03715726624543505, "alternate": 0.29197170723834137, "sfR": 0.09761014138424484, "unknown": 0.08014558595258095}, "english-200": {"sft": 0.0, "sfb": 0.008908685968819599, "dsfb": 0.0, "sfT": 0.0, "roll-out": 0.21380846325167038, "roll-in": 0.24276169265033407, "bad-redirect": 0.0, "redirect": 0.0334075723830735, "oneh-out": 0.0200445434298441, "oneh-in": 0.004454342984409799, "dsfb-red": 0.008908685968819599, "dsfb-alt": 0.044543429844097995, "alternate": 0.31625835189309576, "sfR": 0.10690423162583519, "unknown": 0.0}, "monkeyracer": {"sft": 0.0, "sfb": 0.01070194097314544, "dsfb": 0.0, "sfT": 1.661792076575379e-05, "roll-out": 0.22367916855654785, "roll-in": 0.19475323365187608, "bad-redirect": 0.0008670644540719771, "redirect": 0.03315275192767881, "oneh-out": 0.022818360260881805, "oneh-in": 0.002363654847740745, "dsfb-red": 0.01129334344745609, "dsfb-alt": 0.045885989333249916, "alternate": 0.31225757386177017, "sfR": 0.09605353707555875, "unknown": 0.046156763689256614}, "chained-bigrams": {"sft": 0.0, "sfb": 0.013791231659577342, "dsfb": 0.0, "sfT": 2.467357829867886e-05, "roll-out": 0.19283115675578807, "roll-in": 0.17047819342656917, "bad-redirect": 0.0025809861509802226, "redirect": 0.03874076445238616, "oneh-out": 0.007136507870546825, "oneh-in": 0.004771090877334007, "dsfb-red": 0.020980333210181876, "dsfb-alt": 0.05492143737878293, "alternate": 0.30383109247462353, "sfR": 0.11643721321023381, "unknown": 0.07347531895469736}, "english-5k": {"sft": 0.0, "sfb": 0.016385282283154272, "dsfb": 0.0, "sfT": 0.0, "roll-out": 0.18542332102708756, "roll-in": 0.23690214460530137, "bad-redirect": 0.0015348239100676153, "redirect": 0.03567428547724727, "oneh-out": 0.006097813912971336, "oneh-in": 0.0019496411830588626, "dsfb-red": 0.01339859791761729, "dsfb-alt": 0.04521508275604596, "alternate": 0.34794872858505826, "sfR": 0.10644211224955408, "unknown": 0.0030281660928361057}, "mt-quotes": {"sft": 0.0, "sfb": 0.009946390791408183, "dsfb": 0.0, "sfT": 8.96475060063829e-06, "roll-out": 0.22853689293697182, "roll-in": 0.1947681715494675, "bad-redirect": 0.0007844156775558504, "redirect": 0.03310234159285689, "oneh-out": 0.024609734523852213, "oneh-in": 0.0024160002868720194, "dsfb-red": 0.011234326627699884, "dsfb-alt": 0.04703057577604858, "alternate": 0.31466274608240397, "sfR": 0.09572710103871578, "unknown": 0.03717233836554667}, "english-1k": {"sft": 0.0, "sfb": 0.011644318983768526, "dsfb": 0.0, "sfT": 0.0, "roll-out": 0.20606916019760058, "roll-in": 0.257939308398024, "bad-redirect": 0.0, "redirect": 0.03669724770642202, "oneh-out": 0.009527170077628794, "oneh-in": 0.0028228652081863093, "dsfb-red": 0.01305575158786168, "dsfb-alt": 0.037755822159491886, "alternate": 0.31616090331686664, "sfR": 0.10832745236414962, "unknown": 0.0}, "english-10k": {"sft": 0.0, "sfb": 0.015765809227919182, "dsfb": 0.0, "sfT": 5.789158835221242e-05, "roll-out": 0.1864881032785936, "roll-in": 0.23280137396036357, "bad-redirect": 0.0010806429825746318, "redirect": 0.03799617915516875, "oneh-out": 0.005248837343933927, "oneh-in": 0.0021226915729144554, "dsfb-red": 0.012504583084077883, "dsfb-alt": 0.04747110244881419, "alternate": 0.3452654329325949, "sfR": 0.10543987958549622, "unknown": 0.0077574728391964646}, "reddit": {"sft": 0.0, "sfb": 0.011775037518281559, "dsfb": 0.0, "sfT": 3.281269401769526e-05, "roll-out": 0.20732284937793538, "roll-in": 0.18737756342148748, "bad-redirect": 0.0009544898047476148, "redirect": 0.03138537928533878, "oneh-out": 0.016858795103641855, "oneh-in": 0.0025848611743985324, "dsfb-red": 0.011319705202666144, "dsfb-alt": 0.04715697296904501, "alternate": 0.30048640323991643, "sfR": 0.1028716913164539, "unknown": 0.07987343889206965}, "akl": {"sft": 0.0, "sfb": 0.018361072110909017, "dsfb": 0.0, "sfT": 0.0001569920764228011, "roll-out": 0.18953237053946417, "roll-in": 0.18269782519508465, "bad-redirect": 0.0009887898736021727, "redirect": 0.02754163914348989, "oneh-out": 0.01737283982558143, "oneh-in": 0.0024010990188800627, "dsfb-red": 0.013235225056877102, "dsfb-alt": 0.04834228386422552, "alternate": 0.2833465357845905, "sfR": 0.11706348985084018, "unknown": 0.09895983766003248}, "keymash": {"sft": 0.0, "sfb": 0.011349969008222056, "dsfb": 0.0, "sfT": 2.873409875499255e-05, "roll-out": 0.2246883376502896, "roll-in": 0.19738273409054524, "bad-redirect": 0.000890757061404769, "redirect": 0.03314683534950926, "oneh-out": 0.021620356877506536, "oneh-in": 0.0022905181578979773, "dsfb-red": 0.011637309995771982, "dsfb-alt": 0.044710257662768406, "alternate": 0.31088242417276585, "sfR": 0.09899307508220005, "unknown": 0.0423786907923633}, "movie": {"sft": 0.0, "sfb": 0.010133033571003416, "dsfb": 0.0, "sfT": 1.1449011956848016e-05, "roll-out": 0.19462412301555396, "roll-in": 0.17316538466245615, "bad-redirect": 0.000709838741324577, "redirect": 0.027206142355435496, "oneh-out": 0.029399220335445522, "oneh-in": 0.0014758697597247183, "dsfb-red": 0.011870519833834041, "dsfb-alt": 0.04804926601963519, "alternate": 0.28573562336382763, "sfR": 0.1138359467128768, "unknown": 0.10378358261692566}}