{"english-450k": {"sft": 0.0, "sfb": 0.17296107527271515, "dsfb": 0.0, "sfT": 0.0026191296151963895, "roll-out": 0.16126342673014868, "roll-in": 0.2037515618595791, "bad-redirect": 0.03097963457894254, "redirect": 0.040377395557857944, "oneh-out": 0.01599630708278835, "oneh-in": 0.020568309320990866, "dsfb-red": 0.04710515868259447, "dsfb-alt": 0.0393106242702308, "alternate": 0.14208580828754705, "sfR": 0.11328269117541298, "unknown": 0.009698877565995693}, "shai": {"sft": 0.0, "sfb": 0.18541031984129466, "dsfb": 0.0, "sfT": 0.008651400948652679, "roll-out": 0.15198061977939908, "roll-in": 0.18484346750853733, "bad-redirect": 0.03261324893571499, "redirect": 0.03953552539870629, "oneh-out": 0.010965367427196837, "oneh-in": 0.020028870153357983, "dsfb-red": 0.05185633708226291, "dsfb-alt": 0.028634209366822795, "alternate": 0.12077565005064043, "sfR": 0.09728563198976478, "unknown": 0.06741935151764922}, "tr-quotes": {"sft": 0.0, "sfb": 0.19485911097755484, "dsfb": 0.0, "sfT": 0.015081713321467372, "roll-out": 0.15332285430295184, "roll-in": 0.18192598414276137, "bad-redirect": 0.035985067381706384, "redirect": 0.04013892420424863, "oneh-out": 0.00888097824830679, "oneh-in": 0.021510136150343265, "dsfb-red": 0.05640877464691061, "dsfb-alt": 0.030488199533066734, "alternate": 0.11920667575876656, "sfR": 0.09591664547745082, "unknown": 0.04627493585446476}, "gutenberg": {"sft": 0.0, "sfb": 0.1967924185885975, "dsfb": 0.0, "sfT": 0.007813509342832451, "roll-out": 0.14873837000261045, "roll-in": 0.18273715684948452, "bad-redirect": 0.02863052743366587, "redirect": 0.03670697502427632, "oneh-out": 0.007999725695545546, "oneh-in": 0.017771632448701467, "dsfb-red": 0.05273863066761688, "dsfb-alt": 0.030761501748690898, "alternate": 0.11155382486115231, "sfR": 0.09761014138424484, "unknown": 0.08014558595258095}, "english-200": {"sft": 0.0, "sfb": 0.21603563474387527, "dsfb": 0.0, "sfT": 0.011135857461024499, "roll-out": 0.1358574610244989, "roll-in": 0.18930957683741648, "bad-redirect": 0.044543429844097995, "redirect": 0.062360801781737196, "oneh-out": 0.008908685968819599, "oneh-in": 0.022271714922048998, "dsfb-red": 0.07126948775055679, "dsfb-alt": 0.0200445434298441, "alternate": 0.111358574610245, "sfR": 0.10690423162583519, "unknown": 0.0}, "monkeyracer": {"sft": 0.0, "sfb": 0.19556848929414894, "dsfb": 0.0, "sfT": 0.015460531460656584, "roll-out": 0.1527920061935968, "roll-in": 0.1816260537716815, "bad-redirect": 0.03594358509157452, "redirect": 0.040207548055116754, "oneh-out": 0.008901340381938471, "oneh-in": 0.021585701549963244, "dsfb-red": 0.05664364921719818, "dsfb-alt": 0.03050072727841469, "alternate": 0.11856006694089494, "sfR": 0.09605353707555875, "unknown": 0.046156763689256614}, "chained-bigrams": {"sft": 0.0, "sfb": 0.17735368081090364, "dsfb": 0.0, "sfT": 0.003923748254182009, "roll-out": 0.16009646070505398, "roll-in": 0.1820182857187381, "bad-redirect": 0.01822078826888227, "redirect": 0.03563838663367333, "oneh-out": 0.009391543066107658, "oneh-in": 0.017757834023436003, "dsfb-red": 0.059536695130020016, "dsfb-alt": 0.033876173699394004, "alternate": 0.1122738715246778, "sfR": 0.11643721321023381, "unknown": 0.07347531895469736}, "english-5k": {"sft": 0.0, "sfb": 0.18260256357074708, "dsfb": 0.0, "sfT": 0.003277056456630854, "roll-out": 0.15792093582776787, "roll-in": 0.19878043721740574, "bad-redirect": 0.031775003111129546, "redirect": 0.044592856846559094, "oneh-out": 0.014352677645497159, "oneh-in": 0.019164558012195628, "dsfb-red": 0.05367735512506741, "dsfb-alt": 0.03828763429709213, "alternate": 0.1460986435475173, "sfR": 0.10644211224955408, "unknown": 0.0030281660928361057}, "mt-quotes": {"sft": 0.0, "sfb": 0.1994955833662041, "dsfb": 0.0, "sfT": 0.016844766378599347, "roll-out": 0.15444920572309678, "roll-in": 0.1809594673742843, "bad-redirect": 0.03695419610093114, "redirect": 0.041092922628225816, "oneh-out": 0.008570301574210206, "oneh-in": 0.021697684703744877, "dsfb-red": 0.05847109166756314, "dsfb-alt": 0.03049210504297104, "alternate": 0.11807323603590682, "sfR": 0.09572710103871578, "unknown": 0.03717233836554667}, "english-1k": {"sft": 0.0, "sfb": 0.1679604798870854, "dsfb": 0.0, "sfT": 0.004940014114326041, "roll-out": 0.17007762879322513, "roll-in": 0.1930134086097389, "bad-redirect": 0.033168666196189134, "redirect": 0.04269583627381793, "oneh-out": 0.016937191249117856, "oneh-in": 0.02646436132674665, "dsfb-red": 0.05469301340860974, "dsfb-alt": 0.035285815102328866, "alternate": 0.1464361326746648, "sfR": 0.10832745236414962, "unknown": 0.0}, "english-10k": {"sft": 0.0, "sfb": 0.1830724995658131, "dsfb": 0.0, "sfT": 0.0038015476351286157, "roll-out": 0.1528530904459582, "roll-in": 0.2030643947434438, "bad-redirect": 0.036336620289071996, "redirect": 0.040697786611605336, "oneh-out": 0.014048358773470215, "oneh-in": 0.019374384901873758, "dsfb-red": 0.0531058837150962, "dsfb-alt": 0.036703267015302674, "alternate": 0.14374481387854346, "sfR": 0.10543987958549622, "unknown": 0.0077574728391964646}, "reddit": {"sft": 0.0, "sfb": 0.18072816087659338, "dsfb": 0.0, "sfT": 0.011499463328911486, "roll-out": 0.1480608016223555, "roll-in": 0.17672980675533212, "bad-redirect": 0.036124753413166316, "redirect": 0.041194764127859385, "oneh-out": 0.01069536503841164, "oneh-in": 0.02094360093471229, "dsfb-red": 0.05034388714680703, "dsfb-alt": 0.027212173958969525, "alternate": 0.11372209258835782, "sfR": 0.1028716913164539, "unknown": 0.07987343889206965}, "akl": {"sft": 0.0, "sfb": 0.16982546619645866, "dsfb": 0.0, "sfT": 0.014272896835884796, "roll-out": 0.13539500978319605, "roll-in": 0.1747681764794149, "bad-redirect": 0.035874733952950204, "redirect": 0.0402450488949158, "oneh-out": 0.01095010439911128, "oneh-in": 0.019964076446095897, "dsfb-red": 0.05156910916351722, "dsfb-alt": 0.028216816589762852, "alternate": 0.10289523374781967, "sfR": 0.11706348985084018, "unknown": 0.09895983766003248}, "keymash": {"sft": 0.0, "sfb": 0.19391001301244187, "dsfb": 0.0, "sfT": 0.014075603518695636, "roll-out": 0.15415843982053504, "roll-in": 0.1838900222894509, "bad-redirect": 0.03639789338007413, "redirect": 0.040831154330844416, "oneh-out": 0.00916207263159191, "oneh-in": 0.021517735096238708, "dsfb-red": 0.05525567190585067, "dsfb-alt": 0.030963043844129828, "alternate": 0.11846658429558357, "sfR": 0.09899307508220005, "unknown": 0.0423786907923633}, "movie": {"sft": 0.0, "sfb": 0.17651915557878112, "dsfb": 0.0, "sfT": 0.020276200175577835, "roll-out": 0.1344674610526327, "roll-in": 0.16836824865253683, "bad-redirect": 0.03754131020650464, "redirect": 0.03501081536836406, "oneh-out": 0.007855601376460752, "oneh-in": 0.02269470525308304, "dsfb-red": 0.04681474669587437, "dsfb-alt": 0.026250873645150902, "alternate": 0.10658135266523129, "sfR": 0.1138359467128768, "unknown": 0.10378358261692566}}