{"english-450k": {"sft": 0.0, "sfb": 0.03565308094890899, "dsfb": 0.0, "sfT": 1.2863232846148135e-05, "roll-out": 0.19428831533162877, "roll-in": 0.2010777635047866, "bad-redirect": 0.00261152861396912, "redirect": 0.03616790260895597, "oneh-out": 0.006588313986836235, "oneh-in": 0.003517801837220466, "dsfb-red": 0.015387642292204705, "dsfb-alt": 0.051761648972900094, "alternate": 0.32995156992833424, "sfR": 0.11328269117541298, "unknown": 0.009698877565995693}, "shai": {"sft": 0.0, "sfb": 0.018261273804175273, "dsfb": 0.0, "sfT": 1.351159713812684e-05, "roll-out": 0.23977138037046314, "roll-in": 0.1763150836333416, "bad-redirect": 0.0015180672231179207, "redirect": 0.028818642087196904, "oneh-out": 0.009911037105454396, "oneh-in": 0.0030323414456069776, "dsfb-red": 0.01166222292130406, "dsfb-alt": 0.04441568128638765, "alternate": 0.30157577501839994, "sfR": 0.09728563198976478, "unknown": 0.06741935151764922}, "tr-quotes": {"sft": 0.0, "sfb": 0.014353574813342271, "dsfb": 0.0, "sfT": 1.1557754097223828e-06, "roll-out": 0.27312013129608653, "roll-in": 0.1593664039203902, "bad-redirect": 0.0010101477080973625, "redirect": 0.028688657220128984, "oneh-out": 0.012644182982362867, "oneh-in": 0.003645315642264395, "dsfb-red": 0.012765539400383717, "dsfb-alt": 0.0461478005593953, "alternate": 0.3060655093502231, "sfR": 0.09591664547745082, "unknown": 0.04627493585446476}, "gutenberg": {"sft": 0.0, "sfb": 0.016939057809663777, "dsfb": 0.0, "sfT": 5.683103338141238e-07, "roll-out": 0.2777887651108982, "roll-in": 0.1435606839880079, "bad-redirect": 0.0013539046519231812, "redirect": 0.03042941907696551, "oneh-out": 0.013786072077663017, "oneh-in": 0.003913953268977871, "dsfb-red": 0.01212603759259196, "dsfb-alt": 0.04075315516425495, "alternate": 0.28159265561189406, "sfR": 0.09761014138424484, "unknown": 0.08014558595258095}, "english-200": {"sft": 0.0, "sfb": 0.013363028953229399, "dsfb": 0.0, "sfT": 0.0, "roll-out": 0.30734966592427615, "roll-in": 0.13140311804008908, "bad-redirect": 0.0, "redirect": 0.0200445434298441, "oneh-out": 0.015590200445434299, "oneh-in": 0.008908685968819599, "dsfb-red": 0.008908685968819599, "dsfb-alt": 0.051224944320712694, "alternate": 0.3363028953229399, "sfR": 0.10690423162583519, "unknown": 0.0}, "monkeyracer": {"sft": 0.0, "sfb": 0.014206367205217636, "dsfb": 0.0, "sfT": 2.9325742527800804e-06, "roll-out": 0.27388288471464095, "roll-in": 0.15909997341132678, "bad-redirect": 0.001004895443952641, "redirect": 0.028677643617936406, "oneh-out": 0.012773315920359104, "oneh-in": 0.003657897617967687, "dsfb-red": 0.012848585326180459, "dsfb-alt": 0.04606194378841672, "alternate": 0.3055732596149334, "sfR": 0.09605353707555875, "unknown": 0.046156763689256614}, "chained-bigrams": {"sft": 0.0, "sfb": 0.020008973390844415, "dsfb": 0.0, "sfT": 2.4024273606608363e-05, "roll-out": 0.22461332282325472, "roll-in": 0.15794921008837687, "bad-redirect": 0.0027634407694520323, "redirect": 0.031192597407066643, "oneh-out": 0.008170850245015125, "oneh-in": 0.004001015512538398, "dsfb-red": 0.020703080106667774, "dsfb-alt": 0.05348582470461506, "alternate": 0.2871751285136312, "sfR": 0.11643721321023381, "unknown": 0.07347531895469736}, "english-5k": {"sft": 0.0, "sfb": 0.019994192558178123, "dsfb": 0.0, "sfT": 0.0, "roll-out": 0.20715974613182894, "roll-in": 0.21939685568507072, "bad-redirect": 0.0024059401833492347, "redirect": 0.030986850292446178, "oneh-out": 0.008005973368731075, "oneh-in": 0.0026548305471439833, "dsfb-red": 0.01339859791761729, "dsfb-alt": 0.04890695648566806, "alternate": 0.33761977848757624, "sfR": 0.10644211224955408, "unknown": 0.0030281660928361057}, "mt-quotes": {"sft": 0.0, "sfb": 0.013190136383739138, "dsfb": 0.0, "sfT": 2.9882502002127633e-06, "roll-out": 0.28262870393612316, "roll-in": 0.157471820800612, "bad-redirect": 0.000896475060063829, "redirect": 0.028497448034329017, "oneh-out": 0.013350007769450521, "oneh-in": 0.0036964654976631883, "dsfb-red": 0.012997394245825414, "dsfb-alt": 0.04653004386751294, "alternate": 0.30783907675021815, "sfR": 0.09572710103871578, "unknown": 0.03717233836554667}, "english-1k": {"sft": 0.0, "sfb": 0.0187014820042343, "dsfb": 0.0, "sfT": 0.0, "roll-out": 0.23288637967537051, "roll-in": 0.19513055751587863, "bad-redirect": 0.001058574453069866, "redirect": 0.03458009880028229, "oneh-out": 0.012350035285815103, "oneh-in": 0.004234297812279464, "dsfb-red": 0.011291460832745237, "dsfb-alt": 0.04728299223712068, "alternate": 0.33415666901905433, "sfR": 0.10832745236414962, "unknown": 0.0}, "english-10k": {"sft": 0.0, "sfb": 0.022616313849597655, "dsfb": 0.0, "sfT": 1.929719611740414e-05, "roll-out": 0.20167499662299068, "roll-in": 0.22716659269408154, "bad-redirect": 0.002064799984562243, "redirect": 0.035892784778371704, "oneh-out": 0.0061172111692171125, "oneh-in": 0.0029717682020802376, "dsfb-red": 0.013083498967600008, "dsfb-alt": 0.04859033982362363, "alternate": 0.3266050442870651, "sfR": 0.10543987958549622, "unknown": 0.0077574728391964646}, "reddit": {"sft": 0.0, "sfb": 0.01633364216970568, "dsfb": 0.0, "sfT": 5.686035333203356e-05, "roll-out": 0.24717914775769623, "roll-in": 0.161349792869869, "bad-redirect": 0.0013452080824857189, "redirect": 0.02569904429282932, "oneh-out": 0.01235000881185647, "oneh-in": 0.004282431143441853, "dsfb-red": 0.012229695600458255, "dsfb-alt": 0.04677363380171956, "alternate": 0.28965540490808234, "sfR": 0.1028716913164539, "unknown": 0.07987343889206965}, "akl": {"sft": 0.0, "sfb": 0.022068042868873452, "dsfb": 0.0, "sfT": 0.00018078250947187592, "roll-out": 0.23134356098919134, "roll-in": 0.1537726236795845, "bad-redirect": 0.0014878313793581564, "redirect": 0.02254893177857897, "oneh-out": 0.010579184288005, "oneh-in": 0.004442181875134673, "dsfb-red": 0.012103506722222284, "dsfb-alt": 0.04832326390863681, "alternate": 0.2771267624900703, "sfR": 0.11706348985084018, "unknown": 0.09895983766003248}, "keymash": {"sft": 0.0, "sfb": 0.014826794957576156, "dsfb": 0.0, "sfT": 0.0, "roll-out": 0.27403299495511324, "roll-in": 0.16075496792043117, "bad-redirect": 0.001112420108943283, "redirect": 0.02882440592250824, "oneh-out": 0.012835932400980243, "oneh-in": 0.0033454700693312752, "dsfb-red": 0.013115063646028742, "dsfb-alt": 0.04494013045280835, "alternate": 0.30484005369171596, "sfR": 0.09899307508220005, "unknown": 0.0423786907923633}, "movie": {"sft": 0.0, "sfb": 0.012127530412589491, "dsfb": 0.0, "sfT": 1.1843805472601396e-06, "roll-out": 0.25159901243718014, "roll-in": 0.1394121182396052, "bad-redirect": 0.0008180121646410031, "redirect": 0.02503096168147296, "oneh-out": 0.012636156058718429, "oneh-in": 0.004062951668456617, "dsfb-red": 0.01321505495065147, "dsfb-alt": 0.04921298570623757, "alternate": 0.2742645029700974, "sfR": 0.1138359467128768, "unknown": 0.10378358261692566}}