{"english-450k": {"sft": 0.0, "sfb": 0.13799003801085305, "dsfb": 0.0, "sfT": 0.0029904092905283924, "roll-out": 0.17682589205058058, "roll-in": 0.21678991008015547, "bad-redirect": 0.004736593149393001, "redirect": 0.06103808627838024, "oneh-out": 0.01335262038670386, "oneh-in": 0.012423544159770707, "dsfb-red": 0.03889373858753518, "dsfb-alt": 0.04617082022404243, "alternate": 0.1658067790406484, "sfR": 0.11328269117541298, "unknown": 0.009698877565995693}, "shai": {"sft": 0.0, "sfb": 0.11293021529071569, "dsfb": 0.0, "sfT": 0.0018104766083328972, "roll-out": 0.1612933226468766, "roll-in": 0.19031857489690004, "bad-redirect": 0.0039375758793646215, "redirect": 0.058216247016301854, "oneh-out": 0.013879123417428543, "oneh-in": 0.012288129951607505, "dsfb-red": 0.046238098105883856, "dsfb-alt": 0.05177092490075498, "alternate": 0.18296522391243836, "sfR": 0.09728563198976478, "unknown": 0.06706645538363028}, "tr-quotes": {"sft": 0.0, "sfb": 0.10518827581424378, "dsfb": 0.0, "sfT": 0.0018330597998196991, "roll-out": 0.17123506160282934, "roll-in": 0.19869166223619425, "bad-redirect": 0.003325165853771295, "redirect": 0.05561244538961189, "oneh-out": 0.01238875661681422, "oneh-in": 0.010479415639952845, "dsfb-red": 0.06075217863664733, "dsfb-alt": 0.05686415015834123, "alternate": 0.18310718661149766, "sfR": 0.09591664547745082, "unknown": 0.04460599616282564}, "gutenberg": {"sft": 0.0, "sfb": 0.10214336348030217, "dsfb": 0.0, "sfT": 0.0014948456147090838, "roll-out": 0.159694635491435, "roll-in": 0.18031217665509966, "bad-redirect": 0.003514052230750666, "redirect": 0.047808349085001416, "oneh-out": 0.011797743656425335, "oneh-in": 0.01111747618684983, "dsfb-red": 0.05355529261730778, "dsfb-alt": 0.05605907851131487, "alternate": 0.19971372314118002, "sfR": 0.09761014138424484, "unknown": 0.07517912194537932}, "english-200": {"sft": 0.0, "sfb": 0.09799554565701558, "dsfb": 0.0, "sfT": 0.0022271714922048997, "roll-out": 0.1870824053452116, "roll-in": 0.22048997772828507, "bad-redirect": 0.0022271714922048997, "redirect": 0.051224944320712694, "oneh-out": 0.017817371937639197, "oneh-in": 0.017817371937639197, "dsfb-red": 0.06904231625835189, "dsfb-alt": 0.07349665924276169, "alternate": 0.15367483296213807, "sfR": 0.10690423162583519, "unknown": 0.0}, "monkeyracer": {"sft": 0.0, "sfb": 0.10491577646746016, "dsfb": 0.0, "sfT": 0.0018299263337347702, "roll-out": 0.17144024586702536, "roll-in": 0.19852843423995495, "bad-redirect": 0.003297190984875737, "redirect": 0.055445203872562056, "oneh-out": 0.012472238297073682, "oneh-in": 0.010401840874610945, "dsfb-red": 0.06149999217980199, "dsfb-alt": 0.05680005317734645, "alternate": 0.18254981466130724, "sfR": 0.09605353707555875, "unknown": 0.044765745968687924}, "chained-bigrams": {"sft": 0.0, "sfb": 0.10683529542389532, "dsfb": 0.0, "sfT": 0.002205688038963476, "roll-out": 0.163624133097073, "roll-in": 0.1971990294193463, "bad-redirect": 0.004287358881741487, "redirect": 0.046828503696816265, "oneh-out": 0.014083418771009064, "oneh-in": 0.012332893321187007, "dsfb-red": 0.03315154966304333, "dsfb-alt": 0.05364230713540405, "alternate": 0.17668294906399482, "sfR": 0.11643721321023381, "unknown": 0.07268966027729207}, "english-5k": {"sft": 0.0, "sfb": 0.137345999087402, "dsfb": 0.0, "sfT": 0.0026133488198448584, "roll-out": 0.1703654540175053, "roll-in": 0.2118056995893309, "bad-redirect": 0.005019289003194093, "redirect": 0.07114116231799893, "oneh-out": 0.013523043099514664, "oneh-in": 0.013979342099805036, "dsfb-red": 0.04351433193678185, "dsfb-alt": 0.05359439167046916, "alternate": 0.16762766001576307, "sfR": 0.10644211224955408, "unknown": 0.0030281660928361057}, "mt-quotes": {"sft": 0.0, "sfb": 0.10345770430666619, "dsfb": 0.0, "sfT": 0.001773526493826275, "roll-out": 0.1736950311375671, "roll-in": 0.20218052617109525, "bad-redirect": 0.0032273102162297847, "redirect": 0.05514218094452612, "oneh-out": 0.01260294521939733, "oneh-in": 0.010160050680723396, "dsfb-red": 0.06430116780817824, "dsfb-alt": 0.05745956897479112, "alternate": 0.1840418474558038, "sfR": 0.09572710103871578, "unknown": 0.03623103955247965}, "english-1k": {"sft": 0.0, "sfb": 0.13549752999294284, "dsfb": 0.0, "sfT": 0.0035285815102328866, "roll-out": 0.1679604798870854, "roll-in": 0.19971771347918138, "bad-redirect": 0.0067043048694424845, "redirect": 0.06351446718419196, "oneh-out": 0.019054340155257588, "oneh-in": 0.01587861679604799, "dsfb-red": 0.05081157374735357, "dsfb-alt": 0.05998588567395907, "alternate": 0.16901905434015527, "sfR": 0.10832745236414962, "unknown": 0.0}, "english-10k": {"sft": 0.0, "sfb": 0.1408309372648154, "dsfb": 0.0, "sfT": 0.0025279326913799425, "roll-out": 0.1696609482642172, "roll-in": 0.21269369560602844, "bad-redirect": 0.004805001833233631, "redirect": 0.07045406302464252, "oneh-out": 0.01617105034638467, "oneh-in": 0.01462727465699234, "dsfb-red": 0.040562706238783504, "dsfb-alt": 0.051137569711120975, "alternate": 0.16333146793770864, "sfR": 0.10543987958549622, "unknown": 0.0077574728391964646}, "reddit": {"sft": 0.0, "sfb": 0.1018724773602712, "dsfb": 0.0, "sfT": 0.0015579287324018049, "roll-out": 0.16392285495908995, "roll-in": 0.1901194460722812, "bad-redirect": 0.0036893304618480327, "redirect": 0.05313832254840762, "oneh-out": 0.012027425568842324, "oneh-in": 0.012157365335448929, "dsfb-red": 0.054861925419668174, "dsfb-alt": 0.053509862630555474, "alternate": 0.17241437563080625, "sfR": 0.1028716913164539, "unknown": 0.07785699396392513}, "akl": {"sft": 0.0, "sfb": 0.10086511679429862, "dsfb": 0.0, "sfT": 0.0021574948971379735, "roll-out": 0.16055741975902027, "roll-in": 0.1783033480945536, "bad-redirect": 0.0032182756124146906, "redirect": 0.04916670910532979, "oneh-out": 0.011177972140659449, "oneh-in": 0.01260855779049327, "dsfb-red": 0.054617196443677206, "dsfb-alt": 0.050265715594542126, "alternate": 0.16155897220868523, "sfR": 0.11706348985084018, "unknown": 0.09843973170834763}, "keymash": {"sft": 0.0, "sfb": 0.10692368633857799, "dsfb": 0.0, "sfT": 0.0018102482215645306, "roll-out": 0.17095557297845354, "roll-in": 0.1974237828030524, "bad-redirect": 0.00331263109932557, "redirect": 0.05562100544716415, "oneh-out": 0.012688157035954568, "oneh-in": 0.011017474436914285, "dsfb-red": 0.06104354036935632, "dsfb-alt": 0.05651586737981963, "alternate": 0.18239584915419127, "sfR": 0.09899307508220005, "unknown": 0.041299109653425724}, "movie": {"sft": 0.0, "sfb": 0.08867286080146505, "dsfb": 0.0, "sfT": 0.0013857252402943634, "roll-out": 0.16541085042602827, "roll-in": 0.1807592379379724, "bad-redirect": 0.0027496052393837065, "redirect": 0.05131776153655742, "oneh-out": 0.00902313740038208, "oneh-in": 0.009253170422227718, "dsfb-red": 0.06477508810804287, "dsfb-alt": 0.05189350208036443, "alternate": 0.15738285588102185, "sfR": 0.1138359467128768, "unknown": 0.103540258213383}}