{"english-450k": {"sft": 0.0, "sfb": 0.12995344094402098, "dsfb": 0.0, "sfT": 0.0025828786862663357, "roll-out": 0.18110262462572377, "roll-in": 0.2178911782195064, "bad-redirect": 0.0050333245434575555, "redirect": 0.06190576980309314, "oneh-out": 0.013585327962738723, "oneh-in": 0.014023847264311955, "dsfb-red": 0.041132525795167046, "dsfb-alt": 0.0453735921337823, "alternate": 0.16443392128052314, "sfR": 0.11328269117541298, "unknown": 0.009698877565995693}, "shai": {"sft": 0.0, "sfb": 0.11451308476845512, "dsfb": 0.0, "sfT": 0.0017651425100003622, "roll-out": 0.16299458405955103, "roll-in": 0.19196934682671374, "bad-redirect": 0.004150947646373442, "redirect": 0.05887540085823993, "oneh-out": 0.014080493046733174, "oneh-in": 0.01294232967027523, "dsfb-red": 0.04193973819935578, "dsfb-alt": 0.05048794630845053, "alternate": 0.1819288987324566, "sfR": 0.09728563198976478, "unknown": 0.06706645538363028}, "tr-quotes": {"sft": 0.0, "sfb": 0.10788932294676498, "dsfb": 0.0, "sfT": 0.0017417535424516309, "roll-out": 0.17117958438316266, "roll-in": 0.20725711379764683, "bad-redirect": 0.003765516284875523, "redirect": 0.05719932502716072, "oneh-out": 0.012505489933196182, "oneh-in": 0.011286146875939068, "dsfb-red": 0.0490603545918957, "dsfb-alt": 0.05403943505697973, "alternate": 0.1828147754328379, "sfR": 0.09591664547745082, "unknown": 0.045344536649638244}, "gutenberg": {"sft": 0.0, "sfb": 0.10442475059701001, "dsfb": 0.0, "sfT": 0.0014743864426917754, "roll-out": 0.16060715245076254, "roll-in": 0.1803322569535611, "bad-redirect": 0.003958092038237435, "redirect": 0.04871972942366134, "oneh-out": 0.012115239696249492, "oneh-in": 0.01175000558838495, "dsfb-red": 0.04885157742110621, "dsfb-alt": 0.053408289677627854, "alternate": 0.20155694299051718, "sfR": 0.09761014138424484, "unknown": 0.07519143533594529}, "english-200": {"sft": 0.0, "sfb": 0.10467706013363029, "dsfb": 0.0, "sfT": 0.0022271714922048997, "roll-out": 0.18262806236080179, "roll-in": 0.21603563474387527, "bad-redirect": 0.0022271714922048997, "redirect": 0.053452115812917596, "oneh-out": 0.017817371937639197, "oneh-in": 0.0200445434298441, "dsfb-red": 0.066815144766147, "dsfb-alt": 0.07349665924276169, "alternate": 0.15367483296213807, "sfR": 0.10690423162583519, "unknown": 0.0}, "monkeyracer": {"sft": 0.0, "sfb": 0.1076968343838466, "dsfb": 0.0, "sfT": 0.001740971581400441, "roll-out": 0.17160055992617734, "roll-in": 0.20742781957239156, "bad-redirect": 0.003737077122792749, "redirect": 0.05706887248385129, "oneh-out": 0.012615934435459907, "oneh-in": 0.011188748299106934, "dsfb-red": 0.04943635922861567, "dsfb-alt": 0.05398087179567387, "alternate": 0.18220670347373197, "sfR": 0.09605353707555875, "unknown": 0.04524571062139293}, "chained-bigrams": {"sft": 0.0, "sfb": 0.10676387190776757, "dsfb": 0.0, "sfT": 0.0020758271005493767, "roll-out": 0.16450134373606023, "roll-in": 0.19463167866689954, "bad-redirect": 0.004702913884666605, "redirect": 0.04792258210295505, "oneh-out": 0.014808042807359739, "oneh-in": 0.0125465145648782, "dsfb-red": 0.032897671528443764, "dsfb-alt": 0.05285470054392254, "alternate": 0.1770796742308499, "sfR": 0.11643721321023381, "unknown": 0.07277796571541365}, "english-5k": {"sft": 0.0, "sfb": 0.13531339444974488, "dsfb": 0.0, "sfT": 0.0025718670925457335, "roll-out": 0.17720993902186086, "roll-in": 0.20516862322147095, "bad-redirect": 0.0053096610942879666, "redirect": 0.07251005931887004, "oneh-out": 0.013937860372505911, "oneh-in": 0.014560086281992781, "dsfb-red": 0.04500767411955034, "dsfb-alt": 0.052474385033392794, "alternate": 0.16646617165138755, "sfR": 0.10644211224955408, "unknown": 0.0030281660928361057}, "mt-quotes": {"sft": 0.0, "sfb": 0.1069031567875115, "dsfb": 0.0, "sfT": 0.0016898554882203178, "roll-out": 0.17382352589617622, "roll-in": 0.2123525298526195, "bad-redirect": 0.0036964654976631883, "redirect": 0.056932142814453565, "oneh-out": 0.012789710856910627, "oneh-in": 0.010974348860281374, "dsfb-red": 0.05073301777411219, "dsfb-alt": 0.054450401023176866, "alternate": 0.1836473984293757, "sfR": 0.09572710103871578, "unknown": 0.03628034568078316}, "english-1k": {"sft": 0.0, "sfb": 0.13620324629498942, "dsfb": 0.0, "sfT": 0.0035285815102328866, "roll-out": 0.1714890613973183, "roll-in": 0.19689484827099507, "bad-redirect": 0.007057163020465773, "redirect": 0.06492589978828511, "oneh-out": 0.019054340155257588, "oneh-in": 0.015525758645024701, "dsfb-red": 0.05187014820042343, "dsfb-alt": 0.05822159491884263, "alternate": 0.16690190543401554, "sfR": 0.10832745236414962, "unknown": 0.0}, "english-10k": {"sft": 0.0, "sfb": 0.13996256343953223, "dsfb": 0.0, "sfT": 0.00247004110302773, "roll-out": 0.1738484398216939, "roll-in": 0.20937457787383493, "bad-redirect": 0.005075162578877289, "redirect": 0.07116805928098648, "oneh-out": 0.016518399876497943, "oneh-in": 0.015360568109453696, "dsfb-red": 0.0419328071631192, "dsfb-alt": 0.05044287065089442, "alternate": 0.16064915767738946, "sfR": 0.10543987958549622, "unknown": 0.0077574728391964646}, "reddit": {"sft": 0.0, "sfb": 0.10351423578355383, "dsfb": 0.0, "sfT": 0.0014670945052409476, "roll-out": 0.1649567919373667, "roll-in": 0.19463624825050468, "bad-redirect": 0.003985056739553175, "redirect": 0.05433385080749755, "oneh-out": 0.01213500325973139, "oneh-in": 0.012914229827825127, "dsfb-red": 0.0465194477953222, "dsfb-alt": 0.0513250840872106, "alternate": 0.17296810857106149, "sfR": 0.1028716913164539, "unknown": 0.07837315711867839}, "akl": {"sft": 0.0, "sfb": 0.1068684838840261, "dsfb": 0.0, "sfT": 0.0019089963894300592, "roll-out": 0.15771904762435798, "roll-in": 0.1850900028015713, "bad-redirect": 0.004428056305511785, "redirect": 0.05068595129082305, "oneh-out": 0.011409619091624268, "oneh-in": 0.013149666233854256, "dsfb-red": 0.04559882564474862, "dsfb-alt": 0.049255427595241964, "alternate": 0.15810873987404206, "sfR": 0.11706348985084018, "unknown": 0.09871369341392838}, "keymash": {"sft": 0.0, "sfb": 0.11062628020672131, "dsfb": 0.0, "sfT": 0.0017117313115474133, "roll-out": 0.1711320824422342, "roll-in": 0.2047920266980826, "bad-redirect": 0.003870893589422568, "redirect": 0.05706181525616449, "oneh-out": 0.012918029825994508, "oneh-in": 0.011633205124521269, "dsfb-red": 0.04971409571738782, "dsfb-alt": 0.054225349221921654, "alternate": 0.18201409612787495, "sfR": 0.09899307508220005, "unknown": 0.04130731939592715}, "movie": {"sft": 0.0, "sfb": 0.09158183102337454, "dsfb": 0.0, "sfT": 0.0012430731832688087, "roll-out": 0.16380693596936086, "roll-in": 0.1973663587759769, "bad-redirect": 0.0032508614065519144, "redirect": 0.052750467205226435, "oneh-out": 0.009154472043289372, "oneh-in": 0.009832332509837926, "dsfb-red": 0.04707070449192114, "dsfb-alt": 0.049373666667149194, "alternate": 0.15715374404404633, "sfR": 0.1138359467128768, "unknown": 0.10357960596711975}}