{"english-450k": {"sft": 0.0, "sfb": 0.13799003801085305, "dsfb": 0.0, "sfT": 0.0029904092905283924, "roll-out": 0.17976338667871913, "roll-in": 0.21385241545201691, "bad-redirect": 0.004979825188665621, "redirect": 0.05752437728797446, "oneh-out": 0.013076060880511676, "oneh-in": 0.015970580617096056, "dsfb-red": 0.03889373858753518, "dsfb-alt": 0.04617082022404243, "alternate": 0.1658067790406484, "sfR": 0.11328269117541298, "unknown": 0.009698877565995693}, "shai": {"sft": 0.0, "sfb": 0.11293021529071569, "dsfb": 0.0, "sfT": 0.0018104766083328972, "roll-out": 0.15667176812349887, "roll-in": 0.19494012942027777, "bad-redirect": 0.004475833631870866, "redirect": 0.05421694972772448, "oneh-out": 0.012735003481819761, "oneh-in": 0.016893289423287414, "dsfb-red": 0.046238098105883856, "dsfb-alt": 0.05177092490075498, "alternate": 0.18296522391243836, "sfR": 0.09728563198976478, "unknown": 0.06706645538363028}, "tr-quotes": {"sft": 0.0, "sfb": 0.10513857747162571, "dsfb": 0.0, "sfT": 0.0018330597998196991, "roll-out": 0.17158641732738494, "roll-in": 0.19787106169529137, "bad-redirect": 0.0036187328078407803, "redirect": 0.05444742377661173, "oneh-out": 0.011259564041515452, "oneh-in": 0.01234483715124477, "dsfb-red": 0.06074293243336955, "dsfb-alt": 0.05686068283211206, "alternate": 0.18303552853609487, "sfR": 0.09591664547745082, "unknown": 0.045344536649638244}, "gutenberg": {"sft": 0.0, "sfb": 0.10214336348030217, "dsfb": 0.0, "sfT": 0.0014948456147090838, "roll-out": 0.15907801877924668, "roll-in": 0.18092311026394983, "bad-redirect": 0.003940853291445073, "redirect": 0.04706916677748718, "oneh-out": 0.010650703966010495, "oneh-in": 0.012574245009193366, "dsfb-red": 0.053553966559862214, "dsfb-alt": 0.05605907851131487, "alternate": 0.1997110710262889, "sfR": 0.09761014138424484, "unknown": 0.07519143533594529}, "english-200": {"sft": 0.0, "sfb": 0.09799554565701558, "dsfb": 0.0, "sfT": 0.0022271714922048997, "roll-out": 0.18485523385300667, "roll-in": 0.22271714922049, "bad-redirect": 0.004454342984409799, "redirect": 0.05790645879732739, "oneh-out": 0.013363028953229399, "oneh-in": 0.013363028953229399, "dsfb-red": 0.06904231625835189, "dsfb-alt": 0.07349665924276169, "alternate": 0.15367483296213807, "sfR": 0.10690423162583519, "unknown": 0.0}, "monkeyracer": {"sft": 0.0, "sfb": 0.10487276537841939, "dsfb": 0.0, "sfT": 0.0018299263337347702, "roll-out": 0.17216361418271112, "roll-in": 0.19751376354849304, "bad-redirect": 0.003587515835900965, "redirect": 0.05438947714156123, "oneh-out": 0.011381320675039492, "oneh-in": 0.012170183149037334, "dsfb-red": 0.061496082080798285, "dsfb-alt": 0.056798098127844594, "alternate": 0.18249800584950812, "sfR": 0.09605353707555875, "unknown": 0.04524571062139293}, "chained-bigrams": {"sft": 0.0, "sfb": 0.10682166002536184, "dsfb": 0.0, "sfT": 0.002205688038963476, "roll-out": 0.16046201924668968, "roll-in": 0.20031828916005295, "bad-redirect": 0.004723691634812861, "redirect": 0.047558971475395576, "oneh-out": 0.012619236690390096, "oneh-in": 0.012621184604466307, "dsfb-red": 0.03314960174896712, "dsfb-alt": 0.05363970991663577, "alternate": 0.17666476853261684, "sfR": 0.11643721321023381, "unknown": 0.07277796571541365}, "english-5k": {"sft": 0.0, "sfb": 0.137345999087402, "dsfb": 0.0, "sfT": 0.0026133488198448584, "roll-out": 0.1604928029203136, "roll-in": 0.22167835068652259, "bad-redirect": 0.005682996639980089, "redirect": 0.05844775376446675, "oneh-out": 0.012651926826233045, "oneh-in": 0.02688015928983283, "dsfb-red": 0.04351433193678185, "dsfb-alt": 0.05359439167046916, "alternate": 0.16762766001576307, "sfR": 0.10644211224955408, "unknown": 0.0030281660928361057}, "mt-quotes": {"sft": 0.0, "sfb": 0.10344724543096544, "dsfb": 0.0, "sfT": 0.001773526493826275, "roll-out": 0.17511295585756803, "roll-in": 0.20074616607499313, "bad-redirect": 0.0035246411111509546, "redirect": 0.054444424522776445, "oneh-out": 0.011588434276425096, "oneh-in": 0.011560045899523076, "dsfb-red": 0.06430116780817824, "dsfb-alt": 0.05745956897479112, "alternate": 0.18403437683030324, "sfR": 0.09572710103871578, "unknown": 0.03628034568078316}, "english-1k": {"sft": 0.0, "sfb": 0.13549752999294284, "dsfb": 0.0, "sfT": 0.0035285815102328866, "roll-out": 0.16302046577275936, "roll-in": 0.20465772759350742, "bad-redirect": 0.007057163020465773, "redirect": 0.06316160903316867, "oneh-out": 0.016231474947071278, "oneh-in": 0.0187014820042343, "dsfb-red": 0.05081157374735357, "dsfb-alt": 0.05998588567395907, "alternate": 0.16901905434015527, "sfR": 0.10832745236414962, "unknown": 0.0}, "english-10k": {"sft": 0.0, "sfb": 0.1408309372648154, "dsfb": 0.0, "sfT": 0.0025279326913799425, "roll-out": 0.16248239130854286, "roll-in": 0.21987225256170279, "bad-redirect": 0.005422512108990564, "redirect": 0.06084405935817526, "oneh-out": 0.015553540070627737, "oneh-in": 0.0242372783234596, "dsfb-red": 0.040562706238783504, "dsfb-alt": 0.051137569711120975, "alternate": 0.16333146793770864, "sfR": 0.10543987958549622, "unknown": 0.0077574728391964646}, "reddit": {"sft": 0.0, "sfb": 0.10180464198485334, "dsfb": 0.0, "sfT": 0.001557591615682445, "roll-out": 0.16297308478841338, "roll-in": 0.19083226064666103, "bad-redirect": 0.0043664481213889885, "redirect": 0.0517395878223702, "oneh-out": 0.01116227169472508, "oneh-in": 0.013696977392765512, "dsfb-red": 0.05485874153954089, "dsfb-alt": 0.05350173437187757, "alternate": 0.17226181158658926, "sfR": 0.1028716913164539, "unknown": 0.07837315711867839}, "akl": {"sft": 0.0, "sfb": 0.100814871895333, "dsfb": 0.0, "sfT": 0.002151980968644829, "roll-out": 0.16006996369852516, "roll-in": 0.17869242080171033, "bad-redirect": 0.003670665565863504, "redirect": 0.04830727971143196, "oneh-out": 0.010509609662187003, "oneh-in": 0.013666922289913438, "dsfb-red": 0.0545960700434956, "dsfb-alt": 0.050250165077106404, "alternate": 0.1614928670210202, "sfR": 0.11706348985084018, "unknown": 0.09871369341392838}, "keymash": {"sft": 0.0, "sfb": 0.10692368633857799, "dsfb": 0.0, "sfT": 0.0018102482215645306, "roll-out": 0.17095146810720283, "roll-in": 0.19741967793180168, "bad-redirect": 0.003616391571878348, "redirect": 0.05429513203318378, "oneh-out": 0.011661939223276262, "oneh-in": 0.013065805191020184, "dsfb-red": 0.06104354036935632, "dsfb-alt": 0.05651586737981963, "alternate": 0.18239584915419127, "sfR": 0.09899307508220005, "unknown": 0.04130731939592715}, "movie": {"sft": 0.0, "sfb": 0.08867049204037053, "dsfb": 0.0, "sfT": 0.0013857252402943634, "roll-out": 0.1685099795246923, "roll-in": 0.17763365767375291, "bad-redirect": 0.00296805765143391, "redirect": 0.05243331641423789, "oneh-out": 0.008333696324038095, "oneh-in": 0.008602155914750394, "dsfb-red": 0.0647740353253342, "dsfb-alt": 0.05189350208036443, "alternate": 0.15737982913073442, "sfR": 0.1138359467128768, "unknown": 0.10357960596711975}}