{"english-450k": {"sft": 0.0, "sfb": 0.04593606622460023, "dsfb": 0.0, "sfT": 0.0017952980206408112, "roll-out": 0.1487244058209637, "roll-in": 0.2917986366142568, "bad-redirect": 0.0006335142176727956, "redirect": 0.053355228114817216, "oneh-out": 0.006221711850721013, "oneh-in": 0.014724016415823882, "dsfb-red": 0.025323612627250993, "dsfb-alt": 0.043018451138133, "alternate": 0.2454874902137109, "sfR": 0.11328269117541298, "unknown": 0.009698877565995693}, "shai": {"sft": 0.0, "sfb": 0.022650747004380994, "dsfb": 0.0, "sfT": 0.0001770557211918506, "roll-out": 0.13468112708162197, "roll-in": 0.3311699502698913, "bad-redirect": 0.0007192109753646932, "redirect": 0.04429024133701879, "oneh-out": 0.00800254626454461, "oneh-in": 0.015529705697210797, "dsfb-red": 0.020591503740517887, "dsfb-alt": 0.03529356895969294, "alternate": 0.2219112434756519, "sfR": 0.09728563198976478, "unknown": 0.06769746748314746}, "tr-quotes": {"sft": 0.0, "sfb": 0.021398025935600196, "dsfb": 0.0, "sfT": 0.00017914518850696933, "roll-out": 0.1403596773075056, "roll-in": 0.34501976375950627, "bad-redirect": 0.0013175839670835163, "redirect": 0.04920829384434017, "oneh-out": 0.010314139756362544, "oneh-in": 0.013272924805251843, "dsfb-red": 0.020710339566815377, "dsfb-alt": 0.03623124754397725, "alternate": 0.2206802894061626, "sfR": 0.09591664547745082, "unknown": 0.04539192344143686}, "gutenberg": {"sft": 0.0, "sfb": 0.026719868091382788, "dsfb": 0.0, "sfT": 0.00019095227216154562, "roll-out": 0.13120675395155648, "roll-in": 0.344585877942853, "bad-redirect": 0.0009604444641458694, "redirect": 0.045190332813897685, "oneh-out": 0.009057161789995691, "oneh-in": 0.011094554336719326, "dsfb-red": 0.016922387373205228, "dsfb-alt": 0.03320031082786524, "alternate": 0.20806390687591095, "sfR": 0.09761014138424484, "unknown": 0.07519730787606137}, "english-200": {"sft": 0.0, "sfb": 0.0066815144766146995, "dsfb": 0.0, "sfT": 0.0, "roll-out": 0.1603563474387528, "roll-in": 0.37861915367483295, "bad-redirect": 0.0, "redirect": 0.044543429844097995, "oneh-out": 0.0066815144766146995, "oneh-in": 0.0066815144766146995, "dsfb-red": 0.017817371937639197, "dsfb-alt": 0.031180400890868598, "alternate": 0.24053452115812918, "sfR": 0.10690423162583519, "unknown": 0.0}, "monkeyracer": {"sft": 0.0, "sfb": 0.021206421946603687, "dsfb": 0.0, "sfT": 0.00016324663340475782, "roll-out": 0.14061204779705022, "roll-in": 0.34542107856170917, "bad-redirect": 0.0013675571265464443, "redirect": 0.04905121447675055, "oneh-out": 0.010403795924112799, "oneh-in": 0.013186808890001095, "dsfb-red": 0.020719614620642195, "dsfb-alt": 0.03604622519042182, "alternate": 0.220476797472512, "sfR": 0.09605353707555875, "unknown": 0.04529165428468649}, "chained-bigrams": {"sft": 0.0, "sfb": 0.022824358535662087, "dsfb": 0.0, "sfT": 9.349987565815147e-05, "roll-out": 0.10332255703979394, "roll-in": 0.30765614641561084, "bad-redirect": 0.002226465789109732, "redirect": 0.052221628469153805, "oneh-out": 0.005782058282887769, "oneh-in": 0.015743041563941254, "dsfb-red": 0.029601800911493927, "dsfb-alt": 0.04342290058690651, "alternate": 0.22774816587657107, "sfR": 0.11643721321023381, "unknown": 0.07292016344297708}, "english-5k": {"sft": 0.0, "sfb": 0.028373501472601318, "dsfb": 0.0, "sfT": 0.0003733355456921226, "roll-out": 0.14257269672709172, "roll-in": 0.3325175260297839, "bad-redirect": 0.00016592690919649896, "redirect": 0.04144024557182561, "oneh-out": 0.007757083004936325, "oneh-in": 0.023354212469407228, "dsfb-red": 0.026755714107935456, "dsfb-alt": 0.038329116024391256, "alternate": 0.2488903637947484, "sfR": 0.10644211224955408, "unknown": 0.0030281660928361057}, "mt-quotes": {"sft": 0.0, "sfb": 0.02009747672153094, "dsfb": 0.0, "sfT": 0.00012700063350904245, "roll-out": 0.14150410585577508, "roll-in": 0.353103596657941, "bad-redirect": 0.0014224070953012754, "redirect": 0.049102927289896126, "oneh-out": 0.01066655908965946, "oneh-in": 0.012948088117521904, "dsfb-red": 0.020651797133670408, "dsfb-alt": 0.03615483917237423, "alternate": 0.22219582601212035, "sfR": 0.09572710103871578, "unknown": 0.03629827518198444}, "english-1k": {"sft": 0.0, "sfb": 0.02399435426958363, "dsfb": 0.0, "sfT": 0.0, "roll-out": 0.16407904022582923, "roll-in": 0.3479181369089626, "bad-redirect": 0.0, "redirect": 0.051164431898376855, "oneh-out": 0.013761467889908258, "oneh-in": 0.013408609738884969, "dsfb-red": 0.025405786873676783, "dsfb-alt": 0.04022582921665491, "alternate": 0.2117148906139732, "sfR": 0.10832745236414962, "unknown": 0.0}, "english-10k": {"sft": 0.0, "sfb": 0.030682541826672585, "dsfb": 0.0, "sfT": 0.00036664672623067866, "roll-out": 0.14690955404179773, "roll-in": 0.33347484610486094, "bad-redirect": 0.0008683738252831864, "redirect": 0.04403620153991625, "oneh-out": 0.007332934524613573, "oneh-in": 0.020532216668918007, "dsfb-red": 0.025163543737095, "dsfb-alt": 0.03693483336871153, "alternate": 0.24050095521120782, "sfR": 0.10543987958549622, "unknown": 0.0077574728391964646}, "reddit": {"sft": 0.0, "sfb": 0.02025790552753429, "dsfb": 0.0, "sfT": 0.00020178308524352096, "roll-out": 0.13605457694941958, "roll-in": 0.3212877034616456, "bad-redirect": 0.000615050725765475, "redirect": 0.044727784804164214, "oneh-out": 0.008920932457354267, "oneh-in": 0.01160737813651991, "dsfb-red": 0.02012058665051503, "dsfb-alt": 0.03771538246734603, "alternate": 0.21213556512093032, "sfR": 0.1028716913164539, "unknown": 0.0834836592971079}, "akl": {"sft": 0.0, "sfb": 0.02668914862589804, "dsfb": 0.0, "sfT": 0.00021838874088017912, "roll-out": 0.13038427373074013, "roll-in": 0.3072682498952044, "bad-redirect": 0.0007308123652262675, "redirect": 0.03844781797741421, "oneh-out": 0.007097850918490383, "oneh-in": 0.008798309293224645, "dsfb-red": 0.019293855340041494, "dsfb-alt": 0.037190580326724426, "alternate": 0.20190073169211561, "sfR": 0.11706348985084018, "unknown": 0.10491649124320006}, "keymash": {"sft": 0.0, "sfb": 0.022268926535119225, "dsfb": 0.0, "sfT": 0.0001559851075271024, "roll-out": 0.1392536523091953, "roll-in": 0.34896331476563236, "bad-redirect": 0.0013505026414846499, "redirect": 0.049320028077319354, "oneh-out": 0.010147241731763084, "oneh-in": 0.013349041307319396, "dsfb-red": 0.020072820415987652, "dsfb-alt": 0.03621727904504275, "alternate": 0.21854745025922262, "sfR": 0.09899307508220005, "unknown": 0.04136068272218642}, "movie": {"sft": 0.0, "sfb": 0.016559219224759766, "dsfb": 0.0, "sfT": 8.119586640661179e-05, "roll-out": 0.1332554449592698, "roll-in": 0.2979504031433986, "bad-redirect": 0.002229662179136505, "redirect": 0.04995230236340506, "oneh-out": 0.010100923698388808, "oneh-in": 0.010431102675397218, "dsfb-red": 0.023530746321610115, "dsfb-alt": 0.038318527041184464, "alternate": 0.20015294300800285, "sfR": 0.1138359467128768, "unknown": 0.10360158280616336}}