{"english-450k": {"sft": 0.0, "sfb": 0.03010084189858978, "dsfb": 0.0, "sfT": 7.016308825171709e-05, "roll-out": 0.2235074410878553, "roll-in": 0.23564127016238662, "bad-redirect": 0.0049847950740834505, "redirect": 0.030913564337505504, "oneh-out": 0.019220300987954752, "oneh-in": 0.007294330062369138, "dsfb-red": 0.016441550346985707, "dsfb-alt": 0.044700318832766865, "alternate": 0.2641438553798425, "sfR": 0.11328269117541298, "unknown": 0.009698877565995693}, "shai": {"sft": 0.0, "sfb": 0.021701931767479463, "dsfb": 0.0, "sfT": 0.00013360264153852776, "roll-out": 0.23862660246535752, "roll-in": 0.2216102650053427, "bad-redirect": 0.004672523936930295, "redirect": 0.036347790909988846, "oneh-out": 0.015002850169043975, "oneh-in": 0.01143095438398109, "dsfb-red": 0.012335987556480875, "dsfb-alt": 0.04103802970801946, "alternate": 0.23211636198292498, "sfR": 0.09728563198976478, "unknown": 0.06769746748314746}, "tr-quotes": {"sft": 0.0, "sfb": 0.024400730450058944, "dsfb": 0.0, "sfT": 4.738679179861769e-05, "roll-out": 0.2523912993227156, "roll-in": 0.2096148956334805, "bad-redirect": 0.004584961050368692, "redirect": 0.040294953884561155, "oneh-out": 0.016090705254155013, "oneh-in": 0.013508702988835209, "dsfb-red": 0.013092623841335152, "dsfb-alt": 0.04119530292873489, "alternate": 0.24346986893506853, "sfR": 0.09591664547745082, "unknown": 0.04539192344143686}, "gutenberg": {"sft": 0.0, "sfb": 0.020398931121924164, "dsfb": 0.0, "sfT": 1.9890861683494334e-05, "roll-out": 0.2629138104336473, "roll-in": 0.21169919864454195, "bad-redirect": 0.005613769477415916, "redirect": 0.032790559077185255, "oneh-out": 0.014627360808485859, "oneh-in": 0.01226243207270735, "dsfb-red": 0.010489682704763161, "dsfb-alt": 0.03630347468726829, "alternate": 0.22007344085007102, "sfR": 0.09761014138424484, "unknown": 0.07519730787606137}, "english-200": {"sft": 0.0, "sfb": 0.015590200445434299, "dsfb": 0.0, "sfT": 0.0, "roll-out": 0.28507795100222716, "roll-in": 0.23385300668151449, "bad-redirect": 0.0, "redirect": 0.028953229398663696, "oneh-out": 0.013363028953229399, "oneh-in": 0.0200445434298441, "dsfb-red": 0.0066815144766146995, "dsfb-alt": 0.035634743875278395, "alternate": 0.25389755011135856, "sfR": 0.10690423162583519, "unknown": 0.0}, "monkeyracer": {"sft": 0.0, "sfb": 0.024386309961368223, "dsfb": 0.0, "sfT": 5.083128704818806e-05, "roll-out": 0.25264224940175484, "roll-in": 0.2092636110546319, "bad-redirect": 0.004561130487823951, "redirect": 0.040619085975256895, "oneh-out": 0.016224955815881258, "oneh-in": 0.013601279384394012, "dsfb-red": 0.013074393543644525, "dsfb-alt": 0.041086342806199855, "alternate": 0.2431446189217511, "sfR": 0.09605353707555875, "unknown": 0.04529165428468649}, "chained-bigrams": {"sft": 0.0, "sfb": 0.02136472158788761, "dsfb": 0.0, "sfT": 0.0001240171961854648, "roll-out": 0.21180903429562453, "roll-in": 0.1842713730002227, "bad-redirect": 0.003912710074416811, "redirect": 0.0413808373303448, "oneh-out": 0.01788639635246596, "oneh-in": 0.008513683122428348, "dsfb-red": 0.02390220432449911, "dsfb-alt": 0.05418577516266706, "alternate": 0.2432918709000467, "sfR": 0.11643721321023381, "unknown": 0.07292016344297708}, "english-5k": {"sft": 0.0, "sfb": 0.022109760650433484, "dsfb": 0.0, "sfT": 8.296345459824948e-05, "roll-out": 0.22649023105322105, "roll-in": 0.2701704898991994, "bad-redirect": 0.0035259468204256023, "redirect": 0.03198241174762517, "oneh-out": 0.01584601982826565, "oneh-in": 0.010245986642883809, "dsfb-red": 0.014186750736300659, "dsfb-alt": 0.04231136184510723, "alternate": 0.2535777989795495, "sfR": 0.10644211224955408, "unknown": 0.0030281660928361057}, "mt-quotes": {"sft": 0.0, "sfb": 0.02420632074682349, "dsfb": 0.0, "sfT": 4.781200320340421e-05, "roll-out": 0.25860317232641256, "roll-in": 0.2079030253045027, "bad-redirect": 0.004576505181625847, "redirect": 0.04154863078375826, "oneh-out": 0.016078280202244773, "oneh-in": 0.013989493312296052, "dsfb-red": 0.012976476494423924, "dsfb-alt": 0.04105556950072316, "alternate": 0.24698933792328565, "sfR": 0.09572710103871578, "unknown": 0.03629827518198444}, "english-1k": {"sft": 0.0, "sfb": 0.01799576570218772, "dsfb": 0.0, "sfT": 0.00035285815102328866, "roll-out": 0.2455892731122089, "roll-in": 0.28334509527170076, "bad-redirect": 0.004234297812279464, "redirect": 0.03881439661256175, "oneh-out": 0.010938602681721948, "oneh-in": 0.016937191249117856, "dsfb-red": 0.01305575158786168, "dsfb-alt": 0.037755822159491886, "alternate": 0.22265349329569514, "sfR": 0.10832745236414962, "unknown": 0.0}, "english-10k": {"sft": 0.0, "sfb": 0.025009166168155766, "dsfb": 0.0, "sfT": 3.859439223480828e-05, "roll-out": 0.22992609173887035, "roll-in": 0.26402423727832347, "bad-redirect": 0.004959379402172864, "redirect": 0.032592964242295595, "oneh-out": 0.015109704559927443, "oneh-in": 0.008625846664479651, "dsfb-red": 0.014704463441461955, "dsfb-alt": 0.0433222052835723, "alternate": 0.2484899944038131, "sfR": 0.10543987958549622, "unknown": 0.0077574728391964646}, "reddit": {"sft": 0.0, "sfb": 0.02334915347182463, "dsfb": 0.0, "sfT": 0.00020103393697827677, "roll-out": 0.2338122450905973, "roll-in": 0.19887721403746528, "bad-redirect": 0.004276775074039259, "redirect": 0.03689012073835304, "oneh-out": 0.014273971386656583, "oneh-in": 0.011654874136536392, "dsfb-red": 0.011459758470853544, "dsfb-alt": 0.04240583721345313, "alternate": 0.23644366582968077, "sfR": 0.1028716913164539, "unknown": 0.0834836592971079}, "akl": {"sft": 0.0, "sfb": 0.02545867521238847, "dsfb": 0.0, "sfT": 0.0001503010171277488, "roll-out": 0.22934677542364007, "roll-in": 0.17895182325789907, "bad-redirect": 0.0033237837048172283, "redirect": 0.03779587337591573, "oneh-out": 0.0117872302620256, "oneh-in": 0.011583586633295628, "dsfb-red": 0.013411113180383152, "dsfb-alt": 0.04148822293023542, "alternate": 0.22472263390823163, "sfR": 0.11706348985084018, "unknown": 0.10491649124320006}, "keymash": {"sft": 0.0, "sfb": 0.02464564698928218, "dsfb": 0.0, "sfT": 9.44120387664041e-05, "roll-out": 0.25298321518145583, "roll-in": 0.21332194915706468, "bad-redirect": 0.004273170971992464, "redirect": 0.041077446605887205, "oneh-out": 0.01540558180392672, "oneh-in": 0.013611753067365041, "dsfb-red": 0.01286877137098595, "dsfb-alt": 0.041036397893380074, "alternate": 0.24032789711550698, "sfR": 0.09899307508220005, "unknown": 0.04136068272218642}, "movie": {"sft": 0.0, "sfb": 0.02872372862999149, "dsfb": 0.0, "sfT": 8.290663830820976e-05, "roll-out": 0.21843161959170718, "roll-in": 0.17136249427384906, "bad-redirect": 0.0037812006960472877, "redirect": 0.0425701900101712, "oneh-out": 0.013786452765785193, "oneh-in": 0.014004247188642474, "dsfb-red": 0.015205209063564257, "dsfb-alt": 0.04200181894532491, "alternate": 0.2326126026775686, "sfR": 0.1138359467128768, "unknown": 0.10360158280616336}}