{"english-450k": {"sft": 0.0, "sfb": 0.017515337943438028, "dsfb": 0.0, "sfT": 1.1401501840904027e-05, "roll-out": 0.18574128179776542, "roll-in": 0.28252687684799344, "bad-redirect": 0.0018745238411250417, "redirect": 0.04246474743334653, "oneh-out": 0.011965437662727204, "oneh-in": 0.01222942628227429, "dsfb-red": 0.013845223735471125, "dsfb-alt": 0.040865906059810525, "alternate": 0.26797826815279885, "sfR": 0.11328269117541298, "unknown": 0.009698877565995693}, "shai": {"sft": 0.0, "sfb": 0.01220015555947069, "dsfb": 0.0, "sfT": 8.805180031291481e-06, "roll-out": 0.19644456119317583, "roll-in": 0.2709347819086565, "bad-redirect": 0.0018308814035526636, "redirect": 0.04127534382389578, "oneh-out": 0.009728787295646286, "oneh-in": 0.01824821117445852, "dsfb-red": 0.011557768328475711, "dsfb-alt": 0.042047575529479665, "alternate": 0.23137104122976201, "sfR": 0.09728563198976478, "unknown": 0.06706645538363028}, "tr-quotes": {"sft": 0.0, "sfb": 0.01443563486743256, "dsfb": 0.0, "sfT": 4.623101638889531e-06, "roll-out": 0.20438270035366726, "roll-in": 0.26518688888375214, "bad-redirect": 0.0019116525276808211, "redirect": 0.0410462079008807, "oneh-out": 0.00923117819745267, "oneh-in": 0.02592635399089249, "dsfb-red": 0.01192760222833499, "dsfb-alt": 0.04561152076928411, "alternate": 0.2390744550518943, "sfR": 0.09591664547745082, "unknown": 0.045344536649638244}, "gutenberg": {"sft": 0.0, "sfb": 0.01119476639224855, "dsfb": 0.0, "sfT": 4.35704589257495e-06, "roll-out": 0.21250676762889184, "roll-in": 0.2690483416136149, "bad-redirect": 0.002022995351600343, "redirect": 0.03984651074504348, "oneh-out": 0.008253949851538397, "oneh-in": 0.016317326304471125, "dsfb-red": 0.011622514636832648, "dsfb-alt": 0.04442917584014264, "alternate": 0.21195171786953337, "sfR": 0.09761014138424484, "unknown": 0.07519143533594529}, "english-200": {"sft": 0.0, "sfb": 0.008908685968819599, "dsfb": 0.0, "sfT": 0.0, "roll-out": 0.19599109131403117, "roll-in": 0.3273942093541203, "bad-redirect": 0.0, "redirect": 0.042316258351893093, "oneh-out": 0.0022271714922048997, "oneh-in": 0.017817371937639197, "dsfb-red": 0.008908685968819599, "dsfb-alt": 0.044543429844097995, "alternate": 0.24498886414253898, "sfR": 0.10690423162583519, "unknown": 0.0}, "monkeyracer": {"sft": 0.0, "sfb": 0.014393074432644634, "dsfb": 0.0, "sfT": 3.9100990037067735e-06, "roll-out": 0.20412378591425934, "roll-in": 0.265308037599512, "bad-redirect": 0.0019159485118163191, "redirect": 0.04121342102382032, "oneh-out": 0.009277687411045248, "oneh-in": 0.026340381938470683, "dsfb-red": 0.011875948199008399, "dsfb-alt": 0.04546956378935515, "alternate": 0.2387789933841125, "sfR": 0.09605353707555875, "unknown": 0.04524571062139293}, "chained-bigrams": {"sft": 0.0, "sfb": 0.013072451365455302, "dsfb": 0.0, "sfT": 2.2725664222467372e-05, "roll-out": 0.1698262915157304, "roll-in": 0.2320368233676967, "bad-redirect": 0.003976341934239719, "redirect": 0.044005976200385814, "oneh-out": 0.014137960365142987, "oneh-in": 0.0168754289469122, "dsfb-red": 0.019294738229566868, "dsfb-alt": 0.04177171875497124, "alternate": 0.25576436473002884, "sfR": 0.11643721321023381, "unknown": 0.07277796571541365}, "english-5k": {"sft": 0.0, "sfb": 0.012071182644045298, "dsfb": 0.0, "sfT": 0.0, "roll-out": 0.19629153357945825, "roll-in": 0.3080847886505994, "bad-redirect": 0.0014933421827684904, "redirect": 0.04056912929854399, "oneh-out": 0.009291906915003941, "oneh-in": 0.012154146098643548, "dsfb-red": 0.014684531463890156, "dsfb-alt": 0.04625212593852408, "alternate": 0.24963703488613265, "sfR": 0.10644211224955408, "unknown": 0.0030281660928361057}, "mt-quotes": {"sft": 0.0, "sfb": 0.014351071586521796, "dsfb": 0.0, "sfT": 1.4941251001063816e-06, "roll-out": 0.2078806134280011, "roll-in": 0.26589898519023203, "bad-redirect": 0.0019423626301382961, "redirect": 0.041328994394042626, "oneh-out": 0.00912163373614946, "oneh-in": 0.027669702728870083, "dsfb-red": 0.01174830566213648, "dsfb-alt": 0.04618639509448847, "alternate": 0.24186299470482064, "sfR": 0.09572710103871578, "unknown": 0.03628034568078316}, "english-1k": {"sft": 0.0, "sfb": 0.007057163020465773, "dsfb": 0.0, "sfT": 0.0, "roll-out": 0.2057163020465773, "roll-in": 0.3320395201129146, "bad-redirect": 0.0007057163020465773, "redirect": 0.04940014114326041, "oneh-out": 0.007410021171489062, "oneh-in": 0.01058574453069866, "dsfb-red": 0.01834862385321101, "dsfb-alt": 0.03987297106563162, "alternate": 0.2205363443895554, "sfR": 0.10832745236414962, "unknown": 0.0}, "english-10k": {"sft": 0.0, "sfb": 0.013160687752069624, "dsfb": 0.0, "sfT": 0.0, "roll-out": 0.19438065649061192, "roll-in": 0.308407788348353, "bad-redirect": 0.0017367476505663728, "redirect": 0.043881823970977014, "oneh-out": 0.009590706470349859, "oneh-in": 0.010073136373284962, "dsfb-red": 0.013758900831709152, "dsfb-alt": 0.0461588931128307, "alternate": 0.24565330657455473, "sfR": 0.10543987958549622, "unknown": 0.0077574728391964646}, "reddit": {"sft": 0.0, "sfb": 0.014483208497139284, "dsfb": 0.0, "sfT": 3.0864908528060375e-05, "roll-out": 0.19176809665960406, "roll-in": 0.24919053593505033, "bad-redirect": 0.0020131486757774333, "redirect": 0.03939774472660489, "oneh-out": 0.009553663082179505, "oneh-in": 0.020384998530732966, "dsfb-red": 0.010495304994178181, "dsfb-alt": 0.045736288198835934, "alternate": 0.23570129735623704, "sfR": 0.1028716913164539, "unknown": 0.07837315711867839}, "akl": {"sft": 0.0, "sfb": 0.016300039985274715, "dsfb": 0.0, "sfT": 5.235134355851102e-05, "roll-out": 0.1758430827643145, "roll-in": 0.2416561561276907, "bad-redirect": 0.0039079503538269325, "redirect": 0.03626733805251267, "oneh-out": 0.007847993010569024, "oneh-in": 0.0214769992978105, "dsfb-red": 0.010721555160783058, "dsfb-alt": 0.045469527119297005, "alternate": 0.22467988547384657, "sfR": 0.11706348985084018, "unknown": 0.09871363145967565}, "keymash": {"sft": 0.0, "sfb": 0.014494300386268385, "dsfb": 0.0, "sfT": 8.209742501426442e-06, "roll-out": 0.20415577165422208, "roll-in": 0.2697146703993629, "bad-redirect": 0.0021181135653680224, "redirect": 0.0404247720770238, "oneh-out": 0.009375525936628997, "oneh-in": 0.0257375427419719, "dsfb-red": 0.012289984524635384, "dsfb-alt": 0.04554354652666319, "alternate": 0.2358371679672267, "sfR": 0.09899307508220005, "unknown": 0.04130731939592715}, "movie": {"sft": 0.0, "sfb": 0.017760839088874467, "dsfb": 0.0, "sfT": 1.9871273626253454e-05, "roll-out": 0.168603808783603, "roll-in": 0.23050493169479988, "bad-redirect": 0.0030984711094711095, "redirect": 0.03355086894710806, "oneh-out": 0.009060116393024314, "oneh-in": 0.03292630560518622, "dsfb-red": 0.012434811365684206, "dsfb-alt": 0.04422069010169749, "alternate": 0.23040373295692843, "sfR": 0.1138359467128768, "unknown": 0.10357960596711975}}