{"english-450k": {"sft": 0.0, "sfb": 0.019234041259404047, "dsfb": 0.0, "sfT": 3.508154412585855e-06, "roll-out": 0.21293941826614146, "roll-in": 0.21976862552264192, "bad-redirect": 0.004794477697200668, "redirect": 0.03619216734364302, "oneh-out": 0.006671047961733052, "oneh-in": 0.005245860231620048, "dsfb-red": 0.017539895024326128, "dsfb-alt": 0.04315117631340916, "alternate": 0.31147821348405924, "sfR": 0.11328269117541298, "unknown": 0.009698877565995693}, "shai": {"sft": 0.0, "sfb": 0.014346301112231638, "dsfb": 0.0, "sfT": 1.543131990538863e-05, "roll-out": 0.23046080622782836, "roll-in": 0.21565241313796335, "bad-redirect": 0.007382955741410866, "redirect": 0.02579160697206153, "oneh-out": 0.010292562653403652, "oneh-in": 0.009164489432700249, "dsfb-red": 0.01229490316701619, "dsfb-alt": 0.03778987813785653, "alternate": 0.27182555262471, "sfR": 0.09728563198976478, "unknown": 0.06769746748314746}, "tr-quotes": {"sft": 0.0, "sfb": 0.014558147060863133, "dsfb": 0.0, "sfT": 1.618085573611336e-05, "roll-out": 0.2557222440535355, "roll-in": 0.2046889808372437, "bad-redirect": 0.006887265666535679, "redirect": 0.027295947851413514, "oneh-out": 0.011946094634890547, "oneh-in": 0.016143870923002242, "dsfb-red": 0.014213725988765863, "dsfb-alt": 0.03453688079332424, "alternate": 0.27268209241580177, "sfR": 0.09591664547745082, "unknown": 0.04539192344143686}, "gutenberg": {"sft": 0.0, "sfb": 0.01706939031288515, "dsfb": 0.0, "sfT": 2.1216919129060623e-05, "roll-out": 0.2575269862162012, "roll-in": 0.19854092004896562, "bad-redirect": 0.00645960469090927, "redirect": 0.026870091456287652, "oneh-out": 0.013354345660742221, "oneh-in": 0.009059624468108887, "dsfb-red": 0.019797279915192943, "dsfb-alt": 0.03039683595116017, "alternate": 0.24809625510011166, "sfR": 0.09761014138424484, "unknown": 0.07519730787606137}, "english-200": {"sft": 0.0, "sfb": 0.004454342984409799, "dsfb": 0.0, "sfT": 0.0, "roll-out": 0.28507795100222716, "roll-in": 0.2071269487750557, "bad-redirect": 0.0066815144766146995, "redirect": 0.026726057906458798, "oneh-out": 0.015590200445434299, "oneh-in": 0.008908685968819599, "dsfb-red": 0.017817371937639197, "dsfb-alt": 0.0400890868596882, "alternate": 0.2806236080178174, "sfR": 0.10690423162583519, "unknown": 0.0}, "monkeyracer": {"sft": 0.0, "sfb": 0.014449770868198384, "dsfb": 0.0, "sfT": 1.3685346512973709e-05, "roll-out": 0.2556549806841109, "roll-in": 0.20464969423025792, "bad-redirect": 0.006895459593036896, "redirect": 0.027412726590237264, "oneh-out": 0.011833914634718551, "oneh-in": 0.016580774825218574, "dsfb-red": 0.014209299779470417, "dsfb-alt": 0.03453692697499101, "alternate": 0.27241757511300185, "sfR": 0.09605353707555875, "unknown": 0.04529165428468649}, "chained-bigrams": {"sft": 0.0, "sfb": 0.015169705520843004, "dsfb": 0.0, "sfT": 2.077775014625588e-05, "roll-out": 0.21000656447043684, "roll-in": 0.18708481023096418, "bad-redirect": 0.0047983616744009675, "redirect": 0.03556696311754558, "oneh-out": 0.00949802903560722, "oneh-in": 0.005745697220131822, "dsfb-red": 0.019821324334836042, "dsfb-alt": 0.047810252391226854, "alternate": 0.27512013760065035, "sfR": 0.11643721321023381, "unknown": 0.07292016344297708}, "english-5k": {"sft": 0.0, "sfb": 0.01331563446301904, "dsfb": 0.0, "sfT": 0.0, "roll-out": 0.21209607168042477, "roll-in": 0.24897332724934668, "bad-redirect": 0.00551706973078359, "redirect": 0.030198697473762807, "oneh-out": 0.007549674368440702, "oneh-in": 0.004770398639399345, "dsfb-red": 0.01323267100842079, "dsfb-alt": 0.04334840502758535, "alternate": 0.3115277720164268, "sfR": 0.10644211224955408, "unknown": 0.0030281660928361057}, "mt-quotes": {"sft": 0.0, "sfb": 0.013990987437396159, "dsfb": 0.0, "sfT": 1.3447125900957435e-05, "roll-out": 0.26241767370698416, "roll-in": 0.20524348262631334, "bad-redirect": 0.007076176474103824, "redirect": 0.027895315618986147, "oneh-out": 0.012169648940366479, "oneh-in": 0.017762159190064665, "dsfb-red": 0.014389918839124563, "dsfb-alt": 0.03387480426961188, "alternate": 0.2731410095504476, "sfR": 0.09572710103871578, "unknown": 0.03629827518198444}, "english-1k": {"sft": 0.0, "sfb": 0.011291460832745237, "dsfb": 0.0, "sfT": 0.0, "roll-out": 0.2512350035285815, "roll-in": 0.2240649258997883, "bad-redirect": 0.004940014114326041, "redirect": 0.027170077628793227, "oneh-out": 0.014820042342978124, "oneh-in": 0.0045871559633027525, "dsfb-red": 0.0187014820042343, "dsfb-alt": 0.035638673253352154, "alternate": 0.2992237120677488, "sfR": 0.10832745236414962, "unknown": 0.0}, "english-10k": {"sft": 0.0, "sfb": 0.015457054090040718, "dsfb": 0.0, "sfT": 0.0, "roll-out": 0.21749869743926206, "roll-in": 0.24414812527739718, "bad-redirect": 0.008953898998475521, "redirect": 0.02875282221493217, "oneh-out": 0.008567955076127438, "oneh-in": 0.00405241118465487, "dsfb-red": 0.01188707280832095, "dsfb-alt": 0.04411339032438587, "alternate": 0.30337122016171053, "sfR": 0.10543987958549622, "unknown": 0.0077574728391964646}, "reddit": {"sft": 0.0, "sfb": 0.013924006774547762, "dsfb": 0.0, "sfT": 3.326218297684177e-05, "roll-out": 0.23717337369744187, "roll-in": 0.1972144045479293, "bad-redirect": 0.006466423081108222, "redirect": 0.02716527727756524, "oneh-out": 0.011546959328927967, "oneh-in": 0.012922882490288697, "dsfb-red": 0.011988469859049626, "dsfb-alt": 0.0360182245298486, "alternate": 0.2591913656167541, "sfR": 0.1028716913164539, "unknown": 0.0834836592971079}, "akl": {"sft": 0.0, "sfb": 0.018023111662256144, "dsfb": 0.0, "sfT": 8.270892739717421e-05, "roll-out": 0.2253017203085173, "roll-in": 0.18466989101379586, "bad-redirect": 0.006999467565152021, "redirect": 0.02830875670081709, "oneh-out": 0.011734878918467088, "oneh-in": 0.01493809964746791, "dsfb-red": 0.012989142765025734, "dsfb-alt": 0.03406851966880248, "alternate": 0.24090372172826097, "sfR": 0.11706348985084018, "unknown": 0.10491649124320006}, "keymash": {"sft": 0.0, "sfb": 0.015323484378912455, "dsfb": 0.0, "sfT": 2.052435625356611e-05, "roll-out": 0.2532459269415015, "roll-in": 0.20654891159338787, "bad-redirect": 0.006789457048679668, "redirect": 0.027133198967214393, "oneh-out": 0.012113475060854716, "oneh-in": 0.01555746204020311, "dsfb-red": 0.015454840258935279, "dsfb-alt": 0.03441934543723036, "alternate": 0.27303961611244065, "sfR": 0.09899307508220005, "unknown": 0.04136068272218642}, "movie": {"sft": 0.0, "sfb": 0.01486660782488644, "dsfb": 0.0, "sfT": 2.724075258698321e-05, "roll-out": 0.22624234610521063, "roll-in": 0.17467849661050028, "bad-redirect": 0.005746351219629029, "redirect": 0.02463827373113693, "oneh-out": 0.010947097800486886, "oneh-in": 0.02370735062099046, "dsfb-red": 0.015684356793850274, "dsfb-alt": 0.03518702487422866, "alternate": 0.2508373241474533, "sfR": 0.1138359467128768, "unknown": 0.10360158280616336}}