{"english-450k": {"sft": 0.0, "sfb": 0.10955293834243213, "dsfb": 0.0, "sfT": 0.002296087063037442, "roll-out": 0.1576886173837237, "roll-in": 0.1598592879265112, "bad-redirect": 0.0038849886657377855, "redirect": 0.022396642462350194, "oneh-out": 0.004796231774406961, "oneh-in": 0.00720224100903876, "dsfb-red": 0.005811842476850566, "dsfb-alt": 0.06736767387728827, "alternate": 0.3361612955848123, "sfR": 0.11328269117541298, "unknown": 0.00969946225839779}, "shai": {"sft": 0.0, "sfb": 0.11118244704584081, "dsfb": 0.0, "sfT": 0.0012307319438462513, "roll-out": 0.1428399565833022, "roll-in": 0.1461924388932117, "bad-redirect": 0.0022271145049607803, "redirect": 0.017876860931257513, "oneh-out": 0.0033166771580548007, "oneh-in": 0.008091592759920399, "dsfb-red": 0.0036685979490548924, "dsfb-alt": 0.059661616350836146, "alternate": 0.3316793928288446, "sfR": 0.09728563198976478, "unknown": 0.07474694106110509}, "tr-quotes": {"sft": 0.0, "sfb": 0.12546404382700355, "dsfb": 0.0, "sfT": 0.0015348697441113243, "roll-out": 0.14252906775155452, "roll-in": 0.14521624557915905, "bad-redirect": 0.001902406324403042, "redirect": 0.014641362890363144, "oneh-out": 0.0024779824784447887, "oneh-in": 0.005129331268347935, "dsfb-red": 0.0040729525438616765, "dsfb-alt": 0.06206398372668223, "alternate": 0.3312868403411849, "sfR": 0.09591664547745082, "unknown": 0.06776426804743302}, "gutenberg": {"sft": 0.0, "sfb": 0.11656158608594444, "dsfb": 0.0, "sfT": 0.0017172443920083443, "roll-out": 0.15133384329713953, "roll-in": 0.1330469428124466, "bad-redirect": 0.0018595114122398134, "redirect": 0.013658012815776902, "oneh-out": 0.0028432566000720617, "oneh-in": 0.004142982333504963, "dsfb-red": 0.0038646997067139804, "dsfb-alt": 0.06426206986958793, "alternate": 0.32736455933406156, "sfR": 0.09761014138424484, "unknown": 0.08173514995625905}, "english-200": {"sft": 0.0, "sfb": 0.11804008908685969, "dsfb": 0.0, "sfT": 0.0, "roll-out": 0.16258351893095768, "roll-in": 0.1603563474387528, "bad-redirect": 0.0022271714922048997, "redirect": 0.011135857461024499, "oneh-out": 0.0, "oneh-in": 0.004454342984409799, "dsfb-red": 0.0, "dsfb-alt": 0.053452115812917596, "alternate": 0.38084632516703787, "sfR": 0.10690423162583519, "unknown": 0.0}, "monkeyracer": {"sft": 0.0, "sfb": 0.1263079281167399, "dsfb": 0.0, "sfT": 0.0015581744529771493, "roll-out": 0.1422591770023617, "roll-in": 0.14530807670050205, "bad-redirect": 0.0019012856405524188, "redirect": 0.014619860174859627, "oneh-out": 0.002493665639613995, "oneh-in": 0.005060645635547492, "dsfb-red": 0.0040205593005614906, "dsfb-alt": 0.06159872217964559, "alternate": 0.33123328432675914, "sfR": 0.09605353707555875, "unknown": 0.06758508375432067}, "chained-bigrams": {"sft": 0.0, "sfb": 0.10544578338286446, "dsfb": 0.0, "sfT": 0.0016018346753379144, "roll-out": 0.12365163764382911, "roll-in": 0.13111604438387153, "bad-redirect": 0.002908235715783753, "redirect": 0.017040352338698106, "oneh-out": 0.0035185821263300195, "oneh-in": 0.004099709825733114, "dsfb-red": 0.008026055298683405, "dsfb-alt": 0.06917627258849861, "alternate": 0.3356307897687761, "sfR": 0.11643721321023381, "unknown": 0.08134748904136006}, "english-5k": {"sft": 0.0, "sfb": 0.10051022524577924, "dsfb": 0.0, "sfT": 0.0017837142738623636, "roll-out": 0.16779358692495955, "roll-in": 0.15248682955158252, "bad-redirect": 0.0029866843655369808, "redirect": 0.026340896834944207, "oneh-out": 0.005185215912390592, "oneh-in": 0.013149707553822542, "dsfb-red": 0.003982245820715975, "dsfb-alt": 0.06778114240676981, "alternate": 0.34844650931264776, "sfR": 0.10644211224955408, "unknown": 0.003111129547434355}, "mt-quotes": {"sft": 0.0, "sfb": 0.1298663654510465, "dsfb": 0.0, "sfT": 0.001577796105712339, "roll-out": 0.14371242275373233, "roll-in": 0.14523493623074074, "bad-redirect": 0.0018243267472298921, "redirect": 0.01412247044620552, "oneh-out": 0.0024279532876728704, "oneh-in": 0.0047139646908356345, "dsfb-red": 0.003956443265081698, "dsfb-alt": 0.06160427200248622, "alternate": 0.33553268548068993, "sfR": 0.09572710103871578, "unknown": 0.05969926249985059}, "english-1k": {"sft": 0.0, "sfb": 0.1122088920254058, "dsfb": 0.0, "sfT": 0.002117148906139732, "roll-out": 0.1676076217360621, "roll-in": 0.15172900494001412, "bad-redirect": 0.002117148906139732, "redirect": 0.014820042342978124, "oneh-out": 0.0038814396612561752, "oneh-in": 0.005998588567395907, "dsfb-red": 0.0035285815102328866, "dsfb-alt": 0.0716302046577276, "alternate": 0.3560338743824982, "sfR": 0.10832745236414962, "unknown": 0.0}, "english-10k": {"sft": 0.0, "sfb": 0.10366453754269504, "dsfb": 0.0, "sfT": 0.002084097180679647, "roll-out": 0.16049478010845025, "roll-in": 0.16929430153798652, "bad-redirect": 0.003048956986549854, "redirect": 0.02684239979930916, "oneh-out": 0.004573435479824781, "oneh-in": 0.012736149437486733, "dsfb-red": 0.004110302773007082, "dsfb-alt": 0.06458771540495166, "alternate": 0.3353659713243666, "sfR": 0.10543987958549622, "unknown": 0.0077574728391964646}, "reddit": {"sft": 0.0, "sfb": 0.11349064323181063, "dsfb": 0.0, "sfT": 0.0010516543347497854, "roll-out": 0.14556475197480165, "roll-in": 0.13851095919632872, "bad-redirect": 0.0019933711615749868, "redirect": 0.014265805670565422, "oneh-out": 0.0027009791555113807, "oneh-in": 0.005497624544494444, "dsfb-red": 0.003858975086512578, "dsfb-alt": 0.05786956841755726, "alternate": 0.315658640854014, "sfR": 0.1028716913164539, "unknown": 0.09666533505562519}, "akl": {"sft": 0.0, "sfb": 0.11901876606706102, "dsfb": 0.0, "sfT": 0.0010853765536113073, "roll-out": 0.13913940090981058, "roll-in": 0.12406308132449767, "bad-redirect": 0.001850201803587424, "redirect": 0.011940071403515358, "oneh-out": 0.002876226183081508, "oneh-in": 0.0053463422395049805, "dsfb-red": 0.005748115568471778, "dsfb-alt": 0.05356831094492502, "alternate": 0.3000603062696093, "sfR": 0.11706348985084018, "unknown": 0.11824031088148387}, "keymash": {"sft": 0.0, "sfb": 0.1284414214348167, "dsfb": 0.0, "sfT": 0.001855401805322376, "roll-out": 0.14419181242380333, "roll-in": 0.14415486858254692, "bad-redirect": 0.0016419485002852885, "redirect": 0.014342420149991996, "oneh-out": 0.002631222471707175, "oneh-in": 0.0051392988058929535, "dsfb-red": 0.004297800199496743, "dsfb-alt": 0.06222574328956172, "alternate": 0.3313944658125798, "sfR": 0.09899307508220005, "unknown": 0.06069052144179498}, "movie": {"sft": 0.0, "sfb": 0.11633551605895004, "dsfb": 0.0, "sfT": 0.002396133444945847, "roll-out": 0.12408465478399597, "roll-in": 0.13038779645867585, "bad-redirect": 0.0014412595281770055, "redirect": 0.012287684982146779, "oneh-out": 0.0020043666794799095, "oneh-in": 0.00398425616098311, "dsfb-red": 0.005923613508202296, "dsfb-alt": 0.0613257771609056, "alternate": 0.2757880111473897, "sfR": 0.1138359467128768, "unknown": 0.1502049833732711}}