{"english-450k": {"sft": 0.0, "sfb": 0.029154809591995796, "dsfb": 0.0, "sfT": 2.89422739038333e-05, "roll-out": 0.21591842605482894, "roll-in": 0.20651160234368102, "bad-redirect": 0.00929280869273888, "redirect": 0.0618408689464603, "oneh-out": 0.011164701418054482, "oneh-in": 0.015435587069176712, "dsfb-red": 0.02737763703582001, "dsfb-alt": 0.03649737677753799, "alternate": 0.26394886046374294, "sfR": 0.11328269117541298, "unknown": 0.009545688156646111}, "shai": {"sft": 0.0, "sfb": 0.018651492290300477, "dsfb": 0.0, "sfT": 2.7820498490076116e-05, "roll-out": 0.19344021054404634, "roll-in": 0.17938062544567757, "bad-redirect": 0.0062184077881294875, "redirect": 0.055278947329309554, "oneh-out": 0.010059416967810274, "oneh-in": 0.0200454935591753, "dsfb-red": 0.024862639191511854, "dsfb-alt": 0.03876121528359414, "alternate": 0.29487707272002733, "sfR": 0.09728563198976478, "unknown": 0.06111102639216282}, "tr-quotes": {"sft": 0.0, "sfb": 0.017492660826148265, "dsfb": 0.0, "sfT": 1.271352950694621e-05, "roll-out": 0.20228959108666003, "roll-in": 0.19200318994013083, "bad-redirect": 0.0066526432583620355, "redirect": 0.05697510459767458, "oneh-out": 0.011964587041446106, "oneh-in": 0.020543907907815354, "dsfb-red": 0.02646032223018423, "dsfb-alt": 0.036450844871824505, "alternate": 0.2908231432468043, "sfR": 0.09591664547745082, "unknown": 0.042414645985992004}, "gutenberg": {"sft": 0.0, "sfb": 0.016806073191551273, "dsfb": 0.0, "sfT": 1.0987333120406395e-05, "roll-out": 0.18267293778176352, "roll-in": 0.17498862432148482, "bad-redirect": 0.005965174700490982, "redirect": 0.05497872056673422, "oneh-out": 0.01211258758135836, "oneh-in": 0.01753919352217149, "dsfb-red": 0.025207594293103402, "dsfb-alt": 0.0371460894755367, "alternate": 0.3016513582806415, "sfR": 0.09761014138424484, "unknown": 0.07331051756779848}, "english-200": {"sft": 0.0, "sfb": 0.011135857461024499, "dsfb": 0.0, "sfT": 0.0, "roll-out": 0.22494432071269488, "roll-in": 0.1714922048997773, "bad-redirect": 0.008908685968819599, "redirect": 0.0779510022271715, "oneh-out": 0.013363028953229399, "oneh-in": 0.022271714922048998, "dsfb-red": 0.017817371937639197, "dsfb-alt": 0.0400890868596882, "alternate": 0.3051224944320713, "sfR": 0.10690423162583519, "unknown": 0.0}, "monkeyracer": {"sft": 0.0, "sfb": 0.017478142546569278, "dsfb": 0.0, "sfT": 1.2707821762047014e-05, "roll-out": 0.20271126264917028, "roll-in": 0.19224783771525095, "bad-redirect": 0.006648145831052442, "redirect": 0.05696916495925677, "oneh-out": 0.012123261960992853, "oneh-in": 0.020721569670144047, "dsfb-red": 0.02648798817586061, "dsfb-alt": 0.03624564023961087, "alternate": 0.289964144392136, "sfR": 0.09605353707555875, "unknown": 0.042336596962635094}, "chained-bigrams": {"sft": 0.0, "sfb": 0.020425177698461604, "dsfb": 0.0, "sfT": 6.882629735947261e-05, "roll-out": 0.19236755320564972, "roll-in": 0.1862608425767267, "bad-redirect": 0.007773475773467982, "redirect": 0.05034903373722249, "oneh-out": 0.009515560262293124, "oneh-in": 0.01101740201505218, "dsfb-red": 0.027993473189235306, "dsfb-alt": 0.04550846725783694, "alternate": 0.2646345161284039, "sfR": 0.11643721321023381, "unknown": 0.06764845864805673}, "english-5k": {"sft": 0.0, "sfb": 0.02181938855933961, "dsfb": 0.0, "sfT": 8.296345459824948e-05, "roll-out": 0.22176131414112082, "roll-in": 0.19562782594267225, "bad-redirect": 0.00622225909486871, "redirect": 0.05745219230928776, "oneh-out": 0.010411913552080309, "oneh-in": 0.015057867009582279, "dsfb-red": 0.028332019745302195, "dsfb-alt": 0.04156469075372299, "alternate": 0.29431285518729, "sfR": 0.10644211224955408, "unknown": 0.0009125980005807441}, "mt-quotes": {"sft": 0.0, "sfb": 0.01683580162799871, "dsfb": 0.0, "sfT": 8.96475060063829e-06, "roll-out": 0.2031053896080611, "roll-in": 0.19506102006908835, "bad-redirect": 0.006739998326579888, "redirect": 0.057099484825665486, "oneh-out": 0.012417673706984138, "oneh-in": 0.021933756469561683, "dsfb-red": 0.027143770693632635, "dsfb-alt": 0.03571108401764263, "alternate": 0.2936807473016101, "sfR": 0.09572710103871578, "unknown": 0.03453520756385891}, "english-1k": {"sft": 0.0, "sfb": 0.010938602681721948, "dsfb": 0.0, "sfT": 0.0, "roll-out": 0.223712067748765, "roll-in": 0.18525052928722655, "bad-redirect": 0.008821453775582216, "redirect": 0.06422018348623854, "oneh-out": 0.013761467889908258, "oneh-in": 0.011997177134791814, "dsfb-red": 0.025758645024700072, "dsfb-alt": 0.03881439661256175, "alternate": 0.3083980239943543, "sfR": 0.10832745236414962, "unknown": 0.0}, "english-10k": {"sft": 0.0, "sfb": 0.024681113834159895, "dsfb": 0.0, "sfT": 0.0, "roll-out": 0.2105324096408792, "roll-in": 0.20130834989676, "bad-redirect": 0.007660986858609444, "redirect": 0.05409004071708381, "oneh-out": 0.009455626097528029, "oneh-in": 0.02111113255244013, "dsfb-red": 0.02921595492174987, "dsfb-alt": 0.04036973427760946, "alternate": 0.2883772987784875, "sfR": 0.10543987958549622, "unknown": 0.0077574728391964646}, "reddit": {"sft": 0.0, "sfb": 0.019040389766859442, "dsfb": 0.0, "sfT": 3.850622083355105e-05, "roll-out": 0.18921960663348314, "roll-in": 0.17661559910229563, "bad-redirect": 0.00512945562954019, "redirect": 0.051926612686788415, "oneh-out": 0.011300377177422844, "oneh-in": 0.020995067420534565, "dsfb-red": 0.026071445895482204, "dsfb-alt": 0.037569298555623416, "alternate": 0.27974694520748317, "sfR": 0.1028716913164539, "unknown": 0.07947500438719952}, "akl": {"sft": 0.0, "sfb": 0.02231914345519611, "dsfb": 0.0, "sfT": 0.00011486318456506442, "roll-out": 0.1774149241103772, "roll-in": 0.17274041378749766, "bad-redirect": 0.004960677016248494, "redirect": 0.04931639057993022, "oneh-out": 0.010874706073536477, "oneh-in": 0.022338968816070337, "dsfb-red": 0.026518774430885135, "dsfb-alt": 0.03678025731088062, "alternate": 0.26225991023324413, "sfR": 0.11706348985084018, "unknown": 0.09729748115072838}, "keymash": {"sft": 0.0, "sfb": 0.017823350970596806, "dsfb": 0.0, "sfT": 1.2314613752139664e-05, "roll-out": 0.20081440645614151, "roll-in": 0.18990365867174577, "bad-redirect": 0.006793561919930381, "redirect": 0.05756671442000222, "oneh-out": 0.011891812013316202, "oneh-in": 0.02116471616867737, "dsfb-red": 0.027478008152274302, "dsfb-alt": 0.03673038795138191, "alternate": 0.291942548221975, "sfR": 0.09899307508220005, "unknown": 0.038885445358006344}, "movie": {"sft": 0.0, "sfb": 0.015852012440206877, "dsfb": 0.0, "sfT": 1.5923338468719655e-05, "roll-out": 0.18746033147653168, "roll-in": 0.17904728165582717, "bad-redirect": 0.006806371809426853, "redirect": 0.054891564038995595, "oneh-out": 0.009312784243106477, "oneh-in": 0.01973980738550758, "dsfb-red": 0.028157068337046804, "dsfb-alt": 0.032158695412723065, "alternate": 0.25413845592834444, "sfR": 0.1138359467128768, "unknown": 0.0985837572209379}}