{"english-450k": {"sft": 0.0, "sfb": 0.03138307233638991, "dsfb": 0.0, "sfT": 0.00019879541671319844, "roll-out": 0.1775596810152131, "roll-in": 0.23349895720110087, "bad-redirect": 0.003530372723865565, "redirect": 0.03564255648567124, "oneh-out": 0.005383555292314043, "oneh-in": 0.010213699226042667, "dsfb-red": 0.016694429810892936, "dsfb-alt": 0.04867593482082978, "alternate": 0.314237376929558, "sfR": 0.11328269117541298, "unknown": 0.009698877565995693}, "shai": {"sft": 0.0, "sfb": 0.01825777882502439, "dsfb": 0.0, "sfT": 2.4971877609623135e-05, "roll-out": 0.21076856875069086, "roll-in": 0.23062950186600148, "bad-redirect": 0.002858316254509413, "redirect": 0.026451716804974434, "oneh-out": 0.00789721695932634, "oneh-in": 0.011057394137352449, "dsfb-red": 0.015994859168208895, "dsfb-alt": 0.03829839179869663, "alternate": 0.2734091961842104, "sfR": 0.09728563198976478, "unknown": 0.06706645538363028}, "tr-quotes": {"sft": 0.0, "sfb": 0.014226439518272809, "dsfb": 0.0, "sfT": 2.3115508194447656e-05, "roll-out": 0.24489147268902706, "roll-in": 0.22271560990268371, "bad-redirect": 0.002505721088278126, "redirect": 0.02916252513811516, "oneh-out": 0.010204341092438918, "oneh-in": 0.00939529830563325, "dsfb-red": 0.022224405353551697, "dsfb-alt": 0.037812348304477474, "alternate": 0.2655775409722383, "sfR": 0.09591664547745082, "unknown": 0.045344536649638244}, "gutenberg": {"sft": 0.0, "sfb": 0.01595891192061235, "dsfb": 0.0, "sfT": 0.0001674621116972285, "roll-out": 0.25203028866755095, "roll-in": 0.20936798965523643, "bad-redirect": 0.002734330452757688, "redirect": 0.029056381310470586, "oneh-out": 0.012099327006902697, "oneh-in": 0.007123201724026229, "dsfb-red": 0.016285311488999595, "dsfb-alt": 0.033246154528126244, "alternate": 0.24912906441342986, "sfR": 0.09761014138424484, "unknown": 0.07519143533594529}, "english-200": {"sft": 0.0, "sfb": 0.004454342984409799, "dsfb": 0.0, "sfT": 0.0, "roll-out": 0.2583518930957684, "roll-in": 0.24053452115812918, "bad-redirect": 0.0, "redirect": 0.022271714922048998, "oneh-out": 0.008908685968819599, "oneh-in": 0.011135857461024499, "dsfb-red": 0.024498886414253896, "dsfb-alt": 0.035634743875278395, "alternate": 0.2873051224944321, "sfR": 0.10690423162583519, "unknown": 0.0}, "monkeyracer": {"sft": 0.0, "sfb": 0.014099817007366627, "dsfb": 0.0, "sfT": 2.052801976946056e-05, "roll-out": 0.24538119555187138, "roll-in": 0.22283067707274348, "bad-redirect": 0.0025327666296510627, "redirect": 0.029004136884745922, "oneh-out": 0.010262054835228428, "oneh-in": 0.009284530084301735, "dsfb-red": 0.02240291224173796, "dsfb-alt": 0.03779697201933153, "alternate": 0.2650851619563007, "sfR": 0.09605353707555875, "unknown": 0.04524571062139293}, "chained-bigrams": {"sft": 0.0, "sfb": 0.01812079534630341, "dsfb": 0.0, "sfT": 5.454159413392169e-05, "roll-out": 0.18463952876062667, "roll-in": 0.21196486742172144, "bad-redirect": 0.003168606897304022, "redirect": 0.03799536266588923, "oneh-out": 0.0066034287183569474, "oneh-in": 0.008339669464953455, "dsfb-red": 0.027575320967541908, "dsfb-alt": 0.0504061725501247, "alternate": 0.2619165266873968, "sfR": 0.11643721321023381, "unknown": 0.07277796571541365}, "english-5k": {"sft": 0.0, "sfb": 0.02285643174181773, "dsfb": 0.0, "sfT": 0.0, "roll-out": 0.16281577964906457, "roll-in": 0.2654000912598001, "bad-redirect": 0.004355581366408097, "redirect": 0.030240179201061933, "oneh-out": 0.005019289003194093, "oneh-in": 0.019620857012486, "dsfb-red": 0.0159289832828639, "dsfb-alt": 0.04401211266437134, "alternate": 0.3202804164765421, "sfR": 0.10644211224955408, "unknown": 0.0030281660928361057}, "mt-quotes": {"sft": 0.0, "sfb": 0.013193124633939351, "dsfb": 0.0, "sfT": 8.96475060063829e-06, "roll-out": 0.2543852571688122, "roll-in": 0.22378258686843333, "bad-redirect": 0.0024966830422777637, "redirect": 0.02890683831175817, "oneh-out": 0.010533581955749991, "oneh-in": 0.009037962730543503, "dsfb-red": 0.023475693572871468, "dsfb-alt": 0.03794181279210146, "alternate": 0.26423004745341316, "sfR": 0.09572710103871578, "unknown": 0.03628034568078316}, "english-1k": {"sft": 0.0, "sfb": 0.017642907551164433, "dsfb": 0.0, "sfT": 0.0, "roll-out": 0.2050105857445307, "roll-in": 0.2547635850388144, "bad-redirect": 0.003175723359209598, "redirect": 0.032462949894142556, "oneh-out": 0.010232886379675371, "oneh-in": 0.010232886379675371, "dsfb-red": 0.016231474947071278, "dsfb-alt": 0.03952011291460833, "alternate": 0.30239943542695835, "sfR": 0.10832745236414962, "unknown": 0.0}, "english-10k": {"sft": 0.0, "sfb": 0.023658362439937478, "dsfb": 0.0, "sfT": 5.789158835221242e-05, "roll-out": 0.16620675015920186, "roll-in": 0.2693309662106096, "bad-redirect": 0.00438046351865074, "redirect": 0.031049188552903263, "oneh-out": 0.0053646205206383515, "oneh-in": 0.017502556878485558, "dsfb-red": 0.015032515775457826, "dsfb-alt": 0.044460739854499144, "alternate": 0.30975859207657125, "sfR": 0.10543987958549622, "unknown": 0.0077574728391964646}, "reddit": {"sft": 0.0, "sfb": 0.01649384752622815, "dsfb": 0.0, "sfT": 7.989666248829222e-05, "roll-out": 0.22820767963123925, "roll-in": 0.21439353544978956, "bad-redirect": 0.002269319925077682, "redirect": 0.026777742879954422, "oneh-out": 0.008970301328033859, "oneh-in": 0.00896558169396282, "dsfb-red": 0.020677615843137345, "dsfb-alt": 0.03762083995627222, "alternate": 0.2542987906686841, "sfR": 0.1028716913164539, "unknown": 0.07837315711867839}, "akl": {"sft": 0.0, "sfb": 0.02435396893192479, "dsfb": 0.0, "sfT": 0.00016225818790501818, "roll-out": 0.21505324782159554, "roll-in": 0.19958990001946603, "bad-redirect": 0.002191321919129627, "redirect": 0.02309958117686068, "oneh-out": 0.007225662541876428, "oneh-in": 0.00830992391893856, "dsfb-red": 0.022328746364369566, "dsfb-alt": 0.038168218434834845, "alternate": 0.24373998741833036, "sfR": 0.11706348985084018, "unknown": 0.09871369341392838}, "keymash": {"sft": 0.0, "sfb": 0.014888368026336854, "dsfb": 0.0, "sfT": 2.873409875499255e-05, "roll-out": 0.24488019933254793, "roll-in": 0.22263179715368228, "bad-redirect": 0.002799522192986417, "redirect": 0.02903785922754533, "oneh-out": 0.010118507633008091, "oneh-in": 0.009034821622819801, "dsfb-red": 0.021755817628780073, "dsfb-alt": 0.03765398398279238, "alternate": 0.2668699946226187, "sfR": 0.09899307508220005, "unknown": 0.04130731939592715}, "movie": {"sft": 0.0, "sfb": 0.01267010830107322, "dsfb": 0.0, "sfT": 2.513518716963185e-05, "roll-out": 0.2408437842853494, "roll-in": 0.18556400662252964, "bad-redirect": 0.0014836340322012015, "redirect": 0.0283882857394397, "oneh-out": 0.011180420768297132, "oneh-in": 0.007435804271376325, "dsfb-red": 0.025076889327138936, "dsfb-alt": 0.03589817959393908, "alternate": 0.2340181991914892, "sfR": 0.1138359467128768, "unknown": 0.10357960596711975}}