{"english-450k": {"sft": 0.0, "sfb": 0.027319752488012345, "dsfb": 0.0, "sfT": 2.3095349882856877e-05, "roll-out": 0.16073749591446185, "roll-in": 0.25069505309299356, "bad-redirect": 0.0033333313843586596, "redirect": 0.04123513931173518, "oneh-out": 0.0033821531999338127, "oneh-in": 0.012620000806875515, "dsfb-red": 0.017069217640637527, "dsfb-alt": 0.040694591185995915, "alternate": 0.3199086008837041, "sfR": 0.11328269117541298, "unknown": 0.009698877565995693}, "shai": {"sft": 0.0, "sfb": 0.018516747878164486, "dsfb": 0.0, "sfT": 0.00012603212191601956, "roll-out": 0.15595268100121593, "roll-in": 0.2680134747508463, "bad-redirect": 0.004360193557596172, "redirect": 0.02938265741030018, "oneh-out": 0.005047442697049479, "oneh-in": 0.01805598732116002, "dsfb-red": 0.013912850159754993, "dsfb-alt": 0.03618472284621813, "alternate": 0.2857422267483643, "sfR": 0.09728563198976478, "unknown": 0.06741935151764922}, "tr-quotes": {"sft": 0.0, "sfb": 0.020946117750398743, "dsfb": 0.0, "sfT": 0.0003490441737361596, "roll-out": 0.1582152516123067, "roll-in": 0.28103025820022653, "bad-redirect": 0.004027877302882504, "redirect": 0.03384457132290054, "oneh-out": 0.007284852407480179, "oneh-in": 0.021689281338850234, "dsfb-red": 0.01915004276369016, "dsfb-alt": 0.03322276415246989, "alternate": 0.2780483576431428, "sfR": 0.09591664547745082, "unknown": 0.04627493585446476}, "gutenberg": {"sft": 0.0, "sfb": 0.02094583509983129, "dsfb": 0.0, "sfT": 0.00023073399552853428, "roll-out": 0.1550091062259155, "roll-in": 0.2912501425511754, "bad-redirect": 0.0033848563481969217, "redirect": 0.029845953800916345, "oneh-out": 0.006016512067312191, "oneh-in": 0.012820133946956944, "dsfb-red": 0.012943836162950485, "dsfb-alt": 0.03394536567549556, "alternate": 0.2558517967888951, "sfR": 0.09761014138424484, "unknown": 0.08014558595258095}, "english-200": {"sft": 0.0, "sfb": 0.015590200445434299, "dsfb": 0.0, "sfT": 0.0, "roll-out": 0.16703786191536749, "roll-in": 0.3028953229398664, "bad-redirect": 0.004454342984409799, "redirect": 0.035634743875278395, "oneh-out": 0.0066815144766146995, "oneh-in": 0.008908685968819599, "dsfb-red": 0.017817371937639197, "dsfb-alt": 0.0200445434298441, "alternate": 0.31403118040089084, "sfR": 0.10690423162583519, "unknown": 0.0}, "monkeyracer": {"sft": 0.0, "sfb": 0.021023624818180396, "dsfb": 0.0, "sfT": 0.0003421336628243427, "roll-out": 0.1583062233135743, "roll-in": 0.2813589940097283, "bad-redirect": 0.004036199696576317, "redirect": 0.0337529521247478, "oneh-out": 0.0073030874141733265, "oneh-in": 0.021953250856311682, "dsfb-red": 0.019152642444906706, "dsfb-alt": 0.03308823529411765, "alternate": 0.2774723556000438, "sfR": 0.09605353707555875, "unknown": 0.046156763689256614}, "chained-bigrams": {"sft": 0.0, "sfb": 0.019176564775610038, "dsfb": 0.0, "sfT": 7.01249067436136e-05, "roll-out": 0.12408602248282427, "roll-in": 0.2643085651729845, "bad-redirect": 0.0037302554559450014, "redirect": 0.04213273216376243, "oneh-out": 0.005288586716914193, "oneh-in": 0.009779827271965816, "dsfb-red": 0.021066690734227254, "dsfb-alt": 0.04786674189943699, "alternate": 0.2725813562546547, "sfR": 0.11643721321023381, "unknown": 0.07347531895469736}, "english-5k": {"sft": 0.0, "sfb": 0.017463807192931512, "dsfb": 0.0, "sfT": 0.0, "roll-out": 0.17496992574770814, "roll-in": 0.2443273737918447, "bad-redirect": 0.004355581366408097, "redirect": 0.030281660928361057, "oneh-out": 0.005019289003194093, "oneh-in": 0.021860870286638735, "dsfb-red": 0.012568963371634795, "dsfb-alt": 0.04202098975401336, "alternate": 0.33766126021487536, "sfR": 0.10644211224955408, "unknown": 0.0030281660928361057}, "mt-quotes": {"sft": 0.0, "sfb": 0.020714550387874876, "dsfb": 0.0, "sfT": 0.00037203714992648906, "roll-out": 0.15927224154624017, "roll-in": 0.2870498201073379, "bad-redirect": 0.004102867524892124, "redirect": 0.03398835777721997, "oneh-out": 0.007741062143651164, "oneh-in": 0.022966196913735193, "dsfb-red": 0.019695557069602323, "dsfb-alt": 0.03283190494973763, "alternate": 0.27836596502551963, "sfR": 0.09572710103871578, "unknown": 0.03717233836554667}, "english-1k": {"sft": 0.0, "sfb": 0.01305575158786168, "dsfb": 0.0, "sfT": 0.0, "roll-out": 0.2057163020465773, "roll-in": 0.2664079040225829, "bad-redirect": 0.004234297812279464, "redirect": 0.03458009880028229, "oneh-out": 0.008468595624558928, "oneh-in": 0.014820042342978124, "dsfb-red": 0.012350035285815103, "dsfb-alt": 0.03211009174311927, "alternate": 0.29992942836979536, "sfR": 0.10832745236414962, "unknown": 0.0}, "english-10k": {"sft": 0.0, "sfb": 0.020377839099978774, "dsfb": 0.0, "sfT": 0.0, "roll-out": 0.16809787537870746, "roll-in": 0.26166997935200015, "bad-redirect": 0.004496246695355165, "redirect": 0.03197545396653866, "oneh-out": 0.00470851585264661, "oneh-in": 0.01999189517763069, "dsfb-red": 0.013604523262769919, "dsfb-alt": 0.04025395110090504, "alternate": 0.32162636768877484, "sfR": 0.10543987958549622, "unknown": 0.0077574728391964646}, "reddit": {"sft": 0.0, "sfb": 0.019496508688153363, "dsfb": 0.0, "sfT": 0.00024321098431152432, "roll-out": 0.15204855529566352, "roll-in": 0.2608911455731799, "bad-redirect": 0.004140692291657653, "redirect": 0.032268063228862734, "oneh-out": 0.0066657714344896994, "oneh-in": 0.01780672986106858, "dsfb-red": 0.016540931494698746, "dsfb-alt": 0.03372152323567624, "alternate": 0.2734317377037145, "sfR": 0.1028716913164539, "unknown": 0.07987343889206965}, "akl": {"sft": 0.0, "sfb": 0.02159198639088103, "dsfb": 0.0, "sfT": 0.0002164062047927562, "roll-out": 0.1504539202234913, "roll-in": 0.24321647398274523, "bad-redirect": 0.004641736523184335, "redirect": 0.03053074597504904, "oneh-out": 0.005969973747504948, "oneh-in": 0.0174497250532218, "dsfb-red": 0.02007825813388091, "dsfb-alt": 0.032452752757552814, "alternate": 0.2573746934968232, "sfR": 0.11706348985084018, "unknown": 0.09895983766003248}, "keymash": {"sft": 0.0, "sfb": 0.02177634198503364, "dsfb": 0.0, "sfT": 0.0002791312450484991, "roll-out": 0.16097252609671897, "roll-in": 0.2819143477564826, "bad-redirect": 0.003895522816926847, "redirect": 0.034222311617196126, "oneh-out": 0.00695775676995891, "oneh-in": 0.021172925911178794, "dsfb-red": 0.018849568783275112, "dsfb-alt": 0.03338491788205063, "alternate": 0.2752028832615665, "sfR": 0.09899307508220005, "unknown": 0.0423786907923633}, "movie": {"sft": 0.0, "sfb": 0.020960114142701276, "dsfb": 0.0, "sfT": 0.00033004737916982556, "roll-out": 0.14318265951072714, "roll-in": 0.24346073890343994, "bad-redirect": 0.003391276300321533, "redirect": 0.03460207248172073, "oneh-out": 0.006179176510733317, "oneh-in": 0.026908073251041695, "dsfb-red": 0.02519716975160513, "dsfb-alt": 0.029399351933284107, "alternate": 0.2487697905054528, "sfR": 0.1138359467128768, "unknown": 0.10378358261692566}}