{"english-450k": {"sft": 0.0, "sfb": 0.017902111967425617, "dsfb": 0.0, "sfT": 2.9234620104882125e-06, "roll-out": 0.1296590483195648, "roll-in": 0.2659426615548959, "bad-redirect": 0.015181245874264237, "redirect": 0.061949037040848365, "oneh-out": 0.007464767897580602, "oneh-in": 0.029588943700553295, "dsfb-red": 0.017721734361378493, "dsfb-alt": 0.03485965335926249, "alternate": 0.296746303720807, "sfR": 0.11328269117541298, "unknown": 0.009698877565995693}, "shai": {"sft": 0.0, "sfb": 0.013458537703819598, "dsfb": 0.0, "sfT": 5.879150974739235e-06, "roll-out": 0.1330241508864939, "roll-in": 0.2831926646154532, "bad-redirect": 0.015991569320724677, "redirect": 0.04130575362587638, "oneh-out": 0.009206227921252972, "oneh-in": 0.029405883733538765, "dsfb-red": 0.013579445404477846, "dsfb-alt": 0.031102136837219584, "alternate": 0.26474465132725605, "sfR": 0.09728563198976478, "unknown": 0.06769746748314746}, "tr-quotes": {"sft": 0.0, "sfb": 0.01790873997364832, "dsfb": 0.0, "sfT": 2.3115508194447656e-06, "roll-out": 0.1397968146829708, "roll-in": 0.2941598668546728, "bad-redirect": 0.016091861029564735, "redirect": 0.04568433462009662, "oneh-out": 0.011200619495619612, "oneh-in": 0.03377406902290747, "dsfb-red": 0.013508702988835209, "dsfb-alt": 0.029901065624927763, "alternate": 0.2566630452370495, "sfR": 0.09591664547745082, "unknown": 0.04539192344143686}, "gutenberg": {"sft": 0.0, "sfb": 0.013846502409825252, "dsfb": 0.0, "sfT": 1.723874679236176e-05, "roll-out": 0.1372234554556466, "roll-in": 0.2968131429721039, "bad-redirect": 0.01617164942223677, "redirect": 0.04102783849226511, "oneh-out": 0.013498507048753071, "oneh-in": 0.023010885416133876, "dsfb-red": 0.011862531034480145, "dsfb-alt": 0.03640652829446659, "alternate": 0.2373142714469901, "sfR": 0.09761014138424484, "unknown": 0.07519730787606137}, "english-200": {"sft": 0.0, "sfb": 0.0022271714922048997, "dsfb": 0.0, "sfT": 0.0, "roll-out": 0.16481069042316257, "roll-in": 0.3028953229398664, "bad-redirect": 0.013363028953229399, "redirect": 0.051224944320712694, "oneh-out": 0.0066815144766146995, "oneh-in": 0.017817371937639197, "dsfb-red": 0.015590200445434299, "dsfb-alt": 0.031180400890868598, "alternate": 0.2873051224944321, "sfR": 0.10690423162583519, "unknown": 0.0}, "monkeyracer": {"sft": 0.0, "sfb": 0.017786062843111187, "dsfb": 0.0, "sfT": 1.9550495018533868e-06, "roll-out": 0.14040481254985376, "roll-in": 0.2940130519104744, "bad-redirect": 0.016231798489137746, "redirect": 0.045464676165600515, "oneh-out": 0.011188748299106934, "oneh-in": 0.03395920984719333, "dsfb-red": 0.013500594335048563, "dsfb-alt": 0.029930830348624426, "alternate": 0.25617306880210206, "sfR": 0.09605353707555875, "unknown": 0.04529165428468649}, "chained-bigrams": {"sft": 0.0, "sfb": 0.012705594214435472, "dsfb": 0.0, "sfT": 1.6881921993832904e-05, "roll-out": 0.10531007870222173, "roll-in": 0.2892373202156471, "bad-redirect": 0.021484193651228584, "redirect": 0.05043798848003615, "oneh-out": 0.007974760228009836, "oneh-in": 0.020978385296105666, "dsfb-red": 0.01946680397296555, "dsfb-alt": 0.037538252162671606, "alternate": 0.2454923645014736, "sfR": 0.11643721321023381, "unknown": 0.07292016344297708}, "english-5k": {"sft": 0.0, "sfb": 0.010453395279379434, "dsfb": 0.0, "sfT": 0.0, "roll-out": 0.14311195918198033, "roll-in": 0.27531422408429085, "bad-redirect": 0.015970465010163023, "redirect": 0.04811880366698469, "oneh-out": 0.009914132824490812, "oneh-in": 0.03413946156717966, "dsfb-red": 0.01551416600987265, "dsfb-alt": 0.03422242502177791, "alternate": 0.30377068901149046, "sfR": 0.10644211224955408, "unknown": 0.0030281660928361057}, "mt-quotes": {"sft": 0.0, "sfb": 0.017666535183657857, "dsfb": 0.0, "sfT": 0.0, "roll-out": 0.1425320639246483, "roll-in": 0.29987987234195146, "bad-redirect": 0.01637262284696573, "redirect": 0.04565299243375049, "oneh-out": 0.011350868385508181, "oneh-in": 0.03478622058067678, "dsfb-red": 0.013290242765446266, "dsfb-alt": 0.0297569954937187, "alternate": 0.2566862098229761, "sfR": 0.09572710103871578, "unknown": 0.03629827518198444}, "english-1k": {"sft": 0.0, "sfb": 0.009174311926605505, "dsfb": 0.0, "sfT": 0.0, "roll-out": 0.17889908256880735, "roll-in": 0.2819336626676076, "bad-redirect": 0.017290049400141144, "redirect": 0.0529287226534933, "oneh-out": 0.014820042342978124, "oneh-in": 0.020465772759350742, "dsfb-red": 0.009880028228652082, "dsfb-alt": 0.035285815102328866, "alternate": 0.2709950599858857, "sfR": 0.10832745236414962, "unknown": 0.0}, "english-10k": {"sft": 0.0, "sfb": 0.011867775612203547, "dsfb": 0.0, "sfT": 0.0, "roll-out": 0.13668204009957352, "roll-in": 0.2791725362304857, "bad-redirect": 0.014839543814283785, "redirect": 0.046814997780822445, "oneh-out": 0.00866444105671446, "oneh-in": 0.037262885702707395, "dsfb-red": 0.013585226066652516, "dsfb-alt": 0.03475425020744486, "alternate": 0.30315895100441903, "sfR": 0.10543987958549622, "unknown": 0.0077574728391964646}, "reddit": {"sft": 0.0, "sfb": 0.01819231647318976, "dsfb": 0.0, "sfT": 4.704651105733475e-05, "roll-out": 0.13065494099801905, "roll-in": 0.27582376811463916, "bad-redirect": 0.014340495752610267, "redirect": 0.044256121056366476, "oneh-out": 0.010357199511480416, "oneh-in": 0.029131866388657744, "dsfb-red": 0.014233929411879282, "dsfb-alt": 0.028047174615410692, "alternate": 0.248559790553128, "sfR": 0.1028716913164539, "unknown": 0.0834836592971079}, "akl": {"sft": 0.0, "sfb": 0.021709761425324495, "dsfb": 0.0, "sfT": 5.941412836995511e-05, "roll-out": 0.1259088224218884, "roll-in": 0.2655954652460804, "bad-redirect": 0.012459867583936551, "redirect": 0.0407507195057141, "oneh-out": 0.007706551451581946, "oneh-in": 0.026764856722736506, "dsfb-red": 0.01669487443793553, "dsfb-alt": 0.024665598823166577, "alternate": 0.23570408715922528, "sfR": 0.11706348985084018, "unknown": 0.10491649124320006}, "keymash": {"sft": 0.0, "sfb": 0.01727740309425195, "dsfb": 0.0, "sfT": 4.104871250713221e-06, "roll-out": 0.1424472421422502, "roll-in": 0.2955384154375998, "bad-redirect": 0.015586196138958102, "redirect": 0.0453300932216261, "oneh-out": 0.010537204500580839, "oneh-in": 0.03269529951193081, "dsfb-red": 0.014137176587456335, "dsfb-alt": 0.030741380796591316, "alternate": 0.2553517258931174, "sfR": 0.09899307508220005, "unknown": 0.04136068272218642}, "movie": {"sft": 0.0, "sfb": 0.026927549731152196, "dsfb": 0.0, "sfT": 1.3817773051368296e-05, "roll-out": 0.12508795670536388, "roll-in": 0.2576893604068689, "bad-redirect": 0.015156386265449422, "redirect": 0.043160011522706744, "oneh-out": 0.00994550665102056, "oneh-in": 0.036275602194999305, "dsfb-red": 0.014706848048844907, "dsfb-alt": 0.028847299000422297, "alternate": 0.2247521321810802, "sfR": 0.1138359467128768, "unknown": 0.10360158280616336}}