{"english-450k": {"sft": 0.0, "sfb": 0.034078211963859, "dsfb": 0.0, "sfT": 3.1281043512223875e-05, "roll-out": 0.20659872151159359, "roll-in": 0.22466951723702436, "bad-redirect": 0.0009472016913981808, "redirect": 0.05178474432278295, "oneh-out": 0.008351161579160627, "oneh-in": 0.010229485920899303, "dsfb-red": 0.03749281559210923, "dsfb-alt": 0.048921505629710794, "alternate": 0.2539137847665411, "sfR": 0.11328269117541298, "unknown": 0.009698877565995693}, "shai": {"sft": 0.0, "sfb": 0.023208879306100723, "dsfb": 0.0, "sfT": 3.1516738898816056e-05, "roll-out": 0.21887255455960475, "roll-in": 0.22403511869614906, "bad-redirect": 0.0006340271479762561, "redirect": 0.03798521379983422, "oneh-out": 0.008381714733531644, "oneh-in": 0.011887364601488776, "dsfb-red": 0.03439950452574642, "dsfb-alt": 0.05146557286849621, "alternate": 0.2243935495147591, "sfR": 0.09728563198976478, "unknown": 0.06741935151764922}, "tr-quotes": {"sft": 0.0, "sfb": 0.024832990453295116, "dsfb": 0.0, "sfT": 2.7738609833337187e-05, "roll-out": 0.2526328563833476, "roll-in": 0.21246157046762673, "bad-redirect": 0.0005466817687986871, "redirect": 0.03791867964217193, "oneh-out": 0.011891773190633595, "oneh-in": 0.009562885740042994, "dsfb-red": 0.042896604331846236, "dsfb-alt": 0.054907422389681236, "alternate": 0.21012921569080698, "sfR": 0.09591664547745082, "unknown": 0.04627493585446476}, "gutenberg": {"sft": 0.0, "sfb": 0.025271245050490585, "dsfb": 0.0, "sfT": 4.319158536987342e-05, "roll-out": 0.2434344054318344, "roll-in": 0.20329313106031932, "bad-redirect": 0.0005900955632769986, "redirect": 0.03317227418473041, "oneh-out": 0.012991953104546749, "oneh-in": 0.009034239939865189, "dsfb-red": 0.04470234367392929, "dsfb-alt": 0.05232414299748845, "alternate": 0.19738725007132293, "sfR": 0.09761014138424484, "unknown": 0.08014558595258095}, "english-200": {"sft": 0.0, "sfb": 0.013363028953229399, "dsfb": 0.0, "sfT": 0.0, "roll-out": 0.267260579064588, "roll-in": 0.21603563474387527, "bad-redirect": 0.0, "redirect": 0.026726057906458798, "oneh-out": 0.015590200445434299, "oneh-in": 0.008908685968819599, "dsfb-red": 0.05790645879732739, "dsfb-alt": 0.066815144766147, "alternate": 0.22048997772828507, "sfR": 0.10690423162583519, "unknown": 0.0}, "monkeyracer": {"sft": 0.0, "sfb": 0.024842814020050986, "dsfb": 0.0, "sfT": 2.834821777687411e-05, "roll-out": 0.25287881039147914, "roll-in": 0.21251388085146317, "bad-redirect": 0.0005337285140059746, "redirect": 0.03800127469227521, "oneh-out": 0.011921891862301954, "oneh-in": 0.009529888796784335, "dsfb-red": 0.04286152775388273, "dsfb-alt": 0.05510404773448864, "alternate": 0.20957348640067566, "sfR": 0.09605353707555875, "unknown": 0.046156763689256614}, "chained-bigrams": {"sft": 0.0, "sfb": 0.022640605307806136, "dsfb": 0.0, "sfT": 4.999646128942822e-05, "roll-out": 0.19551213582934715, "roll-in": 0.19792105623692868, "bad-redirect": 0.0011122589375167603, "redirect": 0.0507340714196203, "oneh-out": 0.008868203484298839, "oneh-in": 0.007010542760285149, "dsfb-red": 0.04086464010014876, "dsfb-alt": 0.05306053013130889, "alternate": 0.23231342716651873, "sfR": 0.11643721321023381, "unknown": 0.07347531895469736}, "english-5k": {"sft": 0.0, "sfb": 0.025635707470859085, "dsfb": 0.0, "sfT": 4.148172729912474e-05, "roll-out": 0.18334923466213132, "roll-in": 0.25664744679968476, "bad-redirect": 0.0009125980005807441, "redirect": 0.04256025220890198, "oneh-out": 0.006885966731654706, "oneh-in": 0.02086530883145974, "dsfb-red": 0.03467872402206828, "dsfb-alt": 0.05135437839631642, "alternate": 0.2675986228066537, "sfR": 0.10644211224955408, "unknown": 0.0030281660928361057}, "mt-quotes": {"sft": 0.0, "sfb": 0.024599275648151467, "dsfb": 0.0, "sfT": 2.9882502002127634e-05, "roll-out": 0.2616138344031269, "roll-in": 0.21298902714526483, "bad-redirect": 0.0005124849093364889, "redirect": 0.03764298777208018, "oneh-out": 0.01240422658108318, "oneh-in": 0.009405517505169672, "dsfb-red": 0.04424702071455039, "dsfb-alt": 0.05569052485626517, "alternate": 0.20796577855870715, "sfR": 0.09572710103871578, "unknown": 0.03717233836554667}, "english-1k": {"sft": 0.0, "sfb": 0.0187014820042343, "dsfb": 0.0, "sfT": 0.0, "roll-out": 0.22935779816513763, "roll-in": 0.24064925899788286, "bad-redirect": 0.0007057163020465773, "redirect": 0.04199011997177135, "oneh-out": 0.013408609738884969, "oneh-in": 0.012350035285815103, "dsfb-red": 0.04163726182074806, "dsfb-alt": 0.05751587861679605, "alternate": 0.23535638673253353, "sfR": 0.10832745236414962, "unknown": 0.0}, "english-10k": {"sft": 0.0, "sfb": 0.02568456803226491, "dsfb": 0.0, "sfT": 5.789158835221242e-05, "roll-out": 0.18581270141448447, "roll-in": 0.2647768279269022, "bad-redirect": 0.0010227513942224194, "redirect": 0.04357306883309855, "oneh-out": 0.006483857895447791, "oneh-in": 0.018390227899886147, "dsfb-red": 0.0330753941452307, "dsfb-alt": 0.05154281082958646, "alternate": 0.2563825476158314, "sfR": 0.10543987958549622, "unknown": 0.0077574728391964646}, "reddit": {"sft": 0.0, "sfb": 0.02521123639991557, "dsfb": 0.0, "sfT": 5.322698424559927e-05, "roll-out": 0.22864679288691214, "roll-in": 0.21020512241363584, "bad-redirect": 0.0005755331547738443, "redirect": 0.039193789111392166, "oneh-out": 0.010043081643863529, "oneh-in": 0.00875956592102067, "dsfb-red": 0.03657068391805292, "dsfb-alt": 0.05132182529225678, "alternate": 0.2066740120654074, "sfR": 0.1028716913164539, "unknown": 0.07987343889206965}, "akl": {"sft": 0.0, "sfb": 0.026372376531679502, "dsfb": 0.0, "sfT": 0.00011802285145439466, "roll-out": 0.22484505551162998, "roll-in": 0.1999196825067583, "bad-redirect": 0.0005873263158990349, "redirect": 0.03758789294949452, "oneh-out": 0.007898485726545576, "oneh-in": 0.007034347809440118, "dsfb-red": 0.03871335390462341, "dsfb-alt": 0.04933324213667331, "alternate": 0.1915668862449292, "sfR": 0.11706348985084018, "unknown": 0.09895983766003248}, "keymash": {"sft": 0.0, "sfb": 0.024079174756683756, "dsfb": 0.0, "sfT": 4.925845500855866e-05, "roll-out": 0.25012211991970873, "roll-in": 0.2141347136647059, "bad-redirect": 0.0006157306876069832, "redirect": 0.03764987911154167, "oneh-out": 0.012121684803356143, "oneh-in": 0.009396050292882563, "dsfb-red": 0.04323660888376236, "dsfb-alt": 0.05654049660732391, "alternate": 0.21068251694285609, "sfR": 0.09899307508220005, "unknown": 0.0423786907923633}, "movie": {"sft": 0.0, "sfb": 0.02046464828043078, "dsfb": 0.0, "sfT": 3.092549206734809e-05, "roll-out": 0.24269523427639414, "roll-in": 0.1791528231223719, "bad-redirect": 0.0005469206171570156, "redirect": 0.040157870031079464, "oneh-out": 0.01442220192398672, "oneh-in": 0.006723859964634397, "dsfb-red": 0.03939460256728959, "dsfb-alt": 0.053011425719139416, "alternate": 0.18577995867564673, "sfR": 0.1138359467128768, "unknown": 0.10378358261692566}}