{"english-450k": {"sft": 0.0, "sfb": 0.036721898659943485, "dsfb": 0.0, "sfT": 0.00010816809438806385, "roll-out": 0.1670588978197405, "roll-in": 0.23834664190689242, "bad-redirect": 0.0009814061969208928, "redirect": 0.03736301387884355, "oneh-out": 0.004789800157983887, "oneh-in": 0.009424072137009801, "dsfb-red": 0.015635844216895154, "dsfb-alt": 0.05031102712329584, "alternate": 0.31627766106667776, "sfR": 0.11328269117541298, "unknown": 0.009698877565995693}, "shai": {"sft": 0.0, "sfb": 0.019405745946985308, "dsfb": 0.0, "sfT": 1.5574525031172273e-05, "roll-out": 0.1925943288293128, "roll-in": 0.23137471811812674, "bad-redirect": 0.0005943438464989675, "redirect": 0.02507658377902381, "oneh-out": 0.010168136751141693, "oneh-in": 0.01143469706929549, "dsfb-red": 0.015760455599753902, "dsfb-alt": 0.05116756687214925, "alternate": 0.2777028651552669, "sfR": 0.09728563198976478, "unknown": 0.06741935151764922}, "tr-quotes": {"sft": 0.0, "sfb": 0.018746677145697048, "dsfb": 0.0, "sfT": 1.271352950694621e-05, "roll-out": 0.21873627516700955, "roll-in": 0.2256166061810869, "bad-redirect": 0.0007570328933681607, "redirect": 0.026466101107232843, "oneh-out": 0.01890732992764846, "oneh-in": 0.009396454081042971, "dsfb-red": 0.018656526663738703, "dsfb-alt": 0.05171170338179885, "alternate": 0.268800998589954, "sfR": 0.09591664547745082, "unknown": 0.04627493585446476}, "gutenberg": {"sft": 0.0, "sfb": 0.017303723607194507, "dsfb": 0.0, "sfT": 7.1985975616455695e-06, "roll-out": 0.21887032787338653, "roll-in": 0.22462314394580896, "bad-redirect": 0.0006342343325365622, "redirect": 0.02424961250707073, "oneh-out": 0.01048684115309409, "oneh-in": 0.008194277266487915, "dsfb-red": 0.01630633897135072, "dsfb-alt": 0.054071128963633065, "alternate": 0.2474974454450495, "sfR": 0.09761014138424484, "unknown": 0.08014558595258095}, "english-200": {"sft": 0.0, "sfb": 0.015590200445434299, "dsfb": 0.0, "sfT": 0.0, "roll-out": 0.23162583518930957, "roll-in": 0.24721603563474387, "bad-redirect": 0.0, "redirect": 0.015590200445434299, "oneh-out": 0.008908685968819599, "oneh-in": 0.011135857461024499, "dsfb-red": 0.015590200445434299, "dsfb-alt": 0.07126948775055679, "alternate": 0.27616926503340755, "sfR": 0.10690423162583519, "unknown": 0.0}, "monkeyracer": {"sft": 0.0, "sfb": 0.018671700267450773, "dsfb": 0.0, "sfT": 1.0752772260193629e-05, "roll-out": 0.21926564430611384, "roll-in": 0.2256176001376355, "bad-redirect": 0.0007741996027339413, "redirect": 0.026410763720537404, "oneh-out": 0.019252349969501228, "oneh-in": 0.009352956816866603, "dsfb-red": 0.018662902544692432, "dsfb-alt": 0.0517227896210332, "alternate": 0.2680480394763595, "sfR": 0.09605353707555875, "unknown": 0.046156763689256614}, "chained-bigrams": {"sft": 0.0, "sfb": 0.020743336997576144, "dsfb": 0.0, "sfT": 5.843742228634467e-05, "roll-out": 0.17035222831630747, "roll-in": 0.21944290956029736, "bad-redirect": 0.0014096404864850475, "redirect": 0.04112630989105317, "oneh-out": 0.0055950585315714665, "oneh-in": 0.00752349346702084, "dsfb-red": 0.01953433166094088, "dsfb-alt": 0.05387475821516529, "alternate": 0.2704269632863648, "sfR": 0.11643721321023381, "unknown": 0.07347531895469736}, "english-5k": {"sft": 0.0, "sfb": 0.023437175924005474, "dsfb": 0.0, "sfT": 0.0, "roll-out": 0.1614883643754926, "roll-in": 0.2579333803459576, "bad-redirect": 0.0003318538183929979, "redirect": 0.027626830381217073, "oneh-out": 0.0042726179118098475, "oneh-in": 0.020326046376571122, "dsfb-red": 0.0155971294644709, "dsfb-alt": 0.04948770066785581, "alternate": 0.3300286223918364, "sfR": 0.10644211224955408, "unknown": 0.0030281660928361057}, "mt-quotes": {"sft": 0.0, "sfb": 0.01806994896068658, "dsfb": 0.0, "sfT": 7.470625500531909e-06, "roll-out": 0.2258175852547782, "roll-in": 0.22738940486009013, "bad-redirect": 0.0007814274273556377, "redirect": 0.025996282616750934, "oneh-out": 0.020653291258770513, "oneh-in": 0.009360693752166482, "dsfb-red": 0.018887235390444772, "dsfb-alt": 0.052684345154851125, "alternate": 0.26745287529434264, "sfR": 0.09572710103871578, "unknown": 0.03717233836554667}, "english-1k": {"sft": 0.0, "sfb": 0.01834862385321101, "dsfb": 0.0, "sfT": 0.0, "roll-out": 0.20465772759350742, "roll-in": 0.26570218772053633, "bad-redirect": 0.00035285815102328866, "redirect": 0.025405786873676783, "oneh-out": 0.007410021171489062, "oneh-in": 0.011644318983768526, "dsfb-red": 0.017290049400141144, "dsfb-alt": 0.0529287226534933, "alternate": 0.28793225123500354, "sfR": 0.10832745236414962, "unknown": 0.0}, "english-10k": {"sft": 0.0, "sfb": 0.02358117365546786, "dsfb": 0.0, "sfT": 3.859439223480828e-05, "roll-out": 0.1584685745161228, "roll-in": 0.27102911946894115, "bad-redirect": 0.0006175102757569325, "redirect": 0.029794870805271993, "oneh-out": 0.003955925204067849, "oneh-in": 0.01779201482024662, "dsfb-red": 0.015823700816271397, "dsfb-alt": 0.05102178653441655, "alternate": 0.31467937708650934, "sfR": 0.10543987958549622, "unknown": 0.0077574728391964646}, "reddit": {"sft": 0.0, "sfb": 0.021559138606850173, "dsfb": 0.0, "sfT": 5.3901217684319034e-05, "roll-out": 0.19942338058024156, "roll-in": 0.21643942190475815, "bad-redirect": 0.0005779304292226257, "redirect": 0.02440279304947731, "oneh-out": 0.013233404446232411, "oneh-in": 0.008134588980740709, "dsfb-red": 0.018105227987355126, "dsfb-alt": 0.05118012389788585, "alternate": 0.2641449586910282, "sfR": 0.1028716913164539, "unknown": 0.07987343889206965}, "akl": {"sft": 0.0, "sfb": 0.025993402367718067, "dsfb": 0.0, "sfT": 0.00018598666670136105, "roll-out": 0.18929799760137916, "roll-in": 0.20919361459820623, "bad-redirect": 0.00043671552750762624, "redirect": 0.023117981589922076, "oneh-out": 0.014551505110420445, "oneh-in": 0.006492743732057274, "dsfb-red": 0.01758137784027723, "dsfb-alt": 0.04847945057977409, "alternate": 0.24864589687516378, "sfR": 0.11706348985084018, "unknown": 0.09895983766003248}, "keymash": {"sft": 0.0, "sfb": 0.018787995714514415, "dsfb": 0.0, "sfT": 3.694384125641899e-05, "roll-out": 0.2195079901318895, "roll-in": 0.22826778538091153, "bad-redirect": 0.0007635060526326591, "redirect": 0.02614802986704322, "oneh-out": 0.018237942966918844, "oneh-in": 0.009190806730346902, "dsfb-red": 0.019502243312138515, "dsfb-alt": 0.052509513039123525, "alternate": 0.2656754770886611, "sfR": 0.09899307508220005, "unknown": 0.0423786907923633}, "movie": {"sft": 0.0, "sfb": 0.0163489258787018, "dsfb": 0.0, "sfT": 1.3817773051368296e-05, "roll-out": 0.2022331100425074, "roll-in": 0.19413023632734647, "bad-redirect": 0.000803404804558128, "redirect": 0.02808784787395138, "oneh-out": 0.026835431244143074, "oneh-in": 0.005865447263547965, "dsfb-red": 0.019098004726731167, "dsfb-alt": 0.049365244405479784, "alternate": 0.23959900033017897, "sfR": 0.1138359467128768, "unknown": 0.10378358261692566}}