{"english-450k": {"sft": 0.0, "sfb": 0.042837488839683774, "dsfb": 0.0, "sfT": 0.0016830370794380638, "roll-out": 0.18873110639589172, "roll-in": 0.19058399661813916, "bad-redirect": 0.0005063436202165584, "redirect": 0.022785462909745126, "oneh-out": 0.003812194461676629, "oneh-in": 0.0011550598403438927, "dsfb-red": 0.008358470234186849, "dsfb-alt": 0.0625451309447869, "alternate": 0.35402014031448265, "sfR": 0.11328269117541298, "unknown": 0.009698877565995693}, "shai": {"sft": 0.0, "sfb": 0.020847709321771234, "dsfb": 0.0, "sfT": 0.00017082823342466467, "roll-out": 0.2234787513008444, "roll-in": 0.18902745683487876, "bad-redirect": 0.000593024037096475, "redirect": 0.016146946882199927, "oneh-out": 0.01151483001319345, "oneh-in": 0.0013011462912349485, "dsfb-red": 0.008403296133028117, "dsfb-alt": 0.06672703214266142, "alternate": 0.29743689143627156, "sfR": 0.09728563198976478, "unknown": 0.06706645538363028}, "tr-quotes": {"sft": 0.0, "sfb": 0.02332123621737824, "dsfb": 0.0, "sfT": 0.0001745220868680798, "roll-out": 0.24881879753126374, "roll-in": 0.17795705138577472, "bad-redirect": 0.0006819074917362058, "redirect": 0.016192413490210583, "oneh-out": 0.020248029402926422, "oneh-in": 0.001999491458819722, "dsfb-red": 0.00929821317121657, "dsfb-alt": 0.07043064191766256, "alternate": 0.2896165137190541, "sfR": 0.09591664547745082, "unknown": 0.045344536649638244}, "gutenberg": {"sft": 0.0, "sfb": 0.024463865502918652, "dsfb": 0.0, "sfT": 9.566557285871085e-05, "roll-out": 0.2568010644831426, "roll-in": 0.17801127755026422, "bad-redirect": 0.0005523976444673284, "redirect": 0.0163874179123082, "oneh-out": 0.014822859563317917, "oneh-in": 0.0017500169545916254, "dsfb-red": 0.010445543935503596, "dsfb-alt": 0.06583856273558832, "alternate": 0.25802975142484874, "sfR": 0.09761014138424484, "unknown": 0.07519143533594529}, "english-200": {"sft": 0.0, "sfb": 0.015590200445434299, "dsfb": 0.0, "sfT": 0.0, "roll-out": 0.2828507795100223, "roll-in": 0.1759465478841871, "bad-redirect": 0.0, "redirect": 0.0066815144766146995, "oneh-out": 0.017817371937639197, "oneh-in": 0.004454342984409799, "dsfb-red": 0.0066815144766146995, "dsfb-alt": 0.0779510022271715, "alternate": 0.3051224944320713, "sfR": 0.10690423162583519, "unknown": 0.0}, "monkeyracer": {"sft": 0.0, "sfb": 0.023265089072055305, "dsfb": 0.0, "sfT": 0.00016226910865383112, "roll-out": 0.2494652939612431, "roll-in": 0.17783130268858408, "bad-redirect": 0.0006715595038866384, "redirect": 0.01620638284561365, "oneh-out": 0.020550502838731877, "oneh-in": 0.0020352065314293757, "dsfb-red": 0.00934513661885919, "dsfb-alt": 0.0702595914728561, "alternate": 0.2889084176611352, "sfR": 0.09605353707555875, "unknown": 0.04524571062139293}, "chained-bigrams": {"sft": 0.0, "sfb": 0.02250360201777926, "dsfb": 0.0, "sfT": 6.168394574669716e-05, "roll-out": 0.20717170018485703, "roll-in": 0.168100439644207, "bad-redirect": 0.0013531509782749142, "redirect": 0.021043315765312716, "oneh-out": 0.007413111669368856, "oneh-in": 0.004412025382619022, "dsfb-red": 0.01340944050063989, "dsfb-alt": 0.0630935862331822, "alternate": 0.3022227647523649, "sfR": 0.11643721321023381, "unknown": 0.07277796571541365}, "english-5k": {"sft": 0.0, "sfb": 0.021570498195544862, "dsfb": 0.0, "sfT": 0.0003733355456921226, "roll-out": 0.19504708176048452, "roll-in": 0.21607831750114076, "bad-redirect": 0.00020740863649562367, "redirect": 0.01700750819264114, "oneh-out": 0.004604471730202846, "oneh-in": 0.0009125980005807441, "dsfb-red": 0.008213382005226698, "dsfb-alt": 0.06537520222342058, "alternate": 0.36113991786617994, "sfR": 0.10644211224955408, "unknown": 0.0030281660928361057}, "mt-quotes": {"sft": 0.0, "sfb": 0.022704725021216576, "dsfb": 0.0, "sfT": 0.00013297713390946798, "roll-out": 0.257092611850205, "roll-in": 0.1780235115525753, "bad-redirect": 0.0006932740464493611, "redirect": 0.01619033958475275, "oneh-out": 0.022114545606674557, "oneh-in": 0.0021619990198539344, "dsfb-red": 0.009411494005570098, "dsfb-alt": 0.07116667264316706, "alternate": 0.288300402816127, "sfR": 0.09572710103871578, "unknown": 0.03628034568078316}, "english-1k": {"sft": 0.0, "sfb": 0.0187014820042343, "dsfb": 0.0, "sfT": 0.0, "roll-out": 0.2367678193366267, "roll-in": 0.20642201834862386, "bad-redirect": 0.00035285815102328866, "redirect": 0.013761467889908258, "oneh-out": 0.009880028228652082, "oneh-in": 0.0014114326040931546, "dsfb-red": 0.0077628793225123505, "dsfb-alt": 0.06986591390261115, "alternate": 0.3267466478475653, "sfR": 0.10832745236414962, "unknown": 0.0}, "english-10k": {"sft": 0.0, "sfb": 0.023368904498176416, "dsfb": 0.0, "sfT": 0.00036664672623067866, "roll-out": 0.19250882846722372, "roll-in": 0.2213967310549777, "bad-redirect": 0.0005210242951699118, "redirect": 0.02138129329808379, "oneh-out": 0.004071708380772273, "oneh-in": 0.0007332934524613573, "dsfb-red": 0.007892553212018294, "dsfb-alt": 0.06690337893904015, "alternate": 0.347658285251153, "sfR": 0.10543987958549622, "unknown": 0.0077574728391964646}, "reddit": {"sft": 0.0, "sfb": 0.024236894166138986, "dsfb": 0.0, "sfT": 0.00020680237862065698, "roll-out": 0.23305863939317492, "roll-in": 0.17085637198357792, "bad-redirect": 0.0004329702398978761, "redirect": 0.015296446396475108, "oneh-out": 0.015000682661356703, "oneh-in": 0.0013388777796444055, "dsfb-red": 0.009757880899285068, "dsfb-alt": 0.06476300600985467, "alternate": 0.2838065796568414, "sfR": 0.1028716913164539, "unknown": 0.07837315711867839}, "akl": {"sft": 0.0, "sfb": 0.027088134013491902, "dsfb": 0.0, "sfT": 0.00032036544087699466, "roll-out": 0.21872502856400822, "roll-in": 0.16737158215425096, "bad-redirect": 0.00046620575180804195, "redirect": 0.017524751653280213, "oneh-out": 0.016387209618868588, "oneh-in": 0.0014981777395643946, "dsfb-red": 0.007974875320164089, "dsfb-alt": 0.05929461861643515, "alternate": 0.2675718678624829, "sfR": 0.11706348985084018, "unknown": 0.09871369341392838}, "keymash": {"sft": 0.0, "sfb": 0.022983174132743325, "dsfb": 0.0, "sfT": 0.00017650946378066853, "roll-out": 0.2502165319584751, "roll-in": 0.1803475184000854, "bad-redirect": 0.0006690940138662551, "redirect": 0.01645232397285859, "oneh-out": 0.019596655350904917, "oneh-in": 0.001724045925299553, "dsfb-red": 0.009281113897862594, "dsfb-alt": 0.07147812308866933, "alternate": 0.28677451531732706, "sfR": 0.09899307508220005, "unknown": 0.04130731939592715}, "movie": {"sft": 0.0, "sfb": 0.019161961276283213, "dsfb": 0.0, "sfT": 9.85667810997605e-05, "roll-out": 0.23013751052947207, "roll-in": 0.1503132883944261, "bad-redirect": 0.0005591592161453703, "redirect": 0.015000048033211083, "oneh-out": 0.027269704111471792, "oneh-in": 0.0011692467958229267, "dsfb-red": 0.009671125157571962, "dsfb-alt": 0.06627477707655138, "alternate": 0.2629290599479478, "sfR": 0.1138359467128768, "unknown": 0.10357960596711975}}