{"english-450k": {"sft": 0.0, "sfb": 0.03611089509975145, "dsfb": 0.0, "sfT": 7.57176660716447e-05, "roll-out": 0.16909216564803506, "roll-in": 0.25410147102761443, "bad-redirect": 0.004155701247908994, "redirect": 0.044940042717626895, "oneh-out": 0.011519025013725655, "oneh-in": 0.018176040357808364, "dsfb-red": 0.016483940546137787, "dsfb-alt": 0.036639749377448766, "alternate": 0.2857236825564623, "sfR": 0.11328269117541298, "unknown": 0.009698877565995693}, "shai": {"sft": 0.0, "sfb": 0.023078074970128183, "dsfb": 0.0, "sfT": 4.79272722318604e-05, "roll-out": 0.15564917902436592, "roll-in": 0.2693405256882129, "bad-redirect": 0.008343355111865652, "redirect": 0.039115841490348906, "oneh-out": 0.008213270671930836, "oneh-in": 0.014255598081887323, "dsfb-red": 0.014240867305975633, "dsfb-alt": 0.04012674969570846, "alternate": 0.2632365233139493, "sfR": 0.09728563198976478, "unknown": 0.06706645538363028}, "tr-quotes": {"sft": 0.0, "sfb": 0.02526640623194101, "dsfb": 0.0, "sfT": 7.859272786112202e-05, "roll-out": 0.16086313307598069, "roll-in": 0.27785072004808026, "bad-redirect": 0.01538105915258547, "redirect": 0.04182173320080442, "oneh-out": 0.008996555789279027, "oneh-in": 0.014802015672314556, "dsfb-red": 0.017304269434363515, "dsfb-alt": 0.03999907537967222, "alternate": 0.2564122419731398, "sfR": 0.09591664547745082, "unknown": 0.04530755183652713}, "gutenberg": {"sft": 0.0, "sfb": 0.022786592271055235, "dsfb": 0.0, "sfT": 7.38803433958361e-06, "roll-out": 0.15472438274867462, "roll-in": 0.2919249163541907, "bad-redirect": 0.007758762114008357, "redirect": 0.03625800986056316, "oneh-out": 0.008186320921814516, "oneh-in": 0.013306607592701834, "dsfb-red": 0.01295311856506945, "dsfb-alt": 0.03649044878709314, "alternate": 0.2429873346359006, "sfR": 0.09761014138424484, "unknown": 0.07500597673034394}, "english-200": {"sft": 0.0, "sfb": 0.028953229398663696, "dsfb": 0.0, "sfT": 0.0, "roll-out": 0.155902004454343, "roll-in": 0.3184855233853007, "bad-redirect": 0.0022271714922048997, "redirect": 0.035634743875278395, "oneh-out": 0.0022271714922048997, "oneh-in": 0.013363028953229399, "dsfb-red": 0.017817371937639197, "dsfb-alt": 0.0400890868596882, "alternate": 0.27839643652561247, "sfR": 0.10690423162583519, "unknown": 0.0}, "monkeyracer": {"sft": 0.0, "sfb": 0.025097947980042855, "dsfb": 0.0, "sfT": 8.406712857969564e-05, "roll-out": 0.16098757370536623, "roll-in": 0.2779884886685331, "bad-redirect": 0.01576942928194942, "redirect": 0.04178527300311244, "oneh-out": 0.00901668830254782, "oneh-in": 0.014777241659758826, "dsfb-red": 0.01725037927960336, "dsfb-alt": 0.03991722320409153, "alternate": 0.2560577208814927, "sfR": 0.09605353707555875, "unknown": 0.04521442982936328}, "chained-bigrams": {"sft": 0.0, "sfb": 0.019931056827795956, "dsfb": 0.0, "sfT": 4.480202375286425e-05, "roll-out": 0.13736300482628178, "roll-in": 0.257479178421787, "bad-redirect": 0.00525871870107895, "redirect": 0.03731878717675177, "oneh-out": 0.013210753264866319, "oneh-in": 0.021464714510466467, "dsfb-red": 0.015012573785361945, "dsfb-alt": 0.037542147990824025, "alternate": 0.266385690882918, "sfR": 0.11643721321023381, "unknown": 0.07255135837788104}, "english-5k": {"sft": 0.0, "sfb": 0.0234786576513046, "dsfb": 0.0, "sfT": 0.0, "roll-out": 0.1903181648483843, "roll-in": 0.24457626415563943, "bad-redirect": 0.005019289003194093, "redirect": 0.04641805284772058, "oneh-out": 0.009914132824490812, "oneh-in": 0.015265275646077903, "dsfb-red": 0.013066744099224292, "dsfb-alt": 0.044095076118969595, "alternate": 0.29837806446260423, "sfR": 0.10644211224955408, "unknown": 0.0030281660928361057}, "mt-quotes": {"sft": 0.0, "sfb": 0.02532990282210349, "dsfb": 0.0, "sfT": 9.711813150691482e-05, "roll-out": 0.16197959622763294, "roll-in": 0.2835700027491902, "bad-redirect": 0.017047967392213814, "redirect": 0.04170401979416933, "oneh-out": 0.008822808716128184, "oneh-in": 0.014779885490252328, "dsfb-red": 0.017724806062562007, "dsfb-alt": 0.04046090771088082, "alternate": 0.25647553818386104, "sfR": 0.09572710103871578, "unknown": 0.03628034568078316}, "english-1k": {"sft": 0.0, "sfb": 0.0187014820042343, "dsfb": 0.0, "sfT": 0.0, "roll-out": 0.20007057163020467, "roll-in": 0.2791107974594213, "bad-redirect": 0.0045871559633027525, "redirect": 0.03881439661256175, "oneh-out": 0.004940014114326041, "oneh-in": 0.017642907551164433, "dsfb-red": 0.015172900494001412, "dsfb-alt": 0.04481298517995766, "alternate": 0.26781933662667606, "sfR": 0.10832745236414962, "unknown": 0.0}, "english-10k": {"sft": 0.0, "sfb": 0.025588082051677893, "dsfb": 0.0, "sfT": 5.789158835221242e-05, "roll-out": 0.18029370332490688, "roll-in": 0.26315586345304026, "bad-redirect": 0.004650624264294398, "redirect": 0.04465371181567318, "oneh-out": 0.00889600741012331, "oneh-in": 0.015225487736631868, "dsfb-red": 0.014337816715231277, "dsfb-alt": 0.042550317438876134, "alternate": 0.2873931417764999, "sfR": 0.10543987958549622, "unknown": 0.0077574728391964646}, "reddit": {"sft": 0.0, "sfb": 0.026872734879987384, "dsfb": 0.0, "sfT": 0.0001563472429564612, "roll-out": 0.15118928223542846, "roll-in": 0.25966007022890414, "bad-redirect": 0.010662215227674585, "redirect": 0.041063588266615124, "oneh-out": 0.00871585311974367, "oneh-in": 0.015388404346033831, "dsfb-red": 0.0147242469514816, "dsfb-alt": 0.041310582449666136, "alternate": 0.25039868734240966, "sfR": 0.1028716913164539, "unknown": 0.07698629639264509}, "akl": {"sft": 0.0, "sfb": 0.03413047392153444, "dsfb": 0.0, "sfT": 0.00041354463698587107, "roll-out": 0.13633609488219461, "roll-in": 0.2504387909949741, "bad-redirect": 0.012757247997049987, "redirect": 0.038143250870983865, "oneh-out": 0.006958949483865316, "oneh-in": 0.0156573265674333, "dsfb-red": 0.016911590413991946, "dsfb-alt": 0.03800013654717302, "alternate": 0.23592786592009313, "sfR": 0.11706348985084018, "unknown": 0.09726123791288017}, "keymash": {"sft": 0.0, "sfb": 0.024957617204336386, "dsfb": 0.0, "sfT": 0.00016419485002852887, "roll-out": 0.15969180626649646, "roll-in": 0.28211548644776757, "bad-redirect": 0.015167499271385353, "redirect": 0.041139019674647906, "oneh-out": 0.00889525600029555, "oneh-in": 0.0143752591199977, "dsfb-red": 0.017273298223001235, "dsfb-alt": 0.040199004158234575, "alternate": 0.25572116430568154, "sfR": 0.09899307508220005, "unknown": 0.04130731939592715}, "movie": {"sft": 0.0, "sfb": 0.02305054580861542, "dsfb": 0.0, "sfT": 0.0006268005051777828, "roll-out": 0.14467142585863313, "roll-in": 0.23441496667482134, "bad-redirect": 0.022361499525787188, "redirect": 0.043163696262187114, "oneh-out": 0.009596772378771741, "oneh-in": 0.014272706779354773, "dsfb-red": 0.02082535795599079, "dsfb-alt": 0.03902257547761132, "alternate": 0.23059218106178136, "sfR": 0.1138359467128768, "unknown": 0.10356552499839122}}