{"english-450k": {"sft": 0.0, "sfb": 0.0333698571187177, "dsfb": 0.0, "sfT": 1.900250306817338e-05, "roll-out": 0.19650342249697567, "roll-in": 0.20864514491893532, "bad-redirect": 0.0013678878747074344, "redirect": 0.045771182967208696, "oneh-out": 0.004676077485775896, "oneh-in": 0.00616558138011964, "dsfb-red": 0.0160211565098775, "dsfb-alt": 0.0451633952152282, "alternate": 0.3193157227879771, "sfR": 0.11328269117541298, "unknown": 0.009698877565995693}, "shai": {"sft": 0.0, "sfb": 0.020818371623029613, "dsfb": 0.0, "sfT": 2.4000404999577353e-05, "roll-out": 0.20822021418532694, "roll-in": 0.2278475410363964, "bad-redirect": 0.0031845684943149887, "redirect": 0.042525137531106476, "oneh-out": 0.00932931079165961, "oneh-in": 0.009317506044804472, "dsfb-red": 0.013160616856466354, "dsfb-alt": 0.03533129383431492, "alternate": 0.2652583397246684, "sfR": 0.09728563198976478, "unknown": 0.06769746748314746}, "tr-quotes": {"sft": 0.0, "sfb": 0.024998266336885417, "dsfb": 0.0, "sfT": 3.929636393056101e-05, "roll-out": 0.21237026421025867, "roll-in": 0.23786204664709554, "bad-redirect": 0.003589838422597721, "redirect": 0.04395760615797138, "oneh-out": 0.012602575067612861, "oneh-in": 0.01591618316728693, "dsfb-red": 0.01234483715124477, "dsfb-alt": 0.034282610203185314, "alternate": 0.26072790735304313, "sfR": 0.09591664547745082, "unknown": 0.04539192344143686}, "gutenberg": {"sft": 0.0, "sfb": 0.021974476804034852, "dsfb": 0.0, "sfT": 2.500565468782145e-05, "roll-out": 0.20324008876249666, "roll-in": 0.2444732767220466, "bad-redirect": 0.0028792495878802895, "redirect": 0.03828365732705464, "oneh-out": 0.010273914214691732, "oneh-in": 0.009138998478064927, "dsfb-red": 0.012853853693429916, "dsfb-alt": 0.03448961753851155, "alternate": 0.24956041195679476, "sfR": 0.09761014138424484, "unknown": 0.07519730787606137}, "english-200": {"sft": 0.0, "sfb": 0.0066815144766146995, "dsfb": 0.0, "sfT": 0.0, "roll-out": 0.22717149220489977, "roll-in": 0.26948775055679286, "bad-redirect": 0.0066815144766146995, "redirect": 0.05790645879732739, "oneh-out": 0.011135857461024499, "oneh-in": 0.004454342984409799, "dsfb-red": 0.017817371937639197, "dsfb-alt": 0.035634743875278395, "alternate": 0.2561247216035635, "sfR": 0.10690423162583519, "unknown": 0.0}, "monkeyracer": {"sft": 0.0, "sfb": 0.0248359713467945, "dsfb": 0.0, "sfT": 4.398861379170121e-05, "roll-out": 0.2124562068911585, "roll-in": 0.2374759528911272, "bad-redirect": 0.00364225722195286, "redirect": 0.04408245616779017, "oneh-out": 0.012675563445266434, "oneh-in": 0.01634030373649061, "dsfb-red": 0.012355912851713405, "dsfb-alt": 0.03419674836166852, "alternate": 0.2605494471120009, "sfR": 0.09605353707555875, "unknown": 0.04529165428468649}, "chained-bigrams": {"sft": 0.0, "sfb": 0.020098577438350144, "dsfb": 0.0, "sfT": 5.3892289441851195e-05, "roll-out": 0.1746038754399851, "roll-in": 0.1974340777178758, "bad-redirect": 0.0036886999556524896, "redirect": 0.04731937804402156, "oneh-out": 0.008719512709814695, "oneh-in": 0.009425306910095325, "dsfb-red": 0.020728402989658525, "dsfb-alt": 0.05062368962196832, "alternate": 0.2779472102299253, "sfR": 0.11643721321023381, "unknown": 0.07292016344297708}, "english-5k": {"sft": 0.0, "sfb": 0.02103123574065624, "dsfb": 0.0, "sfT": 0.0, "roll-out": 0.2269050483262123, "roll-in": 0.22333761977848757, "bad-redirect": 0.0021155680922553613, "redirect": 0.04554693657443896, "oneh-out": 0.004645953457501971, "oneh-in": 0.006761521549757332, "dsfb-red": 0.016343800555855145, "dsfb-alt": 0.04334840502758535, "alternate": 0.30049363255485956, "sfR": 0.10644211224955408, "unknown": 0.0030281660928361057}, "mt-quotes": {"sft": 0.0, "sfb": 0.02457387552144966, "dsfb": 0.0, "sfT": 3.585900240255316e-05, "roll-out": 0.21404836184124024, "roll-in": 0.24203631321643299, "bad-redirect": 0.0037338186251658478, "redirect": 0.044916388759398046, "oneh-out": 0.013358972520051159, "oneh-in": 0.01761125255495392, "dsfb-red": 0.012226425694170522, "dsfb-alt": 0.03387181601941167, "alternate": 0.2615615400246232, "sfR": 0.09572710103871578, "unknown": 0.03629827518198444}, "english-1k": {"sft": 0.0, "sfb": 0.016937191249117856, "dsfb": 0.0, "sfT": 0.0, "roll-out": 0.24488355681016233, "roll-in": 0.23782639378969656, "bad-redirect": 0.0017642907551164433, "redirect": 0.04269583627381793, "oneh-out": 0.007410021171489062, "oneh-in": 0.008821453775582216, "dsfb-red": 0.016584333098094567, "dsfb-alt": 0.03493295695130558, "alternate": 0.2798165137614679, "sfR": 0.10832745236414962, "unknown": 0.0}, "english-10k": {"sft": 0.0, "sfb": 0.022461936280658422, "dsfb": 0.0, "sfT": 1.929719611740414e-05, "roll-out": 0.2268964319484379, "roll-in": 0.21686188996738773, "bad-redirect": 0.001929719611740414, "redirect": 0.04420987630497289, "oneh-out": 0.0073715289168483815, "oneh-in": 0.005885644815808263, "dsfb-red": 0.015225487736631868, "dsfb-alt": 0.04087146137666197, "alternate": 0.3050693734200421, "sfR": 0.10543987958549622, "unknown": 0.0077574728391964646}, "reddit": {"sft": 0.0, "sfb": 0.02625348892393654, "dsfb": 0.0, "sfT": 0.00010735294640949156, "roll-out": 0.2010183546943597, "roll-in": 0.2196630818049304, "bad-redirect": 0.003983895559742046, "redirect": 0.04200219612813956, "oneh-out": 0.01012174221171417, "oneh-in": 0.011696414407844183, "dsfb-red": 0.013087320534509795, "dsfb-alt": 0.035359798119525485, "alternate": 0.25035100405532684, "sfR": 0.1028716913164539, "unknown": 0.0834836592971079}, "akl": {"sft": 0.0, "sfb": 0.031108717198785548, "dsfb": 0.0, "sfT": 0.00015550517435723393, "roll-out": 0.1881421790624116, "roll-in": 0.2069573138915932, "bad-redirect": 0.004362013072099509, "redirect": 0.039618381628531964, "oneh-out": 0.008538844882783173, "oneh-in": 0.013678445780921585, "dsfb-red": 0.013040193069276874, "dsfb-alt": 0.03326906199154919, "alternate": 0.2391493631536499, "sfR": 0.11706348985084018, "unknown": 0.10491649124320006}, "keymash": {"sft": 0.0, "sfb": 0.02445271804049866, "dsfb": 0.0, "sfT": 5.74681975099851e-05, "roll-out": 0.2119262929318222, "roll-in": 0.2392811549465751, "bad-redirect": 0.0034604064643512455, "redirect": 0.04307241403373383, "oneh-out": 0.01225714555462968, "oneh-in": 0.015836593285251607, "dsfb-red": 0.01267994729345314, "dsfb-alt": 0.03406632650966902, "alternate": 0.26255577493811905, "sfR": 0.09899307508220005, "unknown": 0.04136068272218642}, "movie": {"sft": 0.0, "sfb": 0.033526654944808526, "dsfb": 0.0, "sfT": 0.0001314662407458755, "roll-out": 0.18893199010542172, "roll-in": 0.20767428587445907, "bad-redirect": 0.004739496156619325, "redirect": 0.03617979896850982, "oneh-out": 0.014145846462959353, "oneh-in": 0.021181724902877504, "dsfb-red": 0.011357156665516063, "dsfb-alt": 0.033930528711424233, "alternate": 0.23076352144761833, "sfR": 0.1138359467128768, "unknown": 0.10360158280616336}}