{"english-450k": {"sft": 0.0, "sfb": 0.0541647347455214, "dsfb": 0.0, "sfT": 0.00019762603190900314, "roll-out": 0.1828178197872772, "roll-in": 0.18734012317130141, "bad-redirect": 0.0008644677165013644, "redirect": 0.04323975721232695, "oneh-out": 0.004856455091823018, "oneh-in": 0.005438808724312271, "dsfb-red": 0.032059561445616884, "dsfb-alt": 0.07504117696241773, "alternate": 0.29099731567718196, "sfR": 0.11328269117541298, "unknown": 0.00969946225839779}, "shai": {"sft": 0.0, "sfb": 0.03750642100820743, "dsfb": 0.0, "sfT": 7.947884480992113e-05, "roll-out": 0.16268612021861306, "roll-in": 0.17605573528013865, "bad-redirect": 0.00033320736442809444, "redirect": 0.03686432018746402, "oneh-out": 0.0028615596570879726, "oneh-in": 0.004960563630604468, "dsfb-red": 0.022265943220173934, "dsfb-alt": 0.064473219557764, "alternate": 0.31988085797983856, "sfR": 0.09728563198976478, "unknown": 0.07474694106110509}, "tr-quotes": {"sft": 0.0, "sfb": 0.035951549894824436, "dsfb": 0.0, "sfT": 0.00010979866392362636, "roll-out": 0.16933843415547492, "roll-in": 0.17932086636924713, "bad-redirect": 0.0005721088278125794, "redirect": 0.03217332008044197, "oneh-out": 0.002748433924319826, "oneh-in": 0.005596264533875777, "dsfb-red": 0.018712003883405378, "dsfb-alt": 0.05732068144518157, "alternate": 0.33447562469660896, "sfR": 0.09591664547745082, "unknown": 0.06776426804743302}, "gutenberg": {"sft": 0.0, "sfb": 0.03790421546084474, "dsfb": 0.0, "sfT": 0.00017977550226320118, "roll-out": 0.1640230764305413, "roll-in": 0.16916571664122532, "bad-redirect": 0.0009026662468747667, "redirect": 0.03215499868720313, "oneh-out": 0.0027000423959509024, "oneh-in": 0.00505625703994426, "dsfb-red": 0.015678734926041986, "dsfb-alt": 0.05199660680843357, "alternate": 0.34089261852017294, "sfR": 0.09761014138424484, "unknown": 0.08173514995625905}, "english-200": {"sft": 0.0, "sfb": 0.0200445434298441, "dsfb": 0.0, "sfT": 0.0, "roll-out": 0.20935412026726058, "roll-in": 0.15812917594654788, "bad-redirect": 0.0, "redirect": 0.026726057906458798, "oneh-out": 0.0022271714922048997, "oneh-in": 0.008908685968819599, "dsfb-red": 0.011135857461024499, "dsfb-alt": 0.06904231625835189, "alternate": 0.38752783964365256, "sfR": 0.10690423162583519, "unknown": 0.0}, "monkeyracer": {"sft": 0.0, "sfb": 0.036041337566667185, "dsfb": 0.0, "sfT": 0.00010361762359822951, "roll-out": 0.16964062280056932, "roll-in": 0.17962115050753086, "bad-redirect": 0.0005855373258050894, "redirect": 0.03207747470165945, "oneh-out": 0.0027566197976132754, "oneh-in": 0.00560805949606644, "dsfb-red": 0.018714711356491547, "dsfb-alt": 0.0571754226817023, "alternate": 0.3340368253124169, "sfR": 0.09605353707555875, "unknown": 0.06758508375432067}, "chained-bigrams": {"sft": 0.0, "sfb": 0.03567734491519756, "dsfb": 0.0, "sfT": 0.00016557269647797656, "roll-out": 0.15000042204804984, "roll-in": 0.16735308994363385, "bad-redirect": 0.00020128445454185387, "redirect": 0.03082119512320232, "oneh-out": 0.0034452106961260533, "oneh-in": 0.004234115896991707, "dsfb-red": 0.024417102945311013, "dsfb-alt": 0.08179356136481249, "alternate": 0.30410639766406145, "sfR": 0.11643721321023381, "unknown": 0.08134748904136006}, "english-5k": {"sft": 0.0, "sfb": 0.04040320238934749, "dsfb": 0.0, "sfT": 0.00016592690919649896, "roll-out": 0.18475961339030159, "roll-in": 0.19147965321275978, "bad-redirect": 0.00016592690919649896, "redirect": 0.04977807275894968, "oneh-out": 0.003608910275023852, "oneh-in": 0.005765960094578338, "dsfb-red": 0.0276683121085162, "dsfb-alt": 0.07454266395652714, "alternate": 0.3121085161986145, "sfR": 0.10644211224955408, "unknown": 0.003111129547434355}, "mt-quotes": {"sft": 0.0, "sfb": 0.035748437145145286, "dsfb": 0.0, "sfT": 8.516513070606376e-05, "roll-out": 0.17059770980504654, "roll-in": 0.18196053119135558, "bad-redirect": 0.0005886852894419144, "redirect": 0.03141248610463657, "oneh-out": 0.0027133311817931893, "oneh-in": 0.005662734129403187, "dsfb-red": 0.018314985477104025, "dsfb-alt": 0.056421152030217185, "alternate": 0.3410684189765841, "sfR": 0.09572710103871578, "unknown": 0.05969926249985059}, "english-1k": {"sft": 0.0, "sfb": 0.03952011291460833, "dsfb": 0.0, "sfT": 0.00035285815102328866, "roll-out": 0.20677487649964715, "roll-in": 0.16231474947071278, "bad-redirect": 0.0, "redirect": 0.033168666196189134, "oneh-out": 0.004940014114326041, "oneh-in": 0.008821453775582216, "dsfb-red": 0.01834862385321101, "dsfb-alt": 0.07515878616796048, "alternate": 0.34227240649259, "sfR": 0.10832745236414962, "unknown": 0.0}, "english-10k": {"sft": 0.0, "sfb": 0.04832017907797997, "dsfb": 0.0, "sfT": 0.00017367476505663728, "roll-out": 0.1798498678142066, "roll-in": 0.1994365218733718, "bad-redirect": 9.64859805870207e-05, "redirect": 0.047741263194457845, "oneh-out": 0.003280523339958704, "oneh-in": 0.005518998089577585, "dsfb-red": 0.028501958665405915, "dsfb-alt": 0.07361880318789679, "alternate": 0.3002643715868084, "sfR": 0.10543987958549622, "unknown": 0.0077574728391964646}, "reddit": {"sft": 0.0, "sfb": 0.03451393481323827, "dsfb": 0.0, "sfT": 0.00011274681391924969, "roll-out": 0.15809740313372464, "roll-in": 0.1727116002050419, "bad-redirect": 0.0003528113755167484, "redirect": 0.03313917283168867, "oneh-out": 0.0031442501840563642, "oneh-in": 0.005440314702203264, "dsfb-red": 0.02046032538880327, "dsfb-alt": 0.057153981994596016, "alternate": 0.3153364321851325, "sfR": 0.1028716913164539, "unknown": 0.09666533505562519}, "akl": {"sft": 0.0, "sfb": 0.03580875267379066, "dsfb": 0.0, "sfT": 0.00020674134136656957, "roll-out": 0.15066549399657095, "roll-in": 0.16517933092133036, "bad-redirect": 0.0002307176371738403, "redirect": 0.02962776274148064, "oneh-out": 0.003266537975292892, "oneh-in": 0.00471849784231924, "dsfb-red": 0.021030185227107562, "dsfb-alt": 0.0545615615247239, "alternate": 0.29940061738651935, "sfR": 0.11706348985084018, "unknown": 0.11824031088148387}, "keymash": {"sft": 0.0, "sfb": 0.036184440075037044, "dsfb": 0.0, "sfT": 9.851691001711732e-05, "roll-out": 0.1756679651742723, "roll-in": 0.17694868500449484, "bad-redirect": 0.0006198355588576965, "redirect": 0.03281023590695078, "oneh-out": 0.002725634510473579, "oneh-in": 0.005319913140924335, "dsfb-red": 0.019108175672070047, "dsfb-alt": 0.05680320836736956, "alternate": 0.33402979315553766, "sfR": 0.09899307508220005, "unknown": 0.06069052144179498}, "movie": {"sft": 0.0, "sfb": 0.027934667989839068, "dsfb": 0.0, "sfT": 0.00012475475097806804, "roll-out": 0.15670078428363862, "roll-in": 0.15568655974166817, "bad-redirect": 0.0007658994205615569, "redirect": 0.03017893752905845, "oneh-out": 0.0026026104536848644, "oneh-in": 0.004407343212032148, "dsfb-red": 0.018470151438844708, "dsfb-alt": 0.04999625604149227, "alternate": 0.2890911050520542, "sfR": 0.1138359467128768, "unknown": 0.1502049833732711}}