{"english-450k": {"sft": 0.0, "sfb": 0.029829252277815424, "dsfb": 0.0, "sfT": 6.314677942654538e-05, "roll-out": 0.22600115418280173, "roll-in": 0.23489754142691843, "bad-redirect": 0.019066526886203073, "redirect": 0.06526044246012837, "oneh-out": 0.023745820180190506, "oneh-in": 0.03777405263751819, "dsfb-red": 0.027797738526727168, "dsfb-alt": 0.03355111176336797, "alternate": 0.17903164413749392, "sfR": 0.11328269117541298, "unknown": 0.009698877565995693}, "shai": {"sft": 0.0, "sfb": 0.01797545572515515, "dsfb": 0.0, "sfT": 2.888486091144102e-05, "roll-out": 0.2211537464163885, "roll-in": 0.22390525099910732, "bad-redirect": 0.01293444564753952, "redirect": 0.05128788240026034, "oneh-out": 0.04171144600640382, "oneh-in": 0.05113712223648941, "dsfb-red": 0.02249983589466667, "dsfb-alt": 0.028473134563586636, "alternate": 0.16454070787609615, "sfR": 0.09728563198976478, "unknown": 0.06706645538363028}, "tr-quotes": {"sft": 0.0, "sfb": 0.01608030327546751, "dsfb": 0.0, "sfT": 9.015048195834585e-05, "roll-out": 0.23741591733894268, "roll-in": 0.22408173643697557, "bad-redirect": 0.01405769630845334, "redirect": 0.0508055754605765, "oneh-out": 0.04636739788724255, "oneh-in": 0.05204918980143779, "dsfb-red": 0.021524005455259933, "dsfb-alt": 0.025554194308961883, "alternate": 0.1707126511176348, "sfR": 0.09591664547745082, "unknown": 0.045344536649638244}, "gutenberg": {"sft": 0.0, "sfb": 0.019136334996967118, "dsfb": 0.0, "sfT": 8.505711329418054e-05, "roll-out": 0.22399516102694436, "roll-in": 0.20793584761402484, "bad-redirect": 0.015747500476433498, "redirect": 0.04417078407503515, "oneh-out": 0.054980425497735665, "oneh-in": 0.05117388288184866, "dsfb-red": 0.021515660927868916, "dsfb-alt": 0.031908730875883674, "alternate": 0.15654903779377383, "sfR": 0.09761014138424484, "unknown": 0.07519143533594529}, "english-200": {"sft": 0.0, "sfb": 0.008908685968819599, "dsfb": 0.0, "sfT": 0.0, "roll-out": 0.267260579064588, "roll-in": 0.2650334075723831, "bad-redirect": 0.008908685968819599, "redirect": 0.0378619153674833, "oneh-out": 0.044543429844097995, "oneh-in": 0.044543429844097995, "dsfb-red": 0.031180400890868598, "dsfb-alt": 0.026726057906458798, "alternate": 0.15812917594654788, "sfR": 0.10690423162583519, "unknown": 0.0}, "monkeyracer": {"sft": 0.0, "sfb": 0.015918013044090275, "dsfb": 0.0, "sfT": 8.406712857969564e-05, "roll-out": 0.23798915338536372, "roll-in": 0.22373782004160345, "bad-redirect": 0.014047030670816585, "redirect": 0.050592771008961944, "oneh-out": 0.046235943194081676, "oneh-in": 0.052048305363091796, "dsfb-red": 0.021494791748127063, "dsfb-alt": 0.02558768788025713, "alternate": 0.17096516883807497, "sfR": 0.09605353707555875, "unknown": 0.04524571062139293}, "chained-bigrams": {"sft": 0.0, "sfb": 0.019411613074139557, "dsfb": 0.0, "sfT": 7.207282081982508e-05, "roll-out": 0.2115720380830188, "roll-in": 0.21880594165737619, "bad-redirect": 0.016620901507620564, "redirect": 0.05797641595497462, "oneh-out": 0.03488714110494777, "oneh-in": 0.034794290533981684, "dsfb-red": 0.03081989651381818, "dsfb-alt": 0.03711165897998129, "alternate": 0.14871285084367405, "sfR": 0.11643721321023381, "unknown": 0.07277796571541365}, "english-5k": {"sft": 0.0, "sfb": 0.022109760650433484, "dsfb": 0.0, "sfT": 0.0, "roll-out": 0.21811092213879785, "roll-in": 0.26585639026009045, "bad-redirect": 0.014477122827394533, "redirect": 0.06110258431161074, "oneh-out": 0.020740863649562367, "oneh-in": 0.049529182395154935, "dsfb-red": 0.025594225743559962, "dsfb-alt": 0.03289500974820592, "alternate": 0.1801136599327996, "sfR": 0.10644211224955408, "unknown": 0.0030281660928361057}, "mt-quotes": {"sft": 0.0, "sfb": 0.015131004888777328, "dsfb": 0.0, "sfT": 8.96475060063829e-05, "roll-out": 0.24236053836315608, "roll-in": 0.22563829024276544, "bad-redirect": 0.013868469179187435, "redirect": 0.05023099174047645, "oneh-out": 0.04801520421701868, "oneh-in": 0.053518066960710486, "dsfb-red": 0.021101528788802427, "dsfb-alt": 0.02542403270341019, "alternate": 0.17261477869019018, "sfR": 0.09572710103871578, "unknown": 0.03628034568078316}, "english-1k": {"sft": 0.0, "sfb": 0.01834862385321101, "dsfb": 0.0, "sfT": 0.0, "roll-out": 0.22194777699364857, "roll-in": 0.2692307692307692, "bad-redirect": 0.012702893436838392, "redirect": 0.053634438955539876, "oneh-out": 0.027875793930839804, "oneh-in": 0.046224417784050814, "dsfb-red": 0.024347212420606917, "dsfb-alt": 0.034227240649259, "alternate": 0.1831333803810868, "sfR": 0.10832745236414962, "unknown": 0.0}, "english-10k": {"sft": 0.0, "sfb": 0.023388201694293818, "dsfb": 0.0, "sfT": 0.0, "roll-out": 0.22211072731132167, "roll-in": 0.25885258871885913, "bad-redirect": 0.01561143165897995, "redirect": 0.062079079909689125, "oneh-out": 0.022191775535014762, "oneh-in": 0.05214102390922599, "dsfb-red": 0.024565330657455472, "dsfb-alt": 0.030277300708207097, "alternate": 0.1755851874722603, "sfR": 0.10543987958549622, "unknown": 0.0077574728391964646}, "reddit": {"sft": 0.0, "sfb": 0.0163373879110319, "dsfb": 0.0, "sfT": 7.776158993234629e-05, "roll-out": 0.22578661972503636, "roll-in": 0.21600592726107462, "bad-redirect": 0.011930448325906465, "redirect": 0.049770114490456506, "oneh-out": 0.04033361819696119, "oneh-in": 0.04639598816120996, "dsfb-red": 0.02309264510580502, "dsfb-alt": 0.027038221731779825, "alternate": 0.16198641906567351, "sfR": 0.1028716913164539, "unknown": 0.07837315711867839}, "akl": {"sft": 0.0, "sfb": 0.02300869428810289, "dsfb": 0.0, "sfT": 0.00017966733292270056, "roll-out": 0.2103845611984728, "roll-in": 0.20841063675217963, "bad-redirect": 0.00987315362387152, "redirect": 0.04734680293132829, "oneh-out": 0.03395508143205025, "oneh-in": 0.043350443858852845, "dsfb-red": 0.026946816363010287, "dsfb-alt": 0.025237932209904477, "alternate": 0.15552902674453573, "sfR": 0.11706348985084018, "unknown": 0.09871369341392838}, "keymash": {"sft": 0.0, "sfb": 0.015733971503983778, "dsfb": 0.0, "sfT": 6.978281126212477e-05, "roll-out": 0.23542668084215537, "roll-in": 0.22679003173065476, "bad-redirect": 0.014371154248746989, "redirect": 0.05135604421767311, "oneh-out": 0.047095187859432786, "oneh-in": 0.05218522821031718, "dsfb-red": 0.021107247971167385, "dsfb-alt": 0.02727276458973864, "alternate": 0.16829151153674066, "sfR": 0.09899307508220005, "unknown": 0.04130731939592715}, "movie": {"sft": 0.0, "sfb": 0.01480225648181864, "dsfb": 0.0, "sfT": 0.000185684550242673, "roll-out": 0.21802735103157572, "roll-in": 0.1986774680417939, "bad-redirect": 0.013504306999860112, "redirect": 0.049648706149790715, "oneh-out": 0.034786309455738976, "oneh-in": 0.04193049291681214, "dsfb-red": 0.019235129674536174, "dsfb-alt": 0.02549537045383752, "alternate": 0.1662913715639969, "sfR": 0.1138359467128768, "unknown": 0.10357960596711975}}