{"english-450k": {"sft": 0.0, "sfb": 0.030121890825065296, "dsfb": 0.0, "sfT": 7.367124266430295e-05, "roll-out": 0.22884392864180048, "roll-in": 0.23185626389740754, "bad-redirect": 0.01897063733225906, "redirect": 0.06530283265928044, "oneh-out": 0.024125577895352922, "oneh-in": 0.03765477538749027, "dsfb-red": 0.027486097476409125, "dsfb-alt": 0.0347093874119234, "alternate": 0.1778733684889385, "sfR": 0.11328269117541298, "unknown": 0.009698877565995693}, "shai": {"sft": 0.0, "sfb": 0.018043756829336337, "dsfb": 0.0, "sfT": 3.1160661288759435e-05, "roll-out": 0.22194308919929912, "roll-in": 0.22306964134934218, "bad-redirect": 0.012913123565432977, "redirect": 0.05128703478073205, "oneh-out": 0.0417496392004912, "oneh-in": 0.05112107165117523, "dsfb-red": 0.02247555294982433, "dsfb-alt": 0.028563504738773723, "alternate": 0.16445033770090906, "sfR": 0.09728563198976478, "unknown": 0.06706645538363028}, "tr-quotes": {"sft": 0.0, "sfb": 0.016143870923002242, "dsfb": 0.0, "sfT": 9.015048195834585e-05, "roll-out": 0.2381914426388664, "roll-in": 0.22327384942557962, "bad-redirect": 0.014029957698620005, "redirect": 0.0507847715032015, "oneh-out": 0.046406694251173115, "oneh-in": 0.05203878782275028, "dsfb-red": 0.021512447701162712, "dsfb-alt": 0.025633942812232725, "alternate": 0.17063290261436398, "sfR": 0.09591664547745082, "unknown": 0.045344536649638244}, "gutenberg": {"sft": 0.0, "sfb": 0.01917081249055184, "dsfb": 0.0, "sfT": 8.58148604059327e-05, "roll-out": 0.224311141572545, "roll-in": 0.2075954297240702, "bad-redirect": 0.015717569465519287, "redirect": 0.0441929481780539, "oneh-out": 0.05497777338284453, "oneh-in": 0.051121977204693636, "dsfb-red": 0.021567187731468065, "dsfb-alt": 0.031961773173706326, "alternate": 0.15649599549595117, "sfR": 0.09761014138424484, "unknown": 0.07519143533594529}, "english-200": {"sft": 0.0, "sfb": 0.008908685968819599, "dsfb": 0.0, "sfT": 0.0, "roll-out": 0.267260579064588, "roll-in": 0.2650334075723831, "bad-redirect": 0.008908685968819599, "redirect": 0.0378619153674833, "oneh-out": 0.044543429844097995, "oneh-in": 0.044543429844097995, "dsfb-red": 0.031180400890868598, "dsfb-alt": 0.026726057906458798, "alternate": 0.15812917594654788, "sfR": 0.10690423162583519, "unknown": 0.0}, "monkeyracer": {"sft": 0.0, "sfb": 0.015990349875658852, "dsfb": 0.0, "sfT": 8.406712857969564e-05, "roll-out": 0.23877801585936156, "roll-in": 0.22291278915182133, "bad-redirect": 0.01402161502729249, "redirect": 0.050563445266434144, "oneh-out": 0.04627113408511504, "oneh-in": 0.05204048516508438, "dsfb-red": 0.021485994025368722, "dsfb-alt": 0.025667844909833117, "alternate": 0.170885011808499, "sfR": 0.09605353707555875, "unknown": 0.04524571062139293}, "chained-bigrams": {"sft": 0.0, "sfb": 0.019497970598184932, "dsfb": 0.0, "sfT": 7.337143020396608e-05, "roll-out": 0.21205577007861132, "roll-in": 0.21827416111457046, "bad-redirect": 0.0166046688903188, "redirect": 0.05799784300981294, "oneh-out": 0.03488973832371605, "oneh-in": 0.034739099635155694, "dsfb-red": 0.030827688170123022, "dsfb-alt": 0.037225287301093625, "alternate": 0.14859922252256172, "sfR": 0.11643721321023381, "unknown": 0.07277796571541365}, "english-5k": {"sft": 0.0, "sfb": 0.022109760650433484, "dsfb": 0.0, "sfT": 0.0, "roll-out": 0.21964574604886547, "roll-in": 0.2643215663500228, "bad-redirect": 0.014435641100095408, "redirect": 0.06110258431161074, "oneh-out": 0.020740863649562367, "oneh-in": 0.049529182395154935, "dsfb-red": 0.025635707470859085, "dsfb-alt": 0.033226863566598916, "alternate": 0.1797818061144066, "sfR": 0.10644211224955408, "unknown": 0.0030281660928361057}, "mt-quotes": {"sft": 0.0, "sfb": 0.01518778164258137, "dsfb": 0.0, "sfT": 8.96475060063829e-05, "roll-out": 0.24308220078650744, "roll-in": 0.22488375706721173, "bad-redirect": 0.013840080802285415, "redirect": 0.05021156811417506, "oneh-out": 0.0480435925939207, "oneh-in": 0.05351209046031006, "dsfb-red": 0.021103022913902536, "dsfb-alt": 0.025492762458015086, "alternate": 0.17254604893558528, "sfR": 0.09572710103871578, "unknown": 0.03628034568078316}, "english-1k": {"sft": 0.0, "sfb": 0.01834862385321101, "dsfb": 0.0, "sfT": 0.0, "roll-out": 0.22230063514467185, "roll-in": 0.26887791107974596, "bad-redirect": 0.012702893436838392, "redirect": 0.053634438955539876, "oneh-out": 0.027875793930839804, "oneh-in": 0.046224417784050814, "dsfb-red": 0.024347212420606917, "dsfb-alt": 0.03387438249823571, "alternate": 0.1834862385321101, "sfR": 0.10832745236414962, "unknown": 0.0}, "english-10k": {"sft": 0.0, "sfb": 0.023446093282646033, "dsfb": 0.0, "sfT": 0.0, "roll-out": 0.22355801702012698, "roll-in": 0.25738600181393645, "bad-redirect": 0.015572837266745142, "redirect": 0.062040485517454315, "oneh-out": 0.02226896431948438, "oneh-in": 0.05214102390922599, "dsfb-red": 0.024526736265220662, "dsfb-alt": 0.030624650238320374, "alternate": 0.175237837942147, "sfR": 0.10543987958549622, "unknown": 0.0077574728391964646}, "reddit": {"sft": 0.0, "sfb": 0.01637061263659548, "dsfb": 0.0, "sfT": 7.963446059545676e-05, "roll-out": 0.22646523568110782, "roll-in": 0.21530356330499492, "bad-redirect": 0.011905164571954473, "redirect": 0.049784011190776786, "oneh-out": 0.04033616530106302, "oneh-in": 0.04637621064700752, "dsfb-red": 0.023109912973318898, "dsfb-alt": 0.027114222823288847, "alternate": 0.1619104179741645, "sfR": 0.1028716913164539, "unknown": 0.07837315711867839}, "akl": {"sft": 0.0, "sfb": 0.023064515069814388, "dsfb": 0.0, "sfT": 0.00018468562739398976, "roll-out": 0.21142254274874417, "roll-in": 0.2073247645645465, "bad-redirect": 0.009848309968526, "redirect": 0.04734866155891025, "oneh-out": 0.03396288766789447, "oneh-in": 0.043338672550833776, "dsfb-red": 0.02696081802412771, "dsfb-alt": 0.0252912748215067, "alternate": 0.1554756841329335, "sfR": 0.11706348985084018, "unknown": 0.09871369341392838}, "keymash": {"sft": 0.0, "sfb": 0.015795544572744475, "dsfb": 0.0, "sfT": 6.978281126212477e-05, "roll-out": 0.23616966253853447, "roll-in": 0.22600189645051783, "bad-redirect": 0.014305476308735576, "redirect": 0.051384778316428105, "oneh-out": 0.04708697811693136, "oneh-in": 0.05215649411156219, "dsfb-red": 0.02116471616867737, "dsfb-alt": 0.027326127915997915, "alternate": 0.1682381482104814, "sfR": 0.09899307508220005, "unknown": 0.04130731939592715}, "movie": {"sft": 0.0, "sfb": 0.014895427751536438, "dsfb": 0.0, "sfT": 0.00018989568107737571, "roll-out": 0.21840727399156906, "roll-in": 0.19823411492360285, "bad-redirect": 0.01348864685706856, "redirect": 0.04963646755080236, "oneh-out": 0.03477380766107345, "oneh-in": 0.04191930710053246, "dsfb-red": 0.01925276378490649, "dsfb-alt": 0.02555353669849185, "alternate": 0.16623320531934255, "sfR": 0.1138359467128768, "unknown": 0.10357960596711975}}