{"english-450k": {"sft": 0.0, "sfb": 0.022582866992418293, "dsfb": 0.0, "sfT": 1.0232117036708742e-05, "roll-out": 0.27943853158011367, "roll-in": 0.1861789240607355, "bad-redirect": 0.015462775265874253, "redirect": 0.06671164900213471, "oneh-out": 0.03280065906527564, "oneh-in": 0.021438331615312157, "dsfb-red": 0.030877605754776497, "dsfb-alt": 0.03307224868605, "alternate": 0.18844460711886388, "sfR": 0.11328269117541298, "unknown": 0.009698877565995693}, "shai": {"sft": 0.0, "sfb": 0.017620454088746306, "dsfb": 0.0, "sfT": 9.25027704386226e-06, "roll-out": 0.3462317274129909, "roll-in": 0.1346529195422514, "bad-redirect": 0.015157844560047535, "redirect": 0.05021760599424145, "oneh-out": 0.03900923107981619, "oneh-in": 0.017101888976239717, "dsfb-red": 0.025140166854871745, "dsfb-alt": 0.024447448827777028, "alternate": 0.16542836291306165, "sfR": 0.09728563198976478, "unknown": 0.06769746748314746}, "tr-quotes": {"sft": 0.0, "sfb": 0.016969094565544022, "dsfb": 0.0, "sfT": 3.4673262291671484e-06, "roll-out": 0.3764002219088787, "roll-in": 0.12487113104181595, "bad-redirect": 0.014872517972307622, "redirect": 0.04621599130856892, "oneh-out": 0.040068421904255566, "oneh-in": 0.014870206421488176, "dsfb-red": 0.026446452925267563, "dsfb-alt": 0.025133492059822935, "alternate": 0.17284043364693372, "sfR": 0.09591664547745082, "unknown": 0.04539192344143686}, "gutenberg": {"sft": 0.0, "sfb": 0.01982758979966303, "dsfb": 0.0, "sfT": 8.7140917851499e-06, "roll-out": 0.3711619635197808, "roll-in": 0.11862038498857506, "bad-redirect": 0.014425231766425968, "redirect": 0.042482902383607204, "oneh-out": 0.03666965597902253, "oneh-in": 0.012373252587801104, "dsfb-red": 0.021807204129115562, "dsfb-alt": 0.02836853636977756, "alternate": 0.1614471151241398, "sfR": 0.09761014138424484, "unknown": 0.07519730787606137}, "english-200": {"sft": 0.0, "sfb": 0.008908685968819599, "dsfb": 0.0, "sfT": 0.0, "roll-out": 0.43875278396436523, "roll-in": 0.111358574610245, "bad-redirect": 0.0066815144766146995, "redirect": 0.028953229398663696, "oneh-out": 0.04899777282850779, "oneh-in": 0.008908685968819599, "dsfb-red": 0.024498886414253896, "dsfb-alt": 0.026726057906458798, "alternate": 0.18930957683741648, "sfR": 0.10690423162583519, "unknown": 0.0}, "monkeyracer": {"sft": 0.0, "sfb": 0.016870122151492875, "dsfb": 0.0, "sfT": 2.9325742527800804e-06, "roll-out": 0.3767986455417051, "roll-in": 0.1247399784162535, "bad-redirect": 0.01485544363983296, "redirect": 0.04581756260068505, "oneh-out": 0.03998173983765269, "oneh-in": 0.014778219184509752, "dsfb-red": 0.026508516195630074, "dsfb-alt": 0.02509306035628822, "alternate": 0.17320858814145174, "sfR": 0.09605353707555875, "unknown": 0.04529165428468649}, "chained-bigrams": {"sft": 0.0, "sfb": 0.018885676273562454, "dsfb": 0.0, "sfT": 4.739924252114623e-05, "roll-out": 0.30563161438573505, "roll-in": 0.1300778061812508, "bad-redirect": 0.015892381643117466, "redirect": 0.05847378334910062, "oneh-out": 0.038482990489634175, "oneh-in": 0.008640297537382094, "dsfb-red": 0.031869822200896174, "dsfb-alt": 0.03628509410697554, "alternate": 0.16635575793661359, "sfR": 0.11643721321023381, "unknown": 0.07292016344297708}, "english-5k": {"sft": 0.0, "sfb": 0.017837142738623635, "dsfb": 0.0, "sfT": 0.0, "roll-out": 0.3050566225577633, "roll-in": 0.17169286929107727, "bad-redirect": 0.016551209192350768, "redirect": 0.07213672377317791, "oneh-out": 0.039573567843365, "oneh-in": 0.02829053801800307, "dsfb-red": 0.0313601858381383, "dsfb-alt": 0.028705355290994317, "alternate": 0.17932550711411624, "sfR": 0.10644211224955408, "unknown": 0.0030281660928361057}, "mt-quotes": {"sft": 0.0, "sfb": 0.016408481849368283, "dsfb": 0.0, "sfT": 2.9882502002127633e-06, "roll-out": 0.38802727674782755, "roll-in": 0.12239872820071479, "bad-redirect": 0.014893438997860413, "redirect": 0.04493730651079954, "oneh-out": 0.04108545200272529, "oneh-in": 0.01458116685193818, "dsfb-red": 0.0263384372646753, "dsfb-alt": 0.02480845316216636, "alternate": 0.1744928939410239, "sfR": 0.09572710103871578, "unknown": 0.03629827518198444}, "english-1k": {"sft": 0.0, "sfb": 0.020112914608327453, "dsfb": 0.0, "sfT": 0.0, "roll-out": 0.3662667607621736, "roll-in": 0.15384615384615385, "bad-redirect": 0.012350035285815103, "redirect": 0.04446012702893437, "oneh-out": 0.045871559633027525, "oneh-in": 0.01799576570218772, "dsfb-red": 0.02328863796753705, "dsfb-alt": 0.029640084685956247, "alternate": 0.17784050811573748, "sfR": 0.10832745236414962, "unknown": 0.0}, "english-10k": {"sft": 0.0, "sfb": 0.02059010825727022, "dsfb": 0.0, "sfT": 0.0, "roll-out": 0.3100287528222149, "roll-in": 0.17278709403523668, "bad-redirect": 0.01860249705717759, "redirect": 0.0722679994596785, "oneh-out": 0.03844001466586905, "oneh-in": 0.02736342409447907, "dsfb-red": 0.029563304451863143, "dsfb-alt": 0.026166997935200016, "alternate": 0.17099245479631808, "sfR": 0.10543987958549622, "unknown": 0.0077574728391964646}, "reddit": {"sft": 0.0, "sfb": 0.017132196763042718, "dsfb": 0.0, "sfT": 6.659928078020795e-05, "roll-out": 0.34833809885273564, "roll-in": 0.12338101100180414, "bad-redirect": 0.013333977600841443, "redirect": 0.043453146488264496, "oneh-out": 0.03798267856838516, "oneh-in": 0.013596778812289103, "dsfb-red": 0.025066987901442805, "dsfb-alt": 0.02405335284115416, "alternate": 0.16723982127569836, "sfR": 0.1028716913164539, "unknown": 0.0834836592971079}, "akl": {"sft": 0.0, "sfb": 0.02341889339544123, "dsfb": 0.0, "sfT": 9.72062225364542e-05, "roll-out": 0.32946751187136414, "roll-in": 0.11790433296891842, "bad-redirect": 0.01107178255147686, "redirect": 0.036932788681106714, "oneh-out": 0.03708934707776039, "oneh-in": 0.012703285842920443, "dsfb-red": 0.024000334057330732, "dsfb-alt": 0.025124679835910445, "alternate": 0.16020985640119392, "sfR": 0.11706348985084018, "unknown": 0.10491649124320006}, "keymash": {"sft": 0.0, "sfb": 0.017437493073029765, "dsfb": 0.0, "sfT": 2.052435625356611e-05, "roll-out": 0.37571065583527974, "roll-in": 0.12668864141076217, "bad-redirect": 0.01513876517263036, "redirect": 0.0465697643393415, "oneh-out": 0.04065053999581303, "oneh-in": 0.014547663712527657, "dsfb-red": 0.026000254502017543, "dsfb-alt": 0.025946891175758272, "alternate": 0.17093504862219996, "sfR": 0.09899307508220005, "unknown": 0.04136068272218642}, "movie": {"sft": 0.0, "sfb": 0.017030339486892133, "dsfb": 0.0, "sfT": 1.5660142791550735e-05, "roll-out": 0.33495058303764397, "roll-in": 0.11231072776368292, "bad-redirect": 0.011979482844181974, "redirect": 0.04504422937555905, "oneh-out": 0.03616506001058836, "oneh-in": 0.011825513373038155, "dsfb-red": 0.03075112493122368, "dsfb-alt": 0.026781476130323445, "alternate": 0.15570827338503462, "sfR": 0.1138359467128768, "unknown": 0.10360158280616336}}