{"english-450k": {"sft": 0.0, "sfb": 0.018661919743951504, "dsfb": 0.0, "sfT": 1.2278540444050492e-05, "roll-out": 0.17602749457551625, "roll-in": 0.2186542018042438, "bad-redirect": 0.0016625728453646463, "redirect": 0.04569108010812132, "oneh-out": 0.005496985618320986, "oneh-in": 0.004302459040835502, "dsfb-red": 0.0185385496471089, "dsfb-alt": 0.04339616242988807, "alternate": 0.3445747269047963, "sfR": 0.11328269117541298, "unknown": 0.009698877565995693}, "shai": {"sft": 0.0, "sfb": 0.015081798767847616, "dsfb": 0.0, "sfT": 5.704982578515887e-05, "roll-out": 0.20413720382470701, "roll-in": 0.190424763432873, "bad-redirect": 0.002114988761880994, "redirect": 0.040686136009881, "oneh-out": 0.007954340322878792, "oneh-in": 0.009051717331350033, "dsfb-red": 0.012762549181284685, "dsfb-alt": 0.03895264957349643, "alternate": 0.31407181946060125, "sfR": 0.09728563198976478, "unknown": 0.06741935151764922}, "tr-quotes": {"sft": 0.0, "sfb": 0.016902059591780125, "dsfb": 0.0, "sfT": 7.281385081251011e-05, "roll-out": 0.21468181502970343, "roll-in": 0.1801460900117889, "bad-redirect": 0.0019798432768544415, "redirect": 0.037007928619310695, "oneh-out": 0.010591525854695916, "oneh-in": 0.016495226647557846, "dsfb-red": 0.01262106747416842, "dsfb-alt": 0.04104851945170015, "alternate": 0.326261528859712, "sfR": 0.09591664547745082, "unknown": 0.04627493585446476}, "gutenberg": {"sft": 0.0, "sfb": 0.0182986455649251, "dsfb": 0.0, "sfT": 0.00015117054879455695, "roll-out": 0.2193283860024407, "roll-in": 0.17781634710576597, "bad-redirect": 0.0019481678243148167, "redirect": 0.033950291031721945, "oneh-out": 0.008920956746658241, "oneh-in": 0.008956191987354716, "dsfb-red": 0.010704125137389024, "dsfb-alt": 0.03563627835537051, "alternate": 0.3065337123584386, "sfR": 0.09761014138424484, "unknown": 0.08014558595258095}, "english-200": {"sft": 0.0, "sfb": 0.008908685968819599, "dsfb": 0.0, "sfT": 0.0, "roll-out": 0.2182628062360802, "roll-in": 0.2026726057906459, "bad-redirect": 0.0022271714922048997, "redirect": 0.0400890868596882, "oneh-out": 0.015590200445434299, "oneh-in": 0.0066815144766146995, "dsfb-red": 0.0022271714922048997, "dsfb-alt": 0.044543429844097995, "alternate": 0.3518930957683742, "sfR": 0.10690423162583519, "unknown": 0.0}, "monkeyracer": {"sft": 0.0, "sfb": 0.01691411076528458, "dsfb": 0.0, "sfT": 7.42918810704287e-05, "roll-out": 0.21496355787728547, "roll-in": 0.17929270219121948, "bad-redirect": 0.001966779798864507, "redirect": 0.03702179489184666, "oneh-out": 0.010733221765175095, "oneh-in": 0.01689260522076419, "dsfb-red": 0.012578788494924692, "dsfb-alt": 0.04107656755869059, "alternate": 0.32627527879005896, "sfR": 0.09605353707555875, "unknown": 0.046156763689256614}, "chained-bigrams": {"sft": 0.0, "sfb": 0.01584303448652011, "dsfb": 0.0, "sfT": 4.0906195600441264e-05, "roll-out": 0.191135822204792, "roll-in": 0.16236123547099587, "bad-redirect": 0.002774478949217231, "redirect": 0.04069776879428664, "oneh-out": 0.006625505077887344, "oneh-in": 0.0062813735910899815, "dsfb-red": 0.021434197189939153, "dsfb-alt": 0.05312091546767144, "alternate": 0.3097722304070686, "sfR": 0.11643721321023381, "unknown": 0.07347531895469736}, "english-5k": {"sft": 0.0, "sfb": 0.013523043099514664, "dsfb": 0.0, "sfT": 0.0, "roll-out": 0.19371966648691252, "roll-in": 0.2270709752354088, "bad-redirect": 0.0012859335462728667, "redirect": 0.04455137511925997, "oneh-out": 0.006678558095159082, "oneh-in": 0.0038578006388186002, "dsfb-red": 0.016385282283154272, "dsfb-alt": 0.04347285020948272, "alternate": 0.33998423694362634, "sfR": 0.10644211224955408, "unknown": 0.0030281660928361057}, "mt-quotes": {"sft": 0.0, "sfb": 0.01656685910997956, "dsfb": 0.0, "sfT": 7.171800480510633e-05, "roll-out": 0.21974247259774565, "roll-in": 0.1776365331516477, "bad-redirect": 0.001964774506639892, "redirect": 0.03653882932310156, "oneh-out": 0.011283632756003395, "oneh-in": 0.018323950227704666, "dsfb-red": 0.012093448560261054, "dsfb-alt": 0.04161885466346326, "alternate": 0.3312594876943857, "sfR": 0.09572710103871578, "unknown": 0.03717233836554667}, "english-1k": {"sft": 0.0, "sfb": 0.01058574453069866, "dsfb": 0.0, "sfT": 0.0, "roll-out": 0.21700776287932252, "roll-in": 0.2244177840508116, "bad-redirect": 0.00035285815102328866, "redirect": 0.0465772759350741, "oneh-out": 0.010232886379675371, "oneh-in": 0.006351446718419196, "dsfb-red": 0.013761467889908258, "dsfb-alt": 0.03458009880028229, "alternate": 0.32780522230063514, "sfR": 0.10832745236414962, "unknown": 0.0}, "english-10k": {"sft": 0.0, "sfb": 0.015321973717218888, "dsfb": 0.0, "sfT": 0.0, "roll-out": 0.19445784527508153, "roll-in": 0.2274174562436078, "bad-redirect": 0.0014279925126879063, "redirect": 0.04538700526813454, "oneh-out": 0.006136508365334517, "oneh-in": 0.0038980336157156364, "dsfb-red": 0.01636402230755871, "dsfb-alt": 0.0400802763358484, "alternate": 0.3363115339341194, "sfR": 0.10543987958549622, "unknown": 0.0077574728391964646}, "reddit": {"sft": 0.0, "sfb": 0.015484220409158563, "dsfb": 0.0, "sfT": 0.00011184783600095667, "roll-out": 0.20157321135701278, "roll-in": 0.1740730648048834, "bad-redirect": 0.0020428898619076273, "redirect": 0.03693712979199711, "oneh-out": 0.009576624476509239, "oneh-in": 0.0123108283575842, "dsfb-red": 0.011742936515115845, "dsfb-alt": 0.04044153300456962, "alternate": 0.3129605833767371, "sfR": 0.1028716913164539, "unknown": 0.07987343889206965}, "akl": {"sft": 0.0, "sfb": 0.01786450877526231, "dsfb": 0.0, "sfT": 0.0001923679547327535, "roll-out": 0.19225011774405731, "roll-in": 0.1637899448495633, "bad-redirect": 0.002619921439529366, "redirect": 0.032229035950937686, "oneh-out": 0.008354840752169235, "oneh-in": 0.014216332603140511, "dsfb-red": 0.013729496085172724, "dsfb-alt": 0.040142762423655325, "alternate": 0.2985873439109068, "sfR": 0.11706348985084018, "unknown": 0.09895983766003248}, "keymash": {"sft": 0.0, "sfb": 0.016370226547844327, "dsfb": 0.0, "sfT": 7.79925537635512e-05, "roll-out": 0.21492284894484284, "roll-in": 0.18457964065957072, "bad-redirect": 0.0019251846165845008, "redirect": 0.037473369647761, "oneh-out": 0.010504365530575134, "oneh-in": 0.016341492449089334, "dsfb-red": 0.013217685427296573, "dsfb-alt": 0.04008817263446532, "alternate": 0.3231272551136434, "sfR": 0.09899307508220005, "unknown": 0.0423786907923633}, "movie": {"sft": 0.0, "sfb": 0.016674235735682583, "dsfb": 0.0, "sfT": 9.804038974542267e-05, "roll-out": 0.1813776161814808, "roll-in": 0.16651732505284642, "bad-redirect": 0.002407582456902695, "redirect": 0.030168146506294524, "oneh-out": 0.01037806874644768, "oneh-in": 0.02359049174032746, "dsfb-red": 0.013057269142188702, "dsfb-alt": 0.039539096994055334, "alternate": 0.29857259772422595, "sfR": 0.1138359467128768, "unknown": 0.10378358261692566}}