{"english-450k": {"sft": 0.0, "sfb": 0.024190478751985763, "dsfb": 0.0, "sfT": 0.00013009405946672544, "roll-out": 0.2134326063073108, "roll-in": 0.19036356758254833, "bad-redirect": 0.0013775352993420456, "redirect": 0.0635522636074001, "oneh-out": 0.005891945335937943, "oneh-in": 0.006618133299343215, "dsfb-red": 0.02669588569497416, "dsfb-alt": 0.03547445742006816, "alternate": 0.30929146390021406, "sfR": 0.11328269117541298, "unknown": 0.009698877565995693}, "shai": {"sft": 0.0, "sfb": 0.012626740406727328, "dsfb": 0.0, "sfT": 1.893791028268537e-05, "roll-out": 0.19737141573051797, "roll-in": 0.1826617645100852, "bad-redirect": 0.0007012445376920536, "redirect": 0.05170251542512725, "oneh-out": 0.006375527033566972, "oneh-in": 0.004924650107303214, "dsfb-red": 0.02009000713084118, "dsfb-alt": 0.030682820617698666, "alternate": 0.3278612771172452, "sfR": 0.09728563198976478, "unknown": 0.06769746748314746}, "tr-quotes": {"sft": 0.0, "sfb": 0.011081574628418205, "dsfb": 0.0, "sfT": 2.080395737500289e-05, "roll-out": 0.20011211021474307, "roll-in": 0.19556760130371467, "bad-redirect": 0.001340699475277964, "redirect": 0.04865698897390259, "oneh-out": 0.007696308453341347, "oneh-in": 0.005232195279813227, "dsfb-red": 0.020360139617669495, "dsfb-alt": 0.03450683063267146, "alternate": 0.3341161785441853, "sfR": 0.09591664547745082, "unknown": 0.04539192344143686}, "gutenberg": {"sft": 0.0, "sfb": 0.011123538163743847, "dsfb": 0.0, "sfT": 0.00016575718069578613, "roll-out": 0.1855412000365234, "roll-in": 0.19079238752096592, "bad-redirect": 0.0011218445989490805, "redirect": 0.04382676688629967, "oneh-out": 0.006830143028556079, "oneh-in": 0.005329046000175039, "dsfb-red": 0.016755493571841813, "dsfb-alt": 0.02865098660568318, "alternate": 0.33705538714626, "sfR": 0.09761014138424484, "unknown": 0.07519730787606137}, "english-200": {"sft": 0.0, "sfb": 0.008908685968819599, "dsfb": 0.0, "sfT": 0.0, "roll-out": 0.24944320712694878, "roll-in": 0.16703786191536749, "bad-redirect": 0.0, "redirect": 0.0467706013363029, "oneh-out": 0.0022271714922048997, "oneh-in": 0.0066815144766146995, "dsfb-red": 0.008908685968819599, "dsfb-alt": 0.042316258351893093, "alternate": 0.36080178173719374, "sfR": 0.10690423162583519, "unknown": 0.0}, "monkeyracer": {"sft": 0.0, "sfb": 0.010976625428155841, "dsfb": 0.0, "sfT": 1.955049501853387e-05, "roll-out": 0.19988914869324492, "roll-in": 0.19623222860002815, "bad-redirect": 0.0014056805918325852, "redirect": 0.04863087883385207, "oneh-out": 0.007702895037302345, "oneh-in": 0.005259083159985611, "dsfb-red": 0.020264088086710357, "dsfb-alt": 0.034682578162879084, "alternate": 0.3335920515507453, "sfR": 0.09605353707555875, "unknown": 0.04529165428468649}, "chained-bigrams": {"sft": 0.0, "sfb": 0.013634749228788353, "dsfb": 0.0, "sfT": 2.077775014625588e-05, "roll-out": 0.17746536121793977, "roll-in": 0.16845755722484576, "bad-redirect": 0.002142705483832638, "redirect": 0.04340212283676025, "oneh-out": 0.00640993592011994, "oneh-in": 0.006669657796948138, "dsfb-red": 0.022967854872609664, "dsfb-alt": 0.05129377206418507, "alternate": 0.31817812895061326, "sfR": 0.11643721321023381, "unknown": 0.07292016344297708}, "english-5k": {"sft": 0.0, "sfb": 0.01601194673746215, "dsfb": 0.0, "sfT": 0.0, "roll-out": 0.2190235201393786, "roll-in": 0.19683079603434686, "bad-redirect": 0.0008296345459824947, "redirect": 0.06703447131538558, "oneh-out": 0.005890405276475713, "oneh-in": 0.00543410627618534, "dsfb-red": 0.021321607831750113, "dsfb-alt": 0.03389057120338491, "alternate": 0.32426266229725803, "sfR": 0.10644211224955408, "unknown": 0.0030281660928361057}, "mt-quotes": {"sft": 0.0, "sfb": 0.010213839184327226, "dsfb": 0.0, "sfT": 7.470625500531909e-06, "roll-out": 0.20042492917847027, "roll-in": 0.19999611527473973, "bad-redirect": 0.0014388424714024456, "redirect": 0.04866813688576517, "oneh-out": 0.007753015144452015, "oneh-in": 0.005369885609782336, "dsfb-red": 0.02052629062526147, "dsfb-alt": 0.03537789412031891, "alternate": 0.3381982046592797, "sfR": 0.09572710103871578, "unknown": 0.03629827518198444}, "english-1k": {"sft": 0.0, "sfb": 0.011997177134791814, "dsfb": 0.0, "sfT": 0.0, "roll-out": 0.22618207480592803, "roll-in": 0.17995765702187722, "bad-redirect": 0.0, "redirect": 0.048694424841213835, "oneh-out": 0.01058574453069866, "oneh-in": 0.004234297812279464, "dsfb-red": 0.01587861679604799, "dsfb-alt": 0.033168666196189134, "alternate": 0.36097388849682427, "sfR": 0.10832745236414962, "unknown": 0.0}, "english-10k": {"sft": 0.0, "sfb": 0.01597807838521063, "dsfb": 0.0, "sfT": 5.789158835221242e-05, "roll-out": 0.22400185253082727, "roll-in": 0.19735242469269215, "bad-redirect": 0.0008490766291657822, "redirect": 0.0652438200729434, "oneh-out": 0.005576889677929797, "oneh-in": 0.0051137569711120975, "dsfb-red": 0.02417938673510739, "dsfb-alt": 0.03218772312383011, "alternate": 0.3162617471681365, "sfR": 0.10543987958549622, "unknown": 0.0077574728391964646}, "reddit": {"sft": 0.0, "sfb": 0.01109106515211362, "dsfb": 0.0, "sfT": 2.284902208994761e-05, "roll-out": 0.19090627649526717, "roll-in": 0.18764579595785816, "bad-redirect": 0.0006672289024397324, "redirect": 0.04763373092504641, "oneh-out": 0.007156014059265494, "oneh-in": 0.005253252380371791, "dsfb-red": 0.02008125636658971, "dsfb-alt": 0.034344739677532876, "alternate": 0.3088424404478633, "sfR": 0.1028716913164539, "unknown": 0.0834836592971079}, "akl": {"sft": 0.0, "sfb": 0.01852010867767197, "dsfb": 0.0, "sfT": 0.00014782284701847018, "roll-out": 0.1764803442079155, "roll-in": 0.18158196714912922, "bad-redirect": 0.0007220148613383283, "redirect": 0.04536085936000513, "oneh-out": 0.006114017385106768, "oneh-in": 0.007716588040524525, "dsfb-red": 0.019627169219739466, "dsfb-alt": 0.03704789968268271, "alternate": 0.2847012274748277, "sfR": 0.11706348985084018, "unknown": 0.10491649124320006}, "keymash": {"sft": 0.0, "sfb": 0.011542897957005579, "dsfb": 0.0, "sfT": 2.873409875499255e-05, "roll-out": 0.20157380763752344, "roll-in": 0.19673416443293257, "bad-redirect": 0.0013751318689889291, "redirect": 0.04879460455722806, "oneh-out": 0.007676109238833724, "oneh-in": 0.005422534922192165, "dsfb-red": 0.020347846789785438, "dsfb-alt": 0.033618895543341284, "alternate": 0.33253151514902735, "sfR": 0.09899307508220005, "unknown": 0.04136068272218642}, "movie": {"sft": 0.0, "sfb": 0.010063023520876483, "dsfb": 0.0, "sfT": 1.3422979535614915e-05, "roll-out": 0.17715714190023857, "roll-in": 0.18518895278256392, "bad-redirect": 0.002371919442646306, "redirect": 0.04250215392762303, "oneh-out": 0.008513064178028714, "oneh-in": 0.006156146888981037, "dsfb-red": 0.022621668452668667, "dsfb-alt": 0.03439901701678491, "alternate": 0.29357595939101255, "sfR": 0.1138359467128768, "unknown": 0.10360158280616336}}