{"english-450k": {"sft": 0.0, "sfb": 0.029479313875159986, "dsfb": 0.0, "sfT": 0.00015202002454538704, "roll-out": 0.15161629444173863, "roll-in": 0.23203839558066094, "bad-redirect": 0.0015757460236531463, "redirect": 0.03286848338391897, "oneh-out": 0.004074429004017422, "oneh-in": 0.0033111130730789492, "dsfb-red": 0.01237326061319031, "dsfb-alt": 0.05039551517539895, "alternate": 0.3591338600632286, "sfR": 0.11328269117541298, "unknown": 0.009698877565995693}, "shai": {"sft": 0.0, "sfb": 0.017303498570890252, "dsfb": 0.0, "sfT": 2.785920257812575e-05, "roll-out": 0.17609161784016947, "roll-in": 0.22615112150513697, "bad-redirect": 0.0008476814548278395, "redirect": 0.030631332569366242, "oneh-out": 0.011896065280482333, "oneh-in": 0.0034422719237758594, "dsfb-red": 0.008497114842460428, "dsfb-alt": 0.044900163578957736, "alternate": 0.3158591858579597, "sfR": 0.09728563198976478, "unknown": 0.06706645538363028}, "tr-quotes": {"sft": 0.0, "sfb": 0.01562377198862717, "dsfb": 0.0, "sfT": 2.195973278472527e-05, "roll-out": 0.19580915836434665, "roll-in": 0.21521462749358544, "bad-redirect": 0.0008252236425417813, "redirect": 0.02910358059221932, "oneh-out": 0.021029333579898755, "oneh-in": 0.003659184947181064, "dsfb-red": 0.009582533922008276, "dsfb-alt": 0.04265851459744342, "alternate": 0.32521092901227433, "sfR": 0.09591664547745082, "unknown": 0.045344536649638244}, "gutenberg": {"sft": 0.0, "sfb": 0.020071016059313412, "dsfb": 0.0, "sfT": 0.00016859873236485675, "roll-out": 0.208036249106332, "roll-in": 0.20814839567887133, "bad-redirect": 0.0010809262549144635, "redirect": 0.026118406321429505, "oneh-out": 0.012868440325331146, "oneh-in": 0.003051447619025969, "dsfb-red": 0.006693559111662751, "dsfb-alt": 0.03988534528452078, "alternate": 0.30107603878604366, "sfR": 0.09761014138424484, "unknown": 0.07519143533594529}, "english-200": {"sft": 0.0, "sfb": 0.015590200445434299, "dsfb": 0.0, "sfT": 0.0, "roll-out": 0.16926503340757237, "roll-in": 0.27616926503340755, "bad-redirect": 0.0, "redirect": 0.024498886414253896, "oneh-out": 0.0200445434298441, "oneh-in": 0.008908685968819599, "dsfb-red": 0.0022271714922048997, "dsfb-alt": 0.0400890868596882, "alternate": 0.3363028953229399, "sfR": 0.10690423162583519, "unknown": 0.0}, "monkeyracer": {"sft": 0.0, "sfb": 0.01570100254938455, "dsfb": 0.0, "sfT": 2.1505544520387257e-05, "roll-out": 0.1961686894912179, "roll-in": 0.21457157045216385, "bad-redirect": 0.000826008414533056, "redirect": 0.029033462627273722, "oneh-out": 0.021515319767896522, "oneh-in": 0.003708728905015875, "dsfb-red": 0.00955530444030843, "dsfb-alt": 0.04252623676431487, "alternate": 0.32507292334641913, "sfR": 0.09605353707555875, "unknown": 0.04524571062139293}, "chained-bigrams": {"sft": 0.0, "sfb": 0.020027153922222388, "dsfb": 0.0, "sfT": 3.895828152422978e-05, "roll-out": 0.17263258639485907, "roll-in": 0.17902304317421688, "bad-redirect": 0.002371910040133523, "redirect": 0.03380475018326625, "oneh-out": 0.005771020103122571, "oneh-in": 0.005282742974685558, "dsfb-red": 0.017443570552473885, "dsfb-alt": 0.05499415950429483, "alternate": 0.31939492594355334, "sfR": 0.11643721321023381, "unknown": 0.07277796571541365}, "english-5k": {"sft": 0.0, "sfb": 0.021238644377151866, "dsfb": 0.0, "sfT": 0.0, "roll-out": 0.14945866345874642, "roll-in": 0.2635748952586386, "bad-redirect": 0.0014518604554693657, "redirect": 0.03256315592981292, "oneh-out": 0.005351142821587091, "oneh-in": 0.0034015016385282285, "dsfb-red": 0.010328950097482059, "dsfb-alt": 0.04757954121209607, "alternate": 0.35558136640809723, "sfR": 0.10644211224955408, "unknown": 0.0030281660928361057}, "mt-quotes": {"sft": 0.0, "sfb": 0.01498906300426722, "dsfb": 0.0, "sfT": 8.96475060063829e-06, "roll-out": 0.20098672021611025, "roll-in": 0.21436959873776312, "bad-redirect": 0.0007799333022555313, "redirect": 0.02876937880254838, "oneh-out": 0.02325605718315583, "oneh-in": 0.0037935836291701033, "dsfb-red": 0.009514588637477438, "dsfb-alt": 0.04266474223353773, "alternate": 0.3288599227836148, "sfR": 0.09572710103871578, "unknown": 0.03628034568078316}, "english-1k": {"sft": 0.0, "sfb": 0.019054340155257588, "dsfb": 0.0, "sfT": 0.0, "roll-out": 0.1831333803810868, "roll-in": 0.2702893436838391, "bad-redirect": 0.0, "redirect": 0.033168666196189134, "oneh-out": 0.008821453775582216, "oneh-in": 0.004234297812279464, "dsfb-red": 0.010232886379675371, "dsfb-alt": 0.035638673253352154, "alternate": 0.32709950599858856, "sfR": 0.10832745236414962, "unknown": 0.0}, "english-10k": {"sft": 0.0, "sfb": 0.022211072731132167, "dsfb": 0.0, "sfT": 7.718878446961657e-05, "roll-out": 0.14497983443005732, "roll-in": 0.2642172092394975, "bad-redirect": 0.0009262654136353987, "redirect": 0.03506300534532333, "oneh-out": 0.004573435479824781, "oneh-in": 0.003126145771019471, "dsfb-red": 0.009957353196580537, "dsfb-alt": 0.048744717392562864, "alternate": 0.3529264197912043, "sfR": 0.10543987958549622, "unknown": 0.0077574728391964646}, "reddit": {"sft": 0.0, "sfb": 0.015952962478721848, "dsfb": 0.0, "sfT": 0.00011900220193403862, "roll-out": 0.18035875586700145, "roll-in": 0.20716466672172906, "bad-redirect": 0.0008768405870550551, "redirect": 0.0285807180099176, "oneh-out": 0.016150625248506526, "oneh-in": 0.003844628897233152, "dsfb-red": 0.008938425069347718, "dsfb-alt": 0.04352023271541711, "alternate": 0.3132482937680041, "sfR": 0.1028716913164539, "unknown": 0.07837315711867839}, "akl": {"sft": 0.0, "sfb": 0.023525268847382017, "dsfb": 0.0, "sfT": 0.0001970764779403829, "roll-out": 0.16728800586731554, "roll-in": 0.19518216470885033, "bad-redirect": 0.0011657931736573986, "redirect": 0.025959699254231878, "oneh-out": 0.01665448026515429, "oneh-in": 0.00344707266775384, "dsfb-red": 0.011143215804876816, "dsfb-alt": 0.04340006921529115, "alternate": 0.2962599704527778, "sfR": 0.11706348985084018, "unknown": 0.09871369341392838}, "keymash": {"sft": 0.0, "sfb": 0.016969537750448457, "dsfb": 0.0, "sfT": 2.873409875499255e-05, "roll-out": 0.19744430715930594, "roll-in": 0.21560425757246124, "bad-redirect": 0.0008702327051512029, "redirect": 0.029341619700098107, "oneh-out": 0.020532565996067533, "oneh-in": 0.003538399018114797, "dsfb-red": 0.009917368941723143, "dsfb-alt": 0.04257572461239753, "alternate": 0.32287685796734983, "sfR": 0.09899307508220005, "unknown": 0.04130731939592715}, "movie": {"sft": 0.0, "sfb": 0.014690793112537603, "dsfb": 0.0, "sfT": 1.6054936307304115e-05, "roll-out": 0.1773228235790164, "roll-in": 0.1844745081168889, "bad-redirect": 0.0005815308487047285, "redirect": 0.024603926695266388, "oneh-out": 0.028534754133784205, "oneh-in": 0.002427980121883286, "dsfb-red": 0.009868390317610068, "dsfb-alt": 0.04430741307732465, "alternate": 0.2957562723806799, "sfR": 0.1138359467128768, "unknown": 0.10357960596711975}}