{"english-450k": {"sft": 0.0, "sfb": 0.019781021001566392, "dsfb": 0.0, "sfT": 2.7772889099638017e-05, "roll-out": 0.2328081431280225, "roll-in": 0.21212552644242155, "bad-redirect": 0.02741534969575531, "redirect": 0.07652951147195727, "oneh-out": 0.012162186656033061, "oneh-in": 0.01381891257737673, "dsfb-red": 0.025647239871812038, "dsfb-alt": 0.023291806529961684, "alternate": 0.23341096099458516, "sfR": 0.11328269117541298, "unknown": 0.009698877565995693}, "shai": {"sft": 0.0, "sfb": 0.014215698037516957, "dsfb": 0.0, "sfT": 4.424264304953535e-05, "roll-out": 0.2521027776221013, "roll-in": 0.17840422967563188, "bad-redirect": 0.020977073865668328, "redirect": 0.06465044170653446, "oneh-out": 0.014289382880345848, "oneh-in": 0.009485636603292076, "dsfb-red": 0.02222348096517468, "dsfb-alt": 0.02489292514041069, "alternate": 0.23373101138736196, "sfR": 0.09728563198976478, "unknown": 0.06769746748314746}, "tr-quotes": {"sft": 0.0, "sfb": 0.01281523774300178, "dsfb": 0.0, "sfT": 3.698481311111625e-05, "roll-out": 0.2732507339173852, "roll-in": 0.15765470053859135, "bad-redirect": 0.02060054090289175, "redirect": 0.06769838884907885, "oneh-out": 0.016583065578696748, "oneh-in": 0.008298467441806708, "dsfb-red": 0.023465708143593538, "dsfb-alt": 0.031749150505073855, "alternate": 0.24653845264788146, "sfR": 0.09591664547745082, "unknown": 0.04539192344143686}, "gutenberg": {"sft": 0.0, "sfb": 0.01332252028204863, "dsfb": 0.0, "sfT": 0.00010286417042035643, "roll-out": 0.26090104466805564, "roll-in": 0.15667652874532612, "bad-redirect": 0.022599807608008327, "redirect": 0.060312881359913584, "oneh-out": 0.016182068445023363, "oneh-in": 0.007516093601469726, "dsfb-red": 0.020235257745785693, "dsfb-alt": 0.02295121283108339, "alternate": 0.24639227128255897, "sfR": 0.09761014138424484, "unknown": 0.07519730787606137}, "english-200": {"sft": 0.0, "sfb": 0.008908685968819599, "dsfb": 0.0, "sfT": 0.0, "roll-out": 0.2984409799554566, "roll-in": 0.155902004454343, "bad-redirect": 0.028953229398663696, "redirect": 0.07126948775055679, "oneh-out": 0.0200445434298441, "oneh-in": 0.0022271714922048997, "dsfb-red": 0.017817371937639197, "dsfb-alt": 0.028953229398663696, "alternate": 0.26057906458797325, "sfR": 0.10690423162583519, "unknown": 0.0}, "monkeyracer": {"sft": 0.0, "sfb": 0.01278602374212115, "dsfb": 0.0, "sfT": 3.714594053521435e-05, "roll-out": 0.2733452461016313, "roll-in": 0.15664638628650077, "bad-redirect": 0.02066194066033752, "redirect": 0.06784412781331624, "oneh-out": 0.016725448488355724, "oneh-in": 0.008294297511612994, "dsfb-red": 0.02367173936844081, "dsfb-alt": 0.032026643414611256, "alternate": 0.2466158093122918, "sfR": 0.09605353707555875, "unknown": 0.04529165428468649}, "chained-bigrams": {"sft": 0.0, "sfb": 0.015250219302659747, "dsfb": 0.0, "sfT": 2.4024273606608363e-05, "roll-out": 0.23304129772632975, "roll-in": 0.1602133355496267, "bad-redirect": 0.019926511694951462, "redirect": 0.06783221187591268, "oneh-out": 0.015352160139314815, "oneh-in": 0.008219548096920413, "dsfb-red": 0.026901992001864803, "dsfb-alt": 0.029155079283349424, "alternate": 0.2347262434022527, "sfR": 0.11643721321023381, "unknown": 0.07292016344297708}, "english-5k": {"sft": 0.0, "sfb": 0.018251960011614884, "dsfb": 0.0, "sfT": 0.0, "roll-out": 0.23333471605757664, "roll-in": 0.2203924171402497, "bad-redirect": 0.023686066287800223, "redirect": 0.07640934168498777, "oneh-out": 0.009665242460696064, "oneh-in": 0.014269714190898909, "dsfb-red": 0.029452026382378562, "dsfb-alt": 0.02302235865101423, "alternate": 0.24204587879039283, "sfR": 0.10644211224955408, "unknown": 0.0030281660928361057}, "mt-quotes": {"sft": 0.0, "sfb": 0.012183096066267437, "dsfb": 0.0, "sfT": 2.689425180191487e-05, "roll-out": 0.2800886912659423, "roll-in": 0.15404130957076775, "bad-redirect": 0.020698115011773707, "redirect": 0.06847127096257516, "oneh-out": 0.017171979775522647, "oneh-in": 0.007945757282365738, "dsfb-red": 0.02385968372359881, "dsfb-alt": 0.03325175410286752, "alternate": 0.2502360717658168, "sfR": 0.09572710103871578, "unknown": 0.03629827518198444}, "english-1k": {"sft": 0.0, "sfb": 0.015172900494001412, "dsfb": 0.0, "sfT": 0.0, "roll-out": 0.25299929428369794, "roll-in": 0.1961891319689485, "bad-redirect": 0.020465772759350742, "redirect": 0.06669019054340156, "oneh-out": 0.011291460832745237, "oneh-in": 0.009527170077628794, "dsfb-red": 0.02117148906139732, "dsfb-alt": 0.022582921665490474, "alternate": 0.2755822159491884, "sfR": 0.10832745236414962, "unknown": 0.0}, "english-10k": {"sft": 0.0, "sfb": 0.019393682097991163, "dsfb": 0.0, "sfT": 3.859439223480828e-05, "roll-out": 0.23540649543621311, "roll-in": 0.22292120954825265, "bad-redirect": 0.02278998861465429, "redirect": 0.07512398448505432, "oneh-out": 0.010497674687867853, "oneh-in": 0.013237876536539241, "dsfb-red": 0.02711256054495282, "dsfb-alt": 0.021188321336909746, "alternate": 0.2390922598946373, "sfR": 0.10543987958549622, "unknown": 0.0077574728391964646}, "reddit": {"sft": 0.0, "sfb": 0.014310979310959647, "dsfb": 0.0, "sfT": 8.255613882990908e-05, "roll-out": 0.25351428260532044, "roll-in": 0.15578410820547714, "bad-redirect": 0.018331208561566035, "redirect": 0.06610585427530487, "oneh-out": 0.014253294894535844, "oneh-in": 0.00855561030580794, "dsfb-red": 0.02410740388849153, "dsfb-alt": 0.028655745208681804, "alternate": 0.22994360599146307, "sfR": 0.1028716913164539, "unknown": 0.0834836592971079}, "akl": {"sft": 0.0, "sfb": 0.01510828797972262, "dsfb": 0.0, "sfT": 7.626568511304978e-05, "roll-out": 0.23999045408873906, "roll-in": 0.14488547198794222, "bad-redirect": 0.01897770278835027, "redirect": 0.06625994938833185, "oneh-out": 0.012292962827076636, "oneh-in": 0.009066571207554058, "dsfb-red": 0.024964652001103777, "dsfb-alt": 0.03152226183577142, "alternate": 0.2148754391162548, "sfR": 0.11706348985084018, "unknown": 0.10491649124320006}, "keymash": {"sft": 0.0, "sfb": 0.012979602894755205, "dsfb": 0.0, "sfT": 1.2314613752139664e-05, "roll-out": 0.270543854392007, "roll-in": 0.161945380583138, "bad-redirect": 0.021447952284976583, "redirect": 0.06643323632154277, "oneh-out": 0.01683407699917492, "oneh-in": 0.00844782503396781, "dsfb-red": 0.023377241772811797, "dsfb-alt": 0.031188811762919055, "alternate": 0.24643594553656825, "sfR": 0.09899307508220005, "unknown": 0.04136068272218642}, "movie": {"sft": 0.0, "sfb": 0.011681413739788172, "dsfb": 0.0, "sfT": 2.3950806622371713e-05, "roll-out": 0.24188748674316274, "roll-in": 0.13422216268151124, "bad-redirect": 0.017608448791793664, "redirect": 0.06078846318596525, "oneh-out": 0.015262717319025666, "oneh-in": 0.007257752395771551, "dsfb-red": 0.019689931804684067, "dsfb-alt": 0.03995613054452948, "alternate": 0.2341840124681056, "sfR": 0.1138359467128768, "unknown": 0.10360158280616336}}