{"english-450k": {"sft": 0.0, "sfb": 0.042650094924811484, "dsfb": 0.0, "sfT": 0.001854644299453722, "roll-out": 0.19605174761635524, "roll-in": 0.2018276315104768, "bad-redirect": 0.0032631682961069427, "redirect": 0.031009453891449518, "oneh-out": 0.00666900153832571, "oneh-in": 0.008059107724312856, "dsfb-red": 0.01723380855182801, "dsfb-alt": 0.04543381545119836, "alternate": 0.32296595745427265, "sfR": 0.11328269117541298, "unknown": 0.009698877565995693}, "shai": {"sft": 0.0, "sfb": 0.01898187425630095, "dsfb": 0.0, "sfT": 0.00016396599861346475, "roll-out": 0.23036872146154067, "roll-in": 0.19497498245156647, "bad-redirect": 0.0037198228095885817, "redirect": 0.02101613790173682, "oneh-out": 0.013576782563220032, "oneh-in": 0.009894638183347767, "dsfb-red": 0.020313968336340384, "dsfb-alt": 0.04074918496931385, "alternate": 0.281534937561017, "sfR": 0.09728563198976478, "unknown": 0.06741935151764922}, "tr-quotes": {"sft": 0.0, "sfb": 0.020461847853725065, "dsfb": 0.0, "sfT": 0.00017914518850696933, "roll-out": 0.2560562631469453, "roll-in": 0.18574928919812303, "bad-redirect": 0.0037123506160282936, "redirect": 0.02265666535678787, "oneh-out": 0.023472642796051872, "oneh-in": 0.0074038972746815835, "dsfb-red": 0.02782760453988581, "dsfb-alt": 0.039907769122304156, "alternate": 0.2703809435750445, "sfR": 0.09591664547745082, "unknown": 0.04627493585446476}, "gutenberg": {"sft": 0.0, "sfb": 0.017963342467974767, "dsfb": 0.0, "sfT": 8.032119384572951e-05, "roll-out": 0.26055191268631583, "roll-in": 0.18757972920391466, "bad-redirect": 0.003537163517659107, "redirect": 0.02069710461039864, "oneh-out": 0.017600571038223416, "oneh-in": 0.006666090778861735, "dsfb-red": 0.024317430873572545, "dsfb-alt": 0.03510623425069988, "alternate": 0.24814437204170792, "sfR": 0.09761014138424484, "unknown": 0.08014558595258095}, "english-200": {"sft": 0.0, "sfb": 0.022271714922048998, "dsfb": 0.0, "sfT": 0.0, "roll-out": 0.27616926503340755, "roll-in": 0.1870824053452116, "bad-redirect": 0.0022271714922048997, "redirect": 0.015590200445434299, "oneh-out": 0.015590200445434299, "oneh-in": 0.0066815144766146995, "dsfb-red": 0.028953229398663696, "dsfb-alt": 0.066815144766147, "alternate": 0.2717149220489978, "sfR": 0.10690423162583519, "unknown": 0.0}, "monkeyracer": {"sft": 0.0, "sfb": 0.02045763798739384, "dsfb": 0.0, "sfT": 0.00016226910865383112, "roll-out": 0.2564370004848523, "roll-in": 0.1854823889140873, "bad-redirect": 0.0037742230633279633, "redirect": 0.0225397657068677, "oneh-out": 0.023766559269280698, "oneh-in": 0.007325570483444641, "dsfb-red": 0.028051050252592396, "dsfb-alt": 0.04003941379795736, "alternate": 0.2697538201667266, "sfR": 0.09605353707555875, "unknown": 0.046156763689256614}, "chained-bigrams": {"sft": 0.0, "sfb": 0.01902203025889726, "dsfb": 0.0, "sfT": 7.921517243260055e-05, "roll-out": 0.19936381126270933, "roll-in": 0.1866770468843439, "bad-redirect": 0.0028504475981894787, "redirect": 0.035026741613742925, "oneh-out": 0.009946698577827933, "oneh-in": 0.005871662330393498, "dsfb-red": 0.029118718220593476, "dsfb-alt": 0.053735157706370135, "alternate": 0.2683959382095683, "sfR": 0.11643721321023381, "unknown": 0.07347531895469736}, "english-5k": {"sft": 0.0, "sfb": 0.02285643174181773, "dsfb": 0.0, "sfT": 0.0003733355456921226, "roll-out": 0.19110631766706765, "roll-in": 0.2238354005060771, "bad-redirect": 0.0037333554569212264, "redirect": 0.022814950014518606, "oneh-out": 0.00622225909486871, "oneh-in": 0.0191230762848965, "dsfb-red": 0.016758617828846394, "dsfb-alt": 0.04351433193678185, "alternate": 0.34019164558012194, "sfR": 0.10644211224955408, "unknown": 0.0030281660928361057}, "mt-quotes": {"sft": 0.0, "sfb": 0.020057135343828067, "dsfb": 0.0, "sfT": 0.00012401238330882967, "roll-out": 0.2636891741671747, "roll-in": 0.18653255399768112, "bad-redirect": 0.0038862193853766987, "redirect": 0.02209661610547328, "oneh-out": 0.02528806731930051, "oneh-in": 0.007173294605610739, "dsfb-red": 0.029473111724698485, "dsfb-alt": 0.04050871971408422, "alternate": 0.26827165584920093, "sfR": 0.09572710103871578, "unknown": 0.03717233836554667}, "english-1k": {"sft": 0.0, "sfb": 0.01799576570218772, "dsfb": 0.0, "sfT": 0.0, "roll-out": 0.2392378263937897, "roll-in": 0.2205363443895554, "bad-redirect": 0.0038814396612561752, "redirect": 0.02081863091037403, "oneh-out": 0.012350035285815103, "oneh-in": 0.010232886379675371, "dsfb-red": 0.02081863091037403, "dsfb-alt": 0.03987297106563162, "alternate": 0.30592801693719124, "sfR": 0.10832745236414962, "unknown": 0.0}, "english-10k": {"sft": 0.0, "sfb": 0.02163215684761004, "dsfb": 0.0, "sfT": 0.00036664672623067866, "roll-out": 0.19507535555083846, "roll-in": 0.23231894405742845, "bad-redirect": 0.004515543891472569, "redirect": 0.02404430636228556, "oneh-out": 0.0065224522876826, "oneh-in": 0.016904343798846026, "dsfb-red": 0.01653769707261535, "dsfb-alt": 0.04463441461955578, "alternate": 0.3242507863607418, "sfR": 0.10543987958549622, "unknown": 0.0077574728391964646}, "reddit": {"sft": 0.0, "sfb": 0.02210826428527416, "dsfb": 0.0, "sfT": 0.00017488866252125473, "roll-out": 0.23637230945741625, "roll-in": 0.17921136038395347, "bad-redirect": 0.002991798512079173, "redirect": 0.021581837799287074, "oneh-out": 0.01730907066846687, "oneh-in": 0.0068622730244632495, "dsfb-red": 0.027252215933746826, "dsfb-alt": 0.042048381118691865, "alternate": 0.26134246994557625, "sfR": 0.1028716913164539, "unknown": 0.07987343889206965}, "akl": {"sft": 0.0, "sfb": 0.02379198190539313, "dsfb": 0.0, "sfT": 0.00022117668225311756, "roll-out": 0.22124018536216783, "roll-in": 0.1774777457226474, "bad-redirect": 0.0032400835093763423, "redirect": 0.020803680479119496, "oneh-out": 0.018161517462859354, "oneh-in": 0.00570499540857033, "dsfb-red": 0.026601978992304168, "dsfb-alt": 0.03913891766663928, "alternate": 0.24759440929779686, "sfR": 0.11706348985084018, "unknown": 0.09895983766003248}, "keymash": {"sft": 0.0, "sfb": 0.01986347198220128, "dsfb": 0.0, "sfT": 0.00016829972127924207, "roll-out": 0.25711682053092405, "roll-in": 0.18802773251016983, "bad-redirect": 0.003957095885687546, "redirect": 0.022301765505124933, "oneh-out": 0.02243722625639847, "oneh-in": 0.0073107756975202475, "dsfb-red": 0.027605259161046412, "dsfb-alt": 0.04030573081075312, "alternate": 0.26953405606433156, "sfR": 0.09899307508220005, "unknown": 0.0423786907923633}, "movie": {"sft": 0.0, "sfb": 0.018169581975517803, "dsfb": 0.0, "sfT": 0.00010198832490295647, "roll-out": 0.242327286719712, "roll-in": 0.15603503081823983, "bad-redirect": 0.0026969661039499223, "redirect": 0.027085730333130716, "oneh-out": 0.031358843749806714, "oneh-in": 0.004786081791478224, "dsfb-red": 0.0276583125288117, "dsfb-alt": 0.03667013251507552, "alternate": 0.23549051580957214, "sfR": 0.1138359467128768, "unknown": 0.10378358261692566}}