{"english-450k": {"sft": 0.0, "sfb": 0.10206507509496866, "dsfb": 0.0, "sfT": 0.002497221249359031, "roll-out": 0.141666291489042, "roll-in": 0.22340658164849345, "bad-redirect": 0.0027194043621561353, "redirect": 0.024511182534536317, "oneh-out": 0.003648480589089289, "oneh-in": 0.005203177686266921, "dsfb-red": 0.01372009956142223, "dsfb-alt": 0.05905685607387238, "alternate": 0.2986772503787345, "sfR": 0.11328269117541298, "unknown": 0.009545688156646111}, "shai": {"sft": 0.0, "sfb": 0.09392191001268566, "dsfb": 0.0, "sfT": 0.0016877149818570717, "roll-out": 0.1291078003290157, "roll-in": 0.25960002266511395, "bad-redirect": 0.0030173629635317696, "redirect": 0.02872005503411688, "oneh-out": 0.006189321665960188, "oneh-in": 0.002728553058505409, "dsfb-red": 0.014666906425590771, "dsfb-alt": 0.04767730187919185, "alternate": 0.2552894825820767, "sfR": 0.09728563198976478, "unknown": 0.0601079364125893}, "tr-quotes": {"sft": 0.0, "sfb": 0.09649800050854118, "dsfb": 0.0, "sfT": 0.0012366796884029495, "roll-out": 0.11714130510159265, "roll-in": 0.27586625366958695, "bad-redirect": 0.0022630082522364253, "redirect": 0.030252421349483367, "oneh-out": 0.007316058343542682, "oneh-in": 0.0016562261621321744, "dsfb-red": 0.022276415246989204, "dsfb-alt": 0.04638704606920783, "alternate": 0.26175423591687663, "sfR": 0.09591664547745082, "unknown": 0.04143570421395714}, "gutenberg": {"sft": 0.0, "sfb": 0.08851698660644093, "dsfb": 0.0, "sfT": 0.0012195939763651098, "roll-out": 0.11354954131672958, "roll-in": 0.29997901040500446, "bad-redirect": 0.0025037858940070916, "redirect": 0.02707070500412404, "oneh-out": 0.006708335180341919, "oneh-in": 0.0019195628708461724, "dsfb-red": 0.013519913404660069, "dsfb-alt": 0.05154366347238372, "alternate": 0.22757665275064096, "sfR": 0.09761014138424484, "unknown": 0.0682821077342111}, "english-200": {"sft": 0.0, "sfb": 0.0801781737193764, "dsfb": 0.0, "sfT": 0.0022271714922048997, "roll-out": 0.08685968819599109, "roll-in": 0.33407572383073497, "bad-redirect": 0.0022271714922048997, "redirect": 0.028953229398663696, "oneh-out": 0.008908685968819599, "oneh-in": 0.0022271714922048997, "dsfb-red": 0.013363028953229399, "dsfb-alt": 0.042316258351893093, "alternate": 0.29175946547884185, "sfR": 0.10690423162583519, "unknown": 0.0}, "monkeyracer": {"sft": 0.0, "sfb": 0.09630085083754321, "dsfb": 0.0, "sfT": 0.0012258160376620736, "roll-out": 0.11727755446767912, "roll-in": 0.2762172138198539, "bad-redirect": 0.002254172075636955, "redirect": 0.030277851635203402, "oneh-out": 0.007410615136775263, "oneh-in": 0.001619758512285531, "dsfb-red": 0.02263067550870388, "dsfb-alt": 0.04639723477798458, "alternate": 0.2609560974083864, "sfR": 0.09605353707555875, "unknown": 0.04137862270672694}, "chained-bigrams": {"sft": 0.0, "sfb": 0.0836836873234297, "dsfb": 0.0, "sfT": 0.002049205608174486, "roll-out": 0.11134341790094078, "roll-in": 0.240697249350533, "bad-redirect": 0.0021985456873507003, "redirect": 0.029743349334365295, "oneh-out": 0.004141265326025626, "oneh-in": 0.009959684671669343, "dsfb-red": 0.014583383383903347, "dsfb-alt": 0.052698867417825625, "alternate": 0.2656727543310246, "sfR": 0.11643721321023381, "unknown": 0.06679137645452367}, "english-5k": {"sft": 0.0, "sfb": 0.11059028497946655, "dsfb": 0.0, "sfT": 0.0019081594557597379, "roll-out": 0.15319201891566764, "roll-in": 0.23652880905960924, "bad-redirect": 0.0022400132741527356, "redirect": 0.02576015265275646, "oneh-out": 0.004480026548305471, "oneh-in": 0.0034015016385282285, "dsfb-red": 0.013523043099514664, "dsfb-alt": 0.057078856763595635, "alternate": 0.2839424233625088, "sfR": 0.10644211224955408, "unknown": 0.0009125980005807441}, "mt-quotes": {"sft": 0.0, "sfb": 0.09467523696824087, "dsfb": 0.0, "sfT": 0.0011146173246793607, "roll-out": 0.11462330117976118, "roll-in": 0.2842752297964404, "bad-redirect": 0.002196363897156381, "redirect": 0.030917930696501356, "oneh-out": 0.0076125673850420145, "oneh-in": 0.0014313718459019137, "dsfb-red": 0.023728200714789448, "dsfb-alt": 0.04602204133347677, "alternate": 0.2640507524414004, "sfR": 0.09572710103871578, "unknown": 0.033625285377894124}, "english-1k": {"sft": 0.0, "sfb": 0.12350035285815103, "dsfb": 0.0, "sfT": 0.0014114326040931546, "roll-out": 0.13302752293577982, "roll-in": 0.27134791813690895, "bad-redirect": 0.002117148906139732, "redirect": 0.032815808045165845, "oneh-out": 0.006351446718419196, "oneh-in": 0.003175723359209598, "dsfb-red": 0.013408609738884969, "dsfb-alt": 0.05222300635144672, "alternate": 0.25229357798165136, "sfR": 0.10832745236414962, "unknown": 0.0}, "english-10k": {"sft": 0.0, "sfb": 0.10603809266513575, "dsfb": 0.0, "sfT": 0.0021419887690318595, "roll-out": 0.16479805484263135, "roll-in": 0.22797707493101252, "bad-redirect": 0.003724358850658999, "redirect": 0.02618629513131742, "oneh-out": 0.00461202987205959, "oneh-in": 0.0030875513787846625, "dsfb-red": 0.01235020551513865, "dsfb-alt": 0.052951506146156964, "alternate": 0.28293548947337954, "sfR": 0.10543987958549622, "unknown": 0.0077574728391964646}, "reddit": {"sft": 0.0, "sfb": 0.09154618021473211, "dsfb": 0.0, "sfT": 0.0012941161707960655, "roll-out": 0.11545273745331168, "roll-in": 0.25932306588178405, "bad-redirect": 0.0027107555403728173, "redirect": 0.02792880918950211, "oneh-out": 0.0063341609548793615, "oneh-in": 0.0023973119061946506, "dsfb-red": 0.01825689305365381, "dsfb-alt": 0.04478531939093497, "alternate": 0.25455211515457643, "sfR": 0.1028716913164539, "unknown": 0.07254684377280805}, "akl": {"sft": 0.0, "sfb": 0.08655331268769816, "dsfb": 0.0, "sfT": 0.0012642384812484922, "roll-out": 0.10480528335954618, "roll-in": 0.25576190038970464, "bad-redirect": 0.0017007681459979226, "redirect": 0.028808107977836735, "oneh-out": 0.0070167528016642396, "oneh-in": 0.002465407533215843, "dsfb-red": 0.021966561802898493, "dsfb-alt": 0.04314456987702452, "alternate": 0.23889826256732724, "sfR": 0.11706348985084018, "unknown": 0.09055134452499736}, "keymash": {"sft": 0.0, "sfb": 0.09579127550664374, "dsfb": 0.0, "sfT": 0.001186307791456121, "roll-out": 0.11862256940311067, "roll-in": 0.28028471386994946, "bad-redirect": 0.0022740986728951246, "redirect": 0.030839897706608433, "oneh-out": 0.0070234347099703215, "oneh-in": 0.0017199410540488398, "dsfb-red": 0.022318184990127783, "dsfb-alt": 0.0472552778382106, "alternate": 0.25593051273946793, "sfR": 0.09899307508220005, "unknown": 0.037760710635310925}, "movie": {"sft": 0.0, "sfb": 0.08811633354209138, "dsfb": 0.0, "sfT": 0.0009964588337615307, "roll-out": 0.10525826799610312, "roll-in": 0.23391463169252322, "bad-redirect": 0.0018771115695687367, "redirect": 0.029697552635516492, "oneh-out": 0.00688151417525858, "oneh-in": 0.0016043092501831513, "dsfb-red": 0.028287218599406836, "dsfb-alt": 0.04127158253901975, "alternate": 0.2499029794935036, "sfR": 0.1138359467128768, "unknown": 0.09835609296018678}}