{"english-450k": {"sft": 0.0, "sfb": 0.0720709395597617, "dsfb": 0.0, "sfT": 0.000561012359812688, "roll-out": 0.1599288663223608, "roll-in": 0.1926263271786662, "bad-redirect": 0.00228907075421227, "redirect": 0.021974786894236747, "oneh-out": 0.0023045651028678576, "oneh-in": 0.004154531863104799, "dsfb-red": 0.006901124421958474, "dsfb-alt": 0.06538819774998669, "alternate": 0.34881900905162305, "sfR": 0.11328269117541298, "unknown": 0.009698877565995693}, "shai": {"sft": 0.0, "sfb": 0.05484192011909712, "dsfb": 0.0, "sfT": 0.00034370004269834996, "roll-out": 0.12226520010168337, "roll-in": 0.2556285342638003, "bad-redirect": 0.002231604179174538, "redirect": 0.012151930265760846, "oneh-out": 0.0023131033773806497, "oneh-in": 0.004995490199660457, "dsfb-red": 0.012332717061040681, "dsfb-alt": 0.06003793619894273, "alternate": 0.308152880683347, "sfR": 0.09728563198976478, "unknown": 0.06741935151764922}, "tr-quotes": {"sft": 0.0, "sfb": 0.057223596310764895, "dsfb": 0.0, "sfT": 0.0002473359376805899, "roll-out": 0.11519035620998128, "roll-in": 0.27697695383833015, "bad-redirect": 0.0027091375603892653, "redirect": 0.013729456092092184, "oneh-out": 0.002684866276785095, "oneh-in": 0.006642241279674534, "dsfb-red": 0.021504357273294653, "dsfb-alt": 0.061968054367675274, "alternate": 0.2989320635214165, "sfR": 0.09591664547745082, "unknown": 0.04627493585446476}, "gutenberg": {"sft": 0.0, "sfb": 0.052285876768344966, "dsfb": 0.0, "sfT": 0.00044385037070883074, "roll-out": 0.11044183097465601, "roll-in": 0.2945114861201567, "bad-redirect": 0.0033782260609690903, "redirect": 0.013446411934820109, "oneh-out": 0.0026024824553128115, "oneh-in": 0.006818208511545982, "dsfb-red": 0.014972325181111032, "dsfb-alt": 0.05277992788520738, "alternate": 0.2705636464003413, "sfR": 0.09761014138424484, "unknown": 0.08014558595258095}, "english-200": {"sft": 0.0, "sfb": 0.0467706013363029, "dsfb": 0.0, "sfT": 0.0, "roll-out": 0.11581291759465479, "roll-in": 0.30066815144766146, "bad-redirect": 0.0022271714922048997, "redirect": 0.011135857461024499, "oneh-out": 0.0022271714922048997, "oneh-in": 0.0066815144766146995, "dsfb-red": 0.017817371937639197, "dsfb-alt": 0.062360801781737196, "alternate": 0.3273942093541203, "sfR": 0.10690423162583519, "unknown": 0.0}, "monkeyracer": {"sft": 0.0, "sfb": 0.057219411295494, "dsfb": 0.0, "sfT": 0.00024829128673538016, "roll-out": 0.1151602358571719, "roll-in": 0.2774225018377465, "bad-redirect": 0.0026803728670409936, "redirect": 0.013740087899025604, "oneh-out": 0.0026686425700298733, "oneh-in": 0.006665741276569123, "dsfb-red": 0.02184474560895882, "dsfb-alt": 0.061844080892128186, "alternate": 0.2982955878442842, "sfR": 0.09605353707555875, "unknown": 0.046156763689256614}, "chained-bigrams": {"sft": 0.0, "sfb": 0.05081588381082118, "dsfb": 0.0, "sfT": 0.0007207282081982509, "roll-out": 0.10344592493128733, "roll-in": 0.24497811518535376, "bad-redirect": 0.002523847338078019, "redirect": 0.01835844086360121, "oneh-out": 0.0029543363489207583, "oneh-in": 0.007590371850304102, "dsfb-red": 0.009438293003936735, "dsfb-alt": 0.06559405860234568, "alternate": 0.3036674676922218, "sfR": 0.11643721321023381, "unknown": 0.07347531895469736}, "english-5k": {"sft": 0.0, "sfb": 0.05678848467250176, "dsfb": 0.0, "sfT": 0.00029037209109387317, "roll-out": 0.15966316837433112, "roll-in": 0.21408719459078276, "bad-redirect": 0.002157049819554486, "redirect": 0.014726013191189281, "oneh-out": 0.00236445845605011, "oneh-in": 0.003484465093126478, "dsfb-red": 0.005185215912390592, "dsfb-alt": 0.06471149458663458, "alternate": 0.3670718048699548, "sfR": 0.10644211224955408, "unknown": 0.0030281660928361057}, "mt-quotes": {"sft": 0.0, "sfb": 0.05677077730364208, "dsfb": 0.0, "sfT": 0.00020917751401489343, "roll-out": 0.11400772163851736, "roll-in": 0.2863147105580856, "bad-redirect": 0.0027103429315929765, "redirect": 0.01345758477665818, "oneh-out": 0.002699884055892232, "oneh-in": 0.006926763964093185, "dsfb-red": 0.02358327058007913, "dsfb-alt": 0.06207193315881952, "alternate": 0.2983483941143424, "sfR": 0.09572710103871578, "unknown": 0.03717233836554667}, "english-1k": {"sft": 0.0, "sfb": 0.04693013408609739, "dsfb": 0.0, "sfT": 0.0, "roll-out": 0.13761467889908258, "roll-in": 0.2642907551164432, "bad-redirect": 0.001058574453069866, "redirect": 0.015525758645024701, "oneh-out": 0.0028228652081863093, "oneh-in": 0.0067043048694424845, "dsfb-red": 0.008115737473535639, "dsfb-alt": 0.058927311220889206, "alternate": 0.34968242766407903, "sfR": 0.10832745236414962, "unknown": 0.0}, "english-10k": {"sft": 0.0, "sfb": 0.06534030605353042, "dsfb": 0.0, "sfT": 0.00036664672623067866, "roll-out": 0.15485999884216822, "roll-in": 0.21971787499276355, "bad-redirect": 0.0018525308272707975, "redirect": 0.014916732598753401, "oneh-out": 0.0018139364350359894, "oneh-in": 0.0033577121244283206, "dsfb-red": 0.004515543891472569, "dsfb-alt": 0.0685050462167847, "alternate": 0.35155631886686867, "sfR": 0.10543987958549622, "unknown": 0.0077574728391964646}, "reddit": {"sft": 0.0, "sfb": 0.055767495842695344, "dsfb": 0.0, "sfT": 0.0004323334638724185, "roll-out": 0.11312056398878001, "roll-in": 0.25564677059975127, "bad-redirect": 0.0024690803100050436, "redirect": 0.013577638074112114, "oneh-out": 0.002855341155564945, "oneh-in": 0.006156425528950179, "dsfb-red": 0.018870445482888798, "dsfb-alt": 0.06128070267110687, "alternate": 0.28707807267374946, "sfR": 0.1028716913164539, "unknown": 0.07987343889206965}, "akl": {"sft": 0.0, "sfb": 0.06225758075334141, "dsfb": 0.0, "sfT": 0.0006580780725189397, "roll-out": 0.11035743762662675, "roll-in": 0.23688072232711077, "bad-redirect": 0.00293018833721105, "redirect": 0.0138800449193114, "oneh-out": 0.004308298734980895, "oneh-in": 0.004966810487268959, "dsfb-red": 0.02174965996408388, "dsfb-alt": 0.06022777357108402, "alternate": 0.2657600776955893, "sfR": 0.11706348985084018, "unknown": 0.09895983766003248}, "keymash": {"sft": 0.0, "sfb": 0.05688941066363454, "dsfb": 0.0, "sfT": 0.0002298727900399404, "roll-out": 0.11709966216909606, "roll-in": 0.27804755903831074, "bad-redirect": 0.0028036270642371303, "redirect": 0.013681535878627167, "oneh-out": 0.002881619618000681, "oneh-in": 0.0058699658885199065, "dsfb-red": 0.021099038228665958, "dsfb-alt": 0.061142057279373434, "alternate": 0.29888388550693107, "sfR": 0.09899307508220005, "unknown": 0.0423786907923633}, "movie": {"sft": 0.0, "sfb": 0.050597000174630334, "dsfb": 0.0, "sfT": 0.0003058333768702849, "roll-out": 0.096852061263005, "roll-in": 0.24515887741253384, "bad-redirect": 0.004098483084874421, "redirect": 0.015031631514471355, "oneh-out": 0.004016234435759133, "oneh-in": 0.005935720509352066, "dsfb-red": 0.03008102873715161, "dsfb-alt": 0.0634716115168638, "alternate": 0.2668319886446857, "sfR": 0.1138359467128768, "unknown": 0.10378358261692566}}