{"english-450k": {"sft": 0.0, "sfb": 0.04458951962256936, "dsfb": 0.0, "sfT": 0.00015055829354014292, "roll-out": 0.19693200202771324, "roll-in": 0.23114060039724002, "bad-redirect": 0.0065044106271352235, "redirect": 0.060636987290541254, "oneh-out": 0.008857212853176137, "oneh-in": 0.009467924067167125, "dsfb-red": 0.029782476885647613, "dsfb-alt": 0.045786677315864284, "alternate": 0.24317006187799692, "sfR": 0.11328269117541298, "unknown": 0.009698877565995693}, "shai": {"sft": 0.0, "sfb": 0.03217835432075409, "dsfb": 0.0, "sfT": 9.943080219950688e-05, "roll-out": 0.1998426253075814, "roll-in": 0.22832031921274026, "bad-redirect": 0.01056962586770695, "redirect": 0.049295419169918066, "oneh-out": 0.009969681539667201, "oneh-in": 0.010886995519305135, "dsfb-red": 0.027049648520435603, "dsfb-alt": 0.043084841218801025, "alternate": 0.2243509711474957, "sfR": 0.09728563198976478, "unknown": 0.06706645538363028}, "tr-quotes": {"sft": 0.0, "sfb": 0.03362497399505328, "dsfb": 0.0, "sfT": 9.708513441668015e-05, "roll-out": 0.2136277478560366, "roll-in": 0.22468042809921177, "bad-redirect": 0.017201405422898223, "redirect": 0.05144818658838215, "oneh-out": 0.012330967846328101, "oneh-in": 0.010318762858001432, "dsfb-red": 0.033169598483622664, "dsfb-alt": 0.039475509119067984, "alternate": 0.22276415246989206, "sfR": 0.09591664547745082, "unknown": 0.045344536649638244}, "gutenberg": {"sft": 0.0, "sfb": 0.03211408034316851, "dsfb": 0.0, "sfT": 0.00014416138801084943, "roll-out": 0.21817301109379658, "roll-in": 0.20877258986217717, "bad-redirect": 0.01034760512130963, "redirect": 0.04523257721537787, "oneh-out": 0.010326009328624692, "oneh-in": 0.010555227829929723, "dsfb-red": 0.03313571288658837, "dsfb-alt": 0.039586035175378675, "alternate": 0.2188114130354478, "sfR": 0.09761014138424484, "unknown": 0.07519143533594529}, "english-200": {"sft": 0.0, "sfb": 0.022271714922048998, "dsfb": 0.0, "sfT": 0.0, "roll-out": 0.24498886414253898, "roll-in": 0.2516703786191537, "bad-redirect": 0.0066815144766146995, "redirect": 0.044543429844097995, "oneh-out": 0.011135857461024499, "oneh-in": 0.013363028953229399, "dsfb-red": 0.026726057906458798, "dsfb-alt": 0.035634743875278395, "alternate": 0.23608017817371937, "sfR": 0.10690423162583519, "unknown": 0.0}, "monkeyracer": {"sft": 0.0, "sfb": 0.03353105400628744, "dsfb": 0.0, "sfT": 0.0001045951483491562, "roll-out": 0.2134532821371037, "roll-in": 0.22489423182194973, "bad-redirect": 0.01754265918013044, "redirect": 0.05105709526565213, "oneh-out": 0.012218081861832741, "oneh-in": 0.010245436914462674, "dsfb-red": 0.033111695888139885, "dsfb-alt": 0.03923197835369192, "alternate": 0.22331064172544848, "sfR": 0.09605353707555875, "unknown": 0.04524571062139293}, "chained-bigrams": {"sft": 0.0, "sfb": 0.03121792029005739, "dsfb": 0.0, "sfT": 0.000176610876243175, "roll-out": 0.1957023821041238, "roll-in": 0.22088176875792556, "bad-redirect": 0.007280653512186475, "redirect": 0.04992568707799253, "oneh-out": 0.009025335219779898, "oneh-in": 0.008732498803656105, "dsfb-red": 0.03296454991172703, "dsfb-alt": 0.04714926021469909, "alternate": 0.20772815430596145, "sfR": 0.11643721321023381, "unknown": 0.07277796571541365}, "english-5k": {"sft": 0.0, "sfb": 0.038578006388186, "dsfb": 0.0, "sfT": 8.296345459824948e-05, "roll-out": 0.175592151657195, "roll-in": 0.2617911809847762, "bad-redirect": 0.006761521549757332, "redirect": 0.06483593976853196, "oneh-out": 0.00937487036960219, "oneh-in": 0.01261044509893392, "dsfb-red": 0.03048906956485668, "dsfb-alt": 0.049031401667565436, "alternate": 0.24138217115360683, "sfR": 0.10644211224955408, "unknown": 0.0030281660928361057}, "mt-quotes": {"sft": 0.0, "sfb": 0.03328313072996976, "dsfb": 0.0, "sfT": 0.00010160050680723396, "roll-out": 0.21833351262834536, "roll-in": 0.22668417781283992, "bad-redirect": 0.018818505635839877, "redirect": 0.05149651570026655, "oneh-out": 0.012698569225804137, "oneh-in": 0.010218321559627545, "dsfb-red": 0.034078005283226354, "dsfb-alt": 0.038280979189825606, "alternate": 0.22399923500794874, "sfR": 0.09572710103871578, "unknown": 0.03628034568078316}, "english-1k": {"sft": 0.0, "sfb": 0.02364149611856034, "dsfb": 0.0, "sfT": 0.00035285815102328866, "roll-out": 0.18595624558927312, "roll-in": 0.2607621736062103, "bad-redirect": 0.008468595624558928, "redirect": 0.05539872971065632, "oneh-out": 0.010938602681721948, "oneh-in": 0.019760056457304165, "dsfb-red": 0.029640084685956247, "dsfb-alt": 0.04551870148200424, "alternate": 0.2512350035285815, "sfR": 0.10832745236414962, "unknown": 0.0}, "english-10k": {"sft": 0.0, "sfb": 0.040138167924200614, "dsfb": 0.0, "sfT": 7.718878446961657e-05, "roll-out": 0.18176029022982962, "roll-in": 0.2623067868238745, "bad-redirect": 0.0065224522876826, "redirect": 0.061519461222284404, "oneh-out": 0.009436328901410626, "oneh-in": 0.011964261592790567, "dsfb-red": 0.028540553057640725, "dsfb-alt": 0.04976746878678528, "alternate": 0.23476968796433878, "sfR": 0.10543987958549622, "unknown": 0.0077574728391964646}, "reddit": {"sft": 0.0, "sfb": 0.03216756498908023, "dsfb": 0.0, "sfT": 0.00016350160888954315, "roll-out": 0.20340701393809077, "roll-in": 0.22033274543923217, "bad-redirect": 0.013093238805805225, "redirect": 0.048001675095521085, "oneh-out": 0.012480023493289598, "oneh-in": 0.010711022237155244, "dsfb-red": 0.03170597728545002, "dsfb-alt": 0.038923646246945116, "alternate": 0.20776874242540871, "sfR": 0.1028716913164539, "unknown": 0.07837315711867839}, "akl": {"sft": 0.0, "sfb": 0.03466359026629301, "dsfb": 0.0, "sfT": 0.0003058061914849827, "roll-out": 0.1906293944925891, "roll-in": 0.21344900440135403, "bad-redirect": 0.01417723946966664, "redirect": 0.04666561592254033, "oneh-out": 0.009688715813488458, "oneh-in": 0.010217743177566713, "dsfb-red": 0.03076741122048515, "dsfb-alt": 0.0401436917374463, "alternate": 0.19351460404231674, "sfR": 0.11706348985084018, "unknown": 0.09871369341392838}, "keymash": {"sft": 0.0, "sfb": 0.03363941989959485, "dsfb": 0.0, "sfT": 9.851691001711732e-05, "roll-out": 0.21390894574591668, "roll-in": 0.22458982074027248, "bad-redirect": 0.01673145521790709, "redirect": 0.05167622417522874, "oneh-out": 0.01160857589701699, "oneh-in": 0.010405848620558017, "dsfb-red": 0.034119689835928294, "dsfb-alt": 0.04051918411579021, "alternate": 0.22240192436364234, "sfR": 0.09899307508220005, "unknown": 0.04130731939592715}, "movie": {"sft": 0.0, "sfb": 0.032900249233146495, "dsfb": 0.0, "sfT": 6.171938629611171e-05, "roll-out": 0.19859745655593455, "roll-in": 0.19693682343083724, "bad-redirect": 0.02308805119261199, "redirect": 0.04592632968759068, "oneh-out": 0.01256746198697734, "oneh-in": 0.009508338631242985, "dsfb-red": 0.03610018227616622, "dsfb-alt": 0.03694490880203987, "alternate": 0.18995292613715994, "sfR": 0.1138359467128768, "unknown": 0.10357960596711975}}