{"english-450k": {"sft": 0.0, "sfb": 0.04092729876203078, "dsfb": 0.0, "sfT": 0.0017587547455097086, "roll-out": 0.2070138531170829, "roll-in": 0.16692646499066538, "bad-redirect": 0.0010658942490240021, "redirect": 0.01688971707319355, "oneh-out": 0.0061328386056021715, "oneh-in": 0.002146698154301494, "dsfb-red": 0.008421617013613393, "dsfb-alt": 0.058636754582965224, "alternate": 0.36709853996460273, "sfR": 0.11328269117541298, "unknown": 0.009698877565995693}, "shai": {"sft": 0.0, "sfb": 0.01747042156183071, "dsfb": 0.0, "sfT": 0.00020035945260653455, "roll-out": 0.2544529208117455, "roll-in": 0.15698614981949963, "bad-redirect": 0.0008408269608342495, "redirect": 0.01850908059832185, "oneh-out": 0.012242052734784417, "oneh-in": 0.0025019638454276383, "dsfb-red": 0.007005362528807453, "dsfb-alt": 0.0522254928036715, "alternate": 0.3125822694095583, "sfR": 0.09728563198976478, "unknown": 0.06769746748314746}, "tr-quotes": {"sft": 0.0, "sfb": 0.01657381937541897, "dsfb": 0.0, "sfT": 0.0001941702688333603, "roll-out": 0.27889785256928873, "roll-in": 0.14901065624927765, "bad-redirect": 0.0015383370703404915, "redirect": 0.021426920320843253, "oneh-out": 0.020111647904579182, "oneh-in": 0.003065116386583759, "dsfb-red": 0.00882318947782067, "dsfb-alt": 0.048756385659138715, "alternate": 0.31029333579898755, "sfR": 0.09591664547745082, "unknown": 0.04539192344143686}, "gutenberg": {"sft": 0.0, "sfb": 0.018518392227333227, "dsfb": 0.0, "sfT": 0.00010703177953499333, "roll-out": 0.3034176667981358, "roll-in": 0.13491819930491858, "bad-redirect": 0.0012499038608351964, "redirect": 0.02084713853852557, "oneh-out": 0.015610348249206355, "oneh-in": 0.003092365963060586, "dsfb-red": 0.007800438205154726, "dsfb-alt": 0.04541633088997777, "alternate": 0.276214734923011, "sfR": 0.09761014138424484, "unknown": 0.07519730787606137}, "english-200": {"sft": 0.0, "sfb": 0.0066815144766146995, "dsfb": 0.0, "sfT": 0.0, "roll-out": 0.311804008908686, "roll-in": 0.14699331848552338, "bad-redirect": 0.0022271714922048997, "redirect": 0.028953229398663696, "oneh-out": 0.011135857461024499, "oneh-in": 0.0022271714922048997, "dsfb-red": 0.0022271714922048997, "dsfb-alt": 0.051224944320712694, "alternate": 0.32962138084632514, "sfR": 0.10690423162583519, "unknown": 0.0}, "monkeyracer": {"sft": 0.0, "sfb": 0.016451741558096252, "dsfb": 0.0, "sfT": 0.00017693197991773153, "roll-out": 0.27935604579507956, "roll-in": 0.149162456793406, "bad-redirect": 0.001571859799490123, "redirect": 0.021366736005755664, "oneh-out": 0.020519222046702222, "oneh-in": 0.0030919107871811313, "dsfb-red": 0.008848554045388429, "dsfb-alt": 0.04857809249730203, "alternate": 0.3095312573314356, "sfR": 0.09605353707555875, "unknown": 0.04529165428468649}, "chained-bigrams": {"sft": 0.0, "sfb": 0.018681794600252318, "dsfb": 0.0, "sfT": 8.181239120088253e-05, "roll-out": 0.23950967106873605, "roll-in": 0.13842851382596946, "bad-redirect": 0.0029309613800062202, "redirect": 0.022863966121878385, "oneh-out": 0.0077202327887182015, "oneh-in": 0.003873751792892581, "dsfb-red": 0.011691380285421356, "dsfb-alt": 0.05892375150070547, "alternate": 0.3059367875910082, "sfR": 0.11643721321023381, "unknown": 0.07292016344297708}, "english-5k": {"sft": 0.0, "sfb": 0.021487534740946612, "dsfb": 0.0, "sfT": 0.00045629900029037207, "roll-out": 0.22167835068652259, "roll-in": 0.18318330775293484, "bad-redirect": 0.0011200066370763678, "redirect": 0.014601568009291906, "oneh-out": 0.008171900277927573, "oneh-in": 0.0019496411830588626, "dsfb-red": 0.006803003277056457, "dsfb-alt": 0.058530717219065005, "alternate": 0.37254739287343924, "sfR": 0.10644211224955408, "unknown": 0.0030281660928361057}, "mt-quotes": {"sft": 0.0, "sfb": 0.015767502181422647, "dsfb": 0.0, "sfT": 0.00014493013471031903, "roll-out": 0.2871977384922485, "roll-in": 0.14927355637632828, "bad-redirect": 0.0016300904842160625, "redirect": 0.02186950909025711, "oneh-out": 0.02195915659626349, "oneh-in": 0.003158580461624891, "dsfb-red": 0.00903945685564361, "dsfb-alt": 0.04803313371821996, "alternate": 0.3099009693883649, "sfR": 0.09572710103871578, "unknown": 0.03629827518198444}, "english-1k": {"sft": 0.0, "sfb": 0.01587861679604799, "dsfb": 0.0, "sfT": 0.0, "roll-out": 0.27699364855328157, "roll-in": 0.1587861679604799, "bad-redirect": 0.00035285815102328866, "redirect": 0.01587861679604799, "oneh-out": 0.013761467889908258, "oneh-in": 0.0014114326040931546, "dsfb-red": 0.007057163020465773, "dsfb-alt": 0.056810162314749474, "alternate": 0.344742413549753, "sfR": 0.10832745236414962, "unknown": 0.0}, "english-10k": {"sft": 0.0, "sfb": 0.024333764304046622, "dsfb": 0.0, "sfT": 0.0004824299029351035, "roll-out": 0.20804307134173405, "roll-in": 0.19881901159761486, "bad-redirect": 0.0005017270990525077, "redirect": 0.017772717624129214, "oneh-out": 0.006811910229443662, "oneh-in": 0.002913876613728025, "dsfb-red": 0.006445263503212983, "dsfb-alt": 0.060612493004766406, "alternate": 0.3600663823546439, "sfR": 0.10543987958549622, "unknown": 0.0077574728391964646}, "reddit": {"sft": 0.0, "sfb": 0.017419045633804715, "dsfb": 0.0, "sfT": 0.00021125981079885987, "roll-out": 0.2613449795922648, "roll-in": 0.14213417732376896, "bad-redirect": 0.0009310414640454718, "redirect": 0.02031506554017242, "oneh-out": 0.014579923538182308, "oneh-in": 0.003475785748840178, "dsfb-red": 0.009045628186104162, "dsfb-alt": 0.04895822505799812, "alternate": 0.29522951749045817, "sfR": 0.1028716913164539, "unknown": 0.0834836592971079}, "akl": {"sft": 0.0, "sfb": 0.023630033488751773, "dsfb": 0.0, "sfT": 0.0002904415368074552, "roll-out": 0.23903611077965586, "roll-in": 0.14286638289140746, "bad-redirect": 0.00086704976698386, "redirect": 0.019917053168272334, "oneh-out": 0.015260943258454184, "oneh-in": 0.0037511441401623276, "dsfb-red": 0.011968260588508403, "dsfb-alt": 0.04426358758986929, "alternate": 0.2761690116970868, "sfR": 0.11706348985084018, "unknown": 0.10491649124320006}, "keymash": {"sft": 0.0, "sfb": 0.01762221227931186, "dsfb": 0.0, "sfT": 0.00016419485002852887, "roll-out": 0.28279689507538597, "roll-in": 0.14845266878204366, "bad-redirect": 0.0013833416114903557, "redirect": 0.02071728520234963, "oneh-out": 0.019682857647169896, "oneh-in": 0.002729739381724292, "dsfb-red": 0.009038926494070513, "dsfb-alt": 0.04920509168229938, "alternate": 0.30785302918973945, "sfR": 0.09899307508220005, "unknown": 0.04136068272218642}, "movie": {"sft": 0.0, "sfb": 0.013363102519058987, "dsfb": 0.0, "sfT": 8.514380156414559e-05, "roll-out": 0.2517424540812372, "roll-in": 0.12519836729193626, "bad-redirect": 0.0006920730331156749, "redirect": 0.02195433581320687, "oneh-out": 0.02582449664813725, "oneh-in": 0.002876333957940541, "dsfb-red": 0.010672453111361118, "dsfb-alt": 0.04790003407068041, "alternate": 0.2822536761527214, "sfR": 0.1138359467128768, "unknown": 0.10360158280616336}}