{"english-450k": {"sft": 0.0, "sfb": 0.01813715831306887, "dsfb": 0.0, "sfT": 2.631115809439391e-06, "roll-out": 0.22577838637760253, "roll-in": 0.24246989272648498, "bad-redirect": 0.0016324611866566177, "redirect": 0.047306000522715004, "oneh-out": 0.009606788512665315, "oneh-in": 0.006898785652350084, "dsfb-red": 0.016342152638629107, "dsfb-alt": 0.04574721057872269, "alternate": 0.2630969636338867, "sfR": 0.11328269117541298, "unknown": 0.009698877565995693}, "shai": {"sft": 0.0, "sfb": 0.014231729270787113, "dsfb": 0.0, "sfT": 7.19121955962179e-06, "roll-out": 0.21212801888016378, "roll-in": 0.2539827203276657, "bad-redirect": 0.0025097317558992, "redirect": 0.04003531902850881, "oneh-out": 0.01389112942554154, "oneh-in": 0.013336074098821754, "dsfb-red": 0.011740594829195762, "dsfb-alt": 0.043511290601749485, "alternate": 0.22964310108919497, "sfR": 0.09728563198976478, "unknown": 0.06769746748314746}, "tr-quotes": {"sft": 0.0, "sfb": 0.018812556344051223, "dsfb": 0.0, "sfT": 4.623101638889531e-06, "roll-out": 0.21087815815630706, "roll-in": 0.2557800328240216, "bad-redirect": 0.0025380827997503524, "redirect": 0.03837521092901228, "oneh-out": 0.015501259795196598, "oneh-in": 0.020621344860266753, "dsfb-red": 0.011514990407064099, "dsfb-alt": 0.04671297473474954, "alternate": 0.23795219712905388, "sfR": 0.09591664547745082, "unknown": 0.04539192344143686}, "gutenberg": {"sft": 0.0, "sfb": 0.012947624898509246, "dsfb": 0.0, "sfT": 9.850712452778147e-06, "roll-out": 0.211644072542162, "roll-in": 0.26913358816368704, "bad-redirect": 0.0024507435961844404, "redirect": 0.03766685117808838, "oneh-out": 0.014746895415364763, "oneh-in": 0.012069585432766424, "dsfb-red": 0.01014642326313943, "dsfb-alt": 0.045296796283098864, "alternate": 0.21108011925424044, "sfR": 0.09761014138424484, "unknown": 0.07519730787606137}, "english-200": {"sft": 0.0, "sfb": 0.008908685968819599, "dsfb": 0.0, "sfT": 0.0, "roll-out": 0.23385300668151449, "roll-in": 0.289532293986637, "bad-redirect": 0.004454342984409799, "redirect": 0.031180400890868598, "oneh-out": 0.017817371937639197, "oneh-in": 0.011135857461024499, "dsfb-red": 0.0066815144766146995, "dsfb-alt": 0.0556792873051225, "alternate": 0.23385300668151449, "sfR": 0.10690423162583519, "unknown": 0.0}, "monkeyracer": {"sft": 0.0, "sfb": 0.018679520465458184, "dsfb": 0.0, "sfT": 4.887623754633467e-06, "roll-out": 0.2107171903592599, "roll-in": 0.25590229444609536, "bad-redirect": 0.002600215837465005, "redirect": 0.038488082018236704, "oneh-out": 0.0155563288862474, "oneh-in": 0.021009939471667422, "dsfb-red": 0.011465387803619187, "dsfb-alt": 0.04663672834196162, "alternate": 0.23759423338598934, "sfR": 0.09605353707555875, "unknown": 0.04529165428468649}, "chained-bigrams": {"sft": 0.0, "sfb": 0.01423275885018528, "dsfb": 0.0, "sfT": 1.75312266859034e-05, "roll-out": 0.17778287121236225, "roll-in": 0.2233088696968851, "bad-redirect": 0.003668571510198304, "redirect": 0.050186707564204874, "oneh-out": 0.007467653263502778, "oneh-in": 0.012386785610628857, "dsfb-red": 0.024113228349422023, "dsfb-alt": 0.05166452504335732, "alternate": 0.24581312101935643, "sfR": 0.11643721321023381, "unknown": 0.07292016344297708}, "english-5k": {"sft": 0.0, "sfb": 0.012568963371634795, "dsfb": 0.0, "sfT": 0.0, "roll-out": 0.2406355000622226, "roll-in": 0.26374082216783507, "bad-redirect": 0.0018666777284606132, "redirect": 0.04256025220890198, "oneh-out": 0.011531920189156676, "oneh-in": 0.006885966731654706, "dsfb-red": 0.014850458373086656, "dsfb-alt": 0.045588418301738085, "alternate": 0.2503007425229187, "sfR": 0.10644211224955408, "unknown": 0.0030281660928361057}, "mt-quotes": {"sft": 0.0, "sfb": 0.018687022627030515, "dsfb": 0.0, "sfT": 2.9882502002127633e-06, "roll-out": 0.2110870058928294, "roll-in": 0.25990007291330486, "bad-redirect": 0.0025773657976835085, "redirect": 0.03807329580091082, "oneh-out": 0.015954267818935945, "oneh-in": 0.022328205495989767, "dsfb-red": 0.011319491758405948, "dsfb-alt": 0.04711574090675464, "alternate": 0.24092916651725416, "sfR": 0.09572710103871578, "unknown": 0.03629827518198444}, "english-1k": {"sft": 0.0, "sfb": 0.009174311926605505, "dsfb": 0.0, "sfT": 0.0, "roll-out": 0.2635850388143966, "roll-in": 0.27240649258997884, "bad-redirect": 0.0014114326040931546, "redirect": 0.043754410726887794, "oneh-out": 0.02117148906139732, "oneh-in": 0.0067043048694424845, "dsfb-red": 0.01305575158786168, "dsfb-alt": 0.03987297106563162, "alternate": 0.2205363443895554, "sfR": 0.10832745236414962, "unknown": 0.0}, "english-10k": {"sft": 0.0, "sfb": 0.013778198027826557, "dsfb": 0.0, "sfT": 0.0, "roll-out": 0.24156230099766504, "roll-in": 0.2609366858995388, "bad-redirect": 0.002026205592327435, "redirect": 0.04170124080971035, "oneh-out": 0.01472376063757936, "oneh-in": 0.006040022384747496, "dsfb-red": 0.014222033538526852, "dsfb-alt": 0.04542559966036935, "alternate": 0.24638660002701607, "sfR": 0.10543987958549622, "unknown": 0.0077574728391964646}, "reddit": {"sft": 0.0, "sfb": 0.01605690680052448, "dsfb": 0.0, "sfT": 2.2998851742996448e-05, "roll-out": 0.20030550266256658, "roll-in": 0.23810508939492606, "bad-redirect": 0.002605762410998845, "redirect": 0.036920760902401525, "oneh-out": 0.014147627531723151, "oneh-in": 0.01609964570905666, "dsfb-red": 0.010530852079364017, "dsfb-alt": 0.045183192034606155, "alternate": 0.23366631100852775, "sfR": 0.1028716913164539, "unknown": 0.0834836592971079}, "akl": {"sft": 0.0, "sfb": 0.018721398044798127, "dsfb": 0.0, "sfT": 8.630227405562822e-05, "roll-out": 0.18334307873728808, "roll-in": 0.23045389791996032, "bad-redirect": 0.002989974191097397, "redirect": 0.03210252536685901, "oneh-out": 0.015218752412343715, "oneh-in": 0.016480946403252053, "dsfb-red": 0.012412286717838401, "dsfb-alt": 0.0423723720709733, "alternate": 0.22383848476749374, "sfR": 0.11706348985084018, "unknown": 0.10491649124320006}, "keymash": {"sft": 0.0, "sfb": 0.01889882723828367, "dsfb": 0.0, "sfT": 2.052435625356611e-05, "roll-out": 0.211614322716768, "roll-in": 0.2596864699338705, "bad-redirect": 0.0025655445316957633, "redirect": 0.03791669574283803, "oneh-out": 0.01643590448785574, "oneh-in": 0.019769059943434874, "dsfb-red": 0.011374598235726336, "dsfb-alt": 0.046606708180597915, "alternate": 0.23475758682828912, "sfR": 0.09899307508220005, "unknown": 0.04136068272218642}, "movie": {"sft": 0.0, "sfb": 0.025587620538685223, "dsfb": 0.0, "sfT": 1.4344164405706134e-05, "roll-out": 0.17566113767121044, "roll-in": 0.2182001389936371, "bad-redirect": 0.0033521917422619485, "redirect": 0.030440685630002937, "oneh-out": 0.015303117855471095, "oneh-in": 0.027132579163666785, "dsfb-red": 0.012256233098725094, "dsfb-alt": 0.04570550851444596, "alternate": 0.22890891310844755, "sfR": 0.1138359467128768, "unknown": 0.10360158280616336}}