{"english-450k": {"sft": 0.0, "sfb": 0.02131905436528424, "dsfb": 0.0, "sfT": 1.0524463237757564e-05, "roll-out": 0.1987167755851163, "roll-in": 0.29964286988079875, "bad-redirect": 0.022734594670762633, "redirect": 0.03311463888520208, "oneh-out": 0.01498215811134999, "oneh-in": 0.028140660620557433, "dsfb-red": 0.02694847281268034, "dsfb-alt": 0.03833214153532039, "alternate": 0.1930765403282814, "sfR": 0.11328269117541298, "unknown": 0.009698877565995693}, "shai": {"sft": 0.0, "sfb": 0.014973477636623109, "dsfb": 0.0, "sfT": 7.16799710679201e-06, "roll-out": 0.16100605703496343, "roll-in": 0.3285578191082392, "bad-redirect": 0.01849597152369944, "redirect": 0.03177021584186191, "oneh-out": 0.017391329757901284, "oneh-in": 0.027996842056047855, "dsfb-red": 0.021208493348934692, "dsfb-alt": 0.030949816898700255, "alternate": 0.18265970932300976, "sfR": 0.09728563198976478, "unknown": 0.06769746748314746}, "tr-quotes": {"sft": 0.0, "sfb": 0.014791613693627054, "dsfb": 0.0, "sfT": 4.623101638889531e-06, "roll-out": 0.16655301541804396, "roll-in": 0.33465476988511594, "bad-redirect": 0.01831094981623171, "redirect": 0.03644159866854673, "oneh-out": 0.01614271514759252, "oneh-in": 0.03077136450844872, "dsfb-red": 0.019507177365294375, "dsfb-alt": 0.029160213587295716, "alternate": 0.19235338988927672, "sfR": 0.09591664547745082, "unknown": 0.04539192344143686}, "gutenberg": {"sft": 0.0, "sfb": 0.01659636667837386, "dsfb": 0.0, "sfT": 1.9701424905556293e-05, "roll-out": 0.15566228423624584, "roll-in": 0.32184171951005586, "bad-redirect": 0.01807700453473759, "redirect": 0.029870959455604165, "oneh-out": 0.01558761583585379, "oneh-in": 0.03262783288493648, "dsfb-red": 0.02217755302998443, "dsfb-alt": 0.026371872730310605, "alternate": 0.18835964041868558, "sfR": 0.09761014138424484, "unknown": 0.07519730787606137}, "english-200": {"sft": 0.0, "sfb": 0.004454342984409799, "dsfb": 0.0, "sfT": 0.0, "roll-out": 0.1514476614699332, "roll-in": 0.33407572383073497, "bad-redirect": 0.024498886414253896, "redirect": 0.035634743875278395, "oneh-out": 0.017817371937639197, "oneh-in": 0.0467706013363029, "dsfb-red": 0.015590200445434299, "dsfb-alt": 0.0334075723830735, "alternate": 0.22939866369710468, "sfR": 0.10690423162583519, "unknown": 0.0}, "monkeyracer": {"sft": 0.0, "sfb": 0.014635500570874455, "dsfb": 0.0, "sfT": 3.9100990037067735e-06, "roll-out": 0.16684587953766988, "roll-in": 0.33412969016375493, "bad-redirect": 0.01829046561458936, "redirect": 0.036408886873015626, "oneh-out": 0.016326618389977635, "oneh-in": 0.03081060262445845, "dsfb-red": 0.019430259474169886, "dsfb-alt": 0.029051058072790403, "alternate": 0.19272193721945038, "sfR": 0.09605353707555875, "unknown": 0.04529165428468649}, "chained-bigrams": {"sft": 0.0, "sfb": 0.015930690619949627, "dsfb": 0.0, "sfT": 1.8829836070044392e-05, "roll-out": 0.13892847843886375, "roll-in": 0.2898139027822057, "bad-redirect": 0.019197342525756295, "redirect": 0.035959143151556155, "oneh-out": 0.012139400522949999, "oneh-in": 0.03179904798946049, "dsfb-red": 0.030479011550481168, "dsfb-alt": 0.038257681761485716, "alternate": 0.19811909416801018, "sfR": 0.11643721321023381, "unknown": 0.07292016344297708}, "english-5k": {"sft": 0.0, "sfb": 0.015140830464180528, "dsfb": 0.0, "sfT": 0.0, "roll-out": 0.18550628448168582, "roll-in": 0.3377857053967727, "bad-redirect": 0.024308292197287095, "redirect": 0.030157215746463684, "oneh-out": 0.017712697556726262, "oneh-in": 0.02775127556311445, "dsfb-red": 0.028332019745302195, "dsfb-alt": 0.03314390011200066, "alternate": 0.1906915003940764, "sfR": 0.10644211224955408, "unknown": 0.0030281660928361057}, "mt-quotes": {"sft": 0.0, "sfb": 0.014092587944203393, "dsfb": 0.0, "sfT": 1.4941251001063816e-06, "roll-out": 0.16772151898734178, "roll-in": 0.3392485746046545, "bad-redirect": 0.018401644732910196, "redirect": 0.037084184984640396, "oneh-out": 0.01636814047166541, "oneh-in": 0.03143489798113817, "dsfb-red": 0.01907400102795807, "dsfb-alt": 0.028748461051146892, "alternate": 0.1957991178685409, "sfR": 0.09572710103871578, "unknown": 0.03629827518198444}, "english-1k": {"sft": 0.0, "sfb": 0.012350035285815103, "dsfb": 0.0, "sfT": 0.0, "roll-out": 0.19054340155257588, "roll-in": 0.331333803810868, "bad-redirect": 0.02081863091037403, "redirect": 0.03387438249823571, "oneh-out": 0.01799576570218772, "oneh-in": 0.03669724770642202, "dsfb-red": 0.02081863091037403, "dsfb-alt": 0.030345800988002825, "alternate": 0.19689484827099507, "sfR": 0.10832745236414962, "unknown": 0.0}, "english-10k": {"sft": 0.0, "sfb": 0.017502556878485558, "dsfb": 0.0, "sfT": 0.0, "roll-out": 0.18698983037764613, "roll-in": 0.3308890218251288, "bad-redirect": 0.02101464657185311, "redirect": 0.029891356785859014, "oneh-out": 0.01620964473861948, "oneh-in": 0.026688022230369927, "dsfb-red": 0.025530190463325678, "dsfb-alt": 0.035950676366723916, "alternate": 0.1961367013372957, "sfR": 0.10543987958549622, "unknown": 0.0077574728391964646}, "reddit": {"sft": 0.0, "sfb": 0.014202128068019666, "dsfb": 0.0, "sfT": 2.56583280846133e-05, "roll-out": 0.1543076868043339, "roll-in": 0.31459440082840817, "bad-redirect": 0.017098260346627158, "redirect": 0.03439433329269204, "oneh-out": 0.01781212372857834, "oneh-in": 0.026957388633959977, "dsfb-red": 0.018939704240010624, "dsfb-alt": 0.02914943391547772, "alternate": 0.186163531200246, "sfR": 0.1028716913164539, "unknown": 0.0834836592971079}, "akl": {"sft": 0.0, "sfb": 0.017047579998738613, "dsfb": 0.0, "sfT": 8.215133912258653e-05, "roll-out": 0.14388497276057371, "roll-in": 0.2982047764002869, "bad-redirect": 0.016277116911763884, "redirect": 0.03417718742809434, "oneh-out": 0.019462494815977904, "oneh-in": 0.02540985526123568, "dsfb-red": 0.01706994548397485, "dsfb-alt": 0.03150113543558982, "alternate": 0.17490280307060146, "sfR": 0.11706348985084018, "unknown": 0.10491649124320006}, "keymash": {"sft": 0.0, "sfb": 0.01540558180392672, "dsfb": 0.0, "sfT": 8.209742501426442e-06, "roll-out": 0.16627601975264045, "roll-in": 0.3331636653216372, "bad-redirect": 0.018069643245639602, "redirect": 0.03662366129886336, "oneh-out": 0.01623066092532008, "oneh-in": 0.0323833292968766, "dsfb-red": 0.019338048462109986, "dsfb-alt": 0.02925541740383313, "alternate": 0.192892004942265, "sfR": 0.09899307508220005, "unknown": 0.04136068272218642}, "movie": {"sft": 0.0, "sfb": 0.01606138460139475, "dsfb": 0.0, "sfT": 1.2764990342692615e-05, "roll-out": 0.15062964959838313, "roll-in": 0.30102663421814896, "bad-redirect": 0.015502093787410798, "redirect": 0.0354787772823704, "oneh-out": 0.013381131422945057, "oneh-in": 0.029163002215186418, "dsfb-red": 0.019634923908155764, "dsfb-alt": 0.0259002970031619, "alternate": 0.17577181145345996, "sfR": 0.1138359467128768, "unknown": 0.10360158280616336}}