{"english-450k": {"sft": 0.0, "sfb": 0.04540019563807774, "dsfb": 0.0, "sfT": 0.0017739567479642473, "roll-out": 0.15314146457261033, "roll-in": 0.21510570361591322, "bad-redirect": 0.003305558495259022, "redirect": 0.013668061937635539, "oneh-out": 0.00342746686109638, "oneh-in": 0.00803045779661007, "dsfb-red": 0.0074302710458568405, "dsfb-alt": 0.061211447575602186, "alternate": 0.36452384697196577, "sfR": 0.11328269117541298, "unknown": 0.009698877565995693}, "shai": {"sft": 0.0, "sfb": 0.02296330960824341, "dsfb": 0.0, "sfT": 0.00021450966719748033, "roll-out": 0.20990631520671235, "roll-in": 0.19578446684189812, "bad-redirect": 0.0032063085805724674, "redirect": 0.014694165714804128, "oneh-out": 0.01087062369006014, "oneh-in": 0.00656813792774597, "dsfb-red": 0.006001301076623876, "dsfb-alt": 0.0624951619889938, "alternate": 0.302312600224236, "sfR": 0.09728563198976478, "unknown": 0.06769746748314746}, "tr-quotes": {"sft": 0.0, "sfb": 0.021150689997919605, "dsfb": 0.0, "sfT": 0.00020226069670141697, "roll-out": 0.23717551605372045, "roll-in": 0.18615958946857447, "bad-redirect": 0.003239638473451839, "redirect": 0.018360648158849774, "oneh-out": 0.019190494903030444, "oneh-in": 0.006219227479716142, "dsfb-red": 0.007943644391021937, "dsfb-alt": 0.06293774993643235, "alternate": 0.2961119715216939, "sfR": 0.09591664547745082, "unknown": 0.04539192344143686}, "gutenberg": {"sft": 0.0, "sfb": 0.022617046354800687, "dsfb": 0.0, "sfT": 0.0001290064457758061, "roll-out": 0.26088683690971026, "roll-in": 0.17267976887197597, "bad-redirect": 0.0032363379142934974, "redirect": 0.017680892232069145, "oneh-out": 0.014195066081231248, "oneh-in": 0.006927324095638294, "dsfb-red": 0.0072092060212101, "dsfb-alt": 0.054543963161366414, "alternate": 0.26708710265162233, "sfR": 0.09761014138424484, "unknown": 0.07519730787606137}, "english-200": {"sft": 0.0, "sfb": 0.015590200445434299, "dsfb": 0.0, "sfT": 0.0, "roll-out": 0.26280623608017817, "roll-in": 0.18930957683741648, "bad-redirect": 0.0, "redirect": 0.024498886414253896, "oneh-out": 0.011135857461024499, "oneh-in": 0.0066815144766146995, "dsfb-red": 0.0022271714922048997, "dsfb-alt": 0.0779510022271715, "alternate": 0.3028953229398664, "sfR": 0.10690423162583519, "unknown": 0.0}, "monkeyracer": {"sft": 0.0, "sfb": 0.02098647887764518, "dsfb": 0.0, "sfT": 0.00018377465317421837, "roll-out": 0.23787673803900714, "roll-in": 0.18609138683391463, "bad-redirect": 0.0032571124700877425, "redirect": 0.018330544129377357, "oneh-out": 0.019611101553091325, "oneh-in": 0.006232697811908597, "dsfb-red": 0.007975624442810893, "dsfb-alt": 0.06313050346434772, "alternate": 0.2949788463643899, "sfR": 0.09605353707555875, "unknown": 0.04529165428468649}, "chained-bigrams": {"sft": 0.0, "sfb": 0.023858700910130388, "dsfb": 0.0, "sfT": 9.349987565815147e-05, "roll-out": 0.19614196138065554, "roll-in": 0.17695241051120408, "bad-redirect": 0.00334911360169962, "redirect": 0.020942673538041787, "oneh-out": 0.005715829204296579, "oneh-in": 0.007498819888722162, "dsfb-red": 0.011229075344667163, "dsfb-alt": 0.06048013484759845, "alternate": 0.30438040424411517, "sfR": 0.11643721321023381, "unknown": 0.07292016344297708}, "english-5k": {"sft": 0.0, "sfb": 0.03065499647405318, "dsfb": 0.0, "sfT": 0.0004977807275894969, "roll-out": 0.15198904882399303, "roll-in": 0.2436636661550587, "bad-redirect": 0.0013274152735719916, "redirect": 0.011407475007259303, "oneh-out": 0.0041896544572115986, "oneh-in": 0.010536358733977683, "dsfb-red": 0.005185215912390592, "dsfb-alt": 0.06587298295101009, "alternate": 0.36520512714149417, "sfR": 0.10644211224955408, "unknown": 0.0030281660928361057}, "mt-quotes": {"sft": 0.0, "sfb": 0.020075064845029345, "dsfb": 0.0, "sfT": 0.0001464242598104254, "roll-out": 0.24573277871409618, "roll-in": 0.18635774136096867, "bad-redirect": 0.0034379818553447843, "redirect": 0.018869305889243494, "oneh-out": 0.02113738779120498, "oneh-in": 0.006027300653829144, "dsfb-red": 0.008256535303187866, "dsfb-alt": 0.06353617575692377, "alternate": 0.29439792734966114, "sfR": 0.09572710103871578, "unknown": 0.03629827518198444}, "english-1k": {"sft": 0.0, "sfb": 0.025052928722653495, "dsfb": 0.0, "sfT": 0.0, "roll-out": 0.20359915314043756, "roll-in": 0.22335920959774172, "bad-redirect": 0.0, "redirect": 0.014114326040931546, "oneh-out": 0.008468595624558928, "oneh-in": 0.009174311926605505, "dsfb-red": 0.006351446718419196, "dsfb-alt": 0.07304163726182075, "alternate": 0.3285109386026817, "sfR": 0.10832745236414962, "unknown": 0.0}, "english-10k": {"sft": 0.0, "sfb": 0.031570212848073174, "dsfb": 0.0, "sfT": 0.0005210242951699118, "roll-out": 0.15493718762663786, "roll-in": 0.24412882808127978, "bad-redirect": 0.004534841087589973, "redirect": 0.012195827946199417, "oneh-out": 0.004322571930298527, "oneh-in": 0.00866444105671446, "dsfb-red": 0.005248837343933927, "dsfb-alt": 0.06543679203411744, "alternate": 0.35524208332529283, "sfR": 0.10543987958549622, "unknown": 0.0077574728391964646}, "reddit": {"sft": 0.0, "sfb": 0.020721740675960224, "dsfb": 0.0, "sfT": 0.00021616673193620926, "roll-out": 0.22009264342022142, "roll-in": 0.17969336237781158, "bad-redirect": 0.0028425307202292692, "redirect": 0.01717695837189106, "oneh-out": 0.014030535657865486, "oneh-in": 0.0067130052326133454, "dsfb-red": 0.0079699636494533, "dsfb-alt": 0.05958193406483916, "alternate": 0.28460580848361716, "sfR": 0.1028716913164539, "unknown": 0.0834836592971079}, "akl": {"sft": 0.0, "sfb": 0.026420205214788578, "dsfb": 0.0, "sfT": 0.0002805908106230727, "roll-out": 0.20640716012733334, "roll-in": 0.17236243089157993, "bad-redirect": 0.0029262852192889362, "redirect": 0.01690031473999473, "oneh-out": 0.015273581926011505, "oneh-in": 0.0065739038031361495, "dsfb-red": 0.010442946886247407, "dsfb-alt": 0.05760438269340166, "alternate": 0.26282821659355443, "sfR": 0.11706348985084018, "unknown": 0.10491649124320006}, "keymash": {"sft": 0.0, "sfb": 0.02245364574140132, "dsfb": 0.0, "sfT": 0.00018471920628209497, "roll-out": 0.24063986733056117, "roll-in": 0.1856304876997533, "bad-redirect": 0.0032182190605591653, "redirect": 0.017437493073029765, "oneh-out": 0.018685373933246582, "oneh-in": 0.00637076018110692, "dsfb-red": 0.007967555097634364, "dsfb-alt": 0.06255002811836807, "alternate": 0.2945080927536708, "sfR": 0.09899307508220005, "unknown": 0.04136068272218642}, "movie": {"sft": 0.0, "sfb": 0.01651355477477096, "dsfb": 0.0, "sfT": 9.738240055250037e-05, "roll-out": 0.2251061303668724, "roll-in": 0.1483714306882738, "bad-redirect": 0.0021058286130285282, "redirect": 0.01997707828847536, "oneh-out": 0.02550037117170373, "oneh-in": 0.004890833670991454, "dsfb-red": 0.009846150282889293, "dsfb-alt": 0.05994307867089868, "alternate": 0.27021063155250313, "sfR": 0.1138359467128768, "unknown": 0.10360158280616336}}