{"english-450k": {"sft": 0.0, "sfb": 0.027012496630710033, "dsfb": 0.0, "sfT": 4.122081434788379e-05, "roll-out": 0.1936717571936168, "roll-in": 0.17608947197013858, "bad-redirect": 0.0021923041616651105, "redirect": 0.014769914769388546, "oneh-out": 0.0036364943948462873, "oneh-in": 0.0025866791868799704, "dsfb-red": 0.007847449074753508, "dsfb-alt": 0.06420507267434211, "alternate": 0.38496557038790247, "sfR": 0.11328269117541298, "unknown": 0.009698877565995693}, "shai": {"sft": 0.0, "sfb": 0.01731215280497815, "dsfb": 0.0, "sfT": 1.1955692798531598e-05, "roll-out": 0.23210564095053524, "roll-in": 0.1703356000511513, "bad-redirect": 0.0022176358737974254, "redirect": 0.013763208544128698, "oneh-out": 0.011124181911690895, "oneh-in": 0.0021482278326980186, "dsfb-red": 0.006850956439942248, "dsfb-alt": 0.04912752470636757, "alternate": 0.33001981571899963, "sfR": 0.09728563198976478, "unknown": 0.06769746748314746}, "tr-quotes": {"sft": 0.0, "sfb": 0.018031252167078893, "dsfb": 0.0, "sfT": 6.934652458334297e-06, "roll-out": 0.24695915489702042, "roll-in": 0.1729837497977393, "bad-redirect": 0.002123159427660017, "redirect": 0.016497538198377293, "oneh-out": 0.017130903122905158, "oneh-in": 0.002252606273548924, "dsfb-red": 0.007970227225445551, "dsfb-alt": 0.04521277825292989, "alternate": 0.32952312706594855, "sfR": 0.09591664547745082, "unknown": 0.04539192344143686}, "gutenberg": {"sft": 0.0, "sfb": 0.01838938578155742, "dsfb": 0.0, "sfT": 2.4247907576069284e-05, "roll-out": 0.2721274470022198, "roll-in": 0.15819297015272013, "bad-redirect": 0.00249715560677926, "redirect": 0.015187335924070709, "oneh-out": 0.012745495856449357, "oneh-in": 0.0026900022467201863, "dsfb-red": 0.0075251865668107525, "dsfb-alt": 0.03928274689389987, "alternate": 0.2985305768008902, "sfR": 0.09761014138424484, "unknown": 0.07519730787606137}, "english-200": {"sft": 0.0, "sfb": 0.017817371937639197, "dsfb": 0.0, "sfT": 0.0, "roll-out": 0.2717149220489978, "roll-in": 0.1714922048997773, "bad-redirect": 0.004454342984409799, "redirect": 0.011135857461024499, "oneh-out": 0.008908685968819599, "oneh-in": 0.0, "dsfb-red": 0.004454342984409799, "dsfb-alt": 0.051224944320712694, "alternate": 0.3518930957683742, "sfR": 0.10690423162583519, "unknown": 0.0}, "monkeyracer": {"sft": 0.0, "sfb": 0.017968859971534478, "dsfb": 0.0, "sfT": 9.775247509266934e-06, "roll-out": 0.24709675148974772, "roll-in": 0.17319881289394248, "bad-redirect": 0.002142734254031312, "redirect": 0.01648693244912961, "oneh-out": 0.017420468586264604, "oneh-in": 0.002286430392417536, "dsfb-red": 0.007951186324037724, "dsfb-alt": 0.04508148646323725, "alternate": 0.3290113705679028, "sfR": 0.09605353707555875, "unknown": 0.04529165428468649}, "chained-bigrams": {"sft": 0.0, "sfb": 0.017503306584144368, "dsfb": 0.0, "sfT": 3.4413148679736306e-05, "roll-out": 0.2195149823811172, "roll-in": 0.1481284766208106, "bad-redirect": 0.004464619062676732, "redirect": 0.014812587940204233, "oneh-out": 0.006308644388156942, "oneh-in": 0.0031023778187128314, "dsfb-red": 0.010237587079875515, "dsfb-alt": 0.06649204699147918, "alternate": 0.32004358133093175, "sfR": 0.11643721321023381, "unknown": 0.07292016344297708}, "english-5k": {"sft": 0.0, "sfb": 0.01796158792052101, "dsfb": 0.0, "sfT": 0.0, "roll-out": 0.2055834404944622, "roll-in": 0.19077446384867466, "bad-redirect": 0.0029866843655369808, "redirect": 0.013149707553822542, "oneh-out": 0.002779275729041357, "oneh-in": 0.0038578006388186002, "dsfb-red": 0.006803003277056457, "dsfb-alt": 0.0620566640394906, "alternate": 0.3845770937901854, "sfR": 0.10644211224955408, "unknown": 0.0030281660928361057}, "mt-quotes": {"sft": 0.0, "sfb": 0.01780100644266743, "dsfb": 0.0, "sfT": 8.96475060063829e-06, "roll-out": 0.2532228278409295, "roll-in": 0.1747767777100441, "bad-redirect": 0.0021306223927517005, "redirect": 0.016928437384205304, "oneh-out": 0.018712422753732326, "oneh-in": 0.002274058402361913, "dsfb-red": 0.008011498786770418, "dsfb-alt": 0.04428287971695294, "alternate": 0.32982512759828353, "sfR": 0.09572710103871578, "unknown": 0.03629827518198444}, "english-1k": {"sft": 0.0, "sfb": 0.016231474947071278, "dsfb": 0.0, "sfT": 0.0, "roll-out": 0.2300635144671842, "roll-in": 0.19089625970359916, "bad-redirect": 0.0014114326040931546, "redirect": 0.011997177134791814, "oneh-out": 0.007057163020465773, "oneh-in": 0.004234297812279464, "dsfb-red": 0.006351446718419196, "dsfb-alt": 0.05222300635144672, "alternate": 0.37120677487649967, "sfR": 0.10832745236414962, "unknown": 0.0}, "english-10k": {"sft": 0.0, "sfb": 0.019914706393161074, "dsfb": 0.0, "sfT": 0.0, "roll-out": 0.20630632369116766, "roll-in": 0.1933386079002721, "bad-redirect": 0.002026205592327435, "redirect": 0.014993921383223018, "oneh-out": 0.005692672854634221, "oneh-in": 0.0034541981050153414, "dsfb-red": 0.006136508365334517, "dsfb-alt": 0.06078616776982305, "alternate": 0.3741533355203489, "sfR": 0.10543987958549622, "unknown": 0.0077574728391964646}, "reddit": {"sft": 0.0, "sfb": 0.017041287621055338, "dsfb": 0.0, "sfT": 7.304195586130793e-05, "roll-out": 0.2340230928698503, "roll-in": 0.16371204463725023, "bad-redirect": 0.0022084890859398543, "redirect": 0.01640690887004656, "oneh-out": 0.013105749581834802, "oneh-in": 0.0022266559313720256, "dsfb-red": 0.007792003479044544, "dsfb-alt": 0.04547423613565352, "alternate": 0.31158113921852976, "sfR": 0.1028716913164539, "unknown": 0.0834836592971079}, "akl": {"sft": 0.0, "sfb": 0.021383262513427037, "dsfb": 0.0, "sfT": 0.00010625154343532118, "roll-out": 0.2114608304769325, "roll-in": 0.15927632972102868, "bad-redirect": 0.0024015946529019187, "redirect": 0.018688562290850187, "oneh-out": 0.014697345421351492, "oneh-in": 0.003015685205981163, "dsfb-red": 0.010688905269593311, "dsfb-alt": 0.04289538987253656, "alternate": 0.29340586193792156, "sfR": 0.11706348985084018, "unknown": 0.10491649124320006}, "keymash": {"sft": 0.0, "sfb": 0.01779872174309253, "dsfb": 0.0, "sfT": 1.6419485002852885e-05, "roll-out": 0.24880445624822978, "roll-in": 0.17279455529877305, "bad-redirect": 0.0022207353466358526, "redirect": 0.01623476579657079, "oneh-out": 0.016866915969180628, "oneh-in": 0.002499866591684352, "dsfb-red": 0.008107120720158612, "dsfb-alt": 0.044763620989027676, "alternate": 0.3295390640072574, "sfR": 0.09899307508220005, "unknown": 0.04136068272218642}, "movie": {"sft": 0.0, "sfb": 0.016278784230736282, "dsfb": 0.0, "sfT": 6.382495171346307e-05, "roll-out": 0.21874087451238067, "roll-in": 0.14902665632658582, "bad-redirect": 0.0015140331329142117, "redirect": 0.017253792616808546, "oneh-out": 0.022410717117417777, "oneh-in": 0.0025045700639394416, "dsfb-red": 0.01081681594028827, "dsfb-alt": 0.041855350550980414, "alternate": 0.3020970510371949, "sfR": 0.1138359467128768, "unknown": 0.10360158280616336}}