{"english-450k": {"sft": 0.0, "sfb": 0.04519759972075091, "dsfb": 0.0, "sfT": 0.0004010989878389827, "roll-out": 0.20707933866611783, "roll-in": 0.2148224201470969, "bad-redirect": 0.019139613436465277, "redirect": 0.06221302566039545, "oneh-out": 0.030645775217344785, "oneh-in": 0.03949860287750519, "dsfb-red": 0.02514118859779653, "dsfb-alt": 0.0365950204086883, "alternate": 0.19628474753859115, "sfR": 0.11328269117541298, "unknown": 0.009698877565995693}, "shai": {"sft": 0.0, "sfb": 0.03804965610643686, "dsfb": 0.0, "sfT": 0.00035118154291834396, "roll-out": 0.19829762003918092, "roll-in": 0.20336168227163892, "bad-redirect": 0.012568486883803826, "redirect": 0.04701236951690796, "oneh-out": 0.06002484260595554, "oneh-in": 0.05239961862539799, "dsfb-red": 0.024103117908443467, "dsfb-alt": 0.026794991102704238, "alternate": 0.1720533339236997, "sfR": 0.09728563198976478, "unknown": 0.06769746748314746}, "tr-quotes": {"sft": 0.0, "sfb": 0.0385058135503109, "dsfb": 0.0, "sfT": 0.0006067820901042509, "roll-out": 0.20583666581909804, "roll-in": 0.20607359977809112, "bad-redirect": 0.010785696123529276, "redirect": 0.04951226277709715, "oneh-out": 0.07713067196782321, "oneh-in": 0.054566468643813135, "dsfb-red": 0.026568965118698135, "dsfb-alt": 0.025123090081135432, "alternate": 0.16398141513141165, "sfR": 0.09591664547745082, "unknown": 0.04539192344143686}, "gutenberg": {"sft": 0.0, "sfb": 0.03745202987190664, "dsfb": 0.0, "sfT": 0.0005791082301565922, "roll-out": 0.20057433442335254, "roll-in": 0.18920661225284657, "bad-redirect": 0.010956076052046617, "redirect": 0.04778220680964597, "oneh-out": 0.07943254592042216, "oneh-in": 0.051761326330234524, "dsfb-red": 0.020889382940005752, "dsfb-alt": 0.02976961077940731, "alternate": 0.1587893171296691, "sfR": 0.09761014138424484, "unknown": 0.07519730787606137}, "english-200": {"sft": 0.0, "sfb": 0.022271714922048998, "dsfb": 0.0, "sfT": 0.0, "roll-out": 0.24721603563474387, "roll-in": 0.24721603563474387, "bad-redirect": 0.008908685968819599, "redirect": 0.0334075723830735, "oneh-out": 0.0757238307349666, "oneh-in": 0.0400890868596882, "dsfb-red": 0.028953229398663696, "dsfb-alt": 0.026726057906458798, "alternate": 0.16258351893095768, "sfR": 0.10690423162583519, "unknown": 0.0}, "monkeyracer": {"sft": 0.0, "sfb": 0.038337543206593994, "dsfb": 0.0, "sfT": 0.0005894474248087962, "roll-out": 0.20619516086147302, "roll-in": 0.20564872452570498, "bad-redirect": 0.010783075527472355, "redirect": 0.04943635922861567, "oneh-out": 0.07749620720396641, "oneh-in": 0.054671981794579036, "dsfb-red": 0.026550549759919922, "dsfb-alt": 0.02506080203950764, "alternate": 0.16388495706711295, "sfR": 0.09605353707555875, "unknown": 0.04529165428468649}, "chained-bigrams": {"sft": 0.0, "sfb": 0.03744215506824517, "dsfb": 0.0, "sfT": 0.0004733431205193918, "roll-out": 0.22079735914795642, "roll-in": 0.1983060939193265, "bad-redirect": 0.016475457256596774, "redirect": 0.05330531800021947, "oneh-out": 0.04068023756760073, "oneh-in": 0.0350449221451209, "dsfb-red": 0.029165468158422553, "dsfb-alt": 0.03462482200935128, "alternate": 0.14432744695342992, "sfR": 0.11643721321023381, "unknown": 0.07292016344297708}, "english-5k": {"sft": 0.0, "sfb": 0.04173061766291948, "dsfb": 0.0, "sfT": 8.296345459824948e-05, "roll-out": 0.20603973949475257, "roll-in": 0.23412286887626002, "bad-redirect": 0.017131953374538517, "redirect": 0.05761811921848426, "oneh-out": 0.03268760111171029, "oneh-in": 0.04828473057618119, "dsfb-red": 0.02708756792632845, "dsfb-alt": 0.0311942589289418, "alternate": 0.194549301032895, "sfR": 0.10644211224955408, "unknown": 0.0030281660928361057}, "mt-quotes": {"sft": 0.0, "sfb": 0.037512998888370924, "dsfb": 0.0, "sfT": 0.0005573086623396803, "roll-out": 0.20958391604212237, "roll-in": 0.20663003071921207, "bad-redirect": 0.01052611133024946, "redirect": 0.04995009622165645, "oneh-out": 0.08170473697421737, "oneh-in": 0.056268751270006336, "dsfb-red": 0.027314100955044763, "dsfb-alt": 0.024629158150153596, "alternate": 0.16329741456592678, "sfR": 0.09572710103871578, "unknown": 0.03629827518198444}, "english-1k": {"sft": 0.0, "sfb": 0.035638673253352154, "dsfb": 0.0, "sfT": 0.00035285815102328866, "roll-out": 0.21983062808750883, "roll-in": 0.23712067748764998, "bad-redirect": 0.01305575158786168, "redirect": 0.05469301340860974, "oneh-out": 0.04410726887791108, "oneh-in": 0.03987297106563162, "dsfb-red": 0.02328863796753705, "dsfb-alt": 0.02893436838390967, "alternate": 0.19477769936485534, "sfR": 0.10832745236414962, "unknown": 0.0}, "english-10k": {"sft": 0.0, "sfb": 0.043534474440863745, "dsfb": 0.0, "sfT": 9.64859805870207e-05, "roll-out": 0.20402925454931398, "roll-in": 0.22620173288821135, "bad-redirect": 0.01640261669979352, "redirect": 0.0554408444453021, "oneh-out": 0.02892649697998881, "oneh-in": 0.05766002199880357, "dsfb-red": 0.0242372783234596, "dsfb-alt": 0.031068485749020668, "alternate": 0.19920495551996295, "sfR": 0.10543987958549622, "unknown": 0.0077574728391964646}, "reddit": {"sft": 0.0, "sfb": 0.03555495124262159, "dsfb": 0.0, "sfT": 0.0002471814701173185, "roll-out": 0.2004300860190767, "roll-in": 0.1986496227944841, "bad-redirect": 0.010368886224418226, "redirect": 0.04742498076093611, "oneh-out": 0.0627873522047527, "oneh-in": 0.050519375127940476, "dsfb-red": 0.02503518655758319, "dsfb-alt": 0.025264538298987695, "alternate": 0.1573624886855201, "sfR": 0.1028716913164539, "unknown": 0.0834836592971079}, "akl": {"sft": 0.0, "sfb": 0.0407115644179875, "dsfb": 0.0, "sfT": 0.0002465779258732235, "roll-out": 0.18618863756526727, "roll-in": 0.19661783060740817, "bad-redirect": 0.00810411189136297, "redirect": 0.04249683816471182, "oneh-out": 0.05482486709883475, "oneh-in": 0.04589335616223638, "dsfb-red": 0.026385944513027802, "dsfb-alt": 0.02736197181056719, "alternate": 0.14918831874868269, "sfR": 0.11706348985084018, "unknown": 0.10491649124320006}, "keymash": {"sft": 0.0, "sfb": 0.037941324970342305, "dsfb": 0.0, "sfT": 0.000537738133843432, "roll-out": 0.20794456781863038, "roll-in": 0.20560068633447312, "bad-redirect": 0.0112391374844528, "redirect": 0.05066642584755329, "oneh-out": 0.0766543657358187, "oneh-in": 0.05493959681954576, "dsfb-red": 0.026258861390812478, "dsfb-alt": 0.02641484649833958, "alternate": 0.16144869116180172, "sfR": 0.09899307508220005, "unknown": 0.04136068272218642}, "movie": {"sft": 0.0, "sfb": 0.03864712684412986, "dsfb": 0.0, "sfT": 0.0008293295787592666, "roll-out": 0.1829500787547265, "roll-in": 0.18838612227097337, "bad-redirect": 0.009439381363824727, "redirect": 0.0476494717860156, "oneh-out": 0.07407958168731854, "oneh-in": 0.04718006229578483, "dsfb-red": 0.02890217529911202, "dsfb-alt": 0.022686677784929388, "alternate": 0.14181246281538573, "sfR": 0.1138359467128768, "unknown": 0.10360158280616336}}