{"english-450k": {"sft": 0.0, "sfb": 0.045356928400322516, "dsfb": 0.0, "sfT": 0.0021215563810112956, "roll-out": 0.1953574253888643, "roll-in": 0.17853319386470567, "bad-redirect": 0.0017844812112020048, "redirect": 0.024291338191347604, "oneh-out": 0.006628657762580973, "oneh-in": 0.002503068173380007, "dsfb-red": 0.010315728050208707, "dsfb-alt": 0.058770649143045584, "alternate": 0.35135540469192267, "sfR": 0.11328269117541298, "unknown": 0.009698877565995693}, "shai": {"sft": 0.0, "sfb": 0.022562315904005193, "dsfb": 0.0, "sfT": 0.0002078293416001137, "roll-out": 0.22464594661374837, "roll-in": 0.1682007831849625, "bad-redirect": 0.001420304567113353, "redirect": 0.021082693451546973, "oneh-out": 0.013259606432062095, "oneh-in": 0.00335414658569565, "dsfb-red": 0.011853440468313273, "dsfb-alt": 0.05324748973025728, "alternate": 0.31518234424778296, "sfR": 0.09728563198976478, "unknown": 0.06769746748314746}, "tr-quotes": {"sft": 0.0, "sfb": 0.025956404151545272, "dsfb": 0.0, "sfT": 0.00019648181965280508, "roll-out": 0.2481507593444442, "roll-in": 0.1536141097062019, "bad-redirect": 0.0011187905966112664, "redirect": 0.02122003652250295, "oneh-out": 0.021230438501190448, "oneh-in": 0.0023693395899308848, "dsfb-red": 0.014810106100182612, "dsfb-alt": 0.05795635792052888, "alternate": 0.3120686068283211, "sfR": 0.09591664547745082, "unknown": 0.04539192344143686}, "gutenberg": {"sft": 0.0, "sfb": 0.024000124270526328, "dsfb": 0.0, "sfT": 8.467823973830446e-05, "roll-out": 0.25617194494361034, "roll-in": 0.14838431266464425, "bad-redirect": 0.001004962106961309, "redirect": 0.021564346179798993, "oneh-out": 0.017363964502578804, "oneh-in": 0.0044832107866816856, "dsfb-red": 0.015456525585520665, "dsfb-alt": 0.04624303298889938, "alternate": 0.2924354484707337, "sfR": 0.09761014138424484, "unknown": 0.07519730787606137}, "english-200": {"sft": 0.0, "sfb": 0.008908685968819599, "dsfb": 0.0, "sfT": 0.0, "roll-out": 0.2828507795100223, "roll-in": 0.1358574610244989, "bad-redirect": 0.0, "redirect": 0.022271714922048998, "oneh-out": 0.015590200445434299, "oneh-in": 0.0, "dsfb-red": 0.0066815144766146995, "dsfb-alt": 0.06904231625835189, "alternate": 0.3518930957683742, "sfR": 0.10690423162583519, "unknown": 0.0}, "monkeyracer": {"sft": 0.0, "sfb": 0.025743114315654472, "dsfb": 0.0, "sfT": 0.0001798645541705116, "roll-out": 0.24856597119039053, "roll-in": 0.1534322849054538, "bad-redirect": 0.001109490592301797, "redirect": 0.021231837590127783, "oneh-out": 0.021563218480691933, "oneh-in": 0.002397868214023179, "dsfb-red": 0.0148935671051191, "dsfb-alt": 0.05783525188857782, "alternate": 0.3117023398032438, "sfR": 0.09605353707555875, "unknown": 0.04529165428468649}, "chained-bigrams": {"sft": 0.0, "sfb": 0.022523081158541375, "dsfb": 0.0, "sfT": 9.999292257885644e-05, "roll-out": 0.21923253484006652, "roll-in": 0.14570462220531144, "bad-redirect": 0.0018440253254802094, "redirect": 0.023385357789610994, "oneh-out": 0.008551992099260507, "oneh-in": 0.003247172765044552, "dsfb-red": 0.015316448381250937, "dsfb-alt": 0.06066258946607026, "alternate": 0.31007480639357343, "sfR": 0.11643721321023381, "unknown": 0.07292016344297708}, "english-5k": {"sft": 0.0, "sfb": 0.026257933380345957, "dsfb": 0.0, "sfT": 0.00041481727299124733, "roll-out": 0.20102045049155848, "roll-in": 0.20048118803666984, "bad-redirect": 0.0015348239100676153, "redirect": 0.02128012610445099, "oneh-out": 0.008296345459824947, "oneh-in": 0.0009540797278798689, "dsfb-red": 0.009499315551499564, "dsfb-alt": 0.058198863400672006, "alternate": 0.3625917783216493, "sfR": 0.10644211224955408, "unknown": 0.0030281660928361057}, "mt-quotes": {"sft": 0.0, "sfb": 0.025038548427582744, "dsfb": 0.0, "sfT": 0.00013148300880936158, "roll-out": 0.2551651904710678, "roll-in": 0.15324494089241103, "bad-redirect": 0.0010518640704748926, "redirect": 0.02096855165489296, "oneh-out": 0.022996079415737322, "oneh-in": 0.0023756589091691468, "dsfb-red": 0.015426841658598391, "dsfb-alt": 0.0589073761967942, "alternate": 0.312668089073762, "sfR": 0.09572710103871578, "unknown": 0.03629827518198444}, "english-1k": {"sft": 0.0, "sfb": 0.020465772759350742, "dsfb": 0.0, "sfT": 0.0, "roll-out": 0.25229357798165136, "roll-in": 0.16019760056457305, "bad-redirect": 0.0014114326040931546, "redirect": 0.021877205363443897, "oneh-out": 0.014467184191954835, "oneh-in": 0.001058574453069866, "dsfb-red": 0.009174311926605505, "dsfb-alt": 0.06316160903316867, "alternate": 0.3475652787579393, "sfR": 0.10832745236414962, "unknown": 0.0}, "english-10k": {"sft": 0.0, "sfb": 0.02800023156635341, "dsfb": 0.0, "sfT": 0.0004245383145828911, "roll-out": 0.19353157986144612, "roll-in": 0.21477779278670808, "bad-redirect": 0.0014279925126879063, "redirect": 0.02111113255244013, "oneh-out": 0.007603095270257231, "oneh-in": 0.00438046351865074, "dsfb-red": 0.010459080295633045, "dsfb-alt": 0.05601976032882422, "alternate": 0.3490669805677235, "sfR": 0.10543987958549622, "unknown": 0.0077574728391964646}, "reddit": {"sft": 0.0, "sfb": 0.025343423611317906, "dsfb": 0.0, "sfT": 0.0002564709086063464, "roll-out": 0.23255584853495628, "roll-in": 0.1487941803166163, "bad-redirect": 0.0009434398678352631, "redirect": 0.020819766726467428, "oneh-out": 0.01610930972167831, "oneh-in": 0.0024862732626923976, "dsfb-red": 0.014134667266734426, "dsfb-alt": 0.05406239693358632, "alternate": 0.29813887223594726, "sfR": 0.1028716913164539, "unknown": 0.0834836592971079}, "akl": {"sft": 0.0, "sfb": 0.029667103691965437, "dsfb": 0.0, "sfT": 0.000303575838386632, "roll-out": 0.21964839474672543, "roll-in": 0.14267413884518015, "bad-redirect": 0.0007143944882522966, "redirect": 0.023980880421972894, "oneh-out": 0.01748534874854268, "oneh-in": 0.002085070375694306, "dsfb-red": 0.012841381872259996, "dsfb-alt": 0.048136038156880806, "alternate": 0.2804836917200991, "sfR": 0.11706348985084018, "unknown": 0.10491649124320006}, "keymash": {"sft": 0.0, "sfb": 0.02506434385685493, "dsfb": 0.0, "sfT": 0.00016008997877781564, "roll-out": 0.2507706895773214, "roll-in": 0.15466744385562348, "bad-redirect": 0.001206832147709687, "redirect": 0.022342814217632064, "oneh-out": 0.020557195223571814, "oneh-in": 0.0024957617204336385, "dsfb-red": 0.015237282082647477, "dsfb-alt": 0.057484616994987955, "alternate": 0.30965917254005326, "sfR": 0.09899307508220005, "unknown": 0.04136068272218642}, "movie": {"sft": 0.0, "sfb": 0.02582528623516876, "dsfb": 0.0, "sfT": 9.830358542259159e-05, "roll-out": 0.22875744399623682, "roll-in": 0.1225253519946087, "bad-redirect": 0.0009494784053868786, "redirect": 0.022266354288490626, "oneh-out": 0.026622769136990587, "oneh-in": 0.0024035029239065767, "dsfb-red": 0.016473022640486945, "dsfb-alt": 0.05808860192956647, "alternate": 0.27855235534469486, "sfR": 0.1138359467128768, "unknown": 0.10360158280616336}}