{"english-450k": {"sft": 0.0, "sfb": 0.0358381360941729, "dsfb": 0.0, "sfT": 4.3851930157323185e-05, "roll-out": 0.16731411605325613, "roll-in": 0.29952183855356457, "bad-redirect": 0.0013556093342633841, "redirect": 0.06555132693017195, "oneh-out": 0.007612110382909207, "oneh-in": 0.016103305792372218, "dsfb-red": 0.03679820101841723, "dsfb-alt": 0.037025938709034256, "alternate": 0.2098539964602722, "sfR": 0.11328269117541298, "unknown": 0.009698877565995693}, "shai": {"sft": 0.0, "sfb": 0.019703078492200196, "dsfb": 0.0, "sfT": 2.1712993395844047e-05, "roll-out": 0.13714040805874847, "roll-in": 0.34475586699789107, "bad-redirect": 0.0015507450846582258, "redirect": 0.04960407653129628, "oneh-out": 0.008556165669597753, "oneh-in": 0.018898602410862164, "dsfb-red": 0.026425219986295656, "dsfb-alt": 0.03053096899864474, "alternate": 0.19846106740301453, "sfR": 0.09728563198976478, "unknown": 0.06706645538363028}, "tr-quotes": {"sft": 0.0, "sfb": 0.020592450475023692, "dsfb": 0.0, "sfT": 1.271352950694621e-05, "roll-out": 0.14058043041076257, "roll-in": 0.3626985044266198, "bad-redirect": 0.0021913501768336375, "redirect": 0.0524837613554934, "oneh-out": 0.010374240077668108, "oneh-in": 0.017264973070432954, "dsfb-red": 0.0252814313122674, "dsfb-alt": 0.032589399227942024, "alternate": 0.19466956381036038, "sfR": 0.09591664547745082, "unknown": 0.045344536649638244}, "gutenberg": {"sft": 0.0, "sfb": 0.02411094478562008, "dsfb": 0.0, "sfT": 3.447749358472352e-05, "roll-out": 0.13327237257819288, "roll-in": 0.3694638522423442, "bad-redirect": 0.0007105773540455929, "redirect": 0.045812253755868275, "oneh-out": 0.008856548242159307, "oneh-in": 0.014458193765787188, "dsfb-red": 0.022918440268500113, "dsfb-alt": 0.027980190975004576, "alternate": 0.17958057181870293, "sfR": 0.09761014138424484, "unknown": 0.07519143533594529}, "english-200": {"sft": 0.0, "sfb": 0.017817371937639197, "dsfb": 0.0, "sfT": 0.0, "roll-out": 0.13808463251670378, "roll-in": 0.3986636971046771, "bad-redirect": 0.0022271714922048997, "redirect": 0.0400890868596882, "oneh-out": 0.011135857461024499, "oneh-in": 0.015590200445434299, "dsfb-red": 0.026726057906458798, "dsfb-alt": 0.024498886414253896, "alternate": 0.2182628062360802, "sfR": 0.10690423162583519, "unknown": 0.0}, "monkeyracer": {"sft": 0.0, "sfb": 0.020534862442717048, "dsfb": 0.0, "sfT": 1.2707821762047014e-05, "roll-out": 0.1404321832428797, "roll-in": 0.3631377371475046, "bad-redirect": 0.0021759700955628195, "redirect": 0.052540977837558844, "oneh-out": 0.01046537998342118, "oneh-in": 0.017271884824123746, "dsfb-red": 0.025221116098659617, "dsfb-alt": 0.0324381813347514, "alternate": 0.19446975147410733, "sfR": 0.09605353707555875, "unknown": 0.04524571062139293}, "chained-bigrams": {"sft": 0.0, "sfb": 0.0197804181392356, "dsfb": 0.0, "sfT": 4.999646128942822e-05, "roll-out": 0.10312646702278865, "roll-in": 0.31596140273188456, "bad-redirect": 0.002565402838370531, "redirect": 0.06011132978250241, "oneh-out": 0.005466496202541508, "oneh-in": 0.018098718986773014, "dsfb-red": 0.036820121173241634, "dsfb-alt": 0.0408613935766884, "alternate": 0.2079430741590368, "sfR": 0.11643721321023381, "unknown": 0.07277796571541365}, "english-5k": {"sft": 0.0, "sfb": 0.02086530883145974, "dsfb": 0.0, "sfT": 0.0, "roll-out": 0.15941427801053637, "roll-in": 0.33811755921516573, "bad-redirect": 0.0006637076367859958, "redirect": 0.05226697639689717, "oneh-out": 0.009250425187704817, "oneh-in": 0.02530385365246609, "dsfb-red": 0.03268760111171029, "dsfb-alt": 0.034886132658563905, "alternate": 0.21707387895631974, "sfR": 0.10644211224955408, "unknown": 0.0030281660928361057}, "mt-quotes": {"sft": 0.0, "sfb": 0.019919675834618282, "dsfb": 0.0, "sfT": 4.482375300319145e-06, "roll-out": 0.14044626528489979, "roll-in": 0.37098976823131447, "bad-redirect": 0.0022531406509604234, "redirect": 0.05273514540825474, "oneh-out": 0.010757700720765949, "oneh-in": 0.01711669714681871, "dsfb-red": 0.02459031089755083, "dsfb-alt": 0.03301717646215082, "alternate": 0.19616219026786674, "sfR": 0.09572710103871578, "unknown": 0.03628034568078316}, "english-1k": {"sft": 0.0, "sfb": 0.016584333098094567, "dsfb": 0.0, "sfT": 0.0, "roll-out": 0.17360621030345802, "roll-in": 0.36908962597035994, "bad-redirect": 0.00035285815102328866, "redirect": 0.056810162314749474, "oneh-out": 0.015172900494001412, "oneh-in": 0.016584333098094567, "dsfb-red": 0.032462949894142556, "dsfb-alt": 0.03140437544107269, "alternate": 0.17960479887085393, "sfR": 0.10832745236414962, "unknown": 0.0}, "english-10k": {"sft": 0.0, "sfb": 0.02213388394666255, "dsfb": 0.0, "sfT": 1.929719611740414e-05, "roll-out": 0.16514540437274464, "roll-in": 0.33702553019046333, "bad-redirect": 0.00135080372821829, "redirect": 0.05268134540051331, "oneh-out": 0.00852936068389263, "oneh-in": 0.022925068987476118, "dsfb-red": 0.032978908164643675, "dsfb-alt": 0.03415603712780533, "alternate": 0.20985700777677002, "sfR": 0.10543987958549622, "unknown": 0.0077574728391964646}, "reddit": {"sft": 0.0, "sfb": 0.020017279104737856, "dsfb": 0.0, "sfT": 0.0001087763281134555, "roll-out": 0.13114170008336148, "roll-in": 0.33409649067113756, "bad-redirect": 0.0017137515715725951, "redirect": 0.050504429620048856, "oneh-out": 0.009296368110481389, "oneh-in": 0.015779122623771936, "dsfb-red": 0.02268611979967026, "dsfb-alt": 0.034250084794219274, "alternate": 0.19916102885775303, "sfR": 0.1028716913164539, "unknown": 0.07837315711867839}, "akl": {"sft": 0.0, "sfb": 0.023074985338526092, "dsfb": 0.0, "sfT": 0.0002460203375986358, "roll-out": 0.12742862219565623, "roll-in": 0.32175315418393796, "bad-redirect": 0.0018886753945339745, "redirect": 0.04444697217795591, "oneh-out": 0.007763053730073499, "oneh-in": 0.012142166175927031, "dsfb-red": 0.022415358409688852, "dsfb-alt": 0.034779754490165446, "alternate": 0.1882840543011678, "sfR": 0.11706348985084018, "unknown": 0.09871369341392838}, "keymash": {"sft": 0.0, "sfb": 0.02091021415113315, "dsfb": 0.0, "sfT": 2.052435625356611e-05, "roll-out": 0.13901556977665397, "roll-in": 0.3682233706739788, "bad-redirect": 0.0022453645741401323, "redirect": 0.051914306707770114, "oneh-out": 0.010323751195543752, "oneh-in": 0.01736771026176764, "dsfb-red": 0.02515054615311991, "dsfb-alt": 0.03265835567067439, "alternate": 0.1918698920008374, "sfR": 0.09899307508220005, "unknown": 0.04130731939592715}, "movie": {"sft": 0.0, "sfb": 0.01773465111899616, "dsfb": 0.0, "sfT": 1.4607360082875054e-05, "roll-out": 0.12781255835541655, "roll-in": 0.31795801213042557, "bad-redirect": 0.003430229260542533, "redirect": 0.05135447733352248, "oneh-out": 0.01013698150616095, "oneh-in": 0.014706453255329153, "dsfb-red": 0.024882650917388272, "dsfb-alt": 0.03476064787721501, "alternate": 0.17979317820492388, "sfR": 0.1138359467128768, "unknown": 0.10357960596711975}}