{"english-450k": {"sft": 0.0, "sfb": 0.03007599247150063, "dsfb": 0.0, "sfT": 0.000140618522704483, "roll-out": 0.24331681967092342, "roll-in": 0.23689777413449445, "bad-redirect": 0.0023454935710146927, "redirect": 0.05712590941594491, "oneh-out": 0.0067210391621124, "oneh-in": 0.008421617013613393, "dsfb-red": 0.02968161744628577, "dsfb-alt": 0.037045818250705576, "alternate": 0.2252457315992916, "sfR": 0.11328269117541298, "unknown": 0.009698877565995693}, "shai": {"sft": 0.0, "sfb": 0.017597657380885073, "dsfb": 0.0, "sfT": 2.640005845865459e-05, "roll-out": 0.20966845923360333, "roll-in": 0.2727563433678068, "bad-redirect": 0.0027997763213343436, "redirect": 0.047676237516770484, "oneh-out": 0.010812877190690087, "oneh-in": 0.00860430194390508, "dsfb-red": 0.019663511302987057, "dsfb-alt": 0.03384537809713983, "alternate": 0.2121969702130242, "sfR": 0.09728563198976478, "unknown": 0.06706645538363028}, "tr-quotes": {"sft": 0.0, "sfb": 0.01587688680335637, "dsfb": 0.0, "sfT": 2.542705901389242e-05, "roll-out": 0.2066468643813134, "roll-in": 0.28376713437044915, "bad-redirect": 0.0027611474538267724, "redirect": 0.05067497283927787, "oneh-out": 0.015366034072259078, "oneh-in": 0.009402232958091583, "dsfb-red": 0.018026629065440003, "dsfb-alt": 0.03817757333394975, "alternate": 0.21801391553593305, "sfR": 0.09591664547745082, "unknown": 0.045344536649638244}, "gutenberg": {"sft": 0.0, "sfb": 0.016276597397214446, "dsfb": 0.0, "sfT": 0.00019095227216154562, "roll-out": 0.2043492410973239, "roll-in": 0.29017338390537556, "bad-redirect": 0.0026543881324678346, "redirect": 0.04419560029294503, "oneh-out": 0.013278381512789067, "oneh-in": 0.009469755092344746, "dsfb-red": 0.016486493347169794, "dsfb-alt": 0.030733465105556065, "alternate": 0.19939016512446187, "sfR": 0.09761014138424484, "unknown": 0.07519143533594529}, "english-200": {"sft": 0.0, "sfb": 0.011135857461024499, "dsfb": 0.0, "sfT": 0.0, "roll-out": 0.24944320712694878, "roll-in": 0.29175946547884185, "bad-redirect": 0.0022271714922048997, "redirect": 0.042316258351893093, "oneh-out": 0.0200445434298441, "oneh-in": 0.008908685968819599, "dsfb-red": 0.017817371937639197, "dsfb-alt": 0.0334075723830735, "alternate": 0.21603563474387527, "sfR": 0.10690423162583519, "unknown": 0.0}, "monkeyracer": {"sft": 0.0, "sfb": 0.01573032829191235, "dsfb": 0.0, "sfT": 2.4438118773167336e-05, "roll-out": 0.20640630620767317, "roll-in": 0.2840374118272675, "bad-redirect": 0.0027849680153901497, "redirect": 0.050824444374931575, "oneh-out": 0.015463464034909363, "oneh-in": 0.00949274285624912, "dsfb-red": 0.017976680169541893, "dsfb-alt": 0.0382534760780143, "alternate": 0.21770649232838576, "sfR": 0.09605353707555875, "unknown": 0.04524571062139293}, "chained-bigrams": {"sft": 0.0, "sfb": 0.0180285940800294, "dsfb": 0.0, "sfT": 3.57117580638773e-05, "roll-out": 0.1724929858860639, "roll-in": 0.23723905256056552, "bad-redirect": 0.007001452494596162, "redirect": 0.05571748493126136, "oneh-out": 0.0069456122910780994, "oneh-in": 0.009659056599240703, "dsfb-red": 0.030023199656647678, "dsfb-alt": 0.04532211681121271, "alternate": 0.22831955400559312, "sfR": 0.11643721321023381, "unknown": 0.07277796571541365}, "english-5k": {"sft": 0.0, "sfb": 0.0197867839216825, "dsfb": 0.0, "sfT": 4.148172729912474e-05, "roll-out": 0.2559007757083005, "roll-in": 0.26743269589745716, "bad-redirect": 0.0019496411830588626, "redirect": 0.046542498029617956, "oneh-out": 0.009623760733396939, "oneh-in": 0.007383747459244203, "dsfb-red": 0.024142365288090595, "dsfb-alt": 0.03949060438876675, "alternate": 0.21823536732069523, "sfR": 0.10644211224955408, "unknown": 0.0030281660928361057}, "mt-quotes": {"sft": 0.0, "sfb": 0.015036875007470625, "dsfb": 0.0, "sfT": 1.3447125900957435e-05, "roll-out": 0.20542576588852632, "roll-in": 0.29084190961140793, "bad-redirect": 0.0027984963124992527, "redirect": 0.05145318607236347, "oneh-out": 0.016043915324942325, "oneh-in": 0.009462294258973715, "dsfb-red": 0.01762469968085488, "dsfb-alt": 0.0391699836243889, "alternate": 0.22012198037317268, "sfR": 0.09572710103871578, "unknown": 0.03628034568078316}, "english-1k": {"sft": 0.0, "sfb": 0.014114326040931546, "dsfb": 0.0, "sfT": 0.0, "roll-out": 0.2865208186309104, "roll-in": 0.26287932251235, "bad-redirect": 0.0014114326040931546, "redirect": 0.04940014114326041, "oneh-out": 0.01799576570218772, "oneh-in": 0.0056457304163726185, "dsfb-red": 0.02364149611856034, "dsfb-alt": 0.03175723359209598, "alternate": 0.19830628087508823, "sfR": 0.10832745236414962, "unknown": 0.0}, "english-10k": {"sft": 0.0, "sfb": 0.021767237220431872, "dsfb": 0.0, "sfT": 7.718878446961657e-05, "roll-out": 0.25047760560390575, "roll-in": 0.2678257849134521, "bad-redirect": 0.0039752224001852535, "redirect": 0.04772196599834044, "oneh-out": 0.008374983114953397, "oneh-in": 0.006676829856621833, "dsfb-red": 0.023002257771945735, "dsfb-alt": 0.03662607823083306, "alternate": 0.22027749368016827, "sfR": 0.10543987958549622, "unknown": 0.0077574728391964646}, "reddit": {"sft": 0.0, "sfb": 0.015145567935854929, "dsfb": 0.0, "sfT": 7.420313567243641e-05, "roll-out": 0.20247215181789255, "roll-in": 0.2579430224049645, "bad-redirect": 0.0023662597106002795, "redirect": 0.047619759309899604, "oneh-out": 0.012820548837256342, "oneh-in": 0.008503132469827585, "dsfb-red": 0.0177219637348562, "dsfb-alt": 0.03820468865679027, "alternate": 0.21588385355125309, "sfR": 0.1028716913164539, "unknown": 0.07837315711867839}, "akl": {"sft": 0.0, "sfb": 0.0223043983430459, "dsfb": 0.0, "sfT": 0.0002426128536983777, "roll-out": 0.19534008609906411, "roll-in": 0.24681044018372658, "bad-redirect": 0.0018417140709631446, "redirect": 0.043978226301785855, "oneh-out": 0.010900726859683902, "oneh-in": 0.007510714058696202, "dsfb-red": 0.017617806940883624, "dsfb-alt": 0.04219010265943586, "alternate": 0.19548598836424788, "sfR": 0.11706348985084018, "unknown": 0.09871369341392838}, "keymash": {"sft": 0.0, "sfb": 0.016595994466633554, "dsfb": 0.0, "sfT": 4.925845500855866e-05, "roll-out": 0.20857261311998948, "roll-in": 0.28461945791070264, "bad-redirect": 0.0028652001329978285, "redirect": 0.04985366133991207, "oneh-out": 0.015516413327695976, "oneh-in": 0.009432994134138983, "dsfb-red": 0.018632010606987312, "dsfb-alt": 0.03755136220152455, "alternate": 0.21601063982628185, "sfR": 0.09899307508220005, "unknown": 0.04130731939592715}, "movie": {"sft": 0.0, "sfb": 0.012928698053891683, "dsfb": 0.0, "sfT": 1.6844523338810876e-05, "roll-out": 0.18412248389867544, "roll-in": 0.24025541034903827, "bad-redirect": 0.003411015976109202, "redirect": 0.04516095665838346, "oneh-out": 0.01690755870349283, "oneh-in": 0.009474386388888194, "dsfb-red": 0.017004151517013823, "dsfb-alt": 0.0394826415213026, "alternate": 0.21382029972986913, "sfR": 0.1138359467128768, "unknown": 0.10357960596711975}}