{"english-450k": {"sft": 0.0, "sfb": 0.036480128351676105, "dsfb": 0.0, "sfT": 5.116058518354372e-05, "roll-out": 0.16918454704756647, "roll-in": 0.2340129018225447, "bad-redirect": 0.0012094362337389734, "redirect": 0.041014125583742275, "oneh-out": 0.004437815331921106, "oneh-in": 0.011246558354348153, "dsfb-red": 0.021342442061368146, "dsfb-alt": 0.047726686706024264, "alternate": 0.3103126291804776, "sfR": 0.11328269117541298, "unknown": 0.009698877565995693}, "shai": {"sft": 0.0, "sfb": 0.02060784460649244, "dsfb": 0.0, "sfT": 5.855928521909455e-05, "roll-out": 0.19679268124272944, "roll-in": 0.2287844044509082, "bad-redirect": 0.0021877640586407186, "redirect": 0.03135954611561128, "oneh-out": 0.007973727200582852, "oneh-in": 0.01712687633548456, "dsfb-red": 0.018150173719428803, "dsfb-alt": 0.04355302909030221, "alternate": 0.26842229442168813, "sfR": 0.09728563198976478, "unknown": 0.06769746748314746}, "tr-quotes": {"sft": 0.0, "sfb": 0.02198862716996833, "dsfb": 0.0, "sfT": 7.281385081251011e-05, "roll-out": 0.21960888560134995, "roll-in": 0.22701278287603152, "bad-redirect": 0.0020815515129100114, "redirect": 0.03690275305702596, "oneh-out": 0.010924389172695961, "oneh-in": 0.020607475555350085, "dsfb-red": 0.02332239199278796, "dsfb-alt": 0.03836480895032477, "alternate": 0.25780495134185527, "sfR": 0.09591664547745082, "unknown": 0.04539192344143686}, "gutenberg": {"sft": 0.0, "sfb": 0.023234420814100765, "dsfb": 0.0, "sfT": 0.00010475853819973684, "roll-out": 0.23827282154335658, "roll-in": 0.20748328315153086, "bad-redirect": 0.00224861455412455, "redirect": 0.03468852615534649, "oneh-out": 0.011897766275176622, "oneh-in": 0.012174343970966162, "dsfb-red": 0.020626823565783627, "dsfb-alt": 0.03755849334110782, "alternate": 0.23890269883000056, "sfR": 0.09761014138424484, "unknown": 0.07519730787606137}, "english-200": {"sft": 0.0, "sfb": 0.008908685968819599, "dsfb": 0.0, "sfT": 0.0, "roll-out": 0.24276169265033407, "roll-in": 0.23162583518930957, "bad-redirect": 0.0022271714922048997, "redirect": 0.035634743875278395, "oneh-out": 0.008908685968819599, "oneh-in": 0.011135857461024499, "dsfb-red": 0.028953229398663696, "dsfb-alt": 0.026726057906458798, "alternate": 0.2962138084632517, "sfR": 0.10690423162583519, "unknown": 0.0}, "monkeyracer": {"sft": 0.0, "sfb": 0.021949340757307974, "dsfb": 0.0, "sfT": 7.3314356319502e-05, "roll-out": 0.2197553842063281, "roll-in": 0.22692455072962447, "bad-redirect": 0.0020391166304330826, "redirect": 0.036886896476218775, "oneh-out": 0.010900378497583558, "oneh-in": 0.02082420976899135, "dsfb-red": 0.023509470259786978, "dsfb-alt": 0.038114667563382706, "alternate": 0.2576774793937783, "sfR": 0.09605353707555875, "unknown": 0.04529165428468649}, "chained-bigrams": {"sft": 0.0, "sfb": 0.021113440672056328, "dsfb": 0.0, "sfT": 5.3892289441851195e-05, "roll-out": 0.17486619453558158, "roll-in": 0.2116025554035461, "bad-redirect": 0.002502420283239693, "redirect": 0.04088671645967915, "oneh-out": 0.008185784252932747, "oneh-in": 0.010030458883105027, "dsfb-red": 0.0313321979158618, "dsfb-alt": 0.05416759463128908, "alternate": 0.2559013680200557, "sfR": 0.11643721321023381, "unknown": 0.07292016344297708}, "english-5k": {"sft": 0.0, "sfb": 0.023105322105612478, "dsfb": 0.0, "sfT": 0.0, "roll-out": 0.16389430455884182, "roll-in": 0.2508814867051064, "bad-redirect": 0.0012859335462728667, "redirect": 0.03144314929273655, "oneh-out": 0.00622225909486871, "oneh-in": 0.020906790558758867, "dsfb-red": 0.01804455137511926, "dsfb-alt": 0.04704027875720745, "alternate": 0.3277056456630854, "sfR": 0.10644211224955408, "unknown": 0.0030281660928361057}, "mt-quotes": {"sft": 0.0, "sfb": 0.02153034269253296, "dsfb": 0.0, "sfT": 6.723562950478718e-05, "roll-out": 0.22698150870776107, "roll-in": 0.2283217389225565, "bad-redirect": 0.0020335042612447856, "redirect": 0.03727543299745401, "oneh-out": 0.011483845519417649, "oneh-in": 0.021788826334851366, "dsfb-red": 0.024212297247223916, "dsfb-alt": 0.037574258017475284, "alternate": 0.25670563344927744, "sfR": 0.09572710103871578, "unknown": 0.03629827518198444}, "english-1k": {"sft": 0.0, "sfb": 0.01305575158786168, "dsfb": 0.0, "sfT": 0.0, "roll-out": 0.21947776993648554, "roll-in": 0.2424135497529993, "bad-redirect": 0.0007057163020465773, "redirect": 0.035638673253352154, "oneh-out": 0.011291460832745237, "oneh-in": 0.01305575158786168, "dsfb-red": 0.01834862385321101, "dsfb-alt": 0.03387438249823571, "alternate": 0.3038108680310515, "sfR": 0.10832745236414962, "unknown": 0.0}, "english-10k": {"sft": 0.0, "sfb": 0.024353061500164027, "dsfb": 0.0, "sfT": 0.0, "roll-out": 0.1621736361706644, "roll-in": 0.26361899615985795, "bad-redirect": 0.0016016672777445437, "redirect": 0.03392447077439648, "oneh-out": 0.0059821307963952835, "oneh-in": 0.01848671388047317, "dsfb-red": 0.01696223538719824, "dsfb-alt": 0.049690280002315665, "alternate": 0.31000945562609755, "sfR": 0.10543987958549622, "unknown": 0.0077574728391964646}, "reddit": {"sft": 0.0, "sfb": 0.019929591300291025, "dsfb": 0.0, "sfT": 0.0001184777981483677, "roll-out": 0.2032560231052308, "roll-in": 0.21823355708519146, "bad-redirect": 0.0021487445117866306, "redirect": 0.035223228390771466, "oneh-out": 0.010548232319117683, "oneh-in": 0.016961840447526192, "dsfb-red": 0.021853628789917662, "dsfb-alt": 0.039250724379550725, "alternate": 0.2461206012589062, "sfR": 0.1028716913164539, "unknown": 0.0834836592971079}, "akl": {"sft": 0.0, "sfb": 0.02240172847408782, "dsfb": 0.0, "sfT": 0.0001927396802491453, "roll-out": 0.2014669280144864, "roll-in": 0.2033368932246953, "bad-redirect": 0.0024690628341270293, "redirect": 0.034119508018800884, "oneh-out": 0.006572231038312386, "oneh-in": 0.01675249189297626, "dsfb-red": 0.02577185395994856, "dsfb-alt": 0.036321733886411335, "alternate": 0.22861484788186465, "sfR": 0.11706348985084018, "unknown": 0.10491649124320006}, "keymash": {"sft": 0.0, "sfb": 0.02163677636250939, "dsfb": 0.0, "sfT": 8.209742501426443e-05, "roll-out": 0.22184366187354534, "roll-in": 0.22684749992816475, "bad-redirect": 0.00207706485286089, "redirect": 0.036266537500051314, "oneh-out": 0.010311436581791612, "oneh-in": 0.019806003784691294, "dsfb-red": 0.023529122009088185, "dsfb-alt": 0.03909479379179272, "alternate": 0.2581512480861038, "sfR": 0.09899307508220005, "unknown": 0.04136068272218642}, "movie": {"sft": 0.0, "sfb": 0.019128667023121347, "dsfb": 0.0, "sfT": 5.237593975661506e-05, "roll-out": 0.20208993159412753, "roll-in": 0.2096618080306002, "bad-redirect": 0.0026853854941544897, "redirect": 0.03924852896646085, "oneh-out": 0.009087357145611298, "oneh-in": 0.02418768273182374, "dsfb-red": 0.02526204748602727, "dsfb-alt": 0.0340434396569297, "alternate": 0.21711524641234684, "sfR": 0.1138359467128768, "unknown": 0.10360158280616336}}