{"english-450k": {"sft": 0.0, "sfb": 0.019414711211652218, "dsfb": 0.0, "sfT": 6.723962624122889e-06, "roll-out": 0.17674958969210683, "roll-in": 0.2213025660395451, "bad-redirect": 0.002213060741939577, "redirect": 0.03304681456655875, "oneh-out": 0.004150439016290115, "oneh-in": 0.0022177382811563577, "dsfb-red": 0.01299829679103269, "dsfb-alt": 0.0528263738371199, "alternate": 0.3520921171185657, "sfR": 0.11328269117541298, "unknown": 0.009698877565995693}, "shai": {"sft": 0.0, "sfb": 0.01382107889658051, "dsfb": 0.0, "sfT": 1.399539823874725e-05, "roll-out": 0.20932214666496163, "roll-in": 0.21075186019587985, "bad-redirect": 0.006509369640451407, "redirect": 0.028358330497613816, "oneh-out": 0.007330782630719961, "oneh-in": 0.002766274062718581, "dsfb-red": 0.01123693079058828, "dsfb-alt": 0.05034617710433353, "alternate": 0.2948380706104997, "sfR": 0.09728563198976478, "unknown": 0.06741935151764922}, "tr-quotes": {"sft": 0.0, "sfb": 0.01378493331175886, "dsfb": 0.0, "sfT": 2.3115508194447656e-06, "roll-out": 0.22207646610110723, "roll-in": 0.20574998266336886, "bad-redirect": 0.012701971752848986, "redirect": 0.027898106839878874, "oneh-out": 0.01038579783176533, "oneh-in": 0.0029668754767573566, "dsfb-red": 0.01243729918402256, "dsfb-alt": 0.05271491643743788, "alternate": 0.29708975751831906, "sfR": 0.09591664547745082, "unknown": 0.04627493585446476}, "gutenberg": {"sft": 0.0, "sfb": 0.01269377961607227, "dsfb": 0.0, "sfT": 3.788735558760826e-06, "roll-out": 0.2337846854004485, "roll-in": 0.20201803210801836, "bad-redirect": 0.005671547694687018, "redirect": 0.025182209764859704, "oneh-out": 0.007686965575169839, "oneh-in": 0.0025757718696235474, "dsfb-red": 0.011921066998863, "dsfb-alt": 0.05032406949601861, "alternate": 0.2703823554038546, "sfR": 0.09761014138424484, "unknown": 0.08014558595258095}, "english-200": {"sft": 0.0, "sfb": 0.008908685968819599, "dsfb": 0.0, "sfT": 0.0, "roll-out": 0.23162583518930957, "roll-in": 0.22494432071269488, "bad-redirect": 0.0022271714922048997, "redirect": 0.026726057906458798, "oneh-out": 0.015590200445434299, "oneh-in": 0.0066815144766146995, "dsfb-red": 0.011135857461024499, "dsfb-alt": 0.0556792873051225, "alternate": 0.30957683741648107, "sfR": 0.10690423162583519, "unknown": 0.0}, "monkeyracer": {"sft": 0.0, "sfb": 0.013742042948527457, "dsfb": 0.0, "sfT": 1.9550495018533868e-06, "roll-out": 0.22248854340991914, "roll-in": 0.20575331967405414, "bad-redirect": 0.013023562256596337, "redirect": 0.02796014045075621, "oneh-out": 0.0104477845379045, "oneh-in": 0.0030097987081032893, "dsfb-red": 0.012372530772479158, "dsfb-alt": 0.05251849476828753, "alternate": 0.296471526659055, "sfR": 0.09605353707555875, "unknown": 0.046156763689256614}, "chained-bigrams": {"sft": 0.0, "sfb": 0.014778174791524497, "dsfb": 0.0, "sfT": 1.6881921993832904e-05, "roll-out": 0.18438954645417954, "roll-in": 0.18699910201161088, "bad-redirect": 0.003426380860056009, "redirect": 0.03685063849376895, "oneh-out": 0.006576807225982057, "oneh-in": 0.005047045371463968, "dsfb-red": 0.02029012232251094, "dsfb-alt": 0.05709401087845081, "alternate": 0.29461875750352734, "sfR": 0.11643721321023381, "unknown": 0.07347531895469736}, "english-5k": {"sft": 0.0, "sfb": 0.014269714190898909, "dsfb": 0.0, "sfT": 0.0, "roll-out": 0.18907371302941053, "roll-in": 0.236445845605011, "bad-redirect": 0.0023229767287509854, "redirect": 0.02978388020077156, "oneh-out": 0.005890405276475713, "oneh-in": 0.001410378728170241, "dsfb-red": 0.015140830464180528, "dsfb-alt": 0.05396772721616128, "alternate": 0.3422242502177791, "sfR": 0.10644211224955408, "unknown": 0.0030281660928361057}, "mt-quotes": {"sft": 0.0, "sfb": 0.013323113517648606, "dsfb": 0.0, "sfT": 1.4941251001063816e-06, "roll-out": 0.22774351250881533, "roll-in": 0.20635212345059228, "bad-redirect": 0.014173270699609136, "redirect": 0.02787738611778487, "oneh-out": 0.011267197379902224, "oneh-in": 0.0030943330823203167, "dsfb-red": 0.012124825187363287, "dsfb-alt": 0.05306235880517804, "alternate": 0.29808094572142335, "sfR": 0.09572710103871578, "unknown": 0.03717233836554667}, "english-1k": {"sft": 0.0, "sfb": 0.011291460832745237, "dsfb": 0.0, "sfT": 0.0, "roll-out": 0.2145377558221595, "roll-in": 0.25017642907551163, "bad-redirect": 0.001058574453069866, "redirect": 0.028228652081863093, "oneh-out": 0.009174311926605505, "oneh-in": 0.0028228652081863093, "dsfb-red": 0.016584333098094567, "dsfb-alt": 0.04763585038814397, "alternate": 0.3101623147494707, "sfR": 0.10832745236414962, "unknown": 0.0}, "english-10k": {"sft": 0.0, "sfb": 0.015206190540514463, "dsfb": 0.0, "sfT": 0.0, "roll-out": 0.18743366588834642, "roll-in": 0.24028868605391637, "bad-redirect": 0.002006908396210031, "redirect": 0.03311398853746551, "oneh-out": 0.0053646205206383515, "oneh-in": 0.001524478493274927, "dsfb-red": 0.01294841859477818, "dsfb-alt": 0.054997008934601806, "alternate": 0.33391868161556126, "sfR": 0.10543987958549622, "unknown": 0.0077574728391964646}, "reddit": {"sft": 0.0, "sfb": 0.015823397286247865, "dsfb": 0.0, "sfT": 0.00013653227134075252, "roll-out": 0.20754242473447845, "roll-in": 0.19559070059783903, "bad-redirect": 0.009340567858130797, "redirect": 0.024800927895041333, "oneh-out": 0.00922194023032938, "oneh-in": 0.0033737892125271824, "dsfb-red": 0.010632773700850489, "dsfb-alt": 0.05324975835286269, "alternate": 0.2875420576518285, "sfR": 0.1028716913164539, "unknown": 0.07987343889206965}, "akl": {"sft": 0.0, "sfb": 0.01976371639276072, "dsfb": 0.0, "sfT": 0.00015754966469738878, "roll-out": 0.19915832669493516, "roll-in": 0.18371034354748317, "bad-redirect": 0.011156412060708724, "redirect": 0.022677734670008727, "oneh-out": 0.00843978003266476, "oneh-in": 0.003759198193017483, "dsfb-red": 0.013043972278693524, "dsfb-alt": 0.05249272316324537, "alternate": 0.26961691579091235, "sfR": 0.11706348985084018, "unknown": 0.09895983766003248}, "keymash": {"sft": 0.0, "sfb": 0.013624067681117182, "dsfb": 0.0, "sfT": 4.104871250713221e-06, "roll-out": 0.2248771617278224, "roll-in": 0.2075792342773169, "bad-redirect": 0.012072426348347584, "redirect": 0.027913124504849906, "oneh-out": 0.010676770123105089, "oneh-in": 0.002631222471707175, "dsfb-red": 0.013024756478513052, "dsfb-alt": 0.05196356516277867, "alternate": 0.294261800478628, "sfR": 0.09899307508220005, "unknown": 0.0423786907923633}, "movie": {"sft": 0.0, "sfb": 0.014929906385245566, "dsfb": 0.0, "sfT": 1.1317414118263556e-05, "roll-out": 0.19386125034527982, "roll-in": 0.17923612455419588, "bad-redirect": 0.01889100132663781, "redirect": 0.021010516114879123, "oneh-out": 0.010798392242886446, "oneh-in": 0.0025670790372670604, "dsfb-red": 0.012400595927652245, "dsfb-alt": 0.051638465469187746, "alternate": 0.2770358218528476, "sfR": 0.1138359467128768, "unknown": 0.10378358261692566}}