{"english-450k": {"sft": 0.0, "sfb": 0.0256565949502456, "dsfb": 0.0, "sfT": 1.0816809438806385e-05, "roll-out": 0.14248836900639128, "roll-in": 0.26522582866992417, "bad-redirect": 0.01931706758050191, "redirect": 0.022081200911418516, "oneh-out": 0.0036964253660612956, "oneh-in": 0.018654026396523186, "dsfb-red": 0.009738636649338333, "dsfb-alt": 0.04520520072197818, "alternate": 0.32509745360611964, "sfR": 0.11328269117541298, "unknown": 0.009545688156646111}, "shai": {"sft": 0.0, "sfb": 0.02290431683723816, "dsfb": 0.0, "sfT": 2.7770183175611594e-05, "roll-out": 0.12316382000679334, "roll-in": 0.3062843479429396, "bad-redirect": 0.013859457870290526, "redirect": 0.018766861435958824, "oneh-out": 0.0035115135372966524, "oneh-in": 0.02803982294582697, "dsfb-red": 0.00819859795215122, "dsfb-alt": 0.041773062914578836, "alternate": 0.2760583594173084, "sfR": 0.09728563198976478, "unknown": 0.06012643696667702}, "tr-quotes": {"sft": 0.0, "sfb": 0.0256894200318994, "dsfb": 0.0, "sfT": 1.3869304916668594e-05, "roll-out": 0.12096114283072514, "roll-in": 0.3214038048126488, "bad-redirect": 0.015205381290307667, "redirect": 0.020140542289822243, "oneh-out": 0.00332747740459074, "oneh-in": 0.03716626985044266, "dsfb-red": 0.012482374425001734, "dsfb-alt": 0.041083192713991815, "alternate": 0.26517301957883543, "sfR": 0.09591664547745082, "unknown": 0.041436859989366866}, "gutenberg": {"sft": 0.0, "sfb": 0.01918729349023245, "dsfb": 0.0, "sfT": 5.87254011607928e-05, "roll-out": 0.11384998804653931, "roll-in": 0.340384738518521, "bad-redirect": 0.014081025140912548, "redirect": 0.019167592065326894, "oneh-out": 0.003697237595016752, "oneh-in": 0.028539218906699734, "dsfb-red": 0.00996645832409829, "dsfb-alt": 0.03512309412393636, "alternate": 0.2500521898323219, "sfR": 0.09761014138424484, "unknown": 0.06828229717098905}, "english-200": {"sft": 0.0, "sfb": 0.017817371937639197, "dsfb": 0.0, "sfT": 0.0, "roll-out": 0.12026726057906459, "roll-in": 0.36525612472160357, "bad-redirect": 0.011135857461024499, "redirect": 0.015590200445434299, "oneh-out": 0.0022271714922048997, "oneh-in": 0.0378619153674833, "dsfb-red": 0.004454342984409799, "dsfb-alt": 0.0467706013363029, "alternate": 0.2717149220489978, "sfR": 0.10690423162583519, "unknown": 0.0}, "monkeyracer": {"sft": 0.0, "sfb": 0.025766574909676713, "dsfb": 0.0, "sfT": 1.4662871263900401e-05, "roll-out": 0.12089439604610788, "roll-in": 0.32146781206500147, "bad-redirect": 0.015061701362278492, "redirect": 0.020101818978056525, "oneh-out": 0.003288393262117397, "oneh-in": 0.03760439964339897, "dsfb-red": 0.012441935029794954, "dsfb-alt": 0.041068747360683173, "alternate": 0.2648564211645839, "sfR": 0.09605353707555875, "unknown": 0.04137960023147786}, "chained-bigrams": {"sft": 0.0, "sfb": 0.020582309433942663, "dsfb": 0.0, "sfT": 6.103464105462665e-05, "roll-out": 0.10387966046559043, "roll-in": 0.2852083846013496, "bad-redirect": 0.015356055967467237, "redirect": 0.027588956366075387, "oneh-out": 0.004420466343615939, "oneh-in": 0.02674161374292339, "dsfb-red": 0.013480214712075575, "dsfb-alt": 0.04831281422288942, "alternate": 0.27112951096318505, "sfR": 0.11643721321023381, "unknown": 0.06680176532959681}, "english-5k": {"sft": 0.0, "sfb": 0.025594225743559962, "dsfb": 0.0, "sfT": 0.0, "roll-out": 0.13473265026755715, "roll-in": 0.2825735263616377, "bad-redirect": 0.015638611191770024, "redirect": 0.01874974073920438, "oneh-out": 0.00315261127473348, "oneh-in": 0.028622391836396067, "dsfb-red": 0.007010411913552081, "dsfb-alt": 0.0466254614842162, "alternate": 0.32994565893723815, "sfR": 0.10644211224955408, "unknown": 0.0009125980005807441}, "mt-quotes": {"sft": 0.0, "sfb": 0.02570492822223019, "dsfb": 0.0, "sfT": 8.96475060063829e-06, "roll-out": 0.12114515724172553, "roll-in": 0.32874786340110684, "bad-redirect": 0.015278923273687859, "redirect": 0.019971970213122005, "oneh-out": 0.0032048983397281886, "oneh-in": 0.03953455014881486, "dsfb-red": 0.012957052868122543, "dsfb-alt": 0.04131405314304156, "alternate": 0.2627792519812099, "sfR": 0.09572710103871578, "unknown": 0.033625285377894124}, "english-1k": {"sft": 0.0, "sfb": 0.02081863091037403, "dsfb": 0.0, "sfT": 0.0, "roll-out": 0.13514467184191956, "roll-in": 0.31863091037402963, "bad-redirect": 0.011644318983768526, "redirect": 0.016584333098094567, "oneh-out": 0.0035285815102328866, "oneh-in": 0.028228652081863093, "dsfb-red": 0.0056457304163726185, "dsfb-alt": 0.04410726887791108, "alternate": 0.3073394495412844, "sfR": 0.10832745236414962, "unknown": 0.0}, "english-10k": {"sft": 0.0, "sfb": 0.02475830261862951, "dsfb": 0.0, "sfT": 0.0, "roll-out": 0.14658150170780185, "roll-in": 0.28328283900349277, "bad-redirect": 0.014916732598753401, "redirect": 0.018679685841647208, "oneh-out": 0.0038015476351286157, "oneh-in": 0.027093263348835415, "dsfb-red": 0.006734721444974045, "dsfb-alt": 0.046853592173057255, "alternate": 0.3141004612029872, "sfR": 0.10543987958549622, "unknown": 0.0077574728391964646}, "reddit": {"sft": 0.0, "sfb": 0.02873552949893031, "dsfb": 0.0, "sfT": 4.097841010885686e-05, "roll-out": 0.12187009132304641, "roll-in": 0.2967846743742786, "bad-redirect": 0.014318395878785563, "redirect": 0.019804483539995248, "oneh-out": 0.0037723735470503506, "oneh-in": 0.031435572219110135, "dsfb-red": 0.011414921947178679, "dsfb-alt": 0.0409010605504704, "alternate": 0.25519282420842654, "sfR": 0.1028716913164539, "unknown": 0.07285740318616503}, "akl": {"sft": 0.0, "sfb": 0.024487975980584033, "dsfb": 0.0, "sfT": 0.0003804610660270014, "roll-out": 0.12145356819942726, "roll-in": 0.2808956255465139, "bad-redirect": 0.012399524141775616, "redirect": 0.022852383708460138, "oneh-out": 0.0032288697896318565, "oneh-in": 0.03407570636211939, "dsfb-red": 0.009885048840396057, "dsfb-alt": 0.036166600437570494, "alternate": 0.246277323838968, "sfR": 0.11706348985084018, "unknown": 0.090833422237686}, "keymash": {"sft": 0.0, "sfb": 0.024801632096809283, "dsfb": 0.0, "sfT": 1.2314613752139664e-05, "roll-out": 0.12180384462241342, "roll-in": 0.3233119743199255, "bad-redirect": 0.014547663712527657, "redirect": 0.019847052497198425, "oneh-out": 0.003222323931809879, "oneh-in": 0.03619675468878918, "dsfb-red": 0.01235976733589751, "dsfb-alt": 0.04111849531839434, "alternate": 0.26602439114497173, "sfR": 0.09899307508220005, "unknown": 0.037760710635310925}, "movie": {"sft": 0.0, "sfb": 0.025873319446252086, "dsfb": 0.0, "sfT": 2.4345600138125093e-05, "roll-out": 0.11161957591543734, "roll-in": 0.2838203484210694, "bad-redirect": 0.013817115062175372, "redirect": 0.0232954493862211, "oneh-out": 0.003035962136143491, "oneh-in": 0.04022682729849772, "dsfb-red": 0.01793520622499888, "dsfb-alt": 0.03755052205520556, "alternate": 0.23060770960673432, "sfR": 0.1138359467128768, "unknown": 0.0983576721342498}}