{"english-450k": {"sft": 0.0, "sfb": 0.028883219971221438, "dsfb": 0.0, "sfT": 2.9819312506979767e-05, "roll-out": 0.26792739991381637, "roll-in": 0.2008953394753321, "bad-redirect": 0.010511892351112466, "redirect": 0.06356395745544205, "oneh-out": 0.026758740128199655, "oneh-in": 0.021622802068173963, "dsfb-red": 0.038201462783451566, "dsfb-alt": 0.03621321627011854, "alternate": 0.1824099968368141, "sfR": 0.11328269117541298, "unknown": 0.00969946225839779}, "shai": {"sft": 0.0, "sfb": 0.01801676072792172, "dsfb": 0.0, "sfT": 5.221181477895476e-06, "roll-out": 0.25680018054682996, "roll-in": 0.2016101558598144, "bad-redirect": 0.006677546643844672, "redirect": 0.051753484838679815, "oneh-out": 0.038686814415136335, "oneh-in": 0.018429036673826407, "dsfb-red": 0.027452856098510264, "dsfb-alt": 0.025978721885737483, "alternate": 0.15128203421255604, "sfR": 0.09728563198976478, "unknown": 0.10602155492590025}, "tr-quotes": {"sft": 0.0, "sfb": 0.016954069485217632, "dsfb": 0.0, "sfT": 0.0, "roll-out": 0.269408936455468, "roll-in": 0.19944869512956243, "bad-redirect": 0.00677168812556344, "redirect": 0.04746422875106909, "oneh-out": 0.04364207947111717, "oneh-in": 0.013435889138022699, "dsfb-red": 0.023270382099350454, "dsfb-alt": 0.020606319779940364, "alternate": 0.14547398349552715, "sfR": 0.09591664547745082, "unknown": 0.11760708259171078}, "gutenberg": {"sft": 0.0, "sfb": 0.018023015053025247, "dsfb": 0.0, "sfT": 5.304229782265156e-06, "roll-out": 0.2559944426826824, "roll-in": 0.19264659470342346, "bad-redirect": 0.010207043032079604, "redirect": 0.044840821958602, "oneh-out": 0.05225329364253962, "oneh-in": 0.012506047769135671, "dsfb-red": 0.020431514247729505, "dsfb-alt": 0.019781556662624086, "alternate": 0.14109137558758553, "sfR": 0.09761014138424484, "unknown": 0.13460884904654574}, "english-200": {"sft": 0.0, "sfb": 0.017817371937639197, "dsfb": 0.0, "sfT": 0.0, "roll-out": 0.36525612472160357, "roll-in": 0.21380846325167038, "bad-redirect": 0.0022271714922048997, "redirect": 0.05790645879732739, "oneh-out": 0.0400890868596882, "oneh-in": 0.008908685968819599, "dsfb-red": 0.0334075723830735, "dsfb-alt": 0.024498886414253896, "alternate": 0.1291759465478842, "sfR": 0.10690423162583519, "unknown": 0.0}, "monkeyracer": {"sft": 0.0, "sfb": 0.01693757135930682, "dsfb": 0.0, "sfT": 0.0, "roll-out": 0.269881875909098, "roll-in": 0.19920683641709808, "bad-redirect": 0.006795752068442373, "redirect": 0.047439276162472434, "oneh-out": 0.043409919139152604, "oneh-in": 0.013201471761264995, "dsfb-red": 0.02322501055726731, "dsfb-alt": 0.020634569967311573, "alternate": 0.14535890798755025, "sfR": 0.09605353707555875, "unknown": 0.1178552715954768}, "chained-bigrams": {"sft": 0.0, "sfb": 0.01818442720612632, "dsfb": 0.0, "sfT": 2.3374968914537866e-05, "roll-out": 0.23542749246968883, "roll-in": 0.1902157574561281, "bad-redirect": 0.012108883202422685, "redirect": 0.04965622563078328, "oneh-out": 0.04032636651042231, "oneh-in": 0.014813886549588373, "dsfb-red": 0.033409323625795316, "dsfb-alt": 0.03840702184066193, "alternate": 0.1447261200343612, "sfR": 0.11643721321023381, "unknown": 0.10626390729487328}, "english-5k": {"sft": 0.0, "sfb": 0.0236445845605011, "dsfb": 0.0, "sfT": 0.0, "roll-out": 0.27780312772223836, "roll-in": 0.22093167959513835, "bad-redirect": 0.007425229186543328, "redirect": 0.06048035840212387, "oneh-out": 0.02181938855933961, "oneh-in": 0.03314390011200066, "dsfb-red": 0.03198241174762517, "dsfb-alt": 0.036047621022939395, "alternate": 0.17716845729456174, "sfR": 0.10644211224955408, "unknown": 0.003111129547434355}, "mt-quotes": {"sft": 0.0, "sfb": 0.016799942625596156, "dsfb": 0.0, "sfT": 0.0, "roll-out": 0.2746231816497532, "roll-in": 0.20214317304359258, "bad-redirect": 0.006822175207085739, "redirect": 0.04717251766055868, "oneh-out": 0.04502545989170581, "oneh-in": 0.012556627341294032, "dsfb-red": 0.022643465892112215, "dsfb-alt": 0.019925652335018706, "alternate": 0.14624048242311233, "sfR": 0.09572710103871578, "unknown": 0.1103202208914548}, "english-1k": {"sft": 0.0, "sfb": 0.022935779816513763, "dsfb": 0.0, "sfT": 0.0, "roll-out": 0.3119266055045872, "roll-in": 0.22477064220183487, "bad-redirect": 0.007410021171489062, "redirect": 0.05716302046577276, "oneh-out": 0.027875793930839804, "oneh-in": 0.022230063514467185, "dsfb-red": 0.027170077628793227, "dsfb-alt": 0.029992942836979536, "alternate": 0.16019760056457305, "sfR": 0.10832745236414962, "unknown": 0.0}, "english-10k": {"sft": 0.0, "sfb": 0.023793442812759306, "dsfb": 0.0, "sfT": 0.0, "roll-out": 0.2671503830493429, "roll-in": 0.22245807684143493, "bad-redirect": 0.00773817564307906, "redirect": 0.0657648443681133, "oneh-out": 0.019181412940699718, "oneh-in": 0.030721136218907392, "dsfb-red": 0.03421392871615754, "dsfb-alt": 0.03334555489087435, "alternate": 0.18243569209393876, "sfR": 0.10543987958549622, "unknown": 0.0077574728391964646}, "reddit": {"sft": 0.0, "sfb": 0.016846808731397947, "dsfb": 0.0, "sfT": 1.3334839121346473e-05, "roll-out": 0.25154211233965185, "roll-in": 0.19413825194118361, "bad-redirect": 0.0068465783683063835, "redirect": 0.04713989238859744, "oneh-out": 0.037944958953230114, "oneh-in": 0.014620864490877903, "dsfb-red": 0.024844902898211164, "dsfb-alt": 0.02442946272772, "alternate": 0.14079102939901267, "sfR": 0.1028716913164539, "unknown": 0.13797011160623568}, "akl": {"sft": 0.0, "sfb": 0.020018844005510954, "dsfb": 0.0, "sfT": 8.357628693542174e-05, "roll-out": 0.24740204134306412, "roll-in": 0.19169959225428107, "bad-redirect": 0.00687648837347907, "redirect": 0.0412129601853473, "oneh-out": 0.03197917444966967, "oneh-in": 0.011770626522293432, "dsfb-red": 0.027069609691925043, "dsfb-alt": 0.02599098615186152, "alternate": 0.13950988734114775, "sfR": 0.11706348985084018, "unknown": 0.13932272354364447}, "keymash": {"sft": 0.0, "sfb": 0.017182991055485545, "dsfb": 0.0, "sfT": 4.104871250713221e-06, "roll-out": 0.26889369614922026, "roll-in": 0.20255487186644391, "bad-redirect": 0.006961861641209623, "redirect": 0.04840053691715959, "oneh-out": 0.044480384872728464, "oneh-in": 0.013225895169798, "dsfb-red": 0.022790245183959806, "dsfb-alt": 0.02181328582629006, "alternate": 0.14433548291757828, "sfR": 0.09899307508220005, "unknown": 0.11036356844667566}, "movie": {"sft": 0.0, "sfb": 0.01202304172875343, "dsfb": 0.0, "sfT": 9.211848700912197e-07, "roll-out": 0.2406828401287606, "roll-in": 0.16837311777256445, "bad-redirect": 0.006713068941870471, "redirect": 0.04090876729804239, "oneh-out": 0.0322989787086541, "oneh-in": 0.00982272586762126, "dsfb-red": 0.019744939701212372, "dsfb-alt": 0.018661494696146513, "alternate": 0.12089274920912989, "sfR": 0.1138359467128768, "unknown": 0.21604140804949762}}