{"english-450k": {"sft": 0.0, "sfb": 0.03408435123408102, "dsfb": 0.0, "sfT": 1.5202002454538705e-05, "roll-out": 0.16430704302926794, "roll-in": 0.2891964630787212, "bad-redirect": 0.0032745697979478464, "redirect": 0.04575539627235206, "oneh-out": 0.006824529717283683, "oneh-in": 0.009876624056233376, "dsfb-red": 0.014840077857640263, "dsfb-alt": 0.04346077094031986, "alternate": 0.2653834032722895, "sfR": 0.11328269117541298, "unknown": 0.009698877565995693}, "shai": {"sft": 0.0, "sfb": 0.019825170537952765, "dsfb": 0.0, "sfT": 3.3420980030857996e-05, "roll-out": 0.1398901090309642, "roll-in": 0.3235066763003722, "bad-redirect": 0.003744481184085003, "redirect": 0.03786781268955327, "oneh-out": 0.007925695427313258, "oneh-in": 0.015730738600949395, "dsfb-red": 0.0137051911161423, "dsfb-alt": 0.039205511121542296, "alternate": 0.2342131056376994, "sfR": 0.09728563198976478, "unknown": 0.06706645538363028}, "tr-quotes": {"sft": 0.0, "sfb": 0.022549178243683687, "dsfb": 0.0, "sfT": 3.698481311111625e-05, "roll-out": 0.1398892767157486, "roll-in": 0.3264533875777259, "bad-redirect": 0.002904463604632348, "redirect": 0.03537481796537297, "oneh-out": 0.00793093086151499, "oneh-in": 0.024266660502531148, "dsfb-red": 0.014678347703474261, "dsfb-alt": 0.038060840017567786, "alternate": 0.24663091468065926, "sfR": 0.09591664547745082, "unknown": 0.04530755183652713}, "gutenberg": {"sft": 0.0, "sfb": 0.02028299581382608, "dsfb": 0.0, "sfT": 4.2812711813997335e-05, "roll-out": 0.13752636486356953, "roll-in": 0.3402246644411634, "bad-redirect": 0.0029991630683150697, "redirect": 0.03399083050220069, "oneh-out": 0.007888715743673853, "oneh-in": 0.01441348668619381, "dsfb-red": 0.013558937380915306, "dsfb-alt": 0.03622220630953288, "alternate": 0.2202337043642066, "sfR": 0.09761014138424484, "unknown": 0.07500597673034394}, "english-200": {"sft": 0.0, "sfb": 0.011135857461024499, "dsfb": 0.0, "sfT": 0.0, "roll-out": 0.16481069042316257, "roll-in": 0.3585746102449889, "bad-redirect": 0.0022271714922048997, "redirect": 0.028953229398663696, "oneh-out": 0.013363028953229399, "oneh-in": 0.013363028953229399, "dsfb-red": 0.011135857461024499, "dsfb-alt": 0.026726057906458798, "alternate": 0.26280623608017817, "sfR": 0.10690423162583519, "unknown": 0.0}, "monkeyracer": {"sft": 0.0, "sfb": 0.022440058182273175, "dsfb": 0.0, "sfT": 3.910099003706774e-05, "roll-out": 0.14007049908503683, "roll-in": 0.32620880710699596, "bad-redirect": 0.0029188889062671066, "redirect": 0.03538444093404445, "oneh-out": 0.008015702957598887, "oneh-in": 0.024728443624192565, "dsfb-red": 0.014672646511409669, "dsfb-alt": 0.03791818508844644, "alternate": 0.24633525970877582, "sfR": 0.09605353707555875, "unknown": 0.04521442982936328}, "chained-bigrams": {"sft": 0.0, "sfb": 0.0211426593831995, "dsfb": 0.0, "sfT": 0.00019154488416079642, "roll-out": 0.1128790234976875, "roll-in": 0.28410326801544566, "bad-redirect": 0.003460144704043675, "redirect": 0.046871357806492916, "oneh-out": 0.0047964137603247565, "oneh-in": 0.019927810304335603, "dsfb-red": 0.02002780322691446, "dsfb-alt": 0.04645320558479952, "alternate": 0.25115819724448074, "sfR": 0.11643721321023381, "unknown": 0.07255135837788104}, "english-5k": {"sft": 0.0, "sfb": 0.019994192558178123, "dsfb": 0.0, "sfT": 0.0, "roll-out": 0.16679802546978056, "roll-in": 0.3310656655743145, "bad-redirect": 0.001078524909777243, "redirect": 0.041315800389928235, "oneh-out": 0.009250425187704817, "oneh-in": 0.010038578006388186, "dsfb-red": 0.015099348736881403, "dsfb-alt": 0.04061061102584312, "alternate": 0.25527854979881365, "sfR": 0.10644211224955408, "unknown": 0.0030281660928361057}, "mt-quotes": {"sft": 0.0, "sfb": 0.021917321093460514, "dsfb": 0.0, "sfT": 3.2870752202340395e-05, "roll-out": 0.14008618113577415, "roll-in": 0.3309666391747648, "bad-redirect": 0.003037556328516274, "redirect": 0.03507906910029763, "oneh-out": 0.008232629301586164, "oneh-in": 0.02615615400246232, "dsfb-red": 0.014434742592127753, "dsfb-alt": 0.03809570767741242, "alternate": 0.2499536821218967, "sfR": 0.09572710103871578, "unknown": 0.03628034568078316}, "english-1k": {"sft": 0.0, "sfb": 0.014820042342978124, "dsfb": 0.0, "sfT": 0.0, "roll-out": 0.19230769230769232, "roll-in": 0.3394495412844037, "bad-redirect": 0.0007057163020465773, "redirect": 0.043048694424841216, "oneh-out": 0.016231474947071278, "oneh-in": 0.009174311926605505, "dsfb-red": 0.015525758645024701, "dsfb-alt": 0.03493295695130558, "alternate": 0.22547635850388145, "sfR": 0.10832745236414962, "unknown": 0.0}, "english-10k": {"sft": 0.0, "sfb": 0.02325312132147199, "dsfb": 0.0, "sfT": 1.929719611740414e-05, "roll-out": 0.16657339688543255, "roll-in": 0.3272611489550568, "bad-redirect": 0.004322571930298527, "redirect": 0.0410065417494838, "oneh-out": 0.008876710214005904, "oneh-in": 0.008683738252831863, "dsfb-red": 0.014993921383223018, "dsfb-alt": 0.0396171436290307, "alternate": 0.25219505605835474, "sfR": 0.10543987958549622, "unknown": 0.0077574728391964646}, "reddit": {"sft": 0.0, "sfb": 0.022013571944547297, "dsfb": 0.0, "sfT": 8.090801264637187e-05, "roll-out": 0.13608394356141715, "roll-in": 0.3012511337890777, "bad-redirect": 0.0031535770799586546, "redirect": 0.03590877396829642, "oneh-out": 0.008288838608554486, "oneh-in": 0.01856359435344478, "dsfb-red": 0.012813132269430424, "dsfb-alt": 0.04053334112447529, "alternate": 0.24145119757905248, "sfR": 0.1028716913164539, "unknown": 0.07698629639264509}, "akl": {"sft": 0.0, "sfb": 0.02237081330197457, "dsfb": 0.0, "sfT": 0.00020513053079553845, "roll-out": 0.1326902110174239, "roll-in": 0.27986836208196525, "bad-redirect": 0.00381489506622352, "redirect": 0.03330326073905724, "oneh-out": 0.009920920352727864, "oneh-in": 0.018487830511998617, "dsfb-red": 0.014251398710186804, "dsfb-alt": 0.03609268901406126, "alternate": 0.2346697609098651, "sfR": 0.11706348985084018, "unknown": 0.09726123791288017}, "keymash": {"sft": 0.0, "sfb": 0.02236333857388563, "dsfb": 0.0, "sfT": 9.030716751569087e-05, "roll-out": 0.14041122600189646, "roll-in": 0.3304339259399129, "bad-redirect": 0.0028405709054935492, "redirect": 0.034665637712273156, "oneh-out": 0.008554551686486353, "oneh-in": 0.02397244810416521, "dsfb-red": 0.01498688493635397, "dsfb-alt": 0.038089100335367984, "alternate": 0.2432916141585219, "sfR": 0.09899307508220005, "unknown": 0.04130731939592715}, "movie": {"sft": 0.0, "sfb": 0.024823431890025265, "dsfb": 0.0, "sfT": 0.0001538378733052337, "roll-out": 0.12107777577017964, "roll-in": 0.2767010369514887, "bad-redirect": 0.00214070204025341, "redirect": 0.02865911409124652, "oneh-out": 0.0062910346735301085, "oneh-in": 0.03281142069210199, "dsfb-red": 0.015311671714979085, "dsfb-alt": 0.036292709914015286, "alternate": 0.23833579267760674, "sfR": 0.1138359467128768, "unknown": 0.10356552499839122}}