{"english-450k": {"sft": 0.0, "sfb": 0.11600034146036282, "dsfb": 0.0, "sfT": 0.0029836853279042695, "roll-out": 0.18709689113202882, "roll-in": 0.13840663134734763, "bad-redirect": 0.0011369343758788658, "redirect": 0.09196012865571616, "oneh-out": 0.02040401075600143, "oneh-in": 0.011336016291869092, "dsfb-red": 0.08426353022070385, "dsfb-alt": 0.0947268931024422, "alternate": 0.1287033685883362, "sfR": 0.11328269117541298, "unknown": 0.009698877565995693}, "shai": {"sft": 0.0, "sfb": 0.11619717704767074, "dsfb": 0.0, "sfT": 0.007305501120405941, "roll-out": 0.20439364550089748, "roll-in": 0.15497568531780545, "bad-redirect": 0.0005224819662172142, "redirect": 0.07581576219341331, "oneh-out": 0.018412544861908457, "oneh-in": 0.00858169488607529, "dsfb-red": 0.06059999309519069, "dsfb-alt": 0.07103838114113895, "alternate": 0.11717403339636423, "sfR": 0.09728563198976478, "unknown": 0.06769746748314746}, "tr-quotes": {"sft": 0.0, "sfb": 0.12313977947805183, "dsfb": 0.0, "sfT": 0.013371165715078246, "roll-out": 0.20967037285314719, "roll-in": 0.1750491204549132, "bad-redirect": 0.0003941194147153325, "redirect": 0.0731952566977185, "oneh-out": 0.016150805575460576, "oneh-in": 0.008664848246688703, "dsfb-red": 0.06035921499734172, "dsfb-alt": 0.06326252282656435, "alternate": 0.1154342248214327, "sfR": 0.09591664547745082, "unknown": 0.04539192344143686}, "gutenberg": {"sft": 0.0, "sfb": 0.12202759487656868, "dsfb": 0.0, "sfT": 0.006840940924898547, "roll-out": 0.1997245210375225, "roll-in": 0.1702333823216841, "bad-redirect": 0.000367128475643924, "redirect": 0.08310686166530841, "oneh-out": 0.014503469155714379, "oneh-in": 0.013651193091771131, "dsfb-red": 0.052712298955483496, "dsfb-alt": 0.0525569607975743, "alternate": 0.11146819943752431, "sfR": 0.09761014138424484, "unknown": 0.07519730787606137}, "english-200": {"sft": 0.0, "sfb": 0.1358574610244989, "dsfb": 0.0, "sfT": 0.004454342984409799, "roll-out": 0.18485523385300667, "roll-in": 0.18930957683741648, "bad-redirect": 0.0, "redirect": 0.10467706013363029, "oneh-out": 0.022271714922048998, "oneh-in": 0.008908685968819599, "dsfb-red": 0.066815144766147, "dsfb-alt": 0.062360801781737196, "alternate": 0.11358574610244988, "sfR": 0.10690423162583519, "unknown": 0.0}, "monkeyracer": {"sft": 0.0, "sfb": 0.1235718363388961, "dsfb": 0.0, "sfT": 0.013697076809984828, "roll-out": 0.20955198085615528, "roll-in": 0.1746934482381094, "bad-redirect": 0.0004056727716345778, "redirect": 0.07320389602264729, "oneh-out": 0.016239618687145158, "oneh-in": 0.008698015233745719, "dsfb-red": 0.060412007132020586, "dsfb-alt": 0.06309140247431065, "alternate": 0.11508985407510518, "sfR": 0.09605353707555875, "unknown": 0.04529165428468649}, "chained-bigrams": {"sft": 0.0, "sfb": 0.09793008157214847, "dsfb": 0.0, "sfT": 0.005777513150043276, "roll-out": 0.17940483433315435, "roll-in": 0.13462228972105222, "bad-redirect": 0.0007596864897224806, "redirect": 0.07758022321796704, "oneh-out": 0.012814028098011245, "oneh-in": 0.007370906864384274, "dsfb-red": 0.09385829184817439, "dsfb-alt": 0.07860352741267014, "alternate": 0.12192124063946123, "sfR": 0.11643721321023381, "unknown": 0.07292016344297708}, "english-5k": {"sft": 0.0, "sfb": 0.12552370680715144, "dsfb": 0.0, "sfT": 0.0025718670925457335, "roll-out": 0.21462645704567138, "roll-in": 0.1400423113618451, "bad-redirect": 0.0008296345459824947, "redirect": 0.08644791969137595, "oneh-out": 0.01750528892023064, "oneh-in": 0.009499315551499564, "dsfb-red": 0.0736300659559464, "dsfb-alt": 0.09445389306010703, "alternate": 0.12539926162525408, "sfR": 0.10644211224955408, "unknown": 0.0030281660928361057}, "mt-quotes": {"sft": 0.0, "sfb": 0.12514343600961023, "dsfb": 0.0, "sfT": 0.014872521246458924, "roll-out": 0.21075082774530546, "roll-in": 0.17996438005761348, "bad-redirect": 0.0003660606495260635, "redirect": 0.07359612005594005, "oneh-out": 0.01624113983815637, "oneh-in": 0.008803385089826801, "dsfb-red": 0.06074365594482495, "dsfb-alt": 0.06246787631034771, "alternate": 0.1150252208316898, "sfR": 0.09572710103871578, "unknown": 0.03629827518198444}, "english-1k": {"sft": 0.0, "sfb": 0.152787579393084, "dsfb": 0.0, "sfT": 0.002117148906139732, "roll-out": 0.2081863091037403, "roll-in": 0.16019760056457305, "bad-redirect": 0.0, "redirect": 0.09491884262526465, "oneh-out": 0.01058574453069866, "oneh-in": 0.013408609738884969, "dsfb-red": 0.06739590684544813, "dsfb-alt": 0.07198306280875089, "alternate": 0.11009174311926606, "sfR": 0.10832745236414962, "unknown": 0.0}, "english-10k": {"sft": 0.0, "sfb": 0.12734219717874992, "dsfb": 0.0, "sfT": 0.002026205592327435, "roll-out": 0.21417957970706855, "roll-in": 0.13440497095771983, "bad-redirect": 0.0008297794330483781, "redirect": 0.08334459003106849, "oneh-out": 0.025800351208969338, "oneh-in": 0.009474923293645434, "dsfb-red": 0.06829277705949326, "dsfb-alt": 0.08971266474981185, "alternate": 0.1313946083634048, "sfR": 0.10543987958549622, "unknown": 0.0077574728391964646}, "reddit": {"sft": 0.0, "sfb": 0.11990957031290238, "dsfb": 0.0, "sfT": 0.01040761718973135, "roll-out": 0.19192208408552502, "roll-in": 0.1654028348144931, "bad-redirect": 0.0003970485805794175, "redirect": 0.06991782030817338, "oneh-out": 0.01620643679426722, "oneh-in": 0.007742372406472116, "dsfb-red": 0.06054522636170339, "dsfb-alt": 0.06270457132144322, "alternate": 0.10848906721114762, "sfR": 0.1028716913164539, "unknown": 0.0834836592971079}, "akl": {"sft": 0.0, "sfb": 0.11390964666126674, "dsfb": 0.0, "sfT": 0.015554296645140043, "roll-out": 0.17597529313964452, "roll-in": 0.15911215095128897, "bad-redirect": 0.0005883795381954783, "redirect": 0.06672107489141588, "oneh-out": 0.013966842827388885, "oneh-in": 0.007253418047100349, "dsfb-red": 0.05871367358856751, "dsfb-alt": 0.05959559237620704, "alternate": 0.10662965023974437, "sfR": 0.11706348985084018, "unknown": 0.10491649124320006}, "keymash": {"sft": 0.0, "sfb": 0.12395069228653643, "dsfb": 0.0, "sfT": 0.012819512915977391, "roll-out": 0.21154864477675658, "roll-in": 0.17183401542610616, "bad-redirect": 0.00034891405631062383, "redirect": 0.07497547339427699, "oneh-out": 0.01581196405774733, "oneh-in": 0.00988863484296815, "dsfb-red": 0.05843694712515342, "dsfb-alt": 0.06279221552216015, "alternate": 0.11723922779162031, "sfR": 0.09899307508220005, "unknown": 0.04136068272218642}, "movie": {"sft": 0.0, "sfb": 0.11811445564093477, "dsfb": 0.0, "sfT": 0.019593996980355997, "roll-out": 0.1958541680128029, "roll-in": 0.16242200031609802, "bad-redirect": 0.0003391276300321533, "redirect": 0.06308695103468143, "oneh-out": 0.01079497069908325, "oneh-in": 0.007618462071331556, "dsfb-red": 0.05078992260599515, "dsfb-alt": 0.051106678603467945, "alternate": 0.10284173688617669, "sfR": 0.1138359467128768, "unknown": 0.10360158280616336}}