{"english-450k": {"sft": 0.0, "sfb": 0.032388450921796805, "dsfb": 0.0, "sfT": 2.6895850496491555e-05, "roll-out": 0.176283589847635, "roll-in": 0.1970866531680681, "bad-redirect": 0.0013357297925920642, "redirect": 0.023534746223033257, "oneh-out": 0.003218439327346473, "oneh-in": 0.00141612499788049, "dsfb-red": 0.006596207334264553, "dsfb-alt": 0.06606556389781681, "alternate": 0.3690660298976613, "sfR": 0.11328269117541298, "unknown": 0.009698877565995693}, "shai": {"sft": 0.0, "sfb": 0.017114816141648292, "dsfb": 0.0, "sfT": 9.072238238833948e-06, "roll-out": 0.20911372902122316, "roll-in": 0.2040982829937643, "bad-redirect": 0.0009253915228138925, "redirect": 0.026687533072643238, "oneh-out": 0.009903660106272137, "oneh-in": 0.002120775023044414, "dsfb-red": 0.009181012207888636, "dsfb-alt": 0.057706920569612706, "alternate": 0.2984338235954364, "sfR": 0.09728563198976478, "unknown": 0.06741935151764922}, "tr-quotes": {"sft": 0.0, "sfb": 0.014945331823120132, "dsfb": 0.0, "sfT": 5.778877048611914e-06, "roll-out": 0.23606019278333834, "roll-in": 0.19617669494463835, "bad-redirect": 0.000981253322854303, "redirect": 0.02884237534962206, "oneh-out": 0.017730750560551074, "oneh-in": 0.0036071750537435567, "dsfb-red": 0.010362682323570883, "dsfb-alt": 0.058113543376251124, "alternate": 0.29098264025334597, "sfR": 0.09591664547745082, "unknown": 0.04627493585446476}, "gutenberg": {"sft": 0.0, "sfb": 0.01624837131730168, "dsfb": 0.0, "sfT": 1.2692264121848766e-05, "roll-out": 0.2546782359495689, "roll-in": 0.1837131351294213, "bad-redirect": 0.0011495023685280346, "redirect": 0.026655080713327978, "oneh-out": 0.01342405839502342, "oneh-in": 0.0030217060448896964, "dsfb-red": 0.008814114403901185, "dsfb-alt": 0.05137487530324092, "alternate": 0.2631525007738492, "sfR": 0.09761014138424484, "unknown": 0.08014558595258095}, "english-200": {"sft": 0.0, "sfb": 0.008908685968819599, "dsfb": 0.0, "sfT": 0.0, "roll-out": 0.26280623608017817, "roll-in": 0.21158129175946547, "bad-redirect": 0.0, "redirect": 0.026726057906458798, "oneh-out": 0.011135857461024499, "oneh-in": 0.0066815144766146995, "dsfb-red": 0.004454342984409799, "dsfb-alt": 0.062360801781737196, "alternate": 0.2984409799554566, "sfR": 0.10690423162583519, "unknown": 0.0}, "monkeyracer": {"sft": 0.0, "sfb": 0.014777241659758826, "dsfb": 0.0, "sfT": 6.842673256486854e-06, "roll-out": 0.2367437868526831, "roll-in": 0.19625666671880132, "bad-redirect": 0.0009863224736850337, "redirect": 0.02888096876612916, "oneh-out": 0.018120376307928118, "oneh-in": 0.003666695340726027, "dsfb-red": 0.010373492656834071, "dsfb-alt": 0.057886083175626005, "alternate": 0.2900912226097565, "sfR": 0.09605353707555875, "unknown": 0.046156763689256614}, "chained-bigrams": {"sft": 0.0, "sfb": 0.018338312418147026, "dsfb": 0.0, "sfT": 3.181592991145432e-05, "roll-out": 0.20369272564474333, "roll-in": 0.1721566460555714, "bad-redirect": 0.002725131792619873, "redirect": 0.026747457485152025, "oneh-out": 0.005176257005185997, "oneh-in": 0.004698368751822111, "dsfb-red": 0.010561590121218692, "dsfb-alt": 0.05935943494908477, "alternate": 0.30659972768161214, "sfR": 0.11643721321023381, "unknown": 0.07347531895469736}, "english-5k": {"sft": 0.0, "sfb": 0.022566059650723856, "dsfb": 0.0, "sfT": 0.0, "roll-out": 0.17550918820259676, "roll-in": 0.23146803832911603, "bad-redirect": 0.001244451818973742, "redirect": 0.02522089019786784, "oneh-out": 0.0035259468204256023, "oneh-in": 0.0019496411830588626, "dsfb-red": 0.007591156095739827, "dsfb-alt": 0.0660803915875057, "alternate": 0.35537395777160163, "sfR": 0.10644211224955408, "unknown": 0.0030281660928361057}, "mt-quotes": {"sft": 0.0, "sfb": 0.01403581119039935, "dsfb": 0.0, "sfT": 7.470625500531909e-06, "roll-out": 0.24419084161078639, "roll-in": 0.197163254084938, "bad-redirect": 0.0009517576887677652, "redirect": 0.029749524868218167, "oneh-out": 0.019576027061593813, "oneh-in": 0.00382794850647255, "dsfb-red": 0.01062024121155616, "dsfb-alt": 0.05781965312391676, "alternate": 0.289158030623588, "sfR": 0.09572710103871578, "unknown": 0.03717233836554667}, "english-1k": {"sft": 0.0, "sfb": 0.017642907551164433, "dsfb": 0.0, "sfT": 0.0, "roll-out": 0.20889202540578689, "roll-in": 0.22477064220183487, "bad-redirect": 0.0, "redirect": 0.022230063514467185, "oneh-out": 0.008115737473535639, "oneh-in": 0.0028228652081863093, "dsfb-red": 0.0067043048694424845, "dsfb-alt": 0.06739590684544813, "alternate": 0.3330980945659845, "sfR": 0.10832745236414962, "unknown": 0.0}, "english-10k": {"sft": 0.0, "sfb": 0.02400571197005075, "dsfb": 0.0, "sfT": 0.0, "roll-out": 0.17433086972462902, "roll-in": 0.2358503309469134, "bad-redirect": 0.0009841570019876113, "redirect": 0.02809671754694043, "oneh-out": 0.002875282221493217, "oneh-in": 0.0016209644738619479, "dsfb-red": 0.007101368171204724, "dsfb-alt": 0.0661507882904614, "alternate": 0.3457864572277648, "sfR": 0.10543987958549622, "unknown": 0.0077574728391964646}, "reddit": {"sft": 0.0, "sfb": 0.017439385009206096, "dsfb": 0.0, "sfT": 3.996705995077721e-05, "roll-out": 0.22084860893467934, "roll-in": 0.18492485200107803, "bad-redirect": 0.000999476158075528, "redirect": 0.027089950419494937, "oneh-out": 0.012718102811984199, "oneh-in": 0.0025950495908058533, "dsfb-red": 0.011409078590709774, "dsfb-alt": 0.05801452860688201, "alternate": 0.28117587060860993, "sfR": 0.1028716913164539, "unknown": 0.07987343889206965}, "akl": {"sft": 0.0, "sfb": 0.023885842598282057, "dsfb": 0.0, "sfT": 7.96731690133079e-05, "roll-out": 0.20121180040173617, "roll-in": 0.1745577178828844, "bad-redirect": 0.0009573171132143341, "redirect": 0.02801905861504242, "oneh-out": 0.01372875263413994, "oneh-in": 0.0033407591700657865, "dsfb-red": 0.014290244026649745, "dsfb-alt": 0.05919332341321839, "alternate": 0.2647121834648808, "sfR": 0.11706348985084018, "unknown": 0.09895983766003248}, "keymash": {"sft": 0.0, "sfb": 0.01553283281269883, "dsfb": 0.0, "sfT": 4.104871250713221e-06, "roll-out": 0.23759405286253196, "roll-in": 0.19626210423910054, "bad-redirect": 0.0010262178126783054, "redirect": 0.027876180663593486, "oneh-out": 0.01738412974677049, "oneh-in": 0.0034029382668412603, "dsfb-red": 0.010262178126783053, "dsfb-alt": 0.05890079757648401, "alternate": 0.290382697146704, "sfR": 0.09899307508220005, "unknown": 0.0423786907923633}, "movie": {"sft": 0.0, "sfb": 0.012115818204955475, "dsfb": 0.0, "sfT": 2.631956771689199e-06, "roll-out": 0.2157207041168673, "roll-in": 0.16056647079205713, "bad-redirect": 0.0007372110917501447, "redirect": 0.029002716047790544, "oneh-out": 0.02436744537933011, "oneh-in": 0.0038288391136148624, "dsfb-red": 0.012402964688746767, "dsfb-alt": 0.0591079587872417, "alternate": 0.2645277104910718, "sfR": 0.1138359467128768, "unknown": 0.10378358261692566}}