{"english-450k": {"sft": 0.0, "sfb": 0.033542926069738604, "dsfb": 0.0, "sfT": 3.800500613634676e-05, "roll-out": 0.17535860646751653, "roll-in": 0.196002341108378, "bad-redirect": 0.001300355902265157, "redirect": 0.019266199341519418, "oneh-out": 0.0023443241862104976, "oneh-in": 0.0012845692074085204, "dsfb-red": 0.006046304130091721, "dsfb-alt": 0.0659486254173973, "alternate": 0.37588617442192923, "sfR": 0.11328269117541298, "unknown": 0.009698877565995693}, "shai": {"sft": 0.0, "sfb": 0.01717508614755918, "dsfb": 0.0, "sfT": 9.478631163355094e-06, "roll-out": 0.21299776166517992, "roll-in": 0.2008702575493872, "bad-redirect": 0.0009087139312733057, "redirect": 0.019112612795323804, "oneh-out": 0.009307795189112818, "oneh-in": 0.0016774158240270643, "dsfb-red": 0.00633665264752992, "dsfb-alt": 0.05848100233060537, "alternate": 0.3084182397814241, "sfR": 0.09728563198976478, "unknown": 0.06741935151764922}, "tr-quotes": {"sft": 0.0, "sfb": 0.014885231501814568, "dsfb": 0.0, "sfT": 5.778877048611914e-06, "roll-out": 0.23812556344051225, "roll-in": 0.19246665587942952, "bad-redirect": 0.0009639166917084672, "redirect": 0.021422297219204363, "oneh-out": 0.01739557569173158, "oneh-in": 0.0025854695915489704, "dsfb-red": 0.0075691731582718845, "dsfb-alt": 0.05834123113196644, "alternate": 0.30404752548484776, "sfR": 0.09591664547745082, "unknown": 0.04627493585446476}, "gutenberg": {"sft": 0.0, "sfb": 0.016340816464935442, "dsfb": 0.0, "sfT": 1.2502827343910725e-05, "roll-out": 0.2569908801346365, "roll-in": 0.18130918241738758, "bad-redirect": 0.0011409777135208228, "redirect": 0.020648987668802375, "oneh-out": 0.012947435461731308, "oneh-in": 0.0024757492508722615, "dsfb-red": 0.006275093269197618, "dsfb-alt": 0.051851308799755094, "alternate": 0.2722513386549913, "sfR": 0.09761014138424484, "unknown": 0.08014558595258095}, "english-200": {"sft": 0.0, "sfb": 0.008908685968819599, "dsfb": 0.0, "sfT": 0.0, "roll-out": 0.267260579064588, "roll-in": 0.2026726057906459, "bad-redirect": 0.0, "redirect": 0.017817371937639197, "oneh-out": 0.011135857461024499, "oneh-in": 0.004454342984409799, "dsfb-red": 0.0022271714922048997, "dsfb-alt": 0.05790645879732739, "alternate": 0.3207126948775056, "sfR": 0.10690423162583519, "unknown": 0.0}, "monkeyracer": {"sft": 0.0, "sfb": 0.014748893441981952, "dsfb": 0.0, "sfT": 6.842673256486854e-06, "roll-out": 0.2386040164536966, "roll-in": 0.1924883088039789, "bad-redirect": 0.0009677495034174265, "redirect": 0.021387264025525127, "oneh-out": 0.01778215274410748, "oneh-in": 0.002630519104743732, "dsfb-red": 0.007572884245429094, "dsfb-alt": 0.05812166664059934, "alternate": 0.3034794015984485, "sfR": 0.09605353707555875, "unknown": 0.046156763689256614}, "chained-bigrams": {"sft": 0.0, "sfb": 0.018094823158620592, "dsfb": 0.0, "sfT": 2.9868015835242832e-05, "roll-out": 0.19969820317912562, "roll-in": 0.1758849535974402, "bad-redirect": 0.0025900764166692097, "redirect": 0.022125057382302162, "oneh-out": 0.005256770787002738, "oneh-in": 0.005117819582899652, "dsfb-red": 0.010785600239983014, "dsfb-alt": 0.05989251410127465, "alternate": 0.31061178137391576, "sfR": 0.11643721321023381, "unknown": 0.07347531895469736}, "english-5k": {"sft": 0.0, "sfb": 0.02306384037831335, "dsfb": 0.0, "sfT": 0.0, "roll-out": 0.1765462313850749, "roll-in": 0.2279006097813913, "bad-redirect": 0.0011614883643754927, "redirect": 0.016717136101547268, "oneh-out": 0.0029866843655369808, "oneh-in": 0.0016177873646658647, "dsfb-red": 0.006056332185672211, "dsfb-alt": 0.06686854440618907, "alternate": 0.3676110673248434, "sfR": 0.10644211224955408, "unknown": 0.0030281660928361057}, "mt-quotes": {"sft": 0.0, "sfb": 0.01405224656650052, "dsfb": 0.0, "sfT": 7.470625500531909e-06, "roll-out": 0.2461361924911249, "roll-in": 0.19328898770036218, "bad-redirect": 0.0009368164377667013, "redirect": 0.021963638971563813, "oneh-out": 0.01926674316587179, "oneh-in": 0.00270884880649287, "dsfb-red": 0.007675320639246483, "dsfb-alt": 0.05803032476303176, "alternate": 0.303033970428276, "sfR": 0.09572710103871578, "unknown": 0.03717233836554667}, "english-1k": {"sft": 0.0, "sfb": 0.01799576570218772, "dsfb": 0.0, "sfT": 0.0, "roll-out": 0.21347918136908964, "roll-in": 0.21912491178546226, "bad-redirect": 0.0, "redirect": 0.014820042342978124, "oneh-out": 0.007057163020465773, "oneh-in": 0.002117148906139732, "dsfb-red": 0.00529287226534933, "dsfb-alt": 0.06739590684544813, "alternate": 0.34438955539872973, "sfR": 0.10832745236414962, "unknown": 0.0}, "english-10k": {"sft": 0.0, "sfb": 0.024063603558402966, "dsfb": 0.0, "sfT": 0.0, "roll-out": 0.17452384168580307, "roll-in": 0.23291715713706798, "bad-redirect": 0.0009455626097528029, "redirect": 0.020821674610679068, "oneh-out": 0.0023735551224407093, "oneh-in": 0.0012736149437486733, "dsfb-red": 0.005654078462399414, "dsfb-alt": 0.06800331911773219, "alternate": 0.35622624032728045, "sfR": 0.10543987958549622, "unknown": 0.0077574728391964646}, "reddit": {"sft": 0.0, "sfb": 0.017506358864118925, "dsfb": 0.0, "sfT": 4.049146373644814e-05, "roll-out": 0.2261048579081121, "roll-in": 0.18318293245473224, "bad-redirect": 0.001017568088681175, "redirect": 0.01995678538231939, "oneh-out": 0.012300677398590141, "oneh-in": 0.0020597456978756214, "dsfb-red": 0.00816785116371755, "dsfb-alt": 0.057523836493147074, "alternate": 0.2893937648764458, "sfR": 0.1028716913164539, "unknown": 0.07987343889206965}, "akl": {"sft": 0.0, "sfb": 0.02331326139453323, "dsfb": 0.0, "sfT": 0.00010476464136975401, "roll-out": 0.20777362312558958, "roll-in": 0.17578806738788852, "bad-redirect": 0.0009469087987553638, "redirect": 0.020709324152208712, "oneh-out": 0.01348632564319976, "oneh-in": 0.0029056544531291914, "dsfb-red": 0.011555521356808048, "dsfb-alt": 0.05801098845408155, "alternate": 0.2693822330815636, "sfR": 0.11706348985084018, "unknown": 0.09895983766003248}, "keymash": {"sft": 0.0, "sfb": 0.015627244851465234, "dsfb": 0.0, "sfT": 8.209742501426442e-06, "roll-out": 0.2399297246041878, "roll-in": 0.1927442295772393, "bad-redirect": 0.0009974837139233128, "redirect": 0.020856850824873877, "oneh-out": 0.016846391612927062, "oneh-in": 0.0023972448104165214, "dsfb-red": 0.007704843337588717, "dsfb-alt": 0.059233292147791786, "alternate": 0.3022827189025216, "sfR": 0.09899307508220005, "unknown": 0.0423786907923633}, "movie": {"sft": 0.0, "sfb": 0.012220043693114366, "dsfb": 0.0, "sfT": 3.026750287442579e-06, "roll-out": 0.21995854931280268, "roll-in": 0.15896531989, "bad-redirect": 0.0007007584904622493, "redirect": 0.021084474100163588, "oneh-out": 0.024071613438192245, "oneh-in": 0.002531284425172087, "dsfb-red": 0.009248959291393015, "dsfb-alt": 0.058621704773672116, "alternate": 0.27497473650493776, "sfR": 0.1138359467128768, "unknown": 0.10378358261692566}}