{"english-450k": {"sft": 0.0, "sfb": 0.04008680343401542, "dsfb": 0.0, "sfT": 0.00025931108033030445, "roll-out": 0.21859047033241516, "roll-in": 0.17403954040838426, "bad-redirect": 0.003402909780208279, "redirect": 0.031880937916776056, "oneh-out": 0.008127516735358279, "oneh-in": 0.002637839772063514, "dsfb-red": 0.015633213101085716, "dsfb-alt": 0.04809182711113424, "alternate": 0.3342680615868201, "sfR": 0.11328269117541298, "unknown": 0.009698877565995693}, "shai": {"sft": 0.0, "sfb": 0.01636338401298228, "dsfb": 0.0, "sfT": 3.695079286098451e-05, "roll-out": 0.2263307394369577, "roll-in": 0.19864296113521257, "bad-redirect": 0.0038401499489260854, "redirect": 0.027303702154393393, "oneh-out": 0.01617341660801707, "oneh-in": 0.0020270143697441786, "dsfb-red": 0.015327116889132604, "dsfb-alt": 0.0437367419146386, "alternate": 0.28551283922972054, "sfR": 0.09728563198976478, "unknown": 0.06741935151764922}, "tr-quotes": {"sft": 0.0, "sfb": 0.01957767966528744, "dsfb": 0.0, "sfT": 2.3115508194447656e-05, "roll-out": 0.22733524421534407, "roll-in": 0.20214049605880585, "bad-redirect": 0.0037736067127435795, "redirect": 0.0268047433022815, "oneh-out": 0.024055153602551952, "oneh-in": 0.0017290400129446847, "dsfb-red": 0.018691199926030373, "dsfb-alt": 0.04941286609186103, "alternate": 0.28426527357203946, "sfR": 0.09591664547745082, "unknown": 0.04627493585446476}, "gutenberg": {"sft": 0.0, "sfb": 0.015072537236640255, "dsfb": 0.0, "sfT": 3.1635941915652894e-05, "roll-out": 0.22574764065964917, "roll-in": 0.21337817680740684, "bad-redirect": 0.0036097178036093767, "redirect": 0.024889908816501306, "oneh-out": 0.014973840675334535, "oneh-in": 0.0024115301831512657, "dsfb-red": 0.014650282658616362, "dsfb-alt": 0.04209550417272391, "alternate": 0.26538349770762554, "sfR": 0.09761014138424484, "unknown": 0.08014558595258095}, "english-200": {"sft": 0.0, "sfb": 0.013363028953229399, "dsfb": 0.0, "sfT": 0.0, "roll-out": 0.2516703786191537, "roll-in": 0.22717149220489977, "bad-redirect": 0.0022271714922048997, "redirect": 0.028953229398663696, "oneh-out": 0.013363028953229399, "oneh-in": 0.0, "dsfb-red": 0.026726057906458798, "dsfb-alt": 0.0556792873051225, "alternate": 0.2739420935412027, "sfR": 0.10690423162583519, "unknown": 0.0}, "monkeyracer": {"sft": 0.0, "sfb": 0.01942048422666062, "dsfb": 0.0, "sfT": 2.1505544520387257e-05, "roll-out": 0.22744752647137026, "roll-in": 0.20148055898775358, "bad-redirect": 0.003836784647387272, "redirect": 0.026825234214930323, "oneh-out": 0.024465489466193285, "oneh-in": 0.0017517243536606347, "dsfb-red": 0.018637486901168336, "dsfb-alt": 0.04969931338661495, "alternate": 0.284203591034925, "sfR": 0.09605353707555875, "unknown": 0.046156763689256614}, "chained-bigrams": {"sft": 0.0, "sfb": 0.016597526538706026, "dsfb": 0.0, "sfT": 4.934715659735772e-05, "roll-out": 0.20238113016676093, "roll-in": 0.16354232070587213, "bad-redirect": 0.002873822567104017, "redirect": 0.035423466780598, "oneh-out": 0.008809116757320424, "oneh-in": 0.00838447148870632, "dsfb-red": 0.021182266969415803, "dsfb-alt": 0.06068726304436894, "alternate": 0.2901567356596189, "sfR": 0.11643721321023381, "unknown": 0.07347531895469736}, "english-5k": {"sft": 0.0, "sfb": 0.019745302194383373, "dsfb": 0.0, "sfT": 4.148172729912474e-05, "roll-out": 0.23822955987887334, "roll-in": 0.2014352677645497, "bad-redirect": 0.003982245820715975, "redirect": 0.031940930020326046, "oneh-out": 0.008711162732816195, "oneh-in": 0.002157049819554486, "dsfb-red": 0.015887501555564773, "dsfb-alt": 0.04322395984568798, "alternate": 0.3251752602978388, "sfR": 0.10644211224955408, "unknown": 0.0030281660928361057}, "mt-quotes": {"sft": 0.0, "sfb": 0.018964929895650302, "dsfb": 0.0, "sfT": 1.0458875700744673e-05, "roll-out": 0.22909121334911128, "roll-in": 0.2044635493240578, "bad-redirect": 0.003940007888980529, "redirect": 0.026783686544507, "oneh-out": 0.025955941239048062, "oneh-in": 0.001686867238020105, "dsfb-red": 0.01949534430618807, "dsfb-alt": 0.05111999617503974, "alternate": 0.2855885657594339, "sfR": 0.09572710103871578, "unknown": 0.03717233836554667}, "english-1k": {"sft": 0.0, "sfb": 0.014820042342978124, "dsfb": 0.0, "sfT": 0.0, "roll-out": 0.25617501764290757, "roll-in": 0.21947776993648554, "bad-redirect": 0.0038814396612561752, "redirect": 0.031051517290049402, "oneh-out": 0.012702893436838392, "oneh-in": 0.0028228652081863093, "dsfb-red": 0.014114326040931546, "dsfb-alt": 0.043754410726887794, "alternate": 0.2928722653493296, "sfR": 0.10832745236414962, "unknown": 0.0}, "english-10k": {"sft": 0.0, "sfb": 0.019277898921286736, "dsfb": 0.0, "sfT": 3.859439223480828e-05, "roll-out": 0.23926593465969395, "roll-in": 0.19661913124023078, "bad-redirect": 0.004650624264294398, "redirect": 0.030315895100441907, "oneh-out": 0.011076590571389978, "oneh-in": 0.0019683140039752226, "dsfb-red": 0.014646571853109743, "dsfb-alt": 0.045830840778834835, "alternate": 0.32311225178981495, "sfR": 0.10543987958549622, "unknown": 0.0077574728391964646}, "reddit": {"sft": 0.0, "sfb": 0.02056273395666215, "dsfb": 0.0, "sfT": 0.00021875129345130172, "roll-out": 0.21418014056643475, "roll-in": 0.19014899997134507, "bad-redirect": 0.0031128983291558955, "redirect": 0.02719988792741952, "oneh-out": 0.01935064952091032, "oneh-in": 0.0018262736410122717, "dsfb-red": 0.018156769388003927, "dsfb-alt": 0.04748023044549787, "alternate": 0.27501753475158336, "sfR": 0.1028716913164539, "unknown": 0.07987343889206965}, "akl": {"sft": 0.0, "sfb": 0.021892588425136524, "dsfb": 0.0, "sfT": 0.0003764959938521556, "roll-out": 0.19831643035456048, "roll-in": 0.18462150474241218, "bad-redirect": 0.0033353071958253737, "redirect": 0.029663324482548787, "oneh-out": 0.019806340918640312, "oneh-in": 0.002358846218516862, "dsfb-red": 0.01608815644093139, "dsfb-alt": 0.04574906470762363, "alternate": 0.26176861300907966, "sfR": 0.11706348985084018, "unknown": 0.09895983766003248}, "keymash": {"sft": 0.0, "sfb": 0.017449807686781903, "dsfb": 0.0, "sfT": 2.873409875499255e-05, "roll-out": 0.2285674409822136, "roll-in": 0.20464014646180623, "bad-redirect": 0.00402687869694967, "redirect": 0.027679146843559252, "oneh-out": 0.023364927159059655, "oneh-in": 0.0018841359040773686, "dsfb-red": 0.018492444984463063, "dsfb-alt": 0.049307713463567215, "alternate": 0.2831868578442037, "sfR": 0.09899307508220005, "unknown": 0.0423786907923633}, "movie": {"sft": 0.0, "sfb": 0.020592429781696293, "dsfb": 0.0, "sfT": 2.513518716963185e-05, "roll-out": 0.19327656114844907, "roll-in": 0.1781009615985663, "bad-redirect": 0.0027155213991903312, "redirect": 0.022254247287340854, "oneh-out": 0.03189220978958953, "oneh-in": 0.0016118103269824656, "dsfb-red": 0.018555426838247437, "dsfb-alt": 0.05026840037168494, "alternate": 0.26308776694128067, "sfR": 0.1138359467128768, "unknown": 0.10378358261692566}}