{"english-450k": {"sft": 0.0, "sfb": 0.09247202685375264, "dsfb": 0.0, "sfT": 0.0020133882866232317, "roll-out": 0.23339195849151698, "roll-in": 0.17187822494403032, "bad-redirect": 0.010767110584628085, "redirect": 0.0551198297843479, "oneh-out": 0.013565740767268452, "oneh-in": 0.012496046017630815, "dsfb-red": 0.021516680397193243, "dsfb-alt": 0.052527888365849054, "alternate": 0.2112689520733485, "sfR": 0.11328269117541298, "unknown": 0.00969946225839779}, "shai": {"sft": 0.0, "sfb": 0.0923590582892855, "dsfb": 0.0, "sfT": 0.001546410226796667, "roll-out": 0.21769071749019162, "roll-in": 0.15834592893372096, "bad-redirect": 0.01376717958356259, "redirect": 0.055309008794497704, "oneh-out": 0.012552672393426745, "oneh-in": 0.015128019189796487, "dsfb-red": 0.020537507667279842, "dsfb-alt": 0.0405531023184368, "alternate": 0.20017782206213525, "sfR": 0.09728563198976478, "unknown": 0.07474694106110509}, "tr-quotes": {"sft": 0.0, "sfb": 0.09146806592542937, "dsfb": 0.0, "sfT": 0.0017452208686807979, "roll-out": 0.20943575044497353, "roll-in": 0.16229282725780728, "bad-redirect": 0.013172372344605996, "redirect": 0.060121125262938904, "oneh-out": 0.01292619218233513, "oneh-in": 0.022790735304315666, "dsfb-red": 0.020350893414391714, "dsfb-alt": 0.03931832366334574, "alternate": 0.20269757980629205, "sfR": 0.09591664547745082, "unknown": 0.06776426804743302}, "gutenberg": {"sft": 0.0, "sfb": 0.08913606599674244, "dsfb": 0.0, "sfT": 0.001820866309540453, "roll-out": 0.22493097870995826, "roll-in": 0.15624840162718615, "bad-redirect": 0.016460729945370223, "redirect": 0.054658761848796866, "oneh-out": 0.011018211315210295, "oneh-in": 0.014328050699343753, "dsfb-red": 0.020772879321573855, "dsfb-alt": 0.03801844583794138, "alternate": 0.19326131704783242, "sfR": 0.09761014138424484, "unknown": 0.08173514995625905}, "english-200": {"sft": 0.0, "sfb": 0.0935412026726058, "dsfb": 0.0, "sfT": 0.0, "roll-out": 0.20489977728285078, "roll-in": 0.18930957683741648, "bad-redirect": 0.013363028953229399, "redirect": 0.0757238307349666, "oneh-out": 0.0200445434298441, "oneh-in": 0.0200445434298441, "dsfb-red": 0.017817371937639197, "dsfb-alt": 0.042316258351893093, "alternate": 0.21603563474387527, "sfR": 0.10690423162583519, "unknown": 0.0}, "monkeyracer": {"sft": 0.0, "sfb": 0.09129494658804761, "dsfb": 0.0, "sfT": 0.001785937719943069, "roll-out": 0.2088569607582464, "roll-in": 0.1629494658804761, "bad-redirect": 0.013216134632528896, "redirect": 0.060453063171559504, "oneh-out": 0.013041157702113018, "oneh-in": 0.02312725808217464, "dsfb-red": 0.020415604423103993, "dsfb-alt": 0.03910587766082237, "alternate": 0.202114972551105, "sfR": 0.09605353707555875, "unknown": 0.06758508375432067}, "chained-bigrams": {"sft": 0.0, "sfb": 0.08487710934745528, "dsfb": 0.0, "sfT": 0.0008414988809233632, "roll-out": 0.19828791338794852, "roll-in": 0.16067628979507295, "bad-redirect": 0.01278156286340772, "redirect": 0.0559564290579433, "oneh-out": 0.01696633160380207, "oneh-in": 0.010020719312723969, "dsfb-red": 0.024430738343844495, "dsfb-alt": 0.05174309091109785, "alternate": 0.18563361424418662, "sfR": 0.11643721321023381, "unknown": 0.08134748904136006}, "english-5k": {"sft": 0.0, "sfb": 0.09905836479030987, "dsfb": 0.0, "sfT": 0.0019496411830588626, "roll-out": 0.23146803832911603, "roll-in": 0.18135811175177335, "bad-redirect": 0.011200066370763678, "redirect": 0.05376031857966566, "oneh-out": 0.013730451736010287, "oneh-in": 0.01182229228025055, "dsfb-red": 0.020906790558758867, "dsfb-alt": 0.047538059484796946, "alternate": 0.21765462313850747, "sfR": 0.10644211224955408, "unknown": 0.003111129547434355}, "mt-quotes": {"sft": 0.0, "sfb": 0.0910983014785862, "dsfb": 0.0, "sfT": 0.0017780088691265942, "roll-out": 0.20984389380954088, "roll-in": 0.16439111413920465, "bad-redirect": 0.013412761023654988, "redirect": 0.06308793822689186, "oneh-out": 0.013471031902559138, "oneh-in": 0.02451709876764562, "dsfb-red": 0.02041871361805381, "dsfb-alt": 0.03820328468462007, "alternate": 0.20435148994154984, "sfR": 0.09572710103871578, "unknown": 0.05969926249985059}, "english-1k": {"sft": 0.0, "sfb": 0.1122088920254058, "dsfb": 0.0, "sfT": 0.001058574453069866, "roll-out": 0.20783345095271702, "roll-in": 0.20289343683839098, "bad-redirect": 0.012350035285815103, "redirect": 0.051164431898376855, "oneh-out": 0.011644318983768526, "oneh-in": 0.011291460832745237, "dsfb-red": 0.02364149611856034, "dsfb-alt": 0.04128440366972477, "alternate": 0.21630204657727595, "sfR": 0.10832745236414962, "unknown": 0.0}, "english-10k": {"sft": 0.0, "sfb": 0.1006348777522626, "dsfb": 0.0, "sfT": 0.001505181297157523, "roll-out": 0.23148916462438007, "roll-in": 0.17043283610891338, "bad-redirect": 0.010323999922811215, "redirect": 0.061442272437814784, "oneh-out": 0.013739603635591749, "oneh-in": 0.009822272823758707, "dsfb-red": 0.02114972694467494, "dsfb-alt": 0.04768337160610563, "alternate": 0.21857934042183672, "sfR": 0.10543987958549622, "unknown": 0.0077574728391964646}, "reddit": {"sft": 0.0, "sfb": 0.08458509453408315, "dsfb": 0.0, "sfT": 0.0012072524294410025, "roll-out": 0.1976746063272688, "roll-in": 0.15742478036377516, "bad-redirect": 0.013436049051980963, "redirect": 0.058441131086525315, "oneh-out": 0.013552878723945793, "oneh-in": 0.01957176063139714, "dsfb-red": 0.018186885148266742, "dsfb-alt": 0.038211505906003994, "alternate": 0.19817102942523285, "sfR": 0.1028716913164539, "unknown": 0.09666533505562519}, "akl": {"sft": 0.0, "sfb": 0.0885367161346593, "dsfb": 0.0, "sfT": 0.0012292343284549315, "roll-out": 0.18141902746444413, "roll-in": 0.14790791020747115, "bad-redirect": 0.012057598620947898, "redirect": 0.05685987843832163, "oneh-out": 0.01534526299642239, "oneh-in": 0.02173609198273558, "dsfb-red": 0.018768297414116227, "dsfb-alt": 0.037603071741413856, "alternate": 0.18323310993868883, "sfR": 0.11706348985084018, "unknown": 0.11824031088148387}, "keymash": {"sft": 0.0, "sfb": 0.09494567202899681, "dsfb": 0.0, "sfT": 0.0017322556678009795, "roll-out": 0.2095700968339128, "roll-in": 0.16483931481489084, "bad-redirect": 0.013714374848632872, "redirect": 0.06083829680682065, "oneh-out": 0.012519857314675325, "oneh-in": 0.021702454302520803, "dsfb-red": 0.021234498979939495, "dsfb-alt": 0.03849548258918859, "alternate": 0.2007240992886258, "sfR": 0.09899307508220005, "unknown": 0.06069052144179498}, "movie": {"sft": 0.0, "sfb": 0.07805752115204959, "dsfb": 0.0, "sfT": 0.0012843949045843292, "roll-out": 0.16356874388152298, "roll-in": 0.1501498438789042, "bad-redirect": 0.011850516962369204, "redirect": 0.05488116780974742, "oneh-out": 0.012572989096197888, "oneh-in": 0.02858831445408808, "dsfb-red": 0.016592381880083048, "dsfb-alt": 0.03322358512254851, "alternate": 0.18518961077175683, "sfR": 0.1138359467128768, "unknown": 0.1502049833732711}}