{"english-450k": {"sft": 0.0, "sfb": 0.024190478751985763, "dsfb": 0.0, "sfT": 0.00013009405946672544, "roll-out": 0.18084155946818717, "roll-in": 0.21578745495675908, "bad-redirect": 0.0021449440770952015, "redirect": 0.039905256443164096, "oneh-out": 0.004804709814237377, "oneh-in": 0.0025746929926369687, "dsfb-red": 0.013908662861098719, "dsfb-alt": 0.048261680253943604, "alternate": 0.34446889758001664, "sfR": 0.11328269117541298, "unknown": 0.009698877565995693}, "shai": {"sft": 0.0, "sfb": 0.012645833133362212, "dsfb": 0.0, "sfT": 1.900757764117471e-05, "roll-out": 0.20714375286603773, "roll-in": 0.21113207367524423, "bad-redirect": 0.0010415115277804012, "redirect": 0.041495059190935935, "oneh-out": 0.012627042298614114, "oneh-in": 0.002570756491527056, "dsfb-red": 0.010075146309193645, "dsfb-alt": 0.040749459768339005, "alternate": 0.29614826978792946, "sfR": 0.09728563198976478, "unknown": 0.06706645538363028}, "tr-quotes": {"sft": 0.0, "sfb": 0.011081574628418205, "dsfb": 0.0, "sfT": 2.080395737500289e-05, "roll-out": 0.22302420193707959, "roll-in": 0.20472827720117426, "bad-redirect": 0.0009431127343334643, "redirect": 0.04093872078777652, "oneh-out": 0.022100737384711404, "oneh-in": 0.003325165853771295, "dsfb-red": 0.010746399759598714, "dsfb-alt": 0.04412634936779085, "alternate": 0.2977034742608816, "sfR": 0.09591664547745082, "unknown": 0.045344536649638244}, "gutenberg": {"sft": 0.0, "sfb": 0.011123727600521785, "dsfb": 0.0, "sfT": 0.00016575718069578613, "roll-out": 0.23248268642568035, "roll-in": 0.2022428935634308, "bad-redirect": 0.0012445996310529314, "redirect": 0.035853751776443385, "oneh-out": 0.014036507498097107, "oneh-in": 0.0025962310416408558, "dsfb-red": 0.008107515222192292, "dsfb-alt": 0.03729934382888858, "alternate": 0.28204540951116597, "sfR": 0.09761014138424484, "unknown": 0.07519143533594529}, "english-200": {"sft": 0.0, "sfb": 0.008908685968819599, "dsfb": 0.0, "sfT": 0.0, "roll-out": 0.20935412026726058, "roll-in": 0.2561247216035635, "bad-redirect": 0.0, "redirect": 0.042316258351893093, "oneh-out": 0.0200445434298441, "oneh-in": 0.0066815144766146995, "dsfb-red": 0.008908685968819599, "dsfb-alt": 0.042316258351893093, "alternate": 0.2984409799554566, "sfR": 0.10690423162583519, "unknown": 0.0}, "monkeyracer": {"sft": 0.0, "sfb": 0.010976625428155841, "dsfb": 0.0, "sfT": 1.955049501853387e-05, "roll-out": 0.22370751677432474, "roll-in": 0.20416386442904735, "bad-redirect": 0.0009628618796627931, "redirect": 0.040964152212334015, "oneh-out": 0.02263947323146222, "oneh-in": 0.0033685502916933857, "dsfb-red": 0.01074592958693714, "dsfb-alt": 0.04420562428640693, "alternate": 0.2969466036880054, "sfR": 0.09605353707555875, "unknown": 0.04524571062139293}, "chained-bigrams": {"sft": 0.0, "sfb": 0.013639294361632845, "dsfb": 0.0, "sfT": 2.077775014625588e-05, "roll-out": 0.19364408623026033, "roll-in": 0.1712716437602793, "bad-redirect": 0.002698510300244983, "redirect": 0.04415856280302238, "oneh-out": 0.006885876259407613, "oneh-in": 0.004589285563554268, "dsfb-red": 0.01961224822398934, "dsfb-alt": 0.0546623648066468, "alternate": 0.2996021710151684, "sfR": 0.11643721321023381, "unknown": 0.07277796571541365}, "english-5k": {"sft": 0.0, "sfb": 0.01601194673746215, "dsfb": 0.0, "sfT": 0.0, "roll-out": 0.18563072966358318, "roll-in": 0.24511552661052807, "bad-redirect": 0.0018666777284606132, "redirect": 0.04421952130086697, "oneh-out": 0.005724478367279214, "oneh-in": 0.0021155680922553613, "dsfb-red": 0.011697847098353175, "dsfb-alt": 0.04351433193678185, "alternate": 0.33463309412203923, "sfR": 0.10644211224955408, "unknown": 0.0030281660928361057}, "mt-quotes": {"sft": 0.0, "sfb": 0.010213839184327226, "dsfb": 0.0, "sfT": 7.470625500531909e-06, "roll-out": 0.22855930481347342, "roll-in": 0.2045098672021611, "bad-redirect": 0.0008770514337624461, "redirect": 0.04121842913663475, "oneh-out": 0.024434921887139766, "oneh-in": 0.0034962527342489334, "dsfb-red": 0.01065759433905882, "dsfb-alt": 0.045248084531621664, "alternate": 0.2987697373925724, "sfR": 0.09572710103871578, "unknown": 0.03628034568078316}, "english-1k": {"sft": 0.0, "sfb": 0.011997177134791814, "dsfb": 0.0, "sfT": 0.0, "roll-out": 0.2021877205363444, "roll-in": 0.2702893436838391, "bad-redirect": 0.0, "redirect": 0.04269583627381793, "oneh-out": 0.008821453775582216, "oneh-in": 0.0035285815102328866, "dsfb-red": 0.011644318983768526, "dsfb-alt": 0.0374029640084686, "alternate": 0.30310515172900493, "sfR": 0.10832745236414962, "unknown": 0.0}, "english-10k": {"sft": 0.0, "sfb": 0.01597807838521063, "dsfb": 0.0, "sfT": 5.789158835221242e-05, "roll-out": 0.1878003126145771, "roll-in": 0.239555392601455, "bad-redirect": 0.0012543177476312692, "redirect": 0.04505895293413867, "oneh-out": 0.005017270990525077, "oneh-in": 0.002334960730205901, "dsfb-red": 0.011520426082090272, "dsfb-alt": 0.044846683776847224, "alternate": 0.33337836012427396, "sfR": 0.10543987958549622, "unknown": 0.0077574728391964646}, "reddit": {"sft": 0.0, "sfb": 0.011350120622235057, "dsfb": 0.0, "sfT": 7.094434071862422e-05, "roll-out": 0.20584204545944046, "roll-in": 0.19612892616900374, "bad-redirect": 0.001041016429383318, "redirect": 0.039191541666596434, "oneh-out": 0.016842051639913647, "oneh-in": 0.0030936452187391196, "dsfb-red": 0.010102301814231083, "dsfb-alt": 0.04473722407230629, "alternate": 0.29035533413229997, "sfR": 0.1028716913164539, "unknown": 0.07837315711867839}, "akl": {"sft": 0.0, "sfb": 0.018746737334165504, "dsfb": 0.0, "sfT": 0.00017638375752790635, "roll-out": 0.18733937585551078, "roll-in": 0.18755262239341422, "bad-redirect": 0.0012371644728046232, "redirect": 0.034900565282992776, "oneh-out": 0.017181029459123264, "oneh-in": 0.0028011995830230976, "dsfb-red": 0.012142042267421566, "dsfb-alt": 0.0453592485494341, "alternate": 0.2767864477798136, "sfR": 0.11706348985084018, "unknown": 0.09871369341392838}, "keymash": {"sft": 0.0, "sfb": 0.011542897957005579, "dsfb": 0.0, "sfT": 2.873409875499255e-05, "roll-out": 0.22374011239137484, "roll-in": 0.20647912878212574, "bad-redirect": 0.0009769593576697466, "redirect": 0.04029752106825169, "oneh-out": 0.021587517907500832, "oneh-in": 0.003283897000570577, "dsfb-red": 0.01113651570318497, "dsfb-alt": 0.042834331501192466, "alternate": 0.29779198975424137, "sfR": 0.09899307508220005, "unknown": 0.04130731939592715}, "movie": {"sft": 0.0, "sfb": 0.010063155118715068, "dsfb": 0.0, "sfT": 1.3422979535614915e-05, "roll-out": 0.19319207533607785, "roll-in": 0.18101572212537353, "bad-redirect": 0.000747344125321148, "redirect": 0.03544600942056287, "oneh-out": 0.029321314415003522, "oneh-in": 0.0027539479680569936, "dsfb-red": 0.010988682717479575, "dsfb-alt": 0.046033581926037015, "alternate": 0.27300919118784023, "sfR": 0.1138359467128768, "unknown": 0.10357960596711975}}