{"english-450k": {"sft": 0.0, "sfb": 0.02619685072978382, "dsfb": 0.0, "sfT": 2.9526966305930944e-05, "roll-out": 0.16045888998486232, "roll-in": 0.22775552373529573, "bad-redirect": 0.0017643093233296362, "redirect": 0.032629051845259986, "oneh-out": 0.0033631506968656395, "oneh-in": 0.002848621383019714, "dsfb-red": 0.010239425691734964, "dsfb-alt": 0.055206071913657305, "alternate": 0.3565270089884763, "sfR": 0.11328269117541298, "unknown": 0.009698877565995693}, "shai": {"sft": 0.0, "sfb": 0.013593885899729164, "dsfb": 0.0, "sfT": 7.307331823770688e-06, "roll-out": 0.1977867454289698, "roll-in": 0.21901573646293557, "bad-redirect": 0.0007869121661811109, "redirect": 0.03115222766797342, "oneh-out": 0.011402653954799198, "oneh-in": 0.0019346199707520946, "dsfb-red": 0.008867989025378425, "dsfb-alt": 0.046106330038118884, "alternate": 0.3043624925804263, "sfR": 0.09728563198976478, "unknown": 0.06769746748314746}, "tr-quotes": {"sft": 0.0, "sfb": 0.012507801484015627, "dsfb": 0.0, "sfT": 5.778877048611914e-06, "roll-out": 0.2128880515938143, "roll-in": 0.210358059221932, "bad-redirect": 0.0007212038556667668, "redirect": 0.02979704583805275, "oneh-out": 0.020728831973370936, "oneh-in": 0.0015013522572293752, "dsfb-red": 0.009858764244931924, "dsfb-alt": 0.0463130764429856, "alternate": 0.3140114652920645, "sfR": 0.09591664547745082, "unknown": 0.04539192344143686}, "gutenberg": {"sft": 0.0, "sfb": 0.012910874163589266, "dsfb": 0.0, "sfT": 1.6480999680609592e-05, "roll-out": 0.22381046016845477, "roll-in": 0.20668367051185438, "bad-redirect": 0.0009850712452778147, "redirect": 0.02576415954668537, "oneh-out": 0.012601523905216445, "oneh-in": 0.0017788113448382078, "dsfb-red": 0.007927360846373214, "dsfb-alt": 0.04801976052918027, "alternate": 0.2866943774785434, "sfR": 0.09761014138424484, "unknown": 0.07519730787606137}, "english-200": {"sft": 0.0, "sfb": 0.013363028953229399, "dsfb": 0.0, "sfT": 0.0, "roll-out": 0.19599109131403117, "roll-in": 0.2739420935412027, "bad-redirect": 0.0, "redirect": 0.026726057906458798, "oneh-out": 0.015590200445434299, "oneh-in": 0.0022271714922048997, "dsfb-red": 0.008908685968819599, "dsfb-alt": 0.051224944320712694, "alternate": 0.3051224944320713, "sfR": 0.10690423162583519, "unknown": 0.0}, "monkeyracer": {"sft": 0.0, "sfb": 0.012435092356538467, "dsfb": 0.0, "sfT": 5.865148505560161e-06, "roll-out": 0.2133907205530444, "roll-in": 0.20966928382626648, "bad-redirect": 0.0007341210879459468, "redirect": 0.02974705569545021, "oneh-out": 0.021219129768365735, "oneh-in": 0.0015053881164271078, "dsfb-red": 0.00982705632106605, "dsfb-alt": 0.04621150507530851, "alternate": 0.3139095906908363, "sfR": 0.09605353707555875, "unknown": 0.04529165428468649}, "chained-bigrams": {"sft": 0.0, "sfb": 0.014442484265724049, "dsfb": 0.0, "sfT": 3.0517320527313326e-05, "roll-out": 0.18446811232192006, "roll-in": 0.17775560041529528, "bad-redirect": 0.003077054935722082, "redirect": 0.038244046362952235, "oneh-out": 0.0058619227600124404, "oneh-in": 0.005852832494323453, "dsfb-red": 0.01657999531202012, "dsfb-alt": 0.057018691534170635, "alternate": 0.3073113656241214, "sfR": 0.11643721321023381, "unknown": 0.07292016344297708}, "english-5k": {"sft": 0.0, "sfb": 0.016551209192350768, "dsfb": 0.0, "sfT": 0.0, "roll-out": 0.16617579956029369, "roll-in": 0.2622889617123657, "bad-redirect": 0.0012859335462728667, "redirect": 0.03368316256688929, "oneh-out": 0.004355581366408097, "oneh-in": 0.0026548305471439833, "dsfb-red": 0.010702285643174181, "dsfb-alt": 0.05002696312274443, "alternate": 0.3428049943999668, "sfR": 0.10644211224955408, "unknown": 0.0030281660928361057}, "mt-quotes": {"sft": 0.0, "sfb": 0.011742329161736054, "dsfb": 0.0, "sfT": 1.4941251001063816e-06, "roll-out": 0.21841270125865098, "roll-in": 0.2095405864142193, "bad-redirect": 0.0006917799213492547, "redirect": 0.029638959610810294, "oneh-out": 0.02297217341413562, "oneh-in": 0.0014388424714024456, "dsfb-red": 0.009920990664706374, "dsfb-alt": 0.04678105688433081, "alternate": 0.3168337098528586, "sfR": 0.09572710103871578, "unknown": 0.03629827518198444}, "english-1k": {"sft": 0.0, "sfb": 0.013408609738884969, "dsfb": 0.0, "sfT": 0.0, "roll-out": 0.1863091037402964, "roll-in": 0.2773465067043049, "bad-redirect": 0.0, "redirect": 0.031051517290049402, "oneh-out": 0.007057163020465773, "oneh-in": 0.003175723359209598, "dsfb-red": 0.010232886379675371, "dsfb-alt": 0.04481298517995766, "alternate": 0.31827805222300637, "sfR": 0.10832745236414962, "unknown": 0.0}, "english-10k": {"sft": 0.0, "sfb": 0.015823700816271397, "dsfb": 0.0, "sfT": 0.0, "roll-out": 0.17106964358078772, "roll-in": 0.25329499623704677, "bad-redirect": 0.0009262654136353987, "redirect": 0.03568051562108026, "oneh-out": 0.004264680341946315, "oneh-in": 0.0027787962409061965, "dsfb-red": 0.010053839177167557, "dsfb-alt": 0.05136913606452982, "alternate": 0.3415410740819359, "sfR": 0.10543987958549622, "unknown": 0.0077574728391964646}, "reddit": {"sft": 0.0, "sfb": 0.011785787795887813, "dsfb": 0.0, "sfT": 1.532008202424356e-05, "roll-out": 0.19633812582207316, "roll-in": 0.2058856084310644, "bad-redirect": 0.000851744120169375, "redirect": 0.028111638823634953, "oneh-out": 0.01602401919168026, "oneh-in": 0.0013443840193939503, "dsfb-red": 0.009152981132513652, "dsfb-alt": 0.04607838675415969, "alternate": 0.2980566532138367, "sfR": 0.1028716913164539, "unknown": 0.0834836592971079}, "akl": {"sft": 0.0, "sfb": 0.015064672185799316, "dsfb": 0.0, "sfT": 0.00014391972909635634, "roll-out": 0.18070159721780799, "roll-in": 0.19671485096718644, "bad-redirect": 0.0009795586899451097, "redirect": 0.02525757170802051, "oneh-out": 0.01748119781360964, "oneh-in": 0.0019138288211431526, "dsfb-red": 0.010442327343720088, "dsfb-alt": 0.044384026657180234, "alternate": 0.28493646777245096, "sfR": 0.11706348985084018, "unknown": 0.10491649124320006}, "keymash": {"sft": 0.0, "sfb": 0.013106853903527315, "dsfb": 0.0, "sfT": 4.104871250713221e-06, "roll-out": 0.21399104317093096, "roll-in": 0.21165947630052584, "bad-redirect": 0.0008086596363905046, "redirect": 0.02987935783394154, "oneh-out": 0.01991683530846055, "oneh-in": 0.0019046602603309346, "dsfb-red": 0.009802432546703172, "dsfb-alt": 0.046926888138153544, "alternate": 0.3116459302253985, "sfR": 0.09899307508220005, "unknown": 0.04136068272218642}, "movie": {"sft": 0.0, "sfb": 0.011387292570551905, "dsfb": 0.0, "sfT": 5.658707059131778e-06, "roll-out": 0.18867195277637883, "roll-in": 0.18222800141441356, "bad-redirect": 0.0005481049977042757, "redirect": 0.024516282534769136, "oneh-out": 0.028332883049395644, "oneh-in": 0.0010327798372108416, "dsfb-red": 0.010595073582273455, "dsfb-alt": 0.04996664652781077, "alternate": 0.2852777944833923, "sfR": 0.1138359467128768, "unknown": 0.10360158280616336}}