{"english-450k": {"sft": 0.0, "sfb": 0.03223379978144198, "dsfb": 0.0, "sfT": 0.0002040576483320772, "roll-out": 0.1852945768025628, "roll-in": 0.20094386894470623, "bad-redirect": 0.0017166568925586782, "redirect": 0.04244428319927311, "oneh-out": 0.005648128604263226, "oneh-in": 0.0022595437879063393, "dsfb-red": 0.0183026262628625, "dsfb-alt": 0.04646492050229755, "alternate": 0.3415059688323868, "sfR": 0.11328269117541298, "unknown": 0.009698877565995693}, "shai": {"sft": 0.0, "sfb": 0.020644567045233934, "dsfb": 0.0, "sfT": 3.046011729506108e-05, "roll-out": 0.22123195576711038, "roll-in": 0.17035045468014476, "bad-redirect": 0.0009591182651403425, "redirect": 0.03790763919615634, "oneh-out": 0.013868688795290362, "oneh-in": 0.0013099282488134101, "dsfb-red": 0.0157719158802254, "dsfb-alt": 0.040826248679029474, "alternate": 0.31211592385264825, "sfR": 0.09728563198976478, "unknown": 0.06769746748314746}, "tr-quotes": {"sft": 0.0, "sfb": 0.024341785904163103, "dsfb": 0.0, "sfT": 3.1205936062504334e-05, "roll-out": 0.2372968724717413, "roll-in": 0.15484269896673677, "bad-redirect": 0.0010032130556390283, "redirect": 0.03325974896558101, "oneh-out": 0.022741036961697603, "oneh-in": 0.0009824090982640252, "dsfb-red": 0.016562261621321746, "dsfb-alt": 0.051912808303090544, "alternate": 0.3157173897968147, "sfR": 0.09591664547745082, "unknown": 0.04539192344143686}, "gutenberg": {"sft": 0.0, "sfb": 0.0193234985335699, "dsfb": 0.0, "sfT": 0.00019663537549968686, "roll-out": 0.2452694794997202, "roll-in": 0.15473707501279646, "bad-redirect": 0.0010345142443196436, "redirect": 0.03323251508011471, "oneh-out": 0.015013811835479462, "oneh-in": 0.0017443338512534842, "dsfb-red": 0.012509457631138556, "dsfb-alt": 0.041594065021521916, "alternate": 0.30253716465427977, "sfR": 0.09761014138424484, "unknown": 0.07519730787606137}, "english-200": {"sft": 0.0, "sfb": 0.022271714922048998, "dsfb": 0.0, "sfT": 0.0, "roll-out": 0.24721603563474387, "roll-in": 0.16703786191536749, "bad-redirect": 0.0, "redirect": 0.026726057906458798, "oneh-out": 0.0200445434298441, "oneh-in": 0.0, "dsfb-red": 0.013363028953229399, "dsfb-alt": 0.05790645879732739, "alternate": 0.33853006681514475, "sfR": 0.10690423162583519, "unknown": 0.0}, "monkeyracer": {"sft": 0.0, "sfb": 0.024339388773323742, "dsfb": 0.0, "sfT": 2.9325742527800803e-05, "roll-out": 0.2378425246727247, "roll-in": 0.15375682312276145, "bad-redirect": 0.0010244459389711748, "redirect": 0.033222156184994606, "oneh-out": 0.023240650953282135, "oneh-in": 0.0009882775231868871, "dsfb-red": 0.016538741260928726, "dsfb-alt": 0.0520522154620955, "alternate": 0.315620259004958, "sfR": 0.09605353707555875, "unknown": 0.04529165428468649}, "chained-bigrams": {"sft": 0.0, "sfb": 0.01954731775478229, "dsfb": 0.0, "sfT": 5.648950821013318e-05, "roll-out": 0.21193889523403864, "roll-in": 0.1397349148664153, "bad-redirect": 0.0025894271119771394, "redirect": 0.0404477864878395, "oneh-out": 0.00869938426436051, "oneh-in": 0.0027478574568423402, "dsfb-red": 0.021758200231282332, "dsfb-alt": 0.0578887598215451, "alternate": 0.30523359060949584, "sfR": 0.11643721321023381, "unknown": 0.07292016344297708}, "english-5k": {"sft": 0.0, "sfb": 0.021487534740946612, "dsfb": 0.0, "sfT": 0.0, "roll-out": 0.2034263906749077, "roll-in": 0.21222051686232216, "bad-redirect": 0.0016177873646658647, "redirect": 0.04214543493591073, "oneh-out": 0.007300784004645953, "oneh-in": 0.0009125980005807441, "dsfb-red": 0.01796158792052101, "dsfb-alt": 0.04106691002613349, "alternate": 0.34239017712697556, "sfR": 0.10644211224955408, "unknown": 0.0030281660928361057}, "mt-quotes": {"sft": 0.0, "sfb": 0.024414004135738278, "dsfb": 0.0, "sfT": 1.3447125900957435e-05, "roll-out": 0.2430224357825032, "roll-in": 0.1516402505348968, "bad-redirect": 0.0008994633102640418, "redirect": 0.03247480905081221, "oneh-out": 0.024795006036265405, "oneh-in": 0.0009353223126665949, "dsfb-red": 0.01658777686138105, "dsfb-alt": 0.0543637417673707, "alternate": 0.31882836686150057, "sfR": 0.09572710103871578, "unknown": 0.03629827518198444}, "english-1k": {"sft": 0.0, "sfb": 0.019407198306280876, "dsfb": 0.0, "sfT": 0.0, "roll-out": 0.23817925194071984, "roll-in": 0.1993648553281581, "bad-redirect": 0.00035285815102328866, "redirect": 0.040931545518701484, "oneh-out": 0.012702893436838392, "oneh-in": 0.001058574453069866, "dsfb-red": 0.017290049400141144, "dsfb-alt": 0.045871559633027525, "alternate": 0.3165137614678899, "sfR": 0.10832745236414962, "unknown": 0.0}, "english-10k": {"sft": 0.0, "sfb": 0.020551513865035412, "dsfb": 0.0, "sfT": 5.789158835221242e-05, "roll-out": 0.20350823025414408, "roll-in": 0.21537600586634761, "bad-redirect": 0.0011578317670442484, "redirect": 0.0433415024796897, "oneh-out": 0.006425966307095579, "oneh-in": 0.0018525308272707975, "dsfb-red": 0.018139364350359892, "dsfb-alt": 0.04002238474749619, "alternate": 0.33636942552247157, "sfR": 0.10543987958549622, "unknown": 0.0077574728391964646}, "reddit": {"sft": 0.0, "sfb": 0.024756091371366466, "dsfb": 0.0, "sfT": 3.438590537470804e-05, "roll-out": 0.21640076585427157, "roll-in": 0.15294453662089558, "bad-redirect": 0.0010181674072933704, "redirect": 0.032617540894599145, "oneh-out": 0.017632964920945193, "oneh-in": 0.001042964214872953, "dsfb-red": 0.014867446642383026, "dsfb-alt": 0.04679513435693206, "alternate": 0.3055346511975041, "sfR": 0.1028716913164539, "unknown": 0.0834836592971079}, "akl": {"sft": 0.0, "sfb": 0.027185897824302942, "dsfb": 0.0, "sfT": 0.00013958293140511874, "roll-out": 0.200052884150132, "roll-in": 0.14893548344328356, "bad-redirect": 0.001022492987088362, "redirect": 0.029865233392202265, "oneh-out": 0.01939050397430336, "oneh-in": 0.0014857249347652696, "dsfb-red": 0.013886488161595526, "dsfb-alt": 0.0454861928132819, "alternate": 0.2905695342935995, "sfR": 0.11706348985084018, "unknown": 0.10491649124320006}, "keymash": {"sft": 0.0, "sfb": 0.02349628303908248, "dsfb": 0.0, "sfT": 2.873409875499255e-05, "roll-out": 0.23825493713389678, "roll-in": 0.1584726595050346, "bad-redirect": 0.0010097983276754524, "redirect": 0.03439471620972608, "oneh-out": 0.022117046298842837, "oneh-in": 0.0011411542076982756, "dsfb-red": 0.017096788759220567, "dsfb-alt": 0.05024362410872983, "alternate": 0.3133905005069516, "sfR": 0.09899307508220005, "unknown": 0.04136068272218642}, "movie": {"sft": 0.0, "sfb": 0.025078994892556286, "dsfb": 0.0, "sfT": 3.829497102807785e-05, "roll-out": 0.20413325123382844, "roll-in": 0.1384584287033836, "bad-redirect": 0.0009092094667800338, "redirect": 0.028267084130103412, "oneh-out": 0.03051003769093695, "oneh-in": 0.0010744963520421156, "dsfb-red": 0.015905309564833582, "dsfb-alt": 0.052134984114166914, "alternate": 0.2860523793613004, "sfR": 0.1138359467128768, "unknown": 0.10360158280616336}}