{"english-450k": {"sft": 0.0, "sfb": 0.01995993687660827, "dsfb": 0.0, "sfT": 7.601001227269352e-06, "roll-out": 0.18464673762103864, "roll-in": 0.2477604819268655, "bad-redirect": 0.007472953591209968, "redirect": 0.024708223874043225, "oneh-out": 0.013457280326679338, "oneh-in": 0.006485700470268099, "dsfb-red": 0.017889833426981566, "dsfb-alt": 0.043582679306157224, "alternate": 0.31104641814511014, "sfR": 0.11328269117541298, "unknown": 0.00969946225839779}, "shai": {"sft": 0.0, "sfb": 0.012785748411661635, "dsfb": 0.0, "sfT": 1.573708220098073e-05, "roll-out": 0.1671815032853578, "roll-in": 0.27737472802637325, "bad-redirect": 0.0098105225887895, "redirect": 0.026717590667422582, "oneh-out": 0.007475412066943829, "oneh-in": 0.00861349416481687, "dsfb-red": 0.012562685141005185, "dsfb-alt": 0.039281301466761086, "alternate": 0.2661487040477974, "sfR": 0.09728563198976478, "unknown": 0.07474694106110509}, "tr-quotes": {"sft": 0.0, "sfb": 0.011320820138230738, "dsfb": 0.0, "sfT": 3.4673262291671484e-06, "roll-out": 0.17008275351933613, "roll-in": 0.28538753149487994, "bad-redirect": 0.01001132659901528, "redirect": 0.03335105522294907, "oneh-out": 0.007482490002542706, "oneh-in": 0.011058459120223758, "dsfb-red": 0.013943274542890825, "dsfb-alt": 0.03510667807031738, "alternate": 0.25857123043850117, "sfR": 0.09591664547745082, "unknown": 0.06776426804743302}, "gutenberg": {"sft": 0.0, "sfb": 0.013317026615488427, "dsfb": 0.0, "sfT": 6.251413671955363e-06, "roll-out": 0.16166591460265825, "roll-in": 0.29379825665122, "bad-redirect": 0.010731404033412101, "redirect": 0.027693573129984318, "oneh-out": 0.007453200591194297, "oneh-in": 0.010451227038841738, "dsfb-red": 0.020789170884476526, "dsfb-alt": 0.03254561732331137, "alternate": 0.2422030663752371, "sfR": 0.09761014138424484, "unknown": 0.08173514995625905}, "english-200": {"sft": 0.0, "sfb": 0.004454342984409799, "dsfb": 0.0, "sfT": 0.0, "roll-out": 0.20044543429844097, "roll-in": 0.29175946547884185, "bad-redirect": 0.0066815144766146995, "redirect": 0.028953229398663696, "oneh-out": 0.0066815144766146995, "oneh-in": 0.015590200445434299, "dsfb-red": 0.017817371937639197, "dsfb-alt": 0.0334075723830735, "alternate": 0.2873051224944321, "sfR": 0.10690423162583519, "unknown": 0.0}, "monkeyracer": {"sft": 0.0, "sfb": 0.011242512160407902, "dsfb": 0.0, "sfT": 2.9325742527800804e-06, "roll-out": 0.17039918200728843, "roll-in": 0.2849875658851682, "bad-redirect": 0.0099570671129393, "redirect": 0.033781300342524676, "oneh-out": 0.007523030483131833, "oneh-in": 0.01107437790324851, "dsfb-red": 0.013930705225456308, "dsfb-alt": 0.03493380202386724, "alternate": 0.2585289034518354, "sfR": 0.09605353707555875, "unknown": 0.06758508375432067}, "chained-bigrams": {"sft": 0.0, "sfb": 0.013406843281871608, "dsfb": 0.0, "sfT": 1.6232617301762407e-05, "roll-out": 0.13373533951168393, "roll-in": 0.26080621566395623, "bad-redirect": 0.006367081810443286, "redirect": 0.02829669848043223, "oneh-out": 0.011506977752873336, "oneh-in": 0.010372642455826179, "dsfb-red": 0.01879022848382809, "dsfb-alt": 0.04883745241408238, "alternate": 0.2700795852761071, "sfR": 0.11643721321023381, "unknown": 0.08134748904136006}, "english-5k": {"sft": 0.0, "sfb": 0.013025262371925167, "dsfb": 0.0, "sfT": 0.0, "roll-out": 0.19002779275729043, "roll-in": 0.2712490148089766, "bad-redirect": 0.006803003277056457, "redirect": 0.024515700833782718, "oneh-out": 0.008794126187414444, "oneh-in": 0.007010411913552081, "dsfb-red": 0.014186750736300659, "dsfb-alt": 0.04484174721035384, "alternate": 0.30999294810635913, "sfR": 0.10644211224955408, "unknown": 0.003111129547434355}, "mt-quotes": {"sft": 0.0, "sfb": 0.010706900467362331, "dsfb": 0.0, "sfT": 1.4941251001063816e-06, "roll-out": 0.1722218237888622, "roll-in": 0.2904698724614815, "bad-redirect": 0.010218321559627545, "redirect": 0.03527928186371188, "oneh-out": 0.007382472119625632, "oneh-in": 0.011583951901124778, "dsfb-red": 0.014008916938597436, "dsfb-alt": 0.034104899535028266, "alternate": 0.258595701700912, "sfR": 0.09572710103871578, "unknown": 0.05969926249985059}, "english-1k": {"sft": 0.0, "sfb": 0.011291460832745237, "dsfb": 0.0, "sfT": 0.0, "roll-out": 0.1834862385321101, "roll-in": 0.2918136908962597, "bad-redirect": 0.008115737473535639, "redirect": 0.02646436132674665, "oneh-out": 0.0056457304163726185, "oneh-in": 0.009880028228652082, "dsfb-red": 0.020112914608327453, "dsfb-alt": 0.035285815102328866, "alternate": 0.29957657021877204, "sfR": 0.10832745236414962, "unknown": 0.0}, "english-10k": {"sft": 0.0, "sfb": 0.015592134462862546, "dsfb": 0.0, "sfT": 0.0, "roll-out": 0.19179483221087976, "roll-in": 0.2698712877018969, "bad-redirect": 0.010555566276220065, "redirect": 0.022809285810771695, "oneh-out": 0.00922405974411918, "oneh-in": 0.006715424248856641, "dsfb-red": 0.012755446633604138, "dsfb-alt": 0.04557997722930858, "alternate": 0.3019046332567878, "sfR": 0.10543987958549622, "unknown": 0.0077574728391964646}, "reddit": {"sft": 0.0, "sfb": 0.012714506900311028, "dsfb": 0.0, "sfT": 7.079451106557538e-05, "roll-out": 0.16729256131357156, "roll-in": 0.26483174036319085, "bad-redirect": 0.009601870773047968, "redirect": 0.03222461262947857, "oneh-out": 0.008131854589572567, "oneh-in": 0.009136162753958921, "dsfb-red": 0.011487214754774744, "dsfb-alt": 0.036834159362939295, "alternate": 0.24813749567600984, "sfR": 0.1028716913164539, "unknown": 0.09666533505562519}, "akl": {"sft": 0.0, "sfb": 0.017899636836561334, "dsfb": 0.0, "sfT": 0.00010166692873315573, "roll-out": 0.1625652331815578, "roll-in": 0.24542830275952915, "bad-redirect": 0.007848922324360004, "redirect": 0.036148323933014564, "oneh-out": 0.00831810188029918, "oneh-in": 0.009056720481369674, "dsfb-red": 0.013063983502325948, "dsfb-alt": 0.03357028356833201, "alternate": 0.23069502387159313, "sfR": 0.11706348985084018, "unknown": 0.11824031088148387}, "keymash": {"sft": 0.0, "sfb": 0.012023167893339026, "dsfb": 0.0, "sfT": 8.209742501426442e-06, "roll-out": 0.17068054660465576, "roll-in": 0.2850956229757854, "bad-redirect": 0.009962522525480988, "redirect": 0.03320019867576853, "oneh-out": 0.007253307500010262, "oneh-in": 0.010783496775623633, "dsfb-red": 0.015422001288929572, "dsfb-alt": 0.03481341307729883, "alternate": 0.2610739164166116, "sfR": 0.09899307508220005, "unknown": 0.06069052144179498}, "movie": {"sft": 0.0, "sfb": 0.010912619166777757, "dsfb": 0.0, "sfT": 2.0266067142006834e-05, "roll-out": 0.15340649559035383, "roll-in": 0.2360438847208198, "bad-redirect": 0.007660704977517167, "redirect": 0.03755841792552062, "oneh-out": 0.006729123878177775, "oneh-in": 0.01112014895822545, "dsfb-red": 0.015242056458367905, "dsfb-alt": 0.03400501308806304, "alternate": 0.22326033908288676, "sfR": 0.1138359467128768, "unknown": 0.1502049833732711}}