{"english-450k": {"sft": 0.0, "sfb": 0.02445066687091921, "dsfb": 0.0, "sfT": 8.185693629366994e-05, "roll-out": 0.17852208470906583, "roll-in": 0.21681475950724463, "bad-redirect": 0.0017967597516460553, "redirect": 0.031007407468042175, "oneh-out": 0.004410334789022517, "oneh-in": 0.002047885138346993, "dsfb-red": 0.012968185132324662, "dsfb-alt": 0.05115006072030596, "alternate": 0.3537684302353796, "sfR": 0.11328269117541298, "unknown": 0.009698877565995693}, "shai": {"sft": 0.0, "sfb": 0.01318898308259793, "dsfb": 0.0, "sfT": 2.0400924810961492e-05, "roll-out": 0.21167201505558061, "roll-in": 0.2088420650272028, "bad-redirect": 0.0009125649880342441, "redirect": 0.029696752696049364, "oneh-out": 0.011813617832119006, "oneh-in": 0.0019344496727646764, "dsfb-red": 0.011849186889036618, "dsfb-alt": 0.04509885101496052, "alternate": 0.29998801334393105, "sfR": 0.09728563198976478, "unknown": 0.06769746748314746}, "tr-quotes": {"sft": 0.0, "sfb": 0.011599362011973834, "dsfb": 0.0, "sfT": 3.0050160652781953e-05, "roll-out": 0.2261274589121842, "roll-in": 0.2033621506668824, "bad-redirect": 0.0008518064769653961, "redirect": 0.029958854395413882, "oneh-out": 0.02070224913894732, "oneh-in": 0.0021844155243753035, "dsfb-red": 0.013735234969140796, "dsfb-alt": 0.04873442592635399, "alternate": 0.3014054228982224, "sfR": 0.09591664547745082, "unknown": 0.04539192344143686}, "gutenberg": {"sft": 0.0, "sfb": 0.01254109357305421, "dsfb": 0.0, "sfT": 0.0001174508023215856, "roll-out": 0.23868086836303512, "roll-in": 0.1992170199094265, "bad-redirect": 0.00118379042533482, "redirect": 0.026611699691180164, "oneh-out": 0.012773911373140063, "oneh-in": 0.0019260037212960658, "dsfb-red": 0.01118889385213247, "dsfb-alt": 0.040480745077580045, "alternate": 0.28247107395119275, "sfR": 0.09761014138424484, "unknown": 0.07519730787606137}, "english-200": {"sft": 0.0, "sfb": 0.008908685968819599, "dsfb": 0.0, "sfT": 0.0, "roll-out": 0.22494432071269488, "roll-in": 0.23162583518930957, "bad-redirect": 0.0, "redirect": 0.028953229398663696, "oneh-out": 0.015590200445434299, "oneh-in": 0.004454342984409799, "dsfb-red": 0.013363028953229399, "dsfb-alt": 0.0467706013363029, "alternate": 0.3184855233853007, "sfR": 0.10690423162583519, "unknown": 0.0}, "monkeyracer": {"sft": 0.0, "sfb": 0.011499601169901622, "dsfb": 0.0, "sfT": 2.834821777687411e-05, "roll-out": 0.22675348389821232, "roll-in": 0.20314821621283452, "bad-redirect": 0.0008690195035738305, "redirect": 0.02995135836839389, "oneh-out": 0.021175141154574032, "oneh-in": 0.0022180036598526674, "dsfb-red": 0.013689256611977415, "dsfb-alt": 0.048740361605955865, "alternate": 0.3005820182367018, "sfR": 0.09605353707555875, "unknown": 0.04529165428468649}, "chained-bigrams": {"sft": 0.0, "sfb": 0.014504817516162817, "dsfb": 0.0, "sfT": 2.467357829867886e-05, "roll-out": 0.19101829805552725, "roll-in": 0.18112938759529357, "bad-redirect": 0.00257773962751987, "redirect": 0.036980499432183046, "oneh-out": 0.007041709385504532, "oneh-in": 0.00470940693158731, "dsfb-red": 0.02068684748936601, "dsfb-alt": 0.0565485949371116, "alternate": 0.29542064879823443, "sfR": 0.11643721321023381, "unknown": 0.07292016344297708}, "english-5k": {"sft": 0.0, "sfb": 0.01725639855643589, "dsfb": 0.0, "sfT": 0.0, "roll-out": 0.1879951881196333, "roll-in": 0.23619695524121626, "bad-redirect": 0.0015348239100676153, "redirect": 0.029452026382378562, "oneh-out": 0.006014850458373086, "oneh-in": 0.0014933421827684904, "dsfb-red": 0.014394159372796284, "dsfb-alt": 0.04816028539428382, "alternate": 0.3480316920396565, "sfR": 0.10644211224955408, "unknown": 0.0030281660928361057}, "mt-quotes": {"sft": 0.0, "sfb": 0.010781606722367651, "dsfb": 0.0, "sfT": 1.6435376101170198e-05, "roll-out": 0.23175075602730066, "roll-in": 0.20419610093113877, "bad-redirect": 0.0007859098026559568, "redirect": 0.03003639688743859, "oneh-out": 0.022866090532028066, "oneh-in": 0.002281529027862445, "dsfb-red": 0.013781809923381265, "dsfb-alt": 0.04982907208854783, "alternate": 0.3016489164604774, "sfR": 0.09572710103871578, "unknown": 0.03629827518198444}, "english-1k": {"sft": 0.0, "sfb": 0.012702893436838392, "dsfb": 0.0, "sfT": 0.0, "roll-out": 0.21312632321806635, "roll-in": 0.2508821453775582, "bad-redirect": 0.0, "redirect": 0.02858151023288638, "oneh-out": 0.008821453775582216, "oneh-in": 0.0024700070571630206, "dsfb-red": 0.017290049400141144, "dsfb-alt": 0.04199011997177135, "alternate": 0.3158080451658433, "sfR": 0.10832745236414962, "unknown": 0.0}, "english-10k": {"sft": 0.0, "sfb": 0.017020126975550453, "dsfb": 0.0, "sfT": 3.859439223480828e-05, "roll-out": 0.18666177804365025, "roll-in": 0.24013430848497713, "bad-redirect": 0.0010806429825746318, "redirect": 0.03322977171416993, "oneh-out": 0.0051137569711120975, "oneh-in": 0.0015823700816271396, "dsfb-red": 0.013025607379247794, "dsfb-alt": 0.0507902201810077, "alternate": 0.33812547036915536, "sfR": 0.10543987958549622, "unknown": 0.0077574728391964646}, "reddit": {"sft": 0.0, "sfb": 0.012569471796159753, "dsfb": 0.0, "sfT": 2.7681028400772597e-05, "roll-out": 0.20887987913241887, "roll-in": 0.19508420145570746, "bad-redirect": 0.000934824662784955, "redirect": 0.02728521591483083, "oneh-out": 0.015557487109499444, "oneh-in": 0.00242222108601402, "dsfb-red": 0.012105224616187934, "dsfb-alt": 0.05003538789117947, "alternate": 0.2887430546932547, "sfR": 0.1028716913164539, "unknown": 0.0834836592971079}, "akl": {"sft": 0.0, "sfb": 0.018700209690363796, "dsfb": 0.0, "sfT": 0.0002468257428841514, "roll-out": 0.19225234809715566, "roll-in": 0.18995700498768908, "bad-redirect": 0.0009627071332020151, "redirect": 0.024294245032291176, "oneh-out": 0.016558760944683403, "oneh-in": 0.0020843888789142543, "dsfb-red": 0.013810594201998868, "dsfb-alt": 0.04929675108181419, "alternate": 0.2698561831149632, "sfR": 0.11706348985084018, "unknown": 0.10491649124320006}, "keymash": {"sft": 0.0, "sfb": 0.0122325163271254, "dsfb": 0.0, "sfT": 1.2314613752139664e-05, "roll-out": 0.229162647313567, "roll-in": 0.20482076079683761, "bad-redirect": 0.0008948619326554823, "redirect": 0.02941140251136023, "oneh-out": 0.02008513502973979, "oneh-in": 0.0020893794666130296, "dsfb-red": 0.014260322724977731, "dsfb-alt": 0.04732916552072344, "alternate": 0.2993477359582617, "sfR": 0.09899307508220005, "unknown": 0.04136068272218642}, "movie": {"sft": 0.0, "sfb": 0.01052585311917803, "dsfb": 0.0, "sfT": 1.0396229248172336e-05, "roll-out": 0.1961292074954444, "roll-in": 0.1790868926052411, "bad-redirect": 0.0007119443067419284, "redirect": 0.024376920423708193, "oneh-out": 0.027074807712528206, "oneh-in": 0.0013624324228649139, "dsfb-red": 0.014529980553787392, "dsfb-alt": 0.05211748160163518, "alternate": 0.2766365540105823, "sfR": 0.1138359467128768, "unknown": 0.10360158280616336}}