{"english-450k": {"sft": 0.0, "sfb": 0.026312327479198105, "dsfb": 0.0, "sfT": 0.00012687825125518842, "roll-out": 0.19396088758645408, "roll-in": 0.20187382221024253, "bad-redirect": 0.001440682078768591, "redirect": 0.03685228506561126, "oneh-out": 0.005924103418053313, "oneh-in": 0.0015970872963297104, "dsfb-red": 0.01619948769251728, "dsfb-alt": 0.04918227844104634, "alternate": 0.34354800704671284, "sfR": 0.11328269117541298, "unknown": 0.00969946225839779}, "shai": {"sft": 0.0, "sfb": 0.01367559022960194, "dsfb": 0.0, "sfT": 1.6878852798444902e-05, "roll-out": 0.21846815102520936, "roll-in": 0.19736623325312813, "bad-redirect": 0.0008183708489478526, "redirect": 0.0365327267835076, "oneh-out": 0.013419280147310855, "oneh-in": 0.0011163033075275116, "dsfb-red": 0.013899009577868444, "dsfb-alt": 0.043398305627914996, "alternate": 0.28925657729531495, "sfR": 0.09728563198976478, "unknown": 0.07474694106110509}, "tr-quotes": {"sft": 0.0, "sfb": 0.01436744411825894, "dsfb": 0.0, "sfT": 1.733663114583574e-05, "roll-out": 0.2332851760245949, "roll-in": 0.1874679272323802, "bad-redirect": 0.000818288990083447, "redirect": 0.03454843854742146, "oneh-out": 0.021300940801183513, "oneh-in": 0.0010066803818681953, "dsfb-red": 0.014114329303529738, "dsfb-alt": 0.04832759298213171, "alternate": 0.2810649314625182, "sfR": 0.09591664547745082, "unknown": 0.06776426804743302}, "gutenberg": {"sft": 0.0, "sfb": 0.012039275548296337, "dsfb": 0.0, "sfT": 0.0001532543533518754, "roll-out": 0.23812013550033853, "roll-in": 0.19487342402808513, "bad-redirect": 0.0007988548925647202, "redirect": 0.0326623103785212, "oneh-out": 0.013326498454385329, "oneh-in": 0.001330035617902988, "dsfb-red": 0.01184851271291273, "dsfb-alt": 0.04229933814578524, "alternate": 0.27320306902735203, "sfR": 0.09761014138424484, "unknown": 0.08173514995625905}, "english-200": {"sft": 0.0, "sfb": 0.013363028953229399, "dsfb": 0.0, "sfT": 0.0, "roll-out": 0.23608017817371937, "roll-in": 0.22939866369710468, "bad-redirect": 0.0, "redirect": 0.035634743875278395, "oneh-out": 0.015590200445434299, "oneh-in": 0.0, "dsfb-red": 0.022271714922048998, "dsfb-alt": 0.053452115812917596, "alternate": 0.2873051224944321, "sfR": 0.10690423162583519, "unknown": 0.0}, "monkeyracer": {"sft": 0.0, "sfb": 0.01433833304659274, "dsfb": 0.0, "sfT": 1.5640396014827094e-05, "roll-out": 0.23406927913414768, "roll-in": 0.18676294633780127, "bad-redirect": 0.0008426263352988097, "redirect": 0.03466205014310962, "oneh-out": 0.021762633529880976, "oneh-in": 0.0010381312854841486, "dsfb-red": 0.01411936750238516, "dsfb-alt": 0.048423643586655615, "alternate": 0.28032672787274976, "sfR": 0.09605353707555875, "unknown": 0.06758508375432067}, "chained-bigrams": {"sft": 0.0, "sfb": 0.013569169454889231, "dsfb": 0.0, "sfT": 1.8829836070044392e-05, "roll-out": 0.2030401744292125, "roll-in": 0.1583271054191619, "bad-redirect": 0.0016479353084749195, "redirect": 0.04240673874381618, "oneh-out": 0.00798125327493054, "oneh-in": 0.003972446106087296, "dsfb-red": 0.02098552764771844, "dsfb-alt": 0.0564934040382856, "alternate": 0.2937727134897595, "sfR": 0.11643721321023381, "unknown": 0.08134748904136006}, "english-5k": {"sft": 0.0, "sfb": 0.01601194673746215, "dsfb": 0.0, "sfT": 0.0, "roll-out": 0.19894636412660224, "roll-in": 0.23217322769320115, "bad-redirect": 0.0009540797278798689, "redirect": 0.03994690338905712, "oneh-out": 0.007217820550047704, "oneh-in": 0.0011200066370763678, "dsfb-red": 0.0159289832828639, "dsfb-alt": 0.04388766748247397, "alternate": 0.3342597585763471, "sfR": 0.10644211224955408, "unknown": 0.003111129547434355}, "mt-quotes": {"sft": 0.0, "sfb": 0.013952140184793392, "dsfb": 0.0, "sfT": 5.9765004004255265e-06, "roll-out": 0.2391347222720264, "roll-in": 0.18666104875629028, "bad-redirect": 0.0008292394305590418, "redirect": 0.034669678822868484, "oneh-out": 0.023203762804652108, "oneh-in": 0.0010204874433726587, "dsfb-red": 0.014215106202412115, "dsfb-alt": 0.049847001589749106, "alternate": 0.2810344724543097, "sfR": 0.09572710103871578, "unknown": 0.05969926249985059}, "english-1k": {"sft": 0.0, "sfb": 0.013761467889908258, "dsfb": 0.0, "sfT": 0.0, "roll-out": 0.22335920959774172, "roll-in": 0.24841213832039521, "bad-redirect": 0.00035285815102328866, "redirect": 0.03634438955539873, "oneh-out": 0.009880028228652082, "oneh-in": 0.002117148906139732, "dsfb-red": 0.016937191249117856, "dsfb-alt": 0.04199011997177135, "alternate": 0.2985179957657022, "sfR": 0.10832745236414962, "unknown": 0.0}, "english-10k": {"sft": 0.0, "sfb": 0.015823700816271397, "dsfb": 0.0, "sfT": 5.789158835221242e-05, "roll-out": 0.20217672372204318, "roll-in": 0.22562281700468922, "bad-redirect": 0.0009262654136353987, "redirect": 0.041160919318423035, "oneh-out": 0.006676829856621833, "oneh-in": 0.0014086953165705024, "dsfb-red": 0.01472376063757936, "dsfb-alt": 0.045850137974952236, "alternate": 0.3323749059261689, "sfR": 0.10543987958549622, "unknown": 0.0077574728391964646}, "reddit": {"sft": 0.0, "sfb": 0.015909287134858112, "dsfb": 0.0, "sfT": 2.8729835972114455e-05, "roll-out": 0.21663697230230305, "roll-in": 0.17886487931127804, "bad-redirect": 0.0006716863346179354, "redirect": 0.03411771029575063, "oneh-out": 0.01663000522343628, "oneh-in": 0.0010331878300115162, "dsfb-red": 0.013033906263197885, "dsfb-alt": 0.04724904329084351, "alternate": 0.27628756580565184, "sfR": 0.1028716913164539, "unknown": 0.09666533505562519}, "akl": {"sft": 0.0, "sfb": 0.01943777506913785, "dsfb": 0.0, "sfT": 0.00013419291141743772, "roll-out": 0.19911241859366077, "roll-in": 0.17128232044945085, "bad-redirect": 0.000785827741652253, "redirect": 0.0335466170437884, "oneh-out": 0.017499288455407373, "oneh-in": 0.0013652239132015962, "dsfb-red": 0.01229661812798782, "dsfb-alt": 0.0475309309704477, "alternate": 0.2617049859915239, "sfR": 0.11706348985084018, "unknown": 0.11824031088148387}, "keymash": {"sft": 0.0, "sfb": 0.013940142767422099, "dsfb": 0.0, "sfT": 4.104871250713222e-05, "roll-out": 0.23380115182687294, "roll-in": 0.19042908219183705, "bad-redirect": 0.0008168693788919311, "redirect": 0.03459175002976032, "oneh-out": 0.020791172884862465, "oneh-in": 0.001301244186476091, "dsfb-red": 0.014830899828826868, "dsfb-alt": 0.0476575552207805, "alternate": 0.28211548644776757, "sfR": 0.09899307508220005, "unknown": 0.06069052144179498}, "movie": {"sft": 0.0, "sfb": 0.012497715132527577, "dsfb": 0.0, "sfT": 1.0527827086756796e-05, "roll-out": 0.1999010647449522, "roll-in": 0.1604514542811343, "bad-redirect": 0.000880652735807206, "redirect": 0.029065488216795332, "oneh-out": 0.028434213385105676, "oneh-in": 0.001031463858824997, "dsfb-red": 0.011764320378096382, "dsfb-alt": 0.043889063548464655, "alternate": 0.24803310580505702, "sfR": 0.1138359467128768, "unknown": 0.1502049833732711}}