{"english-450k": {"sft": 0.0, "sfb": 0.03285181965045919, "dsfb": 0.0, "sfT": 2.835758150173566e-05, "roll-out": 0.209116406995026, "roll-in": 0.17348788312700514, "bad-redirect": 0.0036832697870140987, "redirect": 0.024298062153971726, "oneh-out": 0.004308890657258576, "oneh-in": 0.002266560096731511, "dsfb-red": 0.01099426358284302, "dsfb-alt": 0.054000728526733016, "alternate": 0.3619821891000473, "sfR": 0.11328269117541298, "unknown": 0.009698877565995693}, "shai": {"sft": 0.0, "sfb": 0.019657872117358227, "dsfb": 0.0, "sfT": 7.201282622514695e-05, "roll-out": 0.25754225402700553, "roll-in": 0.1529605182694133, "bad-redirect": 0.0050620418790618005, "redirect": 0.019948520466566946, "oneh-out": 0.008567370503088121, "oneh-in": 0.006587710585072669, "dsfb-red": 0.007217840231382327, "dsfb-alt": 0.04399770422831325, "alternate": 0.31340305539360047, "sfR": 0.09728563198976478, "unknown": 0.06769746748314746}, "tr-quotes": {"sft": 0.0, "sfb": 0.0193430572571138, "dsfb": 0.0, "sfT": 9.130625736806823e-05, "roll-out": 0.2716257136913155, "roll-in": 0.1542336053258131, "bad-redirect": 0.004112248907792238, "redirect": 0.024642287510690922, "oneh-out": 0.011382076234946026, "oneh-in": 0.013762973578974134, "dsfb-red": 0.008293844340167819, "dsfb-alt": 0.04019555719932503, "alternate": 0.3110087607776057, "sfR": 0.09591664547745082, "unknown": 0.04539192344143686}, "gutenberg": {"sft": 0.0, "sfb": 0.02415830398010459, "dsfb": 0.0, "sfT": 0.00020724383506421718, "roll-out": 0.2882329829889562, "roll-in": 0.1454544834570545, "bad-redirect": 0.004167987988192784, "redirect": 0.024260410403413195, "oneh-out": 0.01207981501877508, "oneh-in": 0.005650709649113833, "dsfb-red": 0.007680524724719946, "dsfb-alt": 0.041493852965992686, "alternate": 0.27380623572830676, "sfR": 0.09761014138424484, "unknown": 0.07519730787606137}, "english-200": {"sft": 0.0, "sfb": 0.008908685968819599, "dsfb": 0.0, "sfT": 0.0, "roll-out": 0.31625835189309576, "roll-in": 0.1447661469933185, "bad-redirect": 0.0022271714922048997, "redirect": 0.026726057906458798, "oneh-out": 0.013363028953229399, "oneh-in": 0.004454342984409799, "dsfb-red": 0.008908685968819599, "dsfb-alt": 0.031180400890868598, "alternate": 0.3363028953229399, "sfR": 0.10690423162583519, "unknown": 0.0}, "monkeyracer": {"sft": 0.0, "sfb": 0.01934619234559019, "dsfb": 0.0, "sfT": 9.188732658710919e-05, "roll-out": 0.27194836323255706, "roll-in": 0.15429055163676744, "bad-redirect": 0.004079210785617092, "redirect": 0.02471280322817774, "oneh-out": 0.011397938595805245, "oneh-in": 0.014091019284608286, "dsfb-red": 0.008327533353144501, "dsfb-alt": 0.04007753726324351, "alternate": 0.3102917715876566, "sfR": 0.09605353707555875, "unknown": 0.04529165428468649}, "chained-bigrams": {"sft": 0.0, "sfb": 0.020486212339516228, "dsfb": 0.0, "sfT": 4.0906195600441264e-05, "roll-out": 0.23724489630279416, "roll-in": 0.14415538121003124, "bad-redirect": 0.00355818971254632, "redirect": 0.022928896591085435, "oneh-out": 0.009807747373724847, "oneh-in": 0.0048977052922877535, "dsfb-red": 0.0134224265944813, "dsfb-alt": 0.05541490894475651, "alternate": 0.2986853527899649, "sfR": 0.11643721321023381, "unknown": 0.07292016344297708}, "english-5k": {"sft": 0.0, "sfb": 0.018293441738914007, "dsfb": 0.0, "sfT": 0.0, "roll-out": 0.24005475588003483, "roll-in": 0.16995063674451405, "bad-redirect": 0.0041896544572115986, "redirect": 0.018334923466213134, "oneh-out": 0.006637076367859957, "oneh-in": 0.0022814950014518605, "dsfb-red": 0.008545235823619695, "dsfb-alt": 0.054424026216451656, "alternate": 0.36781847596133904, "sfR": 0.10644211224955408, "unknown": 0.0030281660928361057}, "mt-quotes": {"sft": 0.0, "sfb": 0.018743799380834557, "dsfb": 0.0, "sfT": 8.217688050585099e-05, "roll-out": 0.2786857077969424, "roll-in": 0.15521419777435125, "bad-redirect": 0.004116314650793082, "redirect": 0.025244737691397425, "oneh-out": 0.012017248180155628, "oneh-in": 0.015383512030695306, "dsfb-red": 0.008377559436296483, "dsfb-alt": 0.039126653996485815, "alternate": 0.310982715960842, "sfR": 0.09572710103871578, "unknown": 0.03629827518198444}, "english-1k": {"sft": 0.0, "sfb": 0.017642907551164433, "dsfb": 0.0, "sfT": 0.0, "roll-out": 0.2822865208186309, "roll-in": 0.15137614678899083, "bad-redirect": 0.0038814396612561752, "redirect": 0.020465772759350742, "oneh-out": 0.010938602681721948, "oneh-in": 0.0024700070571630206, "dsfb-red": 0.007057163020465773, "dsfb-alt": 0.04516584333098095, "alternate": 0.3503881439661256, "sfR": 0.10832745236414962, "unknown": 0.0}, "english-10k": {"sft": 0.0, "sfb": 0.02269350263406727, "dsfb": 0.0, "sfT": 1.929719611740414e-05, "roll-out": 0.2353871982400957, "roll-in": 0.174234383744042, "bad-redirect": 0.006271588738156346, "redirect": 0.02091816059126609, "oneh-out": 0.006310183130391154, "oneh-in": 0.0014279925126879063, "dsfb-red": 0.007429420505200594, "dsfb-alt": 0.05273923698886552, "alternate": 0.3593716832944173, "sfR": 0.10543987958549622, "unknown": 0.0077574728391964646}, "reddit": {"sft": 0.0, "sfb": 0.018885016416647797, "dsfb": 0.0, "sfT": 0.0001226730284337351, "roll-out": 0.25876884599515637, "roll-in": 0.14446788654224438, "bad-redirect": 0.003954379118091425, "redirect": 0.0231594691310648, "oneh-out": 0.011175718906086212, "oneh-in": 0.009749827555433695, "dsfb-red": 0.008032554987014452, "dsfb-alt": 0.04077542838638895, "alternate": 0.2945528493198764, "sfR": 0.1028716913164539, "unknown": 0.0834836592971079}, "akl": {"sft": 0.0, "sfb": 0.022504076899601027, "dsfb": 0.0, "sfT": 0.00015779748170831665, "roll-out": 0.24051675546569712, "roll-in": 0.14231381291129105, "bad-redirect": 0.004071323718281126, "redirect": 0.02577687225441985, "oneh-out": 0.00929357158956398, "oneh-in": 0.011605890164279136, "dsfb-red": 0.010451124847608026, "dsfb-alt": 0.035721892811460446, "alternate": 0.2756069007620497, "sfR": 0.11706348985084018, "unknown": 0.10491649124320006}, "keymash": {"sft": 0.0, "sfb": 0.020039981445981948, "dsfb": 0.0, "sfT": 8.209742501426443e-05, "roll-out": 0.27510026148029865, "roll-in": 0.1537192185967087, "bad-redirect": 0.004416841465767426, "redirect": 0.02371384121537028, "oneh-out": 0.011001054951911433, "oneh-in": 0.013197161071043007, "dsfb-red": 0.008566866300238493, "dsfb-alt": 0.040207213900736005, "alternate": 0.3096017043425433, "sfR": 0.09899307508220005, "unknown": 0.04136068272218642}, "movie": {"sft": 0.0, "sfb": 0.01739262833651515, "dsfb": 0.0, "sfT": 6.000861439451374e-05, "roll-out": 0.24176957507979105, "roll-in": 0.1314511069944383, "bad-redirect": 0.003548667315268547, "redirect": 0.024315201037412082, "oneh-out": 0.009285148697003741, "oneh-in": 0.02126778988931174, "dsfb-red": 0.011672596684603014, "dsfb-alt": 0.03485513512531865, "alternate": 0.2869446127069031, "sfR": 0.1138359467128768, "unknown": 0.10360158280616336}}