{"english-450k": {"sft": 0.0, "sfb": 0.024039335766043522, "dsfb": 0.0, "sfT": 0.00012453948164679784, "roll-out": 0.24795401511195983, "roll-in": 0.1939167433100957, "bad-redirect": 0.010708933690619371, "redirect": 0.06500873238102532, "oneh-out": 0.02413873347440012, "oneh-in": 0.017773479638964137, "dsfb-red": 0.03287491500034204, "dsfb-alt": 0.03032419439619108, "alternate": 0.2301548090073034, "sfR": 0.11328269117541298, "unknown": 0.009698877565995693}, "shai": {"sft": 0.0, "sfb": 0.01258064770826902, "dsfb": 0.0, "sfT": 1.826832955942672e-05, "roll-out": 0.21632219125207106, "roll-in": 0.18427654937883034, "bad-redirect": 0.01064178963987549, "redirect": 0.09613243981591717, "oneh-out": 0.019140680999977396, "oneh-in": 0.02668769175940424, "dsfb-red": 0.026285389856989944, "dsfb-alt": 0.02493292194500118, "alternate": 0.2179983298411925, "sfR": 0.09728563198976478, "unknown": 0.06769746748314746}, "tr-quotes": {"sft": 0.0, "sfb": 0.011022630082522364, "dsfb": 0.0, "sfT": 1.9648181965280506e-05, "roll-out": 0.22547444580569104, "roll-in": 0.18656179931115785, "bad-redirect": 0.013078754536418484, "redirect": 0.10354707473243799, "oneh-out": 0.019798432768544417, "oneh-in": 0.036270543907907814, "dsfb-red": 0.027724740528420517, "dsfb-alt": 0.02742655047271214, "alternate": 0.20776681075333442, "sfR": 0.09591664547745082, "unknown": 0.04539192344143686}, "gutenberg": {"sft": 0.0, "sfb": 0.011011391591204527, "dsfb": 0.0, "sfT": 0.00016575718069578613, "roll-out": 0.1964089985500509, "roll-in": 0.18310807406068721, "bad-redirect": 0.013691543125471934, "redirect": 0.11721249085493954, "oneh-out": 0.019838766569561374, "oneh-in": 0.03473891633827801, "dsfb-red": 0.022731466168675264, "dsfb-alt": 0.02286634515456715, "alternate": 0.20541880114556207, "sfR": 0.09761014138424484, "unknown": 0.07519730787606137}, "english-200": {"sft": 0.0, "sfb": 0.008908685968819599, "dsfb": 0.0, "sfT": 0.0, "roll-out": 0.24053452115812918, "roll-in": 0.20489977728285078, "bad-redirect": 0.015590200445434299, "redirect": 0.09799554565701558, "oneh-out": 0.015590200445434299, "oneh-in": 0.0334075723830735, "dsfb-red": 0.022271714922048998, "dsfb-alt": 0.022271714922048998, "alternate": 0.23162583518930957, "sfR": 0.10690423162583519, "unknown": 0.0}, "monkeyracer": {"sft": 0.0, "sfb": 0.010912108794594678, "dsfb": 0.0, "sfT": 1.8572970267607176e-05, "roll-out": 0.2260095875627571, "roll-in": 0.1858039945571422, "bad-redirect": 0.013148685424714954, "redirect": 0.10322270359885512, "oneh-out": 0.01980465145377481, "oneh-in": 0.036299404100911835, "dsfb-red": 0.027618984312682796, "dsfb-alt": 0.027599433817664262, "alternate": 0.2082166820463894, "sfR": 0.09605353707555875, "unknown": 0.04529165428468649}, "chained-bigrams": {"sft": 0.0, "sfb": 0.013604231908261039, "dsfb": 0.0, "sfT": 1.947914076211489e-05, "roll-out": 0.21063054627951658, "roll-in": 0.1879555278230307, "bad-redirect": 0.013836682988022276, "redirect": 0.08644323226472932, "oneh-out": 0.02201532488934225, "oneh-in": 0.021801703645651056, "dsfb-red": 0.035850059963288314, "dsfb-alt": 0.03835572676998836, "alternate": 0.1801301076741971, "sfR": 0.11643721321023381, "unknown": 0.07292016344297708}, "english-5k": {"sft": 0.0, "sfb": 0.015970465010163023, "dsfb": 0.0, "sfT": 0.0, "roll-out": 0.23856141369726636, "roll-in": 0.20185008503754095, "bad-redirect": 0.008088936823329323, "redirect": 0.07325673041025428, "oneh-out": 0.027834239017712696, "oneh-in": 0.02086530883145974, "dsfb-red": 0.028497946654498695, "dsfb-alt": 0.02874683701829344, "alternate": 0.2468577591570913, "sfR": 0.10644211224955408, "unknown": 0.0030281660928361057}, "mt-quotes": {"sft": 0.0, "sfb": 0.010160050680723396, "dsfb": 0.0, "sfT": 7.470625500531909e-06, "roll-out": 0.2272205687237781, "roll-in": 0.18700320340421464, "bad-redirect": 0.013485973153560201, "redirect": 0.10667306152209512, "oneh-out": 0.019915193459317963, "oneh-in": 0.038201790559519964, "dsfb-red": 0.02788933911858572, "dsfb-alt": 0.028321141272516465, "alternate": 0.2090968312594877, "sfR": 0.09572710103871578, "unknown": 0.03629827518198444}, "english-1k": {"sft": 0.0, "sfb": 0.011644318983768526, "dsfb": 0.0, "sfT": 0.0, "roll-out": 0.2113620324629499, "roll-in": 0.20642201834862386, "bad-redirect": 0.011644318983768526, "redirect": 0.07833450952717008, "oneh-out": 0.026817219477769938, "oneh-in": 0.03175723359209598, "dsfb-red": 0.022582921665490474, "dsfb-alt": 0.027170077628793227, "alternate": 0.2639378969654199, "sfR": 0.10832745236414962, "unknown": 0.0}, "english-10k": {"sft": 0.0, "sfb": 0.015920186796858415, "dsfb": 0.0, "sfT": 5.789158835221242e-05, "roll-out": 0.239555392601455, "roll-in": 0.19922425271608035, "bad-redirect": 0.007989039192605315, "redirect": 0.06686478454680535, "oneh-out": 0.024526736265220662, "oneh-in": 0.020474325080565795, "dsfb-red": 0.030258003512089692, "dsfb-alt": 0.028366878292584087, "alternate": 0.25356515698269044, "sfR": 0.10543987958549622, "unknown": 0.0077574728391964646}, "reddit": {"sft": 0.0, "sfb": 0.01101633761265551, "dsfb": 0.0, "sfT": 6.64119937138969e-05, "roll-out": 0.21038649120865147, "roll-in": 0.17861975799889013, "bad-redirect": 0.013045555518722432, "redirect": 0.09195030824641809, "oneh-out": 0.01752351435939302, "oneh-in": 0.03356821004319402, "dsfb-red": 0.02750831226822055, "dsfb-alt": 0.026793961939896957, "alternate": 0.20316578819668213, "sfR": 0.1028716913164539, "unknown": 0.0834836592971079}, "akl": {"sft": 0.0, "sfb": 0.018501398493346918, "dsfb": 0.0, "sfT": 0.0001600897890593994, "roll-out": 0.19444497105559266, "roll-in": 0.16990805121535038, "bad-redirect": 0.012320470515289629, "redirect": 0.08401009061305097, "oneh-out": 0.015666247979826704, "oneh-in": 0.032925215888886784, "dsfb-red": 0.028410733400813907, "dsfb-alt": 0.028260928017708013, "alternate": 0.1934118219370344, "sfR": 0.11706348985084018, "unknown": 0.10491649124320006}, "keymash": {"sft": 0.0, "sfb": 0.011485429759495593, "dsfb": 0.0, "sfT": 2.873409875499255e-05, "roll-out": 0.22278367738995866, "roll-in": 0.18772397203761704, "bad-redirect": 0.013447558217336513, "redirect": 0.10247811077405557, "oneh-out": 0.019157434127078606, "oneh-in": 0.03489551050231309, "dsfb-red": 0.027461588667271452, "dsfb-alt": 0.026973108988436578, "alternate": 0.21321111763329542, "sfR": 0.09899307508220005, "unknown": 0.04136068272218642}, "movie": {"sft": 0.0, "sfb": 0.009996040221036994, "dsfb": 0.0, "sfT": 1.3291381697030455e-05, "roll-out": 0.20755940096137485, "roll-in": 0.17259872436951146, "bad-redirect": 0.014605122919619119, "redirect": 0.08399166248733864, "oneh-out": 0.01725195024706836, "oneh-in": 0.039523173655586614, "dsfb-red": 0.03114499726210697, "dsfb-alt": 0.025852000596401404, "alternate": 0.1800261063792184, "sfR": 0.1138359467128768, "unknown": 0.10360158280616336}}