{"english-450k": {"sft": 0.0, "sfb": 0.20502385252654357, "dsfb": 0.0, "sfT": 0.012095824068394979, "roll-out": 0.17160254247644127, "roll-in": 0.06703995378591254, "bad-redirect": 5.846924020976425e-05, "redirect": 0.006350636525383544, "oneh-out": 0.0015003207037825505, "oneh-in": 0.0011924801540781418, "dsfb-red": 0.011947896890664274, "dsfb-alt": 0.12459853557940971, "alternate": 0.27560791930777095, "sfR": 0.11328269117541298, "unknown": 0.009698877565995693}, "shai": {"sft": 0.0, "sfb": 0.20737194829876954, "dsfb": 0.0, "sfT": 0.007395519088391777, "roll-out": 0.214863898622537, "roll-in": 0.04170029922904553, "bad-redirect": 1.8190921383327457e-05, "redirect": 0.005101438770287522, "oneh-out": 0.001983522586002806, "oneh-in": 0.0007490440864333502, "dsfb-red": 0.009518113203574523, "dsfb-alt": 0.11145789629967244, "alternate": 0.23485702942098993, "sfR": 0.09728563198976478, "unknown": 0.06769746748314746}, "tr-quotes": {"sft": 0.0, "sfb": 0.21909109821779432, "dsfb": 0.0, "sfT": 0.008504195464737293, "roll-out": 0.2342814544277756, "roll-in": 0.040515706987818124, "bad-redirect": 2.3115508194447656e-05, "redirect": 0.004813804581493724, "oneh-out": 0.00465661912577148, "oneh-in": 0.0006067820901042509, "dsfb-red": 0.008201382307390028, "dsfb-alt": 0.09785025773791636, "alternate": 0.24014701463211668, "sfR": 0.09591664547745082, "unknown": 0.04539192344143686}, "gutenberg": {"sft": 0.0, "sfb": 0.21405067736908687, "dsfb": 0.0, "sfT": 0.008466308479606941, "roll-out": 0.23952291484096971, "roll-in": 0.045332599834129156, "bad-redirect": 1.875424101586609e-05, "redirect": 0.003732662272491166, "oneh-out": 0.002389176643354577, "oneh-in": 0.0006842456419122051, "dsfb-red": 0.008975325101926458, "dsfb-alt": 0.09239816731283551, "alternate": 0.21162171900236532, "sfR": 0.09761014138424484, "unknown": 0.07519730787606137}, "english-200": {"sft": 0.0, "sfb": 0.27616926503340755, "dsfb": 0.0, "sfT": 0.017817371937639197, "roll-out": 0.20489977728285078, "roll-in": 0.022271714922048998, "bad-redirect": 0.0, "redirect": 0.0, "oneh-out": 0.0, "oneh-in": 0.0, "dsfb-red": 0.008908685968819599, "dsfb-alt": 0.12472160356347439, "alternate": 0.2383073496659243, "sfR": 0.10690423162583519, "unknown": 0.0}, "monkeyracer": {"sft": 0.0, "sfb": 0.21955987925614276, "dsfb": 0.0, "sfT": 0.008512285531069646, "roll-out": 0.23461669299466661, "roll-in": 0.04047050221311604, "bad-redirect": 2.4438118773167336e-05, "redirect": 0.0048328823685815725, "oneh-out": 0.004698961477704615, "oneh-in": 0.0005884699000578695, "dsfb-red": 0.008209252858282372, "dsfb-alt": 0.0975383971722164, "alternate": 0.23960304674914368, "sfR": 0.09605353707555875, "unknown": 0.04529165428468649}, "chained-bigrams": {"sft": 0.0, "sfb": 0.19026770183149375, "dsfb": 0.0, "sfT": 0.010053833852019564, "roll-out": 0.20297199743654507, "roll-in": 0.03898490301660467, "bad-redirect": 9.934361788678594e-05, "redirect": 0.0040724390286661525, "oneh-out": 0.003985432199928706, "oneh-in": 0.0002804996269744544, "dsfb-red": 0.01324062128070156, "dsfb-alt": 0.1190896228773418, "alternate": 0.22759622857862657, "sfR": 0.11643721321023381, "unknown": 0.07292016344297708}, "english-5k": {"sft": 0.0, "sfb": 0.21624424441033724, "dsfb": 0.0, "sfT": 0.006637076367859957, "roll-out": 0.1821462645704567, "roll-in": 0.05844775376446675, "bad-redirect": 0.0, "redirect": 0.0059733687310739615, "oneh-out": 0.0019496411830588626, "oneh-in": 0.0009955614551789937, "dsfb-red": 0.010328950097482059, "dsfb-alt": 0.12917409880947442, "alternate": 0.27863276226822087, "sfR": 0.10644211224955408, "unknown": 0.0030281660928361057}, "mt-quotes": {"sft": 0.0, "sfb": 0.22428461290206905, "dsfb": 0.0, "sfT": 0.00873764358542212, "roll-out": 0.23975329006347043, "roll-in": 0.03980349266683401, "bad-redirect": 1.3447125900957435e-05, "redirect": 0.004672129188032656, "oneh-out": 0.004899236203248825, "oneh-in": 0.0005363909109381911, "dsfb-red": 0.008053334289573397, "dsfb-alt": 0.0964353163361662, "alternate": 0.24078573050764393, "sfR": 0.09572710103871578, "unknown": 0.03629827518198444}, "english-1k": {"sft": 0.0, "sfb": 0.2491178546224418, "dsfb": 0.0, "sfT": 0.007057163020465773, "roll-out": 0.187014820042343, "roll-in": 0.058927311220889206, "bad-redirect": 0.0, "redirect": 0.004234297812279464, "oneh-out": 0.0014114326040931546, "oneh-in": 0.002117148906139732, "dsfb-red": 0.011997177134791814, "dsfb-alt": 0.1213832039520113, "alternate": 0.24841213832039521, "sfR": 0.10832745236414962, "unknown": 0.0}, "english-10k": {"sft": 0.0, "sfb": 0.21832847687231044, "dsfb": 0.0, "sfT": 0.006464560699330387, "roll-out": 0.18664248084753285, "roll-in": 0.05625132668223307, "bad-redirect": 1.929719611740414e-05, "redirect": 0.006175102757569325, "oneh-out": 0.001370100924335694, "oneh-in": 0.0010613457864572277, "dsfb-red": 0.011192373748094403, "dsfb-alt": 0.12865440651473342, "alternate": 0.27064317554659306, "sfR": 0.10543987958549622, "unknown": 0.0077574728391964646}, "reddit": {"sft": 0.0, "sfb": 0.2042668114021115, "dsfb": 0.0, "sfT": 0.007677645996355019, "roll-out": 0.2148172162511984, "roll-in": 0.040743814329595646, "bad-redirect": 2.1687842278819124e-05, "redirect": 0.006186878405932355, "oneh-out": 0.002401057647520872, "oneh-in": 0.0005606625617087473, "dsfb-red": 0.00933487433131494, "dsfb-alt": 0.09944145378214057, "alternate": 0.22819254683628132, "sfR": 0.1028716913164539, "unknown": 0.0834836592971079}, "akl": {"sft": 0.0, "sfb": 0.20227759941148415, "dsfb": 0.0, "sfT": 0.006870416856711337, "roll-out": 0.19488583751803334, "roll-in": 0.040715839261426, "bad-redirect": 6.356506330299682e-05, "redirect": 0.006222127556124048, "oneh-out": 0.003307427782095989, "oneh-in": 0.0008334705620031347, "dsfb-red": 0.00941524974192956, "dsfb-alt": 0.09649257149923468, "alternate": 0.2169359136536145, "sfR": 0.11706348985084018, "unknown": 0.10491649124320006}, "keymash": {"sft": 0.0, "sfb": 0.21939715860812026, "dsfb": 0.0, "sfT": 0.0083205740251957, "roll-out": 0.23527069573462828, "roll-in": 0.041586450640975645, "bad-redirect": 2.873409875499255e-05, "redirect": 0.004864272432095167, "oneh-out": 0.0044825194057788375, "oneh-in": 0.0006362550438605493, "dsfb-red": 0.008279525312688567, "dsfb-alt": 0.09955133757229705, "alternate": 0.2372287193212185, "sfR": 0.09899307508220005, "unknown": 0.04136068272218642}, "movie": {"sft": 0.0, "sfb": 0.18870274667060757, "dsfb": 0.0, "sfT": 0.005889529668008921, "roll-out": 0.223219412155087, "roll-in": 0.03496041339618622, "bad-redirect": 2.079245849634467e-05, "redirect": 0.005413013894494592, "oneh-out": 0.008323431692628508, "oneh-in": 0.00040703211474173466, "dsfb-red": 0.0059049266151233026, "dsfb-alt": 0.08428644164576783, "alternate": 0.2254347301698178, "sfR": 0.1138359467128768, "unknown": 0.10360158280616336}}