{"english-450k": {"sft": 0.0, "sfb": 0.035084759934070085, "dsfb": 0.0, "sfT": 2.3095349882856877e-05, "roll-out": 0.16086028131890234, "roll-in": 0.29400088054675755, "bad-redirect": 0.0016339229176618618, "redirect": 0.0484484894764138, "oneh-out": 0.007194640007811491, "oneh-in": 0.009812015545801587, "dsfb-red": 0.018678583477411286, "dsfb-alt": 0.04214492068939912, "alternate": 0.25913684199447934, "sfR": 0.11328269117541298, "unknown": 0.009698877565995693}, "shai": {"sft": 0.0, "sfb": 0.021149206426860266, "dsfb": 0.0, "sfT": 7.895246921244612e-05, "roll-out": 0.14072406601616963, "roll-in": 0.3190076279564892, "bad-redirect": 0.0036249707010053466, "redirect": 0.04181201470879199, "oneh-out": 0.00914479292229179, "oneh-in": 0.01584878219909197, "dsfb-red": 0.01964635765116346, "dsfb-alt": 0.038227563317565806, "alternate": 0.22603068212394412, "sfR": 0.09728563198976478, "unknown": 0.06741935151764922}, "tr-quotes": {"sft": 0.0, "sfb": 0.025294144841774346, "dsfb": 0.0, "sfT": 0.00010633133769445921, "roll-out": 0.14063590763042927, "roll-in": 0.31606990129678003, "bad-redirect": 0.0034072259078615844, "redirect": 0.04359816000554772, "oneh-out": 0.011100067034973763, "oneh-in": 0.02281385081251011, "dsfb-red": 0.021246619356926563, "dsfb-alt": 0.035987378932525835, "alternate": 0.23754883151106077, "sfR": 0.09591664547745082, "unknown": 0.04627493585446476}, "gutenberg": {"sft": 0.0, "sfb": 0.02227624959129015, "dsfb": 0.0, "sfT": 7.179653883851764e-05, "roll-out": 0.1407844880073259, "roll-in": 0.3317490735594375, "bad-redirect": 0.002481811227766279, "redirect": 0.03859660688420828, "oneh-out": 0.008981008205264599, "oneh-in": 0.014431293743319985, "dsfb-red": 0.019773979191506565, "dsfb-alt": 0.02983970238724439, "alternate": 0.21325826332697204, "sfR": 0.09761014138424484, "unknown": 0.08014558595258095}, "english-200": {"sft": 0.0, "sfb": 0.013363028953229399, "dsfb": 0.0, "sfT": 0.0, "roll-out": 0.15367483296213807, "roll-in": 0.3585746102449889, "bad-redirect": 0.0022271714922048997, "redirect": 0.0378619153674833, "oneh-out": 0.015590200445434299, "oneh-in": 0.013363028953229399, "dsfb-red": 0.0200445434298441, "dsfb-alt": 0.024498886414253896, "alternate": 0.25389755011135856, "sfR": 0.10690423162583519, "unknown": 0.0}, "monkeyracer": {"sft": 0.0, "sfb": 0.025422486197350515, "dsfb": 0.0, "sfT": 0.00011730297011120321, "roll-out": 0.14062768819306504, "roll-in": 0.3157786180146081, "bad-redirect": 0.003338247024414658, "redirect": 0.04364745765362779, "oneh-out": 0.011167242754586547, "oneh-in": 0.023211325210754336, "dsfb-red": 0.0214009493720381, "dsfb-alt": 0.035950427764831004, "alternate": 0.2371279540797973, "sfR": 0.09605353707555875, "unknown": 0.046156763689256614}, "chained-bigrams": {"sft": 0.0, "sfb": 0.021685478105770435, "dsfb": 0.0, "sfT": 8.83054381215875e-05, "roll-out": 0.11760531235126864, "roll-in": 0.28100543532957734, "bad-redirect": 0.003234186671203142, "redirect": 0.0492133998307912, "oneh-out": 0.0053898782488771895, "oneh-in": 0.020377778455940455, "dsfb-red": 0.02391389180895638, "dsfb-alt": 0.042065853780479175, "alternate": 0.24550794781408328, "sfR": 0.11643721321023381, "unknown": 0.07347531895469736}, "english-5k": {"sft": 0.0, "sfb": 0.020657900194964118, "dsfb": 0.0, "sfT": 0.0, "roll-out": 0.16140540092089434, "roll-in": 0.33479902103123577, "bad-redirect": 0.0007051893640851205, "redirect": 0.04380470402787572, "oneh-out": 0.009872651097191687, "oneh-in": 0.010411913552080309, "dsfb-red": 0.01891566764840088, "dsfb-alt": 0.039034305388476374, "alternate": 0.2509229684324055, "sfR": 0.10644211224955408, "unknown": 0.0030281660928361057}, "mt-quotes": {"sft": 0.0, "sfb": 0.025385185450807424, "dsfb": 0.0, "sfT": 9.412988130670205e-05, "roll-out": 0.14058970129450998, "roll-in": 0.31933935764573695, "bad-redirect": 0.00347682910794755, "redirect": 0.04373154755501368, "oneh-out": 0.011719917285234457, "oneh-in": 0.02445434551344115, "dsfb-red": 0.02162148432363945, "dsfb-alt": 0.03590980265595678, "alternate": 0.2407782598821434, "sfR": 0.09572710103871578, "unknown": 0.03717233836554667}, "english-1k": {"sft": 0.0, "sfb": 0.01587861679604799, "dsfb": 0.0, "sfT": 0.0, "roll-out": 0.18736767819336628, "roll-in": 0.33697953422724064, "bad-redirect": 0.00035285815102328866, "redirect": 0.04798870853916726, "oneh-out": 0.017642907551164433, "oneh-in": 0.009880028228652082, "dsfb-red": 0.022935779816513763, "dsfb-alt": 0.03175723359209598, "alternate": 0.2208892025405787, "sfR": 0.10832745236414962, "unknown": 0.0}, "english-10k": {"sft": 0.0, "sfb": 0.023098743752532756, "dsfb": 0.0, "sfT": 0.0, "roll-out": 0.16298411840759539, "roll-in": 0.3312749657474769, "bad-redirect": 0.0037436560467764032, "redirect": 0.04237664267381949, "oneh-out": 0.00941703170529322, "oneh-in": 0.009378437313058412, "dsfb-red": 0.019355087705756353, "dsfb-alt": 0.03988730437467436, "alternate": 0.24528665984832404, "sfR": 0.10543987958549622, "unknown": 0.0077574728391964646}, "reddit": {"sft": 0.0, "sfb": 0.0222692937048884, "dsfb": 0.0, "sfT": 0.00013166280761666533, "roll-out": 0.13716593840090932, "roll-in": 0.2934807432374854, "bad-redirect": 0.0036395121022092945, "redirect": 0.04141703641815733, "oneh-out": 0.010174407334760835, "oneh-in": 0.018086237078831186, "dsfb-red": 0.01757018629631773, "dsfb-alt": 0.03758079798149491, "alternate": 0.23573905442880536, "sfR": 0.1028716913164539, "unknown": 0.07987343889206965}, "akl": {"sft": 0.0, "sfb": 0.02209387779226268, "dsfb": 0.0, "sfT": 9.373678438346412e-05, "roll-out": 0.13137975466363735, "roll-in": 0.2729650475170532, "bad-redirect": 0.004133649696529484, "redirect": 0.037734786482722014, "oneh-out": 0.012529318301249084, "oneh-in": 0.018427796841101345, "dsfb-red": 0.02021034460070546, "dsfb-alt": 0.03358738294208603, "alternate": 0.2308209768673972, "sfR": 0.11706348985084018, "unknown": 0.09895983766003248}, "keymash": {"sft": 0.0, "sfb": 0.025380418943159847, "dsfb": 0.0, "sfT": 0.00011904126627068341, "roll-out": 0.14068214750444352, "roll-in": 0.32079158337198754, "bad-redirect": 0.003136121635544901, "redirect": 0.04312988223124382, "oneh-out": 0.011514163858250586, "oneh-in": 0.02228534602012208, "dsfb-red": 0.021858439410047902, "dsfb-alt": 0.03494066408607094, "alternate": 0.23479042579829484, "sfR": 0.09899307508220005, "unknown": 0.0423786907923633}, "movie": {"sft": 0.0, "sfb": 0.026024920156301385, "dsfb": 0.0, "sfT": 0.00015462746033674044, "roll-out": 0.1254468240111837, "roll-in": 0.2653382215789135, "bad-redirect": 0.0037767263695354164, "redirect": 0.04171164571124618, "oneh-out": 0.009598614748511924, "oneh-in": 0.02913957779991838, "dsfb-red": 0.019198940268925446, "dsfb-alt": 0.03745919315522794, "alternate": 0.2245311794100969, "sfR": 0.1138359467128768, "unknown": 0.10378358261692566}}