{"english-450k": {"sft": 0.0, "sfb": 0.038812466343643603, "dsfb": 0.0, "sfT": 0.0016976543894905048, "roll-out": 0.18364720595965273, "roll-in": 0.27729826504223526, "bad-redirect": 0.00143103465413398, "redirect": 0.047554787139807556, "oneh-out": 0.006317016712262929, "oneh-in": 0.009532532577598915, "dsfb-red": 0.020114003324560998, "dsfb-alt": 0.03898027306304563, "alternate": 0.2516331920521592, "sfR": 0.11328269117541298, "unknown": 0.009698877565995693}, "shai": {"sft": 0.0, "sfb": 0.01884190092186945, "dsfb": 0.0, "sfT": 0.00017116882939950144, "roll-out": 0.1429618551086145, "roll-in": 0.3293692425733822, "bad-redirect": 0.002074496544963468, "redirect": 0.040216399974857826, "oneh-out": 0.003978532545338743, "oneh-in": 0.014324057872829513, "dsfb-red": 0.017621162373557615, "dsfb-alt": 0.03676910813086193, "alternate": 0.23027233667107067, "sfR": 0.09728563198976478, "unknown": 0.06611410646348981}, "tr-quotes": {"sft": 0.0, "sfb": 0.02041099373569728, "dsfb": 0.0, "sfT": 0.00018839139178474838, "roll-out": 0.12910358059221932, "roll-in": 0.34625066457086057, "bad-redirect": 0.0016042162686946673, "redirect": 0.04236610341878366, "oneh-out": 0.003810591525854696, "oneh-in": 0.016357689373800884, "dsfb-red": 0.019061048057141535, "dsfb-alt": 0.0360786851898939, "alternate": 0.24284112711217956, "sfR": 0.09591664547745082, "unknown": 0.046010263285638335}, "gutenberg": {"sft": 0.0, "sfb": 0.021350472057506942, "dsfb": 0.0, "sfT": 0.00010040149230716189, "roll-out": 0.12233505076716213, "roll-in": 0.3570629418849641, "bad-redirect": 0.0016962169096572217, "redirect": 0.03462601201862694, "oneh-out": 0.0044784748672332345, "oneh-in": 0.015213478199426159, "dsfb-red": 0.017498275178136874, "dsfb-alt": 0.029322539983473537, "alternate": 0.22113466568007992, "sfR": 0.09761014138424484, "unknown": 0.0775713295771809}, "english-200": {"sft": 0.0, "sfb": 0.013363028953229399, "dsfb": 0.0, "sfT": 0.0, "roll-out": 0.12026726057906459, "roll-in": 0.39643652561247217, "bad-redirect": 0.0, "redirect": 0.0400890868596882, "oneh-out": 0.0, "oneh-in": 0.017817371937639197, "dsfb-red": 0.022271714922048998, "dsfb-alt": 0.015590200445434299, "alternate": 0.267260579064588, "sfR": 0.10690423162583519, "unknown": 0.0}, "monkeyracer": {"sft": 0.0, "sfb": 0.0204195145221077, "dsfb": 0.0, "sfT": 0.00017399940566495143, "roll-out": 0.12881039147911225, "roll-in": 0.3466742652923972, "bad-redirect": 0.0015777249479956832, "redirect": 0.04254383220983155, "oneh-out": 0.0038592677166585858, "oneh-in": 0.016474224627367563, "dsfb-red": 0.019315889078311464, "dsfb-alt": 0.03599148380436993, "alternate": 0.2425033626851432, "sfR": 0.09605353707555875, "unknown": 0.04560250715548118}, "chained-bigrams": {"sft": 0.0, "sfb": 0.019908331163573486, "dsfb": 0.0, "sfT": 9.090265688986949e-05, "roll-out": 0.11211349326573639, "roll-in": 0.29317340525897845, "bad-redirect": 0.0028407080278084213, "redirect": 0.047729089304718045, "oneh-out": 0.003831546987907999, "oneh-in": 0.019608352395836918, "dsfb-red": 0.022052335256790265, "dsfb-alt": 0.04252166567431266, "alternate": 0.2480272500193168, "sfR": 0.11643721321023381, "unknown": 0.0716657067778969}, "english-5k": {"sft": 0.0, "sfb": 0.02181938855933961, "dsfb": 0.0, "sfT": 0.0003733355456921226, "roll-out": 0.18019662338739786, "roll-in": 0.3237233998423694, "bad-redirect": 0.00024889036379474843, "redirect": 0.04289210602729498, "oneh-out": 0.004106691002613349, "oneh-in": 0.012112664371344423, "dsfb-red": 0.017837142738623635, "dsfb-alt": 0.03691873729622101, "alternate": 0.2503007425229187, "sfR": 0.10644211224955408, "unknown": 0.0030281660928361057}, "mt-quotes": {"sft": 0.0, "sfb": 0.0197134865708036, "dsfb": 0.0, "sfT": 0.00013596538410968074, "roll-out": 0.1265419371033098, "roll-in": 0.3538670945840953, "bad-redirect": 0.0016196316085153178, "redirect": 0.04275887211484443, "oneh-out": 0.003777148253068933, "oneh-in": 0.0169269432591052, "dsfb-red": 0.019486379555587432, "dsfb-alt": 0.03627287505528263, "alternate": 0.24656201814465523, "sfR": 0.09572710103871578, "unknown": 0.036610547327906674}, "english-1k": {"sft": 0.0, "sfb": 0.02081863091037403, "dsfb": 0.0, "sfT": 0.0, "roll-out": 0.16125617501764292, "roll-in": 0.37120677487649967, "bad-redirect": 0.0, "redirect": 0.04904728299223712, "oneh-out": 0.004234297812279464, "oneh-in": 0.017290049400141144, "dsfb-red": 0.0187014820042343, "dsfb-alt": 0.03140437544107269, "alternate": 0.2177134791813691, "sfR": 0.10832745236414962, "unknown": 0.0}, "english-10k": {"sft": 0.0, "sfb": 0.02371625402828969, "dsfb": 0.0, "sfT": 0.00036664672623067866, "roll-out": 0.18893884718550394, "roll-in": 0.3121900387873642, "bad-redirect": 0.003164740163254279, "redirect": 0.041604754829123326, "oneh-out": 0.005789158835221242, "oneh-in": 0.010169622353871982, "dsfb-red": 0.017907797996951042, "dsfb-alt": 0.03851720345033867, "alternate": 0.24443758321915826, "sfR": 0.10543987958549622, "unknown": 0.0077574728391964646}, "reddit": {"sft": 0.0, "sfb": 0.017123057154206738, "dsfb": 0.0, "sfT": 0.00017608729974564544, "roll-out": 0.127646586309278, "roll-in": 0.3168548433465427, "bad-redirect": 0.001619696006871188, "redirect": 0.04093514679653901, "oneh-out": 0.0034085496920345125, "oneh-in": 0.013607341802829047, "dsfb-red": 0.016403275500960126, "dsfb-alt": 0.036845471501744484, "alternate": 0.23953952103580237, "sfR": 0.1028716913164539, "unknown": 0.0829687322369923}, "akl": {"sft": 0.0, "sfb": 0.02072760065676464, "dsfb": 0.0, "sfT": 0.00021851264938564305, "roll-out": 0.1288587122114682, "roll-in": 0.2947853972835043, "bad-redirect": 0.001931176011908103, "redirect": 0.038676862849764286, "oneh-out": 0.002583244521912042, "oneh-in": 0.011636061885359603, "dsfb-red": 0.016780123489694716, "dsfb-alt": 0.03565411485897168, "alternate": 0.22734621064867216, "sfR": 0.11706348985084018, "unknown": 0.10373849308175447}, "keymash": {"sft": 0.0, "sfb": 0.02167372020376581, "dsfb": 0.0, "sfT": 0.00020113869128494783, "roll-out": 0.1293403882387229, "roll-in": 0.3493286483069459, "bad-redirect": 0.0016665777277895678, "redirect": 0.042009252379799106, "oneh-out": 0.0036451256706333405, "oneh-in": 0.016497477556616437, "dsfb-red": 0.019526872539642793, "dsfb-alt": 0.034944768957321654, "alternate": 0.24066860142931618, "sfR": 0.09899307508220005, "unknown": 0.04150435321596138}, "movie": {"sft": 0.0, "sfb": 0.017166280054149878, "dsfb": 0.0, "sfT": 0.00012185959852920992, "roll-out": 0.10973443687771495, "roll-in": 0.30750835415978794, "bad-redirect": 0.0012070153754966666, "redirect": 0.04258479737025407, "oneh-out": 0.003038462495076596, "oneh-in": 0.015710544763728584, "dsfb-red": 0.016983885449871818, "dsfb-alt": 0.03952685839506698, "alternate": 0.22959585382585843, "sfR": 0.1138359467128768, "unknown": 0.10298570492158808}}