{"english-450k": {"sft": 0.0, "sfb": 0.03125444000792843, "dsfb": 0.0, "sfT": 1.8125464465026915e-05, "roll-out": 0.1829829953908698, "roll-in": 0.22851270039601215, "bad-redirect": 0.0007802720105993039, "redirect": 0.038595837808666426, "oneh-out": 0.005583227747630388, "oneh-in": 0.005450794918555272, "dsfb-red": 0.012279417482653638, "dsfb-alt": 0.05227471655574077, "alternate": 0.3192859034754701, "sfR": 0.11328269117541298, "unknown": 0.009698877565995693}, "shai": {"sft": 0.0, "sfb": 0.02051965347146255, "dsfb": 0.0, "sfT": 8.01561663507897e-06, "roll-out": 0.2039436369395532, "roll-in": 0.2232927549353131, "bad-redirect": 0.0019598163320724057, "redirect": 0.03549382391126175, "oneh-out": 0.009073554177827636, "oneh-in": 0.010883175425814635, "dsfb-red": 0.012092786548812202, "dsfb-alt": 0.04957534261632823, "alternate": 0.26880535265152417, "sfR": 0.09728563198976478, "unknown": 0.06706645538363028}, "tr-quotes": {"sft": 0.0, "sfb": 0.01946441367513465, "dsfb": 0.0, "sfT": 9.246203277779062e-06, "roll-out": 0.2336631145835741, "roll-in": 0.20618802154365365, "bad-redirect": 0.0029460715193823537, "redirect": 0.03636994059314394, "oneh-out": 0.010904740990730681, "oneh-in": 0.017630198099905226, "dsfb-red": 0.014063475185501953, "dsfb-alt": 0.04880608400175678, "alternate": 0.26869351147684983, "sfR": 0.09591664547745082, "unknown": 0.045344536649638244}, "gutenberg": {"sft": 0.0, "sfb": 0.02117012824490993, "dsfb": 0.0, "sfT": 2.7089459245139903e-05, "roll-out": 0.24447346615882456, "roll-in": 0.20156357327774502, "bad-redirect": 0.0015708097626622383, "redirect": 0.03477168890086129, "oneh-out": 0.012274934900051262, "oneh-in": 0.011235116425949354, "dsfb-red": 0.014774553184943716, "dsfb-alt": 0.045090878505480214, "alternate": 0.24024618445913717, "sfR": 0.09761014138424484, "unknown": 0.07519143533594529}, "english-200": {"sft": 0.0, "sfb": 0.0022271714922048997, "dsfb": 0.0, "sfT": 0.0, "roll-out": 0.26280623608017817, "roll-in": 0.2182628062360802, "bad-redirect": 0.004454342984409799, "redirect": 0.035634743875278395, "oneh-out": 0.011135857461024499, "oneh-in": 0.013363028953229399, "dsfb-red": 0.015590200445434299, "dsfb-alt": 0.042316258351893093, "alternate": 0.2873051224944321, "sfR": 0.10690423162583519, "unknown": 0.0}, "monkeyracer": {"sft": 0.0, "sfb": 0.01931393402880961, "dsfb": 0.0, "sfT": 9.775247509266934e-06, "roll-out": 0.23411620032219216, "roll-in": 0.2061404194754211, "bad-redirect": 0.002978517916073635, "redirect": 0.036588751427186136, "oneh-out": 0.010841727012527957, "oneh-in": 0.018023601357586374, "dsfb-red": 0.014156513442920375, "dsfb-alt": 0.04841289081439542, "alternate": 0.2681184212584263, "sfR": 0.09605353707555875, "unknown": 0.04524571062139293}, "chained-bigrams": {"sft": 0.0, "sfb": 0.021183565578799943, "dsfb": 0.0, "sfT": 6.557977389912012e-05, "roll-out": 0.19384731859887838, "roll-in": 0.19577964936248018, "bad-redirect": 0.0024667085251758153, "redirect": 0.038408320450046066, "oneh-out": 0.008864307656146415, "oneh-in": 0.0073715561690763445, "dsfb-red": 0.01581706229883729, "dsfb-alt": 0.053015078802863956, "alternate": 0.273965673858149, "sfR": 0.11643721321023381, "unknown": 0.07277796571541365}, "english-5k": {"sft": 0.0, "sfb": 0.025013481561372217, "dsfb": 0.0, "sfT": 0.0, "roll-out": 0.1745551084747169, "roll-in": 0.2611274733479902, "bad-redirect": 0.0006637076367859958, "redirect": 0.03762392666030614, "oneh-out": 0.006637076367859957, "oneh-in": 0.006927448458953831, "dsfb-red": 0.011324511552661053, "dsfb-alt": 0.054797361762143774, "alternate": 0.31185962583481974, "sfR": 0.10644211224955408, "unknown": 0.0030281660928361057}, "mt-quotes": {"sft": 0.0, "sfb": 0.018567492619022005, "dsfb": 0.0, "sfT": 4.482375300319145e-06, "roll-out": 0.2414102747994884, "roll-in": 0.20576044991095013, "bad-redirect": 0.0031600745867249973, "redirect": 0.03723359749465103, "oneh-out": 0.011217891251598713, "oneh-in": 0.01925927254037126, "dsfb-red": 0.014484048720431264, "dsfb-alt": 0.04776867357550113, "alternate": 0.26912629540646177, "sfR": 0.09572710103871578, "unknown": 0.03628034568078316}, "english-1k": {"sft": 0.0, "sfb": 0.017290049400141144, "dsfb": 0.0, "sfT": 0.0, "roll-out": 0.2300635144671842, "roll-in": 0.23147494707127736, "bad-redirect": 0.00035285815102328866, "redirect": 0.033168666196189134, "oneh-out": 0.012702893436838392, "oneh-in": 0.005998588567395907, "dsfb-red": 0.013408609738884969, "dsfb-alt": 0.05045871559633028, "alternate": 0.29675370501058573, "sfR": 0.10832745236414962, "unknown": 0.0}, "english-10k": {"sft": 0.0, "sfb": 0.026958182976013587, "dsfb": 0.0, "sfT": 0.0, "roll-out": 0.1738677370178113, "roll-in": 0.2643908840045541, "bad-redirect": 0.0008104822369309739, "redirect": 0.03859439223480828, "oneh-out": 0.0065224522876826, "oneh-in": 0.005711970050751625, "dsfb-red": 0.010632755060689681, "dsfb-alt": 0.05461106501225372, "alternate": 0.3047027266938114, "sfR": 0.10543987958549622, "unknown": 0.0077574728391964646}, "reddit": {"sft": 0.0, "sfb": 0.02147602060682133, "dsfb": 0.0, "sfT": 0.000870922315759626, "roll-out": 0.21488130588529003, "roll-in": 0.19572348712785356, "bad-redirect": 0.0025306228399948534, "redirect": 0.03542287640345904, "oneh-out": 0.010222165536670153, "oneh-in": 0.01430494866742443, "dsfb-red": 0.013095673537667269, "dsfb-alt": 0.051513944364878654, "alternate": 0.2587131842790487, "sfR": 0.1028716913164539, "unknown": 0.07837315711867839}, "akl": {"sft": 0.0, "sfb": 0.02443265083289439, "dsfb": 0.0, "sfT": 0.00012520954477130268, "roll-out": 0.20037455063031637, "roll-in": 0.1808214167425916, "bad-redirect": 0.0028932016483300665, "redirect": 0.036551398301288736, "oneh-out": 0.011281249879963635, "oneh-in": 0.01569518061585253, "dsfb-red": 0.015492528255166272, "dsfb-alt": 0.051548478397357475, "alternate": 0.24500695188669905, "sfR": 0.11706348985084018, "unknown": 0.09871369341392838}, "keymash": {"sft": 0.0, "sfb": 0.019728011230927742, "dsfb": 0.0, "sfT": 8.209742501426442e-06, "roll-out": 0.23380115182687294, "roll-in": 0.2088599541075394, "bad-redirect": 0.003037604725527784, "redirect": 0.035548185031176495, "oneh-out": 0.011206298514447094, "oneh-in": 0.01721583002549125, "dsfb-red": 0.01334083156481797, "dsfb-alt": 0.04969767623238497, "alternate": 0.2672558525201857, "sfR": 0.09899307508220005, "unknown": 0.04130731939592715}, "movie": {"sft": 0.0, "sfb": 0.018939429331236893, "dsfb": 0.0, "sfT": 1.5265349275797355e-05, "roll-out": 0.21297136207316075, "roll-in": 0.16400788586887932, "bad-redirect": 0.004879647854711775, "redirect": 0.03461128433042164, "oneh-out": 0.010878140533068629, "oneh-in": 0.02323491438047225, "dsfb-red": 0.01553433525786399, "dsfb-alt": 0.05063095241698512, "alternate": 0.24688122992392725, "sfR": 0.1138359467128768, "unknown": 0.10357960596711975}}